{
"type": "FeatureCollection",
"name": "Kec_Sreseh",
"crs": { "type": "name", "properties": { "name": "urn:ogc:def:crs:OGC:1.3:CRS84" } },
"features": [
{ "type": "Feature", "properties": { "OBJECTID": 9412.0, "FCODE": "BA03070040", "METADATA": "TASWIL1000020221227_DATA_BATAS_DESAKELURAHAN", "SRS_ID": "SRGI 2013", "KDCPUM": "35.27.01", "KDEPUM": "35.27.01.2010", "KDPKAB": "35.27", "KDPPUM": "35", "LUASWH": 0.0, "TIPADM": 1.0, "WADMKC": "Sreseh", "WADMKD": "Bangsah", "WADMKK": "Sampang", "WADMPR": "Jawa Timur", "UUPP": "Hasil Delineasi Batas Desa 2019", "LUAS": 2.68155692 }, "geometry": { "type": "MultiPolygon", "coordinates": [ [ [ [ 113.071882530000039, -7.222356359999935, 0.0 ], [ 113.071805610000069, -7.222351811999943, 0.0 ], [ 113.071694705000027, -7.222376213999951, 0.0 ], [ 113.07159231300011, -7.222449139999981, 0.0 ], [ 113.0715308770001, -7.222492894999959, 0.0 ], [ 113.071528693, -7.222742549999964, 0.0 ], [ 113.071528691000026, -7.222742761999939, 0.0 ], [ 113.071479553000017, -7.22285696299997, 0.0 ], [ 113.071144201000038, -7.222846609999976, 0.0 ], [ 113.070989481000083, -7.222809659999939, 0.0 ], [ 113.070976112000039, -7.222725423999975, 0.0 ], [ 113.0709705270001, -7.222586736999972, 0.0 ], [ 113.070962, -7.222374994999939, 0.0 ], [ 113.070963311000014, -7.222265465999953, 0.0 ], [ 113.070858574000113, -7.222200399999963, 0.0 ], [ 113.070683156000086, -7.222171070999934, 0.0 ], [ 113.070458269000028, -7.222122388999935, 0.0 ], [ 113.07028131200002, -7.222044315999938, 0.0 ], [ 113.070153604000097, -7.221978632999935, 0.0 ], [ 113.070005197000114, -7.221920571999931, 0.0 ], [ 113.069850697000106, -7.221890583999937, 0.0 ], [ 113.069738253000082, -7.221866242999965, 0.0 ], [ 113.06960988600008, -7.221779669999933, 0.0 ], [ 113.069527252000057, -7.221594072999949, 0.0 ], [ 113.069468173000018, -7.221491377999939, 0.0 ], [ 113.069377067, -7.221467704999952, 0.0 ], [ 113.069398742000089, -7.22140822199998, 0.0 ], [ 113.069426454000109, -7.221305815999926, 0.0 ], [ 113.069030220000059, -7.221216752999965, 0.0 ], [ 113.068931154000097, -7.221299331999944, 0.0 ], [ 113.068757952000055, -7.221273880999945, 0.0 ], [ 113.068748145000086, -7.221243287999926, 0.0 ], [ 113.068659266000054, -7.221228426999971, 0.0 ], [ 113.068647827000063, -7.221286175999978, 0.0 ], [ 113.06861969800002, -7.221375351999939, 0.0 ], [ 113.06864715800009, -7.22144930199994, 0.0 ], [ 113.068651187000114, -7.221576963999951, 0.0 ], [ 113.06861307600002, -7.221659483999929, 0.0 ], [ 113.068524770000067, -7.22172822999994, 0.0 ], [ 113.068460982000033, -7.221759500999951, 0.0 ], [ 113.068421160000071, -7.221748623999929, 0.0 ], [ 113.068362078000064, -7.221705142999951, 0.0 ], [ 113.06826473600006, -7.221574423999925, 0.0 ], [ 113.0682182810001, -7.221474952999927, 0.0 ], [ 113.068116487000111, -7.221345720999977, 0.0 ], [ 113.068001626000068, -7.221244780999939, 0.0 ], [ 113.067830982000032, -7.221145595999928, 0.0 ], [ 113.067633765000096, -7.221089068999959, 0.0 ], [ 113.06748557700007, -7.221037969999941, 0.0 ], [ 113.067299889000083, -7.220904405999931, 0.0 ], [ 113.067205067000032, -7.220774952999932, 0.0 ], [ 113.067138137000029, -7.220644621999952, 0.0 ], [ 113.067050069000061, -7.220507986999962, 0.0 ], [ 113.066927137000107, -7.220372446999932, 0.0 ], [ 113.066843023000047, -7.220361152999942, 0.0 ], [ 113.0667384300001, -7.220364443999927, 0.0 ], [ 113.06655669700001, -7.220356220999975, 0.0 ], [ 113.066444911000076, -7.220352767999941, 0.0 ], [ 113.066395442000044, -7.220333412999935, 0.0 ], [ 113.066288872000086, -7.220274032999953, 0.0 ], [ 113.066189494000014, -7.220221395999943, 0.0 ], [ 113.066069198000037, -7.220169417999955, 0.0 ], [ 113.0659334180001, -7.220069133999971, 0.0 ], [ 113.065783254000053, -7.219955360999961, 0.0 ], [ 113.065613488000054, -7.219884027999967, 0.0 ], [ 113.065466179000055, -7.219860779999976, 0.0 ], [ 113.065333035000094, -7.219844056999932, 0.0 ], [ 113.065170242000022, -7.219772503999934, 0.0 ], [ 113.065021615000092, -7.21970747499995, 0.0 ], [ 113.064826374000063, -7.219713616999968, 0.0 ], [ 113.064716125000018, -7.219758906999971, 0.0 ], [ 113.064549214000067, -7.219778097999949, 0.0 ], [ 113.064407340000116, -7.219705885999929, 0.0 ], [ 113.064299012000106, -7.219590795999977, 0.0 ], [ 113.064224891000094, -7.219453718999944, 0.0 ], [ 113.064138580000076, -7.219372788999976, 0.0 ], [ 113.064052709000066, -7.21930578499996, 0.0 ], [ 113.063954429000091, -7.219287964999978, 0.0 ], [ 113.063821724000036, -7.219285167999942, 0.0 ], [ 113.063697529000024, -7.219330896999963, 0.0 ], [ 113.063573333000022, -7.219376625999928, 0.0 ], [ 113.063475712000013, -7.219379695999976, 0.0 ], [ 113.063356074000012, -7.219348606999972, 0.0 ], [ 113.063235777000045, -7.219296625999959, 0.0 ], [ 113.063151663000099, -7.21928533099998, 0.0 ], [ 113.063025710000034, -7.219275350999965, 0.0 ], [ 113.062886251, -7.219279736999965, 0.0 ], [ 113.062772488000064, -7.21921360999994, 0.0 ], [ 113.062721262000082, -7.219138545999954, 0.0 ], [ 113.062650654000095, -7.219112883999969, 0.0 ], [ 113.062530576000086, -7.219067866999978, 0.0 ], [ 113.06254057000001, -7.218942083999934, 0.0 ], [ 113.062462769000035, -7.218909678999978, 0.0 ], [ 113.062359669000102, -7.219095550999953, 0.0 ], [ 113.062358779000078, -7.219097155999975, 0.0 ], [ 113.062317, -7.219077, 0.0 ], [ 113.062088, -7.219024, 0.0 ], [ 113.062020726000014, -7.219008351999946, 0.0 ], [ 113.06200392300002, -7.219188985999949, 0.0 ], [ 113.061694916000079, -7.219128997999974, 0.0 ], [ 113.061670976000073, -7.21925521999998, 0.0 ], [ 113.061375475000091, -7.219180865999931, 0.0 ], [ 113.061411824000061, -7.219005460999938, 0.0 ], [ 113.061186493000037, -7.218942840999944, 0.0 ], [ 113.06114926500004, -7.219090391999941, 0.0 ], [ 113.060965991000103, -7.219033420999949, 0.0 ], [ 113.061016506000101, -7.21886453999997, 0.0 ], [ 113.060714910000115, -7.218818257999942, 0.0 ], [ 113.060732097000027, -7.218699218999973, 0.0 ], [ 113.060619430000088, -7.218667908999976, 0.0 ], [ 113.060554530000104, -7.218823300999929, 0.0 ], [ 113.06034967800008, -7.218746094999972, 0.0 ], [ 113.060420966000038, -7.21851092299994, 0.0 ], [ 113.060142, -7.218416, 0.0 ], [ 113.059970458000066, -7.21836445699995, 0.0 ], [ 113.059970661000079, -7.218363847999967, 0.0 ], [ 113.059999825000091, -7.218276126999967, 0.0 ], [ 113.059787780000079, -7.218192175999945, 0.0 ], [ 113.05975821100003, -7.218300953999972, 0.0 ], [ 113.059757896000065, -7.218302113999925, 0.0 ], [ 113.059562, -7.218245, 0.0 ], [ 113.059279841000034, -7.218176091999965, 0.0 ], [ 113.059173000000101, -7.21815, 0.0 ], [ 113.058986516, -7.218098905999966, 0.0 ], [ 113.058986419, -7.21809929899996, 0.0 ], [ 113.058964082000102, -7.218190187999937, 0.0 ], [ 113.058780368000043, -7.218119285999933, 0.0 ], [ 113.058743358000015, -7.218273802999931, 0.0 ], [ 113.058580124000059, -7.218188315999953, 0.0 ], [ 113.058627502000036, -7.218000538999945, 0.0 ], [ 113.058400963000054, -7.217938469999979, 0.0 ], [ 113.058401280000112, -7.217937598999981, 0.0 ], [ 113.058442976000038, -7.217823185999976, 0.0 ], [ 113.058028272000115, -7.217731661999949, 0.0 ], [ 113.057996330000037, -7.217819308999935, 0.0 ], [ 113.057886935000056, -7.218119487999957, 0.0 ], [ 113.057590992000087, -7.218031200999974, 0.0 ], [ 113.057697974, -7.217731907999962, 0.0 ], [ 113.057732110000074, -7.217636410999944, 0.0 ], [ 113.057289294000043, -7.217538798999954, 0.0 ], [ 113.057260020000058, -7.217611520999981, 0.0 ], [ 113.057172775000026, -7.217828256999951, 0.0 ], [ 113.056784206000088, -7.217680143999928, 0.0 ], [ 113.056846015000019, -7.217498341999942, 0.0 ], [ 113.056880025000055, -7.217398306999939, 0.0 ], [ 113.056520446000036, -7.217284135999932, 0.0 ], [ 113.056484179000108, -7.217385296999964, 0.0 ], [ 113.056483596000021, -7.217386921999946, 0.0 ], [ 113.056284664000032, -7.217319778999979, 0.0 ], [ 113.056238717000042, -7.21742543199997, 0.0 ], [ 113.055962157000067, -7.217287738999971, 0.0 ], [ 113.055855804000089, -7.217235314999925, 0.0 ], [ 113.055891283000051, -7.217160520999926, 0.0 ], [ 113.05598671000007, -7.216959345999953, 0.0 ], [ 113.055731508, -7.216834921999975, 0.0 ], [ 113.055616691000068, -7.217004586999963, 0.0 ], [ 113.055615816000113, -7.217005880999977, 0.0 ], [ 113.055462607000095, -7.216927604999967, 0.0 ], [ 113.055463335000013, -7.21692582299994, 0.0 ], [ 113.055520558000012, -7.216785784999956, 0.0 ], [ 113.055308512000011, -7.216701828999931, 0.0 ], [ 113.055266349000021, -7.216824647999942, 0.0 ], [ 113.055219005000026, -7.216962556999931, 0.0 ], [ 113.054619046000084, -7.216751374999944, 0.0 ], [ 113.054632589000107, -7.216641848999927, 0.0 ], [ 113.054504, -7.21662, 0.0 ], [ 113.05409656900008, -7.216534194999952, 0.0 ], [ 113.054096718000096, -7.216533510999966, 0.0 ], [ 113.054126269000108, -7.216397408999967, 0.0 ], [ 113.053802431, -7.216309991999935, 0.0 ], [ 113.05374048300007, -7.216458306999925, 0.0 ], [ 113.05374013900007, -7.216459129999976, 0.0 ], [ 113.053498146000038, -7.216408165999951, 0.0 ], [ 113.053498422000075, -7.216407208999954, 0.0 ], [ 113.053536134000069, -7.216276532999927, 0.0 ], [ 113.053128617000084, -7.216191744999946, 0.0 ], [ 113.053082051000047, -7.216319511999927, 0.0 ], [ 113.053081872, -7.216320002999964, 0.0 ], [ 113.053061527000068, -7.216315333999944, 0.0 ], [ 113.053047000000106, -7.216312, 0.0 ], [ 113.053045127000019, -7.216311993999966, 0.0 ], [ 113.052414000000113, -7.21631, 0.0 ], [ 113.052307, -7.216229, 0.0 ], [ 113.052248981000048, -7.216175866999947, 0.0 ], [ 113.052249565000011, -7.216174750999926, 0.0 ], [ 113.052340816000083, -7.216000396999959, 0.0 ], [ 113.052136838000024, -7.215951037999957, 0.0 ], [ 113.052096135000056, -7.216050836999955, 0.0 ], [ 113.052059080000049, -7.216141691999951, 0.0 ], [ 113.051925053000105, -7.21609710599995, 0.0 ], [ 113.051947455000118, -7.216016106999973, 0.0 ], [ 113.051981452000064, -7.215893181999945, 0.0 ], [ 113.051334869000016, -7.215753160999952, 0.0 ], [ 113.051321576000078, -7.215877445999979, 0.0 ], [ 113.051321531000099, -7.215877864999925, 0.0 ], [ 113.050925379000091, -7.215794961999961, 0.0 ], [ 113.050925369000083, -7.21579471299998, 0.0 ], [ 113.05092125300007, -7.215696443999946, 0.0 ], [ 113.050346593000086, -7.215623869999945, 0.0 ], [ 113.050292757000079, -7.215736342999946, 0.0 ], [ 113.050248353000029, -7.215829109999959, 0.0 ], [ 113.049906661000023, -7.215839840999934, 0.0 ], [ 113.049901145000035, -7.215753452999934, 0.0 ], [ 113.049892890000024, -7.215624176999938, 0.0 ], [ 113.049543348000043, -7.215607269999964, 0.0 ], [ 113.049562839000032, -7.215769597999952, 0.0 ], [ 113.049562910000077, -7.215770188999954, 0.0 ], [ 113.049249227000018, -7.215784799999938, 0.0 ], [ 113.049249220000092, -7.215784592999967, 0.0 ], [ 113.049243056000023, -7.215602757999932, 0.0 ], [ 113.047635898000067, -7.215548658999978, 0.0 ], [ 113.047610260000056, -7.215681320999977, 0.0 ], [ 113.047593881000012, -7.215766076999955, 0.0 ], [ 113.047516735000045, -7.215754556999968, 0.0 ], [ 113.047498206000114, -7.215679758999954, 0.0 ], [ 113.047468756000058, -7.215560877999962, 0.0 ], [ 113.047183066000116, -7.215576818999978, 0.0 ], [ 113.047164339, -7.215647115999957, 0.0 ], [ 113.046932244000118, -7.215591664999977, 0.0 ], [ 113.046920016000058, -7.215712007999969, 0.0 ], [ 113.046910927000113, -7.215801461999945, 0.0 ], [ 113.04658839700005, -7.215755820999959, 0.0 ], [ 113.046615970000062, -7.215672731999973, 0.0 ], [ 113.046658527000091, -7.215544490999946, 0.0 ], [ 113.046510990000115, -7.215514267999936, 0.0 ], [ 113.046455358000117, -7.215644495999925, 0.0 ], [ 113.0464264740001, -7.215712107999934, 0.0 ], [ 113.04605469, -7.21565407099996, 0.0 ], [ 113.046088875, -7.215580065999973, 0.0 ], [ 113.046133110000028, -7.215484305999951, 0.0 ], [ 113.045384986000045, -7.215391904999933, 0.0 ], [ 113.04537980300006, -7.215391264999937, 0.0 ], [ 113.04496, -7.215239, 0.0 ], [ 113.044913340000107, -7.215222136999955, 0.0 ], [ 113.04491276300007, -7.215221302999964, 0.0 ], [ 113.044800444000089, -7.215059083999961, 0.0 ], [ 113.044665319000046, -7.214979673999949, 0.0 ], [ 113.044389847000048, -7.214876783999955, 0.0 ], [ 113.044212880000032, -7.214798686999927, 0.0 ], [ 113.044051176000039, -7.214761935999945, 0.0 ], [ 113.043841533000091, -7.214754573999926, 0.0 ], [ 113.043491325000105, -7.21471676799996, 0.0 ], [ 113.042865076000112, -7.214642821999973, 0.0 ], [ 113.04285966100008, -7.214642182999967, 0.0 ], [ 113.042855555000074, -7.214639926999951, 0.0 ], [ 113.042470087000083, -7.214428148999957, 0.0 ], [ 113.042298340000116, -7.214294116999952, 0.0 ], [ 113.042182820000107, -7.214172262999966, 0.0 ], [ 113.042097823000063, -7.214133102999938, 0.0 ], [ 113.041829761000031, -7.214043918999948, 0.0 ], [ 113.041627091, -7.214036336999925, 0.0 ], [ 113.041600779000078, -7.214037162999944, 0.0 ], [ 113.041499154, -7.21407474199998, 0.0 ], [ 113.041483770000013, -7.214089040999966, 0.0 ], [ 113.041458674000069, -7.214145929999972, 0.0 ], [ 113.041438937000066, -7.214190671999972, 0.0 ], [ 113.041398688000072, -7.214366781999956, 0.0 ], [ 113.041332963000059, -7.21444988899998, 0.0 ], [ 113.041215070000021, -7.214474501999973, 0.0 ], [ 113.041032881000092, -7.21445233399993, 0.0 ], [ 113.04091345400002, -7.214428196999961, 0.0 ], [ 113.040820607000114, -7.214361398999927, 0.0 ], [ 113.040810566, -7.214264118999949, 0.0 ], [ 113.040848683000036, -7.214144413999975, 0.0 ], [ 113.040853865000031, -7.214124513999934, 0.0 ], [ 113.040843620000032, -7.213977161999935, 0.0 ], [ 113.040838524000037, -7.213903870999957, 0.0 ], [ 113.04078172100003, -7.213790987999971, 0.0 ], [ 113.040720893000071, -7.213632559999951, 0.0 ], [ 113.040667040000017, -7.213473913999962, 0.0 ], [ 113.040645863, -7.213244531999976, 0.0 ], [ 113.040645827000048, -7.213021456999968, 0.0 ], [ 113.040642322000053, -7.212910028999943, 0.0 ], [ 113.040533776000075, -7.212787953999964, 0.0 ], [ 113.040513512000075, -7.21280950299996, 0.0 ], [ 113.040462298000079, -7.212781781999979, 0.0 ], [ 113.040473944000041, -7.212748231999967, 0.0 ], [ 113.040493362, -7.212692297999979, 0.0 ], [ 113.040627973000028, -7.212231910999947, 0.0 ], [ 113.040733104000083, -7.211905695999974, 0.0 ], [ 113.040861964000101, -7.211578598999949, 0.0 ], [ 113.041161507000083, -7.210818241999959, 0.0 ], [ 113.041239208000093, -7.21062100599994, 0.0 ], [ 113.041257414000029, -7.210574791999932, 0.0 ], [ 113.041317320000076, -7.210368518999928, 0.0 ], [ 113.041332377000117, -7.210316672999966, 0.0 ], [ 113.041412592000029, -7.210040468999978, 0.0 ], [ 113.04142106300003, -7.209990970999968, 0.0 ], [ 113.04145694500005, -7.209781293999981, 0.0 ], [ 113.041467002000104, -7.209722524999961, 0.0 ], [ 113.041541177000113, -7.209524490999968, 0.0 ], [ 113.041611870000111, -7.209335754999927, 0.0 ], [ 113.041616144000045, -7.209323247999976, 0.0 ], [ 113.041675036000015, -7.209150893999947, 0.0 ], [ 113.041701189000037, -7.209074354999927, 0.0 ], [ 113.041743386, -7.208950860999948, 0.0 ], [ 113.041864952000083, -7.20859508999996, 0.0 ], [ 113.041866279000033, -7.208591205999937, 0.0 ], [ 113.041898019000087, -7.208517800999971, 0.0 ], [ 113.041992526000058, -7.20829923499997, 0.0 ], [ 113.042095049000068, -7.208062131999952, 0.0 ], [ 113.042108279000104, -7.208031534999975, 0.0 ], [ 113.042109216000085, -7.208029366999938, 0.0 ], [ 113.042164283000034, -7.207902013999956, 0.0 ], [ 113.042164702000036, -7.207901043999925, 0.0 ], [ 113.042218204000051, -7.207777311999962, 0.0 ], [ 113.042259529000034, -7.207681741999977, 0.0 ], [ 113.042260698000064, -7.20767903899997, 0.0 ], [ 113.04227026600006, -7.207656909999969, 0.0 ], [ 113.042293959000062, -7.207602115999975, 0.0 ], [ 113.042334053000104, -7.207499397999925, 0.0 ], [ 113.042350959000032, -7.207456086999969, 0.0 ], [ 113.042358255000067, -7.207437395999932, 0.0 ], [ 113.042377493000117, -7.207388109999954, 0.0 ], [ 113.042383041000107, -7.207373896999968, 0.0 ], [ 113.042570229000034, -7.20689433299998, 0.0 ], [ 113.042992067000114, -7.205813611999929, 0.0 ], [ 113.043032505000042, -7.205710010999951, 0.0 ], [ 113.043181347000086, -7.205328687999952, 0.0 ], [ 113.043201208000028, -7.20527780499998, 0.0 ], [ 113.0435383250001, -7.204451450999954, 0.0 ], [ 113.043574869000054, -7.204362714999945, 0.0 ], [ 113.043675348000079, -7.204118731999927, 0.0 ], [ 113.043878871000061, -7.203624538999975, 0.0 ], [ 113.044072571000015, -7.203233572999977, 0.0 ], [ 113.044173952000051, -7.203028942999936, 0.0 ], [ 113.044477992000111, -7.202450841999962, 0.0 ], [ 113.044723343000101, -7.202023616999952, 0.0 ], [ 113.044760103000044, -7.201959606999935, 0.0 ], [ 113.04496029400002, -7.201570811999943, 0.0 ], [ 113.044993568000109, -7.201506189999975, 0.0 ], [ 113.045251976000031, -7.200989301999925, 0.0 ], [ 113.045277165000016, -7.200963791999925, 0.0 ], [ 113.045353524, -7.200996982999925, 0.0 ], [ 113.045531974000028, -7.201092715999948, 0.0 ], [ 113.045684108000046, -7.201078929999937, 0.0 ], [ 113.045751787000086, -7.201074197999958, 0.0 ], [ 113.045789364000029, -7.201014827999927, 0.0 ], [ 113.045851961000039, -7.200891987999967, 0.0 ], [ 113.045939521000037, -7.200726734999932, 0.0 ], [ 113.046148584000093, -7.200491523999972, 0.0 ], [ 113.046285920000059, -7.200323969999943, 0.0 ], [ 113.046367814000064, -7.200276513999938, 0.0 ], [ 113.046470947000103, -7.200238180999975, 0.0 ], [ 113.04655786, -7.200228211999956, 0.0 ], [ 113.046583335000037, -7.200183447999962, 0.0 ], [ 113.046655285000043, -7.200065626999958, 0.0 ], [ 113.046785309000029, -7.199848936999956, 0.0 ], [ 113.04680110400011, -7.199759204999964, 0.0 ], [ 113.046953262000102, -7.199568175999957, 0.0 ], [ 113.047006126000042, -7.199588365999944, 0.0 ], [ 113.047116477000031, -7.199628725999958, 0.0 ], [ 113.047236219000069, -7.199698779999949, 0.0 ], [ 113.047314371000084, -7.199732504999929, 0.0 ], [ 113.047348572000033, -7.199702524999964, 0.0 ], [ 113.047387148000098, -7.199649567999927, 0.0 ], [ 113.047414533000051, -7.199631097999941, 0.0 ], [ 113.04744646000006, -7.199610256999961, 0.0 ], [ 113.047508504, -7.199630405999926, 0.0 ], [ 113.047556708000116, -7.199643747999971, 0.0 ], [ 113.047643989000107, -7.199665953999954, 0.0 ], [ 113.047692183000095, -7.199677035999969, 0.0 ], [ 113.047788802000014, -7.199717546999977, 0.0 ], [ 113.047862172, -7.199716947999946, 0.0 ], [ 113.047921349000035, -7.199663898999972, 0.0 ], [ 113.047979309000084, -7.199639235999939, 0.0 ], [ 113.048036011000022, -7.199650098999939, 0.0 ], [ 113.048114939000016, -7.199607174999926, 0.0 ], [ 113.048151346000054, -7.19955323399995, 0.0 ], [ 113.048187602000098, -7.199482390999947, 0.0 ], [ 113.048237940000035, -7.199405790999947, 0.0 ], [ 113.048282743000073, -7.199343315999954, 0.0 ], [ 113.048324635000085, -7.199263860999963, 0.0 ], [ 113.048392053000043, -7.199201284999958, 0.0 ], [ 113.048428322000063, -7.199133243999938, 0.0 ], [ 113.04849527500005, -7.198999988999958, 0.0 ], [ 113.048534317000076, -7.198917835999964, 0.0 ], [ 113.048721448000038, -7.198586011999964, 0.0 ], [ 113.048703989000046, -7.198521194999955, 0.0 ], [ 113.048745930000109, -7.198453037999968, 0.0 ], [ 113.048813009000014, -7.198348071999931, 0.0 ], [ 113.048972876000107, -7.198328014999959, 0.0 ], [ 113.049105908000115, -7.198316029999944, 0.0 ], [ 113.04914450900003, -7.198285216999977, 0.0 ], [ 113.049202367000021, -7.198237777999964, 0.0 ], [ 113.049260685000036, -7.198242849999929, 0.0 ], [ 113.049347240000088, -7.198319739999931, 0.0 ], [ 113.049433349000083, -7.198346740999966, 0.0 ], [ 113.049522231000083, -7.198359900999947, 0.0 ], [ 113.049846861000105, -7.198379686999942, 0.0 ], [ 113.049913118000063, -7.198357516999977, 0.0 ], [ 113.050052956000059, -7.198331854999935, 0.0 ], [ 113.050231949000022, -7.198398930999929, 0.0 ], [ 113.05025072400008, -7.198341272999926, 0.0 ], [ 113.050267243, -7.198346620999928, 0.0 ], [ 113.050349917000062, -7.198389905999932, 0.0 ], [ 113.050445754000066, -7.198356305999937, 0.0 ], [ 113.050555944000052, -7.198410223999929, 0.0 ], [ 113.050655471000027, -7.198499889999937, 0.0 ], [ 113.050688535000063, -7.198516101999928, 0.0 ], [ 113.050768063000078, -7.198507339999935, 0.0 ], [ 113.050787875000083, -7.198581094999952, 0.0 ], [ 113.05084273500006, -7.198580667999977, 0.0 ], [ 113.050936307000029, -7.198607453999955, 0.0 ], [ 113.051123547000088, -7.198682718999976, 0.0 ], [ 113.051167398000075, -7.198674206999954, 0.0 ], [ 113.051257676000091, -7.198632405999945, 0.0 ], [ 113.051276710000025, -7.198599420999926, 0.0 ], [ 113.051287903000116, -7.198515584999939, 0.0 ], [ 113.051471691000074, -7.197905753999976, 0.0 ], [ 113.051905874000113, -7.198003952999954, 0.0 ], [ 113.051981882000064, -7.197776657999952, 0.0 ], [ 113.052275425000062, -7.197855060999927, 0.0 ], [ 113.052314884000111, -7.197932252999976, 0.0 ], [ 113.052602160000106, -7.197977872999957, 0.0 ], [ 113.052625755, -7.19792995499995, 0.0 ], [ 113.052771064000012, -7.197776734999934, 0.0 ], [ 113.053005779000046, -7.197587141999975, 0.0 ], [ 113.053201372000103, -7.197361930999932, 0.0 ], [ 113.053269723000085, -7.19730775499994, 0.0 ], [ 113.053318261000072, -7.197312418999957, 0.0 ], [ 113.053561605000027, -7.197282313999949, 0.0 ], [ 113.053886560000024, -7.197308241999963, 0.0 ], [ 113.053970086000049, -7.19707666499994, 0.0 ], [ 113.054287256000066, -7.197147277999932, 0.0 ], [ 113.054315895000059, -7.197175439999967, 0.0 ], [ 113.054433785000015, -7.197198861999937, 0.0 ], [ 113.054899581000086, -7.197331080999959, 0.0 ], [ 113.055365376000054, -7.197463299999981, 0.0 ], [ 113.055534422000051, -7.197550977999981, 0.0 ], [ 113.05564249300005, -7.197607030999961, 0.0 ], [ 113.055784808000112, -7.197634319999963, 0.0 ], [ 113.055972326000074, -7.197738322999953, 0.0 ], [ 113.05598021000003, -7.197848013999931, 0.0 ], [ 113.05652022400011, -7.198060157999976, 0.0 ], [ 113.056562399000086, -7.197911648999934, 0.0 ], [ 113.05712126700007, -7.198166820999973, 0.0 ], [ 113.057073084000081, -7.19834012299998, 0.0 ], [ 113.05750153300005, -7.198540655999977, 0.0 ], [ 113.057574097000042, -7.198311658999955, 0.0 ], [ 113.058101404000013, -7.198486800999945, 0.0 ], [ 113.058167456000092, -7.19822077699996, 0.0 ], [ 113.059717578, -7.19862911499996, 0.0 ], [ 113.059726966000085, -7.198611992999929, 0.0 ], [ 113.060020072000043, -7.198077407999961, 0.0 ], [ 113.060140183000044, -7.197848829999941, 0.0 ], [ 113.059794442000111, -7.197583212999973, 0.0 ], [ 113.059797258000117, -7.197545780999974, 0.0 ], [ 113.059828359000107, -7.197523768999929, 0.0 ], [ 113.059871737000094, -7.197476663999964, 0.0 ], [ 113.059899515000097, -7.197429629999931, 0.0 ], [ 113.059942836, -7.197370052999929, 0.0 ], [ 113.059980206000091, -7.197347921999949, 0.0 ], [ 113.060011134000092, -7.197304036999981, 0.0 ], [ 113.060029465000071, -7.197247826999956, 0.0 ], [ 113.060119556000018, -7.19718162199996, 0.0 ], [ 113.060156233000043, -7.197072182999932, 0.0 ], [ 113.060274224000068, -7.196886546999963, 0.0 ], [ 113.060309492000101, -7.196812002999934, 0.0 ], [ 113.060309168000117, -7.196773499999949, 0.0 ], [ 113.060278145000098, -7.196680273999959, 0.0 ], [ 113.060188419000042, -7.196480116999965, 0.0 ], [ 113.06019027800005, -7.196454603999939, 0.0 ], [ 113.060198640000067, -7.196339871999953, 0.0 ], [ 113.060203462000118, -7.196273703999964, 0.0 ], [ 113.060216835, -7.196226914999954, 0.0 ], [ 113.060197168000059, -7.196169247999933, 0.0 ], [ 113.060085635000064, -7.195999558999972, 0.0 ], [ 113.060027729000012, -7.195837489999974, 0.0 ], [ 113.060047875, -7.195719991999965, 0.0 ], [ 113.060038519000045, -7.195598467999957, 0.0 ], [ 113.060079600000108, -7.195472379999956, 0.0 ], [ 113.060053808000021, -7.195397114999935, 0.0 ], [ 113.060002769000107, -7.195317806999981, 0.0 ], [ 113.059901500000024, -7.195255716999952, 0.0 ], [ 113.059830203000047, -7.19526878299996, 0.0 ], [ 113.059725263000018, -7.19528633699997, 0.0 ], [ 113.059712499000057, -7.195269673999974, 0.0 ], [ 113.059720387000084, -7.195198325999968, 0.0 ], [ 113.059790462000024, -7.195013356999937, 0.0 ], [ 113.059947310000098, -7.194639005999932, 0.0 ], [ 113.059925547000034, -7.194546912999954, 0.0 ], [ 113.059840545000043, -7.194417594999948, 0.0 ], [ 113.059827085000052, -7.194296179999981, 0.0 ], [ 113.05981281600009, -7.194078238999964, 0.0 ], [ 113.059727495000061, -7.193911141999934, 0.0 ], [ 113.05974758800005, -7.193682652999939, 0.0 ], [ 113.059829433, -7.19365824199997, 0.0 ], [ 113.059879411000111, -7.193618338999954, 0.0 ], [ 113.059900015000039, -7.193536268999935, 0.0 ], [ 113.059925250000106, -7.193372380999961, 0.0 ], [ 113.060000476000027, -7.193171029999974, 0.0 ], [ 113.05998696100005, -7.193136833999972, 0.0 ], [ 113.059896306000041, -7.193045050999956, 0.0 ], [ 113.059802615000081, -7.192908450999937, 0.0 ], [ 113.059802421000086, -7.192882059999931, 0.0 ], [ 113.059828748000086, -7.192860701999962, 0.0 ], [ 113.059883855000066, -7.192799535999939, 0.0 ], [ 113.059909817000062, -7.192730726999969, 0.0 ], [ 113.05996158500011, -7.192574491999949, 0.0 ], [ 113.059985043000097, -7.192512925999949, 0.0 ], [ 113.059983985000031, -7.192377716999943, 0.0 ], [ 113.060068699000112, -7.19237706499996, 0.0 ], [ 113.060119476000068, -7.192365357999961, 0.0 ], [ 113.060163799000065, -7.19224666599996, 0.0 ], [ 113.060219268000083, -7.192116625999972, 0.0 ], [ 113.060291628000073, -7.191975211999932, 0.0 ], [ 113.060437431000082, -7.191833195999948, 0.0 ], [ 113.060521036000068, -7.191686037999943, 0.0 ], [ 113.060570611000117, -7.191391254999928, 0.0 ], [ 113.060572037000043, -7.191277093999929, 0.0 ], [ 113.060548843000106, -7.191231644999959, 0.0 ], [ 113.060339303000092, -7.191043775999958, 0.0 ], [ 113.060481061000019, -7.190782833999947, 0.0 ], [ 113.060646038000073, -7.190440442999943, 0.0 ], [ 113.060654469000042, -7.190356799999961, 0.0 ], [ 113.060558654000033, -7.190262599999926, 0.0 ], [ 113.060367162000034, -7.190087845999926, 0.0 ], [ 113.060362392000116, -7.19005623299995, 0.0 ], [ 113.060368997000069, -7.190031346999945, 0.0 ], [ 113.060405094000089, -7.190008407999926, 0.0 ], [ 113.060452275000102, -7.189960654999936, 0.0 ], [ 113.060466867000059, -7.189902652999933, 0.0 ], [ 113.060442619000014, -7.189888390999954, 0.0 ], [ 113.060379342000033, -7.189826130999961, 0.0 ], [ 113.060368724000114, -7.189705697999955, 0.0 ], [ 113.060329101000093, -7.189575813999966, 0.0 ], [ 113.060265825000101, -7.189513642999941, 0.0 ], [ 113.060246778000078, -7.189485564999927, 0.0 ], [ 113.060216985000011, -7.189441645999977, 0.0 ], [ 113.060167939000053, -7.189340727999934, 0.0 ], [ 113.059842589000027, -7.18912626499997, 0.0 ], [ 113.059566123000081, -7.188993287999949, 0.0 ], [ 113.05934289400011, -7.188864770999942, 0.0 ], [ 113.059133735000046, -7.188678254999957, 0.0 ], [ 113.058938602000012, -7.188424160999944, 0.0 ], [ 113.058757627000091, -7.188131407999947, 0.0 ], [ 113.058499532000042, -7.187868194999965, 0.0 ], [ 113.058445636000101, -7.187767297999926, 0.0 ], [ 113.058416559000079, -7.187757847999933, 0.0 ], [ 113.058310137000035, -7.18774422599995, 0.0 ], [ 113.058122770000068, -7.187606869999968, 0.0 ], [ 113.05802755600007, -7.187513208999974, 0.0 ], [ 113.057612899000105, -7.187339545999976, 0.0 ], [ 113.057345954000084, -7.187182481999969, 0.0 ], [ 113.057167550000031, -7.187012909999964, 0.0 ], [ 113.057068011000069, -7.186944730999926, 0.0 ], [ 113.056971690000069, -7.186878755999942, 0.0 ], [ 113.056758609000099, -7.186815538999952, 0.0 ], [ 113.056356468000104, -7.186736087999975, 0.0 ], [ 113.056114139000101, -7.186708433999968, 0.0 ], [ 113.056037518000039, -7.186732547999952, 0.0 ], [ 113.056026140000085, -7.186791528999947, 0.0 ], [ 113.055891539000072, -7.186951659999977, 0.0 ], [ 113.055726813000092, -7.187035371999968, 0.0 ], [ 113.055573880000111, -7.187119029999963, 0.0 ], [ 113.055420299000048, -7.187108419999959, 0.0 ], [ 113.055308226000079, -7.18713278499996, 0.0 ], [ 113.055225061000101, -7.187062657999945, 0.0 ], [ 113.055006779000109, -7.187087858999973, 0.0 ], [ 113.054894291000096, -7.187053384999956, 0.0 ], [ 113.054721683000025, -7.186877910999954, 0.0 ], [ 113.054579379000074, -7.186802354999941, 0.0 ], [ 113.054396190000034, -7.186780127999953, 0.0 ], [ 113.054083470000023, -7.186817773999962, 0.0 ], [ 113.053756687000032, -7.186914773999945, 0.0 ], [ 113.053650038000114, -7.186933961999955, 0.0 ], [ 113.053454954000017, -7.18693908399996, 0.0 ], [ 113.05339618000005, -7.18696519699995, 0.0 ], [ 113.053311922000034, -7.187017272999981, 0.0 ], [ 113.053280286000017, -7.187058210999965, 0.0 ], [ 113.05324624900004, -7.187102256999935, 0.0 ], [ 113.053265998000029, -7.187278507999963, 0.0 ], [ 113.053204089000019, -7.187370886999929, 0.0 ], [ 113.053178942000045, -7.187455507999971, 0.0 ], [ 113.053164809, -7.187532848999979, 0.0 ], [ 113.05312062400003, -7.187533137999935, 0.0 ], [ 113.053087568000024, -7.187551723999945, 0.0 ], [ 113.053040123000073, -7.187607251999964, 0.0 ], [ 113.052926383000113, -7.187659550999967, 0.0 ], [ 113.05278988900011, -7.187631148999969, 0.0 ], [ 113.052313410000011, -7.187436245999947, 0.0 ], [ 113.051549208000097, -7.18717737299994, 0.0 ], [ 113.05075889200009, -7.186870892999934, 0.0 ], [ 113.05051208000009, -7.186709033999932, 0.0 ], [ 113.050292307000063, -7.18661809699995, 0.0 ], [ 113.050075191000019, -7.186537450999936, 0.0 ], [ 113.049889368000095, -7.186510534999968, 0.0 ], [ 113.049732182000071, -7.186511689999975, 0.0 ], [ 113.0496649910001, -7.186491562999947, 0.0 ], [ 113.049641508000036, -7.186448012999961, 0.0 ], [ 113.04961008500004, -7.186381449999942, 0.0 ], [ 113.049607047000109, -7.186319730999969, 0.0 ], [ 113.049627076000093, -7.186242362999963, 0.0 ], [ 113.049613739000051, -7.186180779999972, 0.0 ], [ 113.049654890000056, -7.186119948999931, 0.0 ], [ 113.049651546000064, -7.186006530999975, 0.0 ], [ 113.04960548400004, -7.185921234999967, 0.0 ], [ 113.049574532000065, -7.185843280999961, 0.0 ], [ 113.049528703000078, -7.18579323299997, 0.0 ], [ 113.049407516000088, -7.185799196999938, 0.0 ], [ 113.049342023, -7.185824887999956, 0.0 ], [ 113.049376252000116, -7.185668369999973, 0.0 ], [ 113.049421387000052, -7.185630206999974, 0.0 ], [ 113.049520039000072, -7.185642058999974, 0.0 ], [ 113.049542564000035, -7.185621711999943, 0.0 ], [ 113.04957989400009, -7.185540830999969, 0.0 ], [ 113.049605233000079, -7.185429174999967, 0.0 ], [ 113.049616564000075, -7.185379241999954, 0.0 ], [ 113.049658776000115, -7.185288216999936, 0.0 ], [ 113.049686166000015, -7.18523756999997, 0.0 ], [ 113.049589632000107, -7.185165513999948, 0.0 ], [ 113.049363446000029, -7.185009165999929, 0.0 ], [ 113.049393239000096, -7.184911959999965, 0.0 ], [ 113.049384047000103, -7.184792784999956, 0.0 ], [ 113.049347413000078, -7.184729317999938, 0.0 ], [ 113.049286012000039, -7.184685393999928, 0.0 ], [ 113.04896, -7.184554799999944, 0.0 ], [ 113.048831786000051, -7.184508553999933, 0.0 ], [ 113.048748529000022, -7.184517512999946, 0.0 ], [ 113.048710166000092, -7.184584387999962, 0.0 ], [ 113.048643539000068, -7.184590378999928, 0.0 ], [ 113.048554523, -7.184579931999963, 0.0 ], [ 113.048442941000076, -7.184514268999976, 0.0 ], [ 113.048366986000019, -7.18438725599998, 0.0 ], [ 113.048370688000091, -7.184263684999962, 0.0 ], [ 113.04844107800011, -7.184114958999942, 0.0 ], [ 113.04852220600003, -7.183930484999962, 0.0 ], [ 113.048636904000091, -7.183825396999964, 0.0 ], [ 113.048729311000102, -7.183676483999932, 0.0 ], [ 113.048851565000064, -7.183475193999925, 0.0 ], [ 113.048995934000118, -7.183295768999926, 0.0 ], [ 113.04910690600002, -7.183058919999951, 0.0 ], [ 113.049120016000074, -7.182886316999941, 0.0 ], [ 113.049119188000077, -7.182768279999948, 0.0 ], [ 113.049080994000064, -7.18260621099995, 0.0 ], [ 113.049124599000038, -7.182510027999967, 0.0 ], [ 113.04917195400003, -7.182417443999952, 0.0 ], [ 113.049175082000033, -7.182332558999974, 0.0 ], [ 113.049185383, -7.182232818999978, 0.0 ], [ 113.049212522000062, -7.182198094999933, 0.0 ], [ 113.049254995000069, -7.182143750999956, 0.0 ], [ 113.049269029000016, -7.182044084999973, 0.0 ], [ 113.049319659000048, -7.181899785999974, 0.0 ], [ 113.049356141000089, -7.18182948499998, 0.0 ], [ 113.049359525000114, -7.181785181999942, 0.0 ], [ 113.049358309000013, -7.181630178999967, 0.0 ], [ 113.04936074200009, -7.181456810999975, 0.0 ], [ 113.049392557000033, -7.181261077999977, 0.0 ], [ 113.049492147000024, -7.181032502999926, 0.0 ], [ 113.04950323300011, -7.180974878999962, 0.0 ], [ 113.049498083000117, -7.180908288999944, 0.0 ], [ 113.049520456000096, -7.180820696999945, 0.0 ], [ 113.049543080000035, -7.180756061999944, 0.0 ], [ 113.049558293000018, -7.180636325999956, 0.0 ], [ 113.04955325800006, -7.180578863999926, 0.0 ], [ 113.04953432100001, -7.180516854999951, 0.0 ], [ 113.049531444000081, -7.180441035999934, 0.0 ], [ 113.049549483000078, -7.180385638999951, 0.0 ], [ 113.049581099000079, -7.180295746999946, 0.0 ], [ 113.049587309000117, -7.180199007999931, 0.0 ], [ 113.049591424000027, -7.180134636999981, 0.0 ], [ 113.049629424000045, -7.180036489999964, 0.0 ], [ 113.049828574000117, -7.179239858999949, 0.0 ], [ 113.049592299000096, -7.17929677099994, 0.0 ], [ 113.049590941000019, -7.179279185999974, 0.0 ], [ 113.049579227000095, -7.179127539999968, 0.0 ], [ 113.049582730000111, -7.179076367999926, 0.0 ], [ 113.049712427000031, -7.179004565999946, 0.0 ], [ 113.049755448000042, -7.178960988999961, 0.0 ], [ 113.049770713000044, -7.178886081999963, 0.0 ], [ 113.049781422000024, -7.178744221999978, 0.0 ], [ 113.049788764000027, -7.178710059999958, 0.0 ], [ 113.049811910000017, -7.178602362999925, 0.0 ], [ 113.049878088000014, -7.178479778999929, 0.0 ], [ 113.049889107000013, -7.178373437999937, 0.0 ], [ 113.04999181800008, -7.178392320999933, 0.0 ], [ 113.050018902000033, -7.178306696999925, 0.0 ], [ 113.05013223200001, -7.178179923999949, 0.0 ], [ 113.0503368950001, -7.178214348999973, 0.0 ], [ 113.050310997000111, -7.178364592999969, 0.0 ], [ 113.050387617000069, -7.178392200999951, 0.0 ], [ 113.050531012000079, -7.178443870999956, 0.0 ], [ 113.050563893000117, -7.178419681999969, 0.0 ], [ 113.050578518000066, -7.178368549999959, 0.0 ], [ 113.050579522000021, -7.178364119999969, 0.0 ], [ 113.050598938, -7.178278435999971, 0.0 ], [ 113.050656061000041, -7.178283964999935, 0.0 ], [ 113.050698324000109, -7.178304654999977, 0.0 ], [ 113.050739846000056, -7.178339634999929, 0.0 ], [ 113.050783060000072, -7.178376040999979, 0.0 ], [ 113.050891673000024, -7.178429243999972, 0.0 ], [ 113.050959438000064, -7.178320925999969, 0.0 ], [ 113.051227305000111, -7.177892760999953, 0.0 ], [ 113.051414295000086, -7.177564372999939, 0.0 ], [ 113.051491763000058, -7.17747978899996, 0.0 ], [ 113.051527509000039, -7.177428562999978, 0.0 ], [ 113.051542004000112, -7.177365409999936, 0.0 ], [ 113.05153809400008, -7.177242414999967, 0.0 ], [ 113.051576853000029, -7.177197139999976, 0.0 ], [ 113.051663676000089, -7.177151558999981, 0.0 ], [ 113.051717760000088, -7.177145080999935, 0.0 ], [ 113.051829345000101, -7.17719528799995, 0.0 ], [ 113.051934804000098, -7.177227535999975, 0.0 ], [ 113.051997608000079, -7.177185044999931, 0.0 ], [ 113.052048213000035, -7.177118657999927, 0.0 ], [ 113.052114245000098, -7.177097212999968, 0.0 ], [ 113.052156083000114, -7.177072892999945, 0.0 ], [ 113.052211931000102, -7.176993828999969, 0.0 ], [ 113.05230791800011, -7.176961041999959, 0.0 ], [ 113.052448964000064, -7.176956795999956, 0.0 ], [ 113.05259955300005, -7.176933254999938, 0.0 ], [ 113.052731439000013, -7.176983551999967, 0.0 ], [ 113.052869555000029, -7.177008150999939, 0.0 ], [ 113.052907891000018, -7.176985383999977, 0.0 ], [ 113.052917316000048, -7.176956508999979, 0.0 ], [ 113.05292338400011, -7.176911651999944, 0.0 ], [ 113.05292299000007, -7.176857241999926, 0.0 ], [ 113.052941357, -7.176741920999973, 0.0 ], [ 113.052956835000032, -7.176664933999973, 0.0 ], [ 113.052982260000022, -7.176642404999939, 0.0 ], [ 113.053033581000022, -7.176635577999946, 0.0 ], [ 113.053078583000115, -7.176651283999945, 0.0 ], [ 113.053155678000053, -7.176666666999949, 0.0 ], [ 113.05320405000009, -7.176701518999948, 0.0 ], [ 113.053239542000028, -7.17672684799993, 0.0 ], [ 113.053377483000077, -7.176729032999958, 0.0 ], [ 113.053460310000105, -7.176657981999938, 0.0 ], [ 113.053614080000102, -7.176628100999949, 0.0 ], [ 113.053773959000068, -7.176562851999961, 0.0 ], [ 113.053950047000058, -7.176516780999975, 0.0 ], [ 113.054139101000032, -7.176499303999947, 0.0 ], [ 113.054161201000056, -7.176451120999957, 0.0 ], [ 113.054160765, -7.176387131999945, 0.0 ], [ 113.054182748000017, -7.176329367999926, 0.0 ], [ 113.054249632000051, -7.176264805999949, 0.0 ], [ 113.054341315000102, -7.176088146999973, 0.0 ], [ 113.054359482000109, -7.175878374999968, 0.0 ], [ 113.05435925900008, -7.17585177899997, 0.0 ], [ 113.054359159000114, -7.175839782999958, 0.0 ], [ 113.054358867000019, -7.175791428999958, 0.0 ], [ 113.054387051000049, -7.175685010999928, 0.0 ], [ 113.054381791000083, -7.175627098999939, 0.0 ], [ 113.054371883000044, -7.175598129999969, 0.0 ], [ 113.054371312000058, -7.175520853999956, 0.0 ], [ 113.054390030000036, -7.175433820999956, 0.0 ], [ 113.054394331000026, -7.175361312999939, 0.0 ], [ 113.054335695000077, -7.17528447899997, 0.0 ], [ 113.054315536000104, -7.175183248999929, 0.0 ], [ 113.054188560000057, -7.175029621999954, 0.0 ], [ 113.054144177000012, -7.174918828999978, 0.0 ], [ 113.054153147000079, -7.174822168999981, 0.0 ], [ 113.054253746000086, -7.174686142999974, 0.0 ], [ 113.05435038600001, -7.174666186999957, 0.0 ], [ 113.054500154000038, -7.174626380999939, 0.0 ], [ 113.054558016000101, -7.174597017999929, 0.0 ], [ 113.054630561000067, -7.174596421999979, 0.0 ], [ 113.054684012000052, -7.17461534499995, 0.0 ], [ 113.054897764000089, -7.17472971799998, 0.0 ], [ 113.054965736000099, -7.174758155999939, 0.0 ], [ 113.055008548000046, -7.174651582999957, 0.0 ], [ 113.055030534000025, -7.174361622999982, 0.0 ], [ 113.055174470000111, -7.174186627999973, 0.0 ], [ 113.055273992000025, -7.173910602999968, 0.0 ], [ 113.055344512000033, -7.173625125999934, 0.0 ], [ 113.055312939000032, -7.173292111999956, 0.0 ], [ 113.055377314000111, -7.173034229999928, 0.0 ], [ 113.055387840000094, -7.172979551999958, 0.0 ], [ 113.055466734000106, -7.172569709999948, 0.0 ], [ 113.055465813000069, -7.172447423999927, 0.0 ], [ 113.055482547000111, -7.172417793999955, 0.0 ], [ 113.055532998000103, -7.172383674999935, 0.0 ], [ 113.055553801000087, -7.17234561999993, 0.0 ], [ 113.055574508000063, -7.172286416999953, 0.0 ], [ 113.055574132000061, -7.172235802999978, 0.0 ], [ 113.055603348000091, -7.172193462999928, 0.0 ], [ 113.055628574000025, -7.172176357999945, 0.0 ], [ 113.055687382000087, -7.172125299999948, 0.0 ], [ 113.055708184000082, -7.172087244999943, 0.0 ], [ 113.055724205000047, -7.171964883999976, 0.0 ], [ 113.05571059500005, -7.171842654999978, 0.0 ], [ 113.055714342000101, -7.171779370999957, 0.0 ], [ 113.055722568000078, -7.171749777999935, 0.0 ], [ 113.055738965000046, -7.171678029999953, 0.0 ], [ 113.05575120200001, -7.171627360999935, 0.0 ], [ 113.055742334000115, -7.171564130999968, 0.0 ], [ 113.055728952000095, -7.171475705999967, 0.0 ], [ 113.055677917000025, -7.171429656999976, 0.0 ], [ 113.055498752000062, -7.17128837599995, 0.0 ], [ 113.055520505000118, -7.171262699999943, 0.0 ], [ 113.055520160000015, -7.171218955999962, 0.0 ], [ 113.055556213000045, -7.171153175999962, 0.0 ], [ 113.055558563000091, -7.170978181999942, 0.0 ], [ 113.055572311000105, -7.170865140999979, 0.0 ], [ 113.055589749000092, -7.170759313999952, 0.0 ], [ 113.05557103700005, -7.170697574999963, 0.0 ], [ 113.055589921000092, -7.170597977999932, 0.0 ], [ 113.055589527000052, -7.170543387999942, 0.0 ], [ 113.055562077000104, -7.170364007999979, 0.0 ], [ 113.055545603000041, -7.17025218699996, 0.0 ], [ 113.05557090800005, -7.170153103999951, 0.0 ], [ 113.055598947000021, -7.17006440199998, 0.0 ], [ 113.055598588000066, -7.170017583999936, 0.0 ], [ 113.055584976000091, -7.169944796999971, 0.0 ], [ 113.055594201000076, -7.169871543999932, 0.0 ], [ 113.055614392000052, -7.169830419999926, 0.0 ], [ 113.055637052000066, -7.169773918999965, 0.0 ], [ 113.055646806000027, -7.169702109999946, 0.0 ], [ 113.055723518000036, -7.169665702999964, 0.0 ], [ 113.055774568000061, -7.169632032999971, 0.0 ], [ 113.055843662000029, -7.169611026999974, 0.0 ], [ 113.055877035000094, -7.169613407999975, 0.0 ], [ 113.05589774900011, -7.169638802999941, 0.0 ], [ 113.055939274000025, -7.169694836999952, 0.0 ], [ 113.055988176000028, -7.169714953999971, 0.0 ], [ 113.056041930000106, -7.169701787999941, 0.0 ], [ 113.056072599000117, -7.169683573999976, 0.0 ], [ 113.056092813000078, -7.169647600999951, 0.0 ], [ 113.056118051000112, -7.169583406999948, 0.0 ], [ 113.056127742000058, -7.16951421899995, 0.0 ], [ 113.056108995000045, -7.169394815999965, 0.0 ], [ 113.056108437000034, -7.169320341999935, 0.0 ], [ 113.056102552000084, -7.169123240999966, 0.0 ], [ 113.056092707000062, -7.169090718999939, 0.0 ], [ 113.056057551000094, -7.168974580999929, 0.0 ], [ 113.056012397000018, -7.16880847699997, 0.0 ], [ 113.055998936000037, -7.16876912999993, 0.0 ], [ 113.055958995000083, -7.168716795999956, 0.0 ], [ 113.055945533000113, -7.16867753899993, 0.0 ], [ 113.055970916000092, -7.168545825999956, 0.0 ], [ 113.056040223000082, -7.168422684999939, 0.0 ], [ 113.056026376000091, -7.168330735999973, 0.0 ], [ 113.055982205000078, -7.168300383999963, 0.0 ], [ 113.05585462800002, -7.168261907999977, 0.0 ], [ 113.055731573000116, -7.168249714999945, 0.0 ], [ 113.055511383000066, -7.168163750999952, 0.0 ], [ 113.05551967100007, -7.168097914999976, 0.0 ], [ 113.055527901, -7.168019062999974, 0.0 ], [ 113.055543899000099, -7.167808577999949, 0.0 ], [ 113.05558222600007, -7.16765059599993, 0.0 ], [ 113.055637364000063, -7.167585501999952, 0.0 ], [ 113.055656617000068, -7.16756277199994, 0.0 ], [ 113.055681160000063, -7.167543409999951, 0.0 ], [ 113.055697407000025, -7.167521464999936, 0.0 ], [ 113.055746628000065, -7.16751292899994, 0.0 ], [ 113.055825928000104, -7.167504078999968, 0.0 ], [ 113.055880387000116, -7.167465421999964, 0.0 ], [ 113.055915569000035, -7.167405068999926, 0.0 ], [ 113.055937388000075, -7.167394034999973, 0.0 ], [ 113.055983897000033, -7.167396356999973, 0.0 ], [ 113.056022222000024, -7.16738787099996, 0.0 ], [ 113.056043930000101, -7.167368611999962, 0.0 ], [ 113.056120541000041, -7.167359863999934, 0.0 ], [ 113.056164179, -7.167337704999966, 0.0 ], [ 113.056172056000037, -7.167296634999957, 0.0 ], [ 113.056149818000108, -7.167247656999962, 0.0 ], [ 113.056138624000027, -7.167214897999941, 0.0 ], [ 113.056105577000039, -7.167185128999961, 0.0 ], [ 113.056055849000018, -7.167130849999978, 0.0 ], [ 113.055973370000061, -7.167079518999969, 0.0 ], [ 113.055945498000028, -7.16702233999996, 0.0 ], [ 113.055988951000018, -7.166975597999965, 0.0 ], [ 113.056007935000025, -7.166948126999955, 0.0 ], [ 113.05600498900003, -7.166923555999972, 0.0 ], [ 113.055963595000094, -7.16688017599995, 0.0 ], [ 113.05588914000009, -7.166804225999954, 0.0 ], [ 113.055874829000118, -7.166725112999927, 0.0 ], [ 113.055967748000057, -7.166408263999926, 0.0 ], [ 113.056067480000024, -7.166229218999945, 0.0 ], [ 113.056150616000082, -7.166044373999966, 0.0 ], [ 113.056170766000037, -7.165993939999964, 0.0 ], [ 113.056172249000042, -7.165941781999948, 0.0 ], [ 113.056171882000058, -7.165893337999933, 0.0 ], [ 113.056191682000076, -7.16579825599996, 0.0 ], [ 113.056189267000036, -7.165725597999938, 0.0 ], [ 113.056229974000075, -7.165682483999944, 0.0 ], [ 113.056293029000017, -7.165629869999975, 0.0 ], [ 113.056328004000079, -7.165556953999953, 0.0 ], [ 113.056370253000068, -7.165474695999933, 0.0 ], [ 113.056377342000019, -7.165424411999936, 0.0 ], [ 113.056384596000044, -7.165394552999942, 0.0 ], [ 113.056426257000112, -7.165364358999966, 0.0 ], [ 113.056446407000067, -7.165314105999926, 0.0 ], [ 113.056473455000059, -7.165270690999932, 0.0 ], [ 113.056516837000117, -7.165274924999949, 0.0 ], [ 113.05653949900011, -7.165251956999953, 0.0 ], [ 113.056649295000057, -7.164987183999926, 0.0 ], [ 113.056712160000075, -7.164859189999959, 0.0 ], [ 113.056756776000043, -7.164722329999961, 0.0 ], [ 113.056797158000109, -7.164640080999959, 0.0 ], [ 113.05689484200002, -7.164586950999933, 0.0 ], [ 113.056999206000114, -7.164508843999954, 0.0 ], [ 113.057115195000051, -7.164460149999968, 0.0 ], [ 113.057206084000086, -7.164423047999946, 0.0 ], [ 113.05728065400001, -7.164308739999967, 0.0 ], [ 113.057301374000076, -7.16425242899993, 0.0 ], [ 113.057315010000025, -7.164197504999947, 0.0 ], [ 113.05730212800006, -7.164170898999942, 0.0 ], [ 113.057270904, -7.164131812999926, 0.0 ], [ 113.057254792000094, -7.164050448999944, 0.0 ], [ 113.05724955300002, -7.163914173999956, 0.0 ], [ 113.057271334, -7.163811490999933, 0.0 ], [ 113.057297294000023, -7.163708698999926, 0.0 ], [ 113.057332214000098, -7.163673292999931, 0.0 ], [ 113.05737082600001, -7.16371225599994, 0.0 ], [ 113.057393239000021, -7.163783920999947, 0.0 ], [ 113.057429793000097, -7.163863203999938, 0.0 ], [ 113.057493702000102, -7.163904139999943, 0.0 ], [ 113.057574404000093, -7.163955832999932, 0.0 ], [ 113.057711095000059, -7.164029696999933, 0.0 ], [ 113.057849007000073, -7.164059901999963, 0.0 ], [ 113.057961498000054, -7.164046562999943, 0.0 ], [ 113.058059799000034, -7.164014669999972, 0.0 ], [ 113.058117355000036, -7.163967412999966, 0.0 ], [ 113.058156262000011, -7.163938947999952, 0.0 ], [ 113.058190667000076, -7.163938703999975, 0.0 ], [ 113.05819869100003, -7.163963613999954, 0.0 ], [ 113.058195785000066, -7.163998062999951, 0.0 ], [ 113.05818668500001, -7.164032448999933, 0.0 ], [ 113.058174450000024, -7.164066850999973, 0.0 ], [ 113.058174706000045, -7.16410743199998, 0.0 ], [ 113.058193936000066, -7.16416817399994, 0.0 ], [ 113.058264813000051, -7.164228593999951, 0.0 ], [ 113.058316472000115, -7.164231254999947, 0.0 ], [ 113.058369827000092, -7.164212397999961, 0.0 ], [ 113.058468247000064, -7.164306858999964, 0.0 ], [ 113.058497333000105, -7.164368550999939, 0.0 ], [ 113.058488057000091, -7.164397154999961, 0.0 ], [ 113.058473974000094, -7.164435358999981, 0.0 ], [ 113.058481459000063, -7.164473377999968, 0.0 ], [ 113.058503071000018, -7.164499401999933, 0.0 ], [ 113.058562862000031, -7.16451802399996, 0.0 ], [ 113.058653499000116, -7.164524486999937, 0.0 ], [ 113.058766281000089, -7.164609304999942, 0.0 ], [ 113.058972003, -7.164698224999938, 0.0 ], [ 113.059156005000091, -7.164753889999929, 0.0 ], [ 113.059292200000073, -7.164783829999976, 0.0 ], [ 113.059504927000035, -7.164853646999973, 0.0 ], [ 113.059705744000098, -7.164914027999941, 0.0 ], [ 113.059937800000057, -7.165017019999937, 0.0 ], [ 113.060009555000079, -7.165040288999933, 0.0 ], [ 113.060066436000056, -7.164992219999931, 0.0 ], [ 113.060151516000019, -7.164891693999948, 0.0 ], [ 113.060199897000075, -7.164895634999937, 0.0 ], [ 113.060270719000073, -7.164993564999975, 0.0 ], [ 113.060341315000073, -7.165057871999977, 0.0 ], [ 113.060393641000019, -7.165109246999975, 0.0 ], [ 113.060435641000026, -7.16517115299996, 0.0 ], [ 113.060464856000067, -7.165261584999939, 0.0 ], [ 113.060545755000021, -7.165310210999962, 0.0 ], [ 113.060639423000111, -7.16534323299993, 0.0 ], [ 113.060748560000093, -7.165347624999981, 0.0 ], [ 113.060803233000115, -7.165373138999939, 0.0 ], [ 113.060860651000098, -7.165411564999943, 0.0 ], [ 113.060959281, -7.16540307899993, 0.0 ], [ 113.061089438000067, -7.165451302999941, 0.0 ], [ 113.061182988000041, -7.165458384999965, 0.0 ], [ 113.061279209000077, -7.165478380999957, 0.0 ], [ 113.061409083000058, -7.165479966999953, 0.0 ], [ 113.06146878900006, -7.165479608999931, 0.0 ], [ 113.061518121000063, -7.165479206999976, 0.0 ], [ 113.061559941000041, -7.165517793999925, 0.0 ], [ 113.061617765000051, -7.165613159999964, 0.0 ], [ 113.061685737000062, -7.165674858999978, 0.0 ], [ 113.061761748000094, -7.165764991999936, 0.0 ], [ 113.061795350000011, -7.165751825999962, 0.0 ], [ 113.061831302000087, -7.165697072999933, 0.0 ], [ 113.061905998000043, -7.165611053999953, 0.0 ], [ 113.061980597000115, -7.165519793999977, 0.0 ], [ 113.062071175000028, -7.165480250999963, 0.0 ], [ 113.062193031000106, -7.165458373999968, 0.0 ], [ 113.062304137000069, -7.165468812999961, 0.0 ], [ 113.062429126000097, -7.165513171999976, 0.0 ], [ 113.062442740000051, -7.165514293999934, 0.0 ], [ 113.062479076000045, -7.165517286999943, 0.0 ], [ 113.062510649000046, -7.165501236999944, 0.0 ], [ 113.06254687, -7.165489686999933, 0.0 ], [ 113.062612693, -7.165505026999938, 0.0 ], [ 113.062784936000071, -7.165501452999933, 0.0 ], [ 113.062850335, -7.165455695999981, 0.0 ], [ 113.062872464000066, -7.165380939999977, 0.0 ], [ 113.062855830000103, -7.165283762999934, 0.0 ], [ 113.062864532000049, -7.165227143999971, 0.0 ], [ 113.062909658000081, -7.165204164999977, 0.0 ], [ 113.06297272300003, -7.165153989999965, 0.0 ], [ 113.063031446000082, -7.165117300999952, 0.0 ], [ 113.063069623000047, -7.165076276999969, 0.0 ], [ 113.063171461000024, -7.165050692999955, 0.0 ], [ 113.063253200000077, -7.165070391999961, 0.0 ], [ 113.063398857000038, -7.165146291999974, 0.0 ], [ 113.063600464000046, -7.165133456999968, 0.0 ], [ 113.063772677000088, -7.165123102999928, 0.0 ], [ 113.06384958600006, -7.16509763199997, 0.0 ], [ 113.06384705500011, -7.165066008999929, 0.0 ], [ 113.063833119000037, -7.165020879999929, 0.0 ], [ 113.063842037000086, -7.164995893999958, 0.0 ], [ 113.06391222700006, -7.164986359999943, 0.0 ], [ 113.063961592000055, -7.16492711799998, 0.0 ], [ 113.063990710000098, -7.16487944499994, 0.0 ], [ 113.063990316000059, -7.164825126999972, 0.0 ], [ 113.06397585000002, -7.164712121999969, 0.0 ], [ 113.063982363000036, -7.164666810999961, 0.0 ], [ 113.064009374000079, -7.164648522999926, 0.0 ], [ 113.064027510000074, -7.16464844099994, 0.0 ], [ 113.064064361000078, -7.164727270999947, 0.0 ], [ 113.064131223000118, -7.164840671999968, 0.0 ], [ 113.06422477000001, -7.164930183999957, 0.0 ], [ 113.064435134000064, -7.164972532999968, 0.0 ], [ 113.064566868000043, -7.164939855999933, 0.0 ], [ 113.064610469000058, -7.164893202999963, 0.0 ], [ 113.06464917400001, -7.16483681099993, 0.0 ], [ 113.064699547000032, -7.164719446999925, 0.0 ], [ 113.064767388000064, -7.164635989999965, 0.0 ], [ 113.064918265000074, -7.164561739999954, 0.0 ], [ 113.065018161000012, -7.164519534999954, 0.0 ], [ 113.065093946000047, -7.164526333999959, 0.0 ], [ 113.065169905000062, -7.164555006999933, 0.0 ], [ 113.0652063980001, -7.164537669999959, 0.0 ], [ 113.065223131000039, -7.164491227999974, 0.0 ], [ 113.065242500000068, -7.164466645999937, 0.0 ], [ 113.065296388000093, -7.164483306999955, 0.0 ], [ 113.06538695200004, -7.16450703199996, 0.0 ], [ 113.065487206000057, -7.164511190999974, 0.0 ], [ 113.065577055000063, -7.164442276999978, 0.0 ], [ 113.065681574000109, -7.164365885999928, 0.0 ], [ 113.065681292000022, -7.164336601999935, 0.0 ], [ 113.065663778000044, -7.164275762999978, 0.0 ], [ 113.065645853000092, -7.164173529999971, 0.0 ], [ 113.065620537000086, -7.164054246999967, 0.0 ], [ 113.06562253900006, -7.164040530999955, 0.0 ], [ 113.065625170000089, -7.164022501999966, 0.0 ], [ 113.06569606000005, -7.164019561999964, 0.0 ], [ 113.065905955000062, -7.163991142999976, 0.0 ], [ 113.066101418000017, -7.16398972199994, 0.0 ], [ 113.066186840000114, -7.163981745999934, 0.0 ], [ 113.066329228000086, -7.16392859399997, 0.0 ], [ 113.066442060000099, -7.163875120999933, 0.0 ], [ 113.06655261700007, -7.163863778999939, 0.0 ], [ 113.066810732000022, -7.163869758999965, 0.0 ], [ 113.066969362, -7.163866976999941, 0.0 ], [ 113.067074025000011, -7.163865140999974, 0.0 ], [ 113.067118611000069, -7.163838547999944, 0.0 ], [ 113.067139025000074, -7.163794324999969, 0.0 ], [ 113.067160002000037, -7.163748882999926, 0.0 ], [ 113.067204348000018, -7.163685505999979, 0.0 ], [ 113.067222853000089, -7.163701148999962, 0.0 ], [ 113.067251660000011, -7.163737778999973, 0.0 ], [ 113.067268043000013, -7.163758610999935, 0.0 ], [ 113.067336773000079, -7.163789664999967, 0.0 ], [ 113.067373665000105, -7.163794650999932, 0.0 ], [ 113.067402721, -7.163799670999936, 0.0 ], [ 113.06742119, -7.163807361999943, 0.0 ], [ 113.067465994000031, -7.163812311999948, 0.0 ], [ 113.067513338000026, -7.163801433999936, 0.0 ], [ 113.067521103000104, -7.16378567299995, 0.0 ], [ 113.06747718400004, -7.16376155699993, 0.0 ], [ 113.067424800000026, -7.163730700999963, 0.0 ], [ 113.06742186300005, -7.16369175899996, 0.0 ], [ 113.06741618500007, -7.163624176999974, 0.0 ], [ 113.067414510000049, -7.16360300599996, 0.0 ], [ 113.067401781000058, -7.163442119999957, 0.0 ], [ 113.067333486000052, -7.163375000999963, 0.0 ], [ 113.067270176000079, -7.163271435999945, 0.0 ], [ 113.067232095, -7.163068786999929, 0.0 ], [ 113.067238375000102, -7.163001269999938, 0.0 ], [ 113.067244197000036, -7.162938671999939, 0.0 ], [ 113.0672665620001, -7.162800555999979, 0.0 ], [ 113.067249883000045, -7.162660264999943, 0.0 ], [ 113.067205085000069, -7.162590328999954, 0.0 ], [ 113.067157914000063, -7.162556828999925, 0.0 ], [ 113.067201729000089, -7.16249146499996, 0.0 ], [ 113.067184408000116, -7.162407395999935, 0.0 ], [ 113.067181351000045, -7.16234179199995, 0.0 ], [ 113.067148171000099, -7.162299099999927, 0.0 ], [ 113.067092484000113, -7.162297, 0.0 ], [ 113.067044506000116, -7.162299926999935, 0.0 ], [ 113.066983533000098, -7.162267572999951, 0.0 ], [ 113.066983134000111, -7.162212078999971, 0.0 ], [ 113.06703769, -7.162062701999957, 0.0 ], [ 113.067090223000037, -7.161994225999933, 0.0 ], [ 113.067137910000042, -7.161943397999949, 0.0 ], [ 113.067159400000037, -7.161776633999978, 0.0 ], [ 113.067158825000092, -7.161698515999944, 0.0 ], [ 113.067157859000076, -7.161567222999963, 0.0 ], [ 113.067177177000076, -7.161448462999942, 0.0 ], [ 113.06724185500002, -7.161309252999956, 0.0 ], [ 113.067349897000099, -7.161220101999959, 0.0 ], [ 113.067428038000116, -7.161186670999939, 0.0 ], [ 113.067434751000064, -7.161171770999943, 0.0 ], [ 113.067494545000045, -7.161039046999974, 0.0 ], [ 113.06760363300009, -7.160751409999932, 0.0 ], [ 113.067302851000022, -7.160617909999928, 0.0 ], [ 113.067406558000016, -7.160444449999943, 0.0 ], [ 113.067542881, -7.160486587999969, 0.0 ], [ 113.067610872000046, -7.160486101999936, 0.0 ], [ 113.067656962000115, -7.160445583999945, 0.0 ], [ 113.067788995000114, -7.160330564999981, 0.0 ], [ 113.067896565000069, -7.160252623999952, 0.0 ], [ 113.067973479000102, -7.160211966999952, 0.0 ], [ 113.06807208400005, -7.160164975999976, 0.0 ], [ 113.068154992000018, -7.160096454999973, 0.0 ], [ 113.0683530230001, -7.159969750999949, 0.0 ], [ 113.068466780000108, -7.159873703999949, 0.0 ], [ 113.068485970000097, -7.159863951999967, 0.0 ], [ 113.068548244000112, -7.159832304999952, 0.0 ], [ 113.068553958000052, -7.15982362699998, 0.0 ], [ 113.06857522700011, -7.159791329999962, 0.0 ], [ 113.068607594000014, -7.159752951999963, 0.0 ], [ 113.068686013000047, -7.159665379999979, 0.0 ], [ 113.068723262000049, -7.159550787999933, 0.0 ], [ 113.068747422000115, -7.159496267999941, 0.0 ], [ 113.068872666000061, -7.159481695999943, 0.0 ], [ 113.068948693000038, -7.159443031999956, 0.0 ], [ 113.068959207000034, -7.15939128499997, 0.0 ], [ 113.068974960000105, -7.159309597999936, 0.0 ], [ 113.06903448300011, -7.159252027999969, 0.0 ], [ 113.069006527000056, -7.159159781999961, 0.0 ], [ 113.069006367000043, -7.159140711999953, 0.0 ], [ 113.069079892000104, -7.159126552999965, 0.0 ], [ 113.069081674000017, -7.159126364999963, 0.0 ], [ 113.069365755000035, -7.159096433999935, 0.0 ], [ 113.069492787000058, -7.159113939999941, 0.0 ], [ 113.069696465000106, -7.159130918999949, 0.0 ], [ 113.069775652000089, -7.159114474999967, 0.0 ], [ 113.069838824000044, -7.159071801999971, 0.0 ], [ 113.069888664000018, -7.159018611999954, 0.0 ], [ 113.069909227000039, -7.158944586999951, 0.0 ], [ 113.069976814000029, -7.158788461999961, 0.0 ], [ 113.070026484000095, -7.158714214999975, 0.0 ], [ 113.070126345000062, -7.158631606999961, 0.0 ], [ 113.070255167000028, -7.158533052999928, 0.0 ], [ 113.070430983000051, -7.158362883999928, 0.0 ], [ 113.070561871000109, -7.158193007999955, 0.0 ], [ 113.070488829000055, -7.157966655999928, 0.0 ], [ 113.070501514000057, -7.157916616999955, 0.0 ], [ 113.070617353000102, -7.157636811999964, 0.0 ], [ 113.070715885000027, -7.157441593999977, 0.0 ], [ 113.070761333000064, -7.15734142499997, 0.0 ], [ 113.070898967000062, -7.157227736999971, 0.0 ], [ 113.070832802000041, -7.156821943999944, 0.0 ], [ 113.071004099000106, -7.155815209999957, 0.0 ], [ 113.071466159000011, -7.152818214999968, 0.0 ], [ 113.071482100000026, -7.152714820999961, 0.0 ], [ 113.07153526400009, -7.152505073999976, 0.0 ], [ 113.071534131000021, -7.152353326999958, 0.0 ], [ 113.071587847000046, -7.152216424999949, 0.0 ], [ 113.071692866000035, -7.152036632999966, 0.0 ], [ 113.071722633000036, -7.151951448999966, 0.0 ], [ 113.071770386000026, -7.151832741999954, 0.0 ], [ 113.071900754000012, -7.151548171999934, 0.0 ], [ 113.072004375, -7.151356274999955, 0.0 ], [ 113.072174647000111, -7.15103284199995, 0.0 ], [ 113.07217778200004, -7.150950398999953, 0.0 ], [ 113.072165340000083, -7.150789391999979, 0.0 ], [ 113.07213746900004, -7.150583533999963, 0.0 ], [ 113.072151170000097, -7.150411111999972, 0.0 ], [ 113.072206459000085, -7.150159689999953, 0.0 ], [ 113.072246883000048, -7.149889172999963, 0.0 ], [ 113.072254201000078, -7.149806980999927, 0.0 ], [ 113.072298125000088, -7.149650420999933, 0.0 ], [ 113.072379397000077, -7.149517372999981, 0.0 ], [ 113.072431792000089, -7.149418981999929, 0.0 ], [ 113.072520952000104, -7.149280565999959, 0.0 ], [ 113.072864864000053, -7.149199210999939, 0.0 ], [ 113.07297311700006, -7.149223849999942, 0.0 ], [ 113.073164439000038, -7.149298549999969, 0.0 ], [ 113.073387901000046, -7.149417391999975, 0.0 ], [ 113.073477560000015, -7.14950556399998, 0.0 ], [ 113.07365698000001, -7.149688232999949, 0.0 ], [ 113.07390594900005, -7.149819613999966, 0.0 ], [ 113.074200098, -7.150039546999949, 0.0 ], [ 113.07448704300009, -7.150151593999965, 0.0 ], [ 113.074659231000055, -7.150220142999956, 0.0 ], [ 113.074729159000071, -7.150219556999957, 0.0 ], [ 113.074799305000056, -7.150250784999969, 0.0 ], [ 113.074990467000021, -7.150306502999968, 0.0 ], [ 113.075199105000024, -7.150348403999942, 0.0 ], [ 113.075422090000075, -7.150427387999969, 0.0 ], [ 113.075728603000016, -7.150525970999979, 0.0 ], [ 113.075802124, -7.150560798999948, 0.0 ], [ 113.075927164000063, -7.150385795999966, 0.0 ], [ 113.076059993000058, -7.150233534999927, 0.0 ], [ 113.07609732800006, -7.150155004999931, 0.0 ], [ 113.07623735300001, -7.149959779999961, 0.0 ], [ 113.07648305400005, -7.149698188999935, 0.0 ], [ 113.076611488000026, -7.149646725999958, 0.0 ], [ 113.076649509000049, -7.149654055999974, 0.0 ], [ 113.076707748000103, -7.149676297999974, 0.0 ], [ 113.076768457000071, -7.149683435999975, 0.0 ], [ 113.076902395000047, -7.149677409999981, 0.0 ], [ 113.077100951000034, -7.14970145999996, 0.0 ], [ 113.077286833000016, -7.14969574099996, 0.0 ], [ 113.077533414000072, -7.149711168999943, 0.0 ], [ 113.07769780700005, -7.149722900999961, 0.0 ], [ 113.077893094000046, -7.149816378999958, 0.0 ], [ 113.078183938000052, -7.149965192999957, 0.0 ], [ 113.078448982000054, -7.150135904999956, 0.0 ], [ 113.078596445000017, -7.150199500999975, 0.0 ], [ 113.078826227000036, -7.150279718999968, 0.0 ], [ 113.07892611200009, -7.15033512399998, 0.0 ], [ 113.078961105000076, -7.150382326999932, 0.0 ], [ 113.078974533000064, -7.15044697999997, 0.0 ], [ 113.078970607000088, -7.150503034999929, 0.0 ], [ 113.078880259000016, -7.15055984199995, 0.0 ], [ 113.078815810000037, -7.150616440999954, 0.0 ], [ 113.078820349000011, -7.150646607999931, 0.0 ], [ 113.078885759000059, -7.150719522999964, 0.0 ], [ 113.079046857000094, -7.150860695999938, 0.0 ], [ 113.079499050000095, -7.151189544999966, 0.0 ], [ 113.07955396300008, -7.151222742999948, 0.0 ], [ 113.079611980000095, -7.15125781699993, 0.0 ], [ 113.079618034000077, -7.151257302999966, 0.0 ], [ 113.079668156000025, -7.15125304399993, 0.0 ], [ 113.079900018000103, -7.151231841999959, 0.0 ], [ 113.079976289000115, -7.151231226999926, 0.0 ], [ 113.080303193000077, -7.151234268999929, 0.0 ], [ 113.080529234000096, -7.151229812999929, 0.0 ], [ 113.080989935000048, -7.151278074999937, 0.0 ], [ 113.08106608300011, -7.15126661499994, 0.0 ], [ 113.08125098000005, -7.151224383999931, 0.0 ], [ 113.081389953000098, -7.151226104999978, 0.0 ], [ 113.081496188000074, -7.151233488999935, 0.0 ], [ 113.081561725000029, -7.15125199199997, 0.0 ], [ 113.081687572000078, -7.151321740999947, 0.0 ], [ 113.081859924000014, -7.15142643799993, 0.0 ], [ 113.082063482000081, -7.151516622999964, 0.0 ], [ 113.082273416000021, -7.151646909999954, 0.0 ], [ 113.082326589000104, -7.151687250999942, 0.0 ], [ 113.082430771000077, -7.151801565999961, 0.0 ], [ 113.082571809000115, -7.152028239999936, 0.0 ], [ 113.08278826500009, -7.152379027999928, 0.0 ], [ 113.082816941000033, -7.15248139199997, 0.0 ], [ 113.082841142, -7.152568140999961, 0.0 ], [ 113.082872010000074, -7.152635697999926, 0.0 ], [ 113.082891421000113, -7.152678179999953, 0.0 ], [ 113.083019059000094, -7.152747738999949, 0.0 ], [ 113.08328373900008, -7.152886634999959, 0.0 ], [ 113.083440100000075, -7.153019420999954, 0.0 ], [ 113.083780176, -7.153359708999972, 0.0 ], [ 113.083916377000037, -7.153474058999961, 0.0 ], [ 113.083975697000028, -7.153487618999975, 0.0 ], [ 113.084032056000069, -7.153490074999979, 0.0 ], [ 113.084195773000033, -7.153516990999947, 0.0 ], [ 113.084235807000027, -7.153589837999959, 0.0 ], [ 113.084225094000089, -7.153663005999931, 0.0 ], [ 113.084212062, -7.153800988999933, 0.0 ], [ 113.084218215000078, -7.15387407999998, 0.0 ], [ 113.084283573000107, -7.153935514999944, 0.0 ], [ 113.084388388000093, -7.154007888999956, 0.0 ], [ 113.084566615000085, -7.154090956999937, 0.0 ], [ 113.084858555000096, -7.154299773999981, 0.0 ], [ 113.084946641000101, -7.154386321999937, 0.0 ], [ 113.084982443000058, -7.15456222499995, 0.0 ], [ 113.084993777000022, -7.154642341999931, 0.0 ], [ 113.085106760000031, -7.154705730999979, 0.0 ], [ 113.08553178000011, -7.154916474999936, 0.0 ], [ 113.085887171000081, -7.15512780499995, 0.0 ], [ 113.086393329000089, -7.155439589999958, 0.0 ], [ 113.086599179000018, -7.155721552999978, 0.0 ], [ 113.086681911000028, -7.156025764999981, 0.0 ], [ 113.086796735, -7.156329832999972, 0.0 ], [ 113.086850884000114, -7.156404332999955, 0.0 ], [ 113.087253531000101, -7.156486923999978, 0.0 ], [ 113.08806852500004, -7.156652246999954, 0.0 ], [ 113.088222339000026, -7.156683448999956, 0.0 ], [ 113.088597152000034, -7.156750618999979, 0.0 ], [ 113.089182435000112, -7.156802282999934, 0.0 ], [ 113.089237047000097, -7.156803906999926, 0.0 ], [ 113.08968328900005, -7.156817180999951, 0.0 ], [ 113.089978547000101, -7.156885072999955, 0.0 ], [ 113.090203472000098, -7.156930055999965, 0.0 ], [ 113.090555469000037, -7.157067464999955, 0.0 ], [ 113.091091003000088, -7.157338978999974, 0.0 ], [ 113.091559245000099, -7.157581654999944, 0.0 ], [ 113.091768328000057, -7.157690016999936, 0.0 ], [ 113.092410160000099, -7.157867862999979, 0.0 ], [ 113.092868538000062, -7.157978573999969, 0.0 ], [ 113.093292407000035, -7.158066666999957, 0.0 ], [ 113.0936821250001, -7.158177870999964, 0.0 ], [ 113.094254837000108, -7.15828769999996, 0.0 ], [ 113.094318083000076, -7.158287229999928, 0.0 ], [ 113.094820982000101, -7.158283495999967, 0.0 ], [ 113.095551957000112, -7.158140979999928, 0.0 ], [ 113.096137303000091, -7.157944896999936, 0.0 ], [ 113.09696834600004, -7.157456304999926, 0.0 ], [ 113.097492835000025, -7.157090579999931, 0.0 ], [ 113.097645198, -7.156903066999973, 0.0 ], [ 113.097660026000085, -7.15677119399993, 0.0 ], [ 113.098065840000118, -7.156701000999931, 0.0 ], [ 113.098439160000112, -7.156504979999966, 0.0 ], [ 113.09875812100006, -7.156269990999931, 0.0 ], [ 113.099146920000067, -7.155980009999951, 0.0 ], [ 113.099550841000109, -7.155705959999977, 0.0 ], [ 113.100095880000026, -7.155431008999926, 0.0 ], [ 113.100536881000039, -7.15529799199993, 0.0 ], [ 113.101085880000028, -7.155134009999927, 0.0 ], [ 113.101570078, -7.155002969999941, 0.0 ], [ 113.101676359000066, -7.154981222999936, 0.0 ], [ 113.102053920000117, -7.154903969999964, 0.0 ], [ 113.102570161000017, -7.154773019999936, 0.0 ], [ 113.102989920000027, -7.154609039999968, 0.0 ], [ 113.103312120000055, -7.15444703999998, 0.0 ], [ 113.103537121000045, -7.154219971999964, 0.0 ], [ 113.103794159000017, -7.153800029999957, 0.0 ], [ 113.10401808000006, -7.153346969999973, 0.0 ], [ 113.104209960000048, -7.152894990999926, 0.0 ], [ 113.104433881000091, -7.15247396999996, 0.0 ], [ 113.104658880000102, -7.152311969999971, 0.0 ], [ 113.105045880000034, -7.152181020999933, 0.0 ], [ 113.105531160000055, -7.152179038999975, 0.0 ], [ 113.105919960000051, -7.15233896899997, 0.0 ], [ 113.10627708100003, -7.15272398999997, 0.0 ], [ 113.106665880000037, -7.153109008999934, 0.0 ], [ 113.10708815800001, -7.153559008999935, 0.0 ], [ 113.107316040000114, -7.153815959999974, 0.0 ], [ 113.107608, -7.154072011999972, 0.0 ], [ 113.107899959000065, -7.154297009999937, 0.0 ], [ 113.108159160000014, -7.15448897899995, 0.0 ], [ 113.10845112100003, -7.154810009999949, 0.0 ], [ 113.1086138390001, -7.155002969999941, 0.0 ], [ 113.108744160000015, -7.155227968999952, 0.0 ], [ 113.108842080000045, -7.15548599899995, 0.0 ], [ 113.10887592000006, -7.155775978999941, 0.0 ], [ 113.108844960000056, -7.156064968999942, 0.0 ], [ 113.10874883800011, -7.156387979999977, 0.0 ], [ 113.108653080000067, -7.156613969999967, 0.0 ], [ 113.108622120000064, -7.156839959999957, 0.0 ], [ 113.108622120000064, -7.156841038999971, 0.0 ], [ 113.108720039000104, -7.157131018999962, 0.0 ], [ 113.108883120000087, -7.157356019999952, 0.0 ], [ 113.109045840000022, -7.157612971999981, 0.0 ], [ 113.10914412000011, -7.157837968999957, 0.0 ], [ 113.10914412000011, -7.157997988999966, 0.0 ], [ 113.10914412000011, -7.157998978999956, 0.0 ], [ 113.109177960000011, -7.158354029999941, 0.0 ], [ 113.10924384100008, -7.158644009999932, 0.0 ], [ 113.109342119000075, -7.158900959999926, 0.0 ], [ 113.109536880000064, -7.159061969999925, 0.0 ], [ 113.10999012100001, -7.159284989999946, 0.0 ], [ 113.110410960000081, -7.159411979999959, 0.0 ], [ 113.110701840000047, -7.159572, 0.0 ], [ 113.110898040000052, -7.159829039999977, 0.0 ], [ 113.111156878000088, -7.160150969999961, 0.0 ], [ 113.111448841000083, -7.160374978999926, 0.0 ], [ 113.111709121000104, -7.160599981999951, 0.0 ], [ 113.112161999000023, -7.160759010999925, 0.0 ], [ 113.112646920000088, -7.160852969999951, 0.0 ], [ 113.113067039000043, -7.160850989999972, 0.0 ], [ 113.113648081000065, -7.160784030999935, 0.0 ], [ 113.114003039000067, -7.160621039999967, 0.0 ], [ 113.114292120000073, -7.160329979999972, 0.0 ], [ 113.114774880000027, -7.159941001999925, 0.0 ], [ 113.115258, -7.159583969999971, 0.0 ], [ 113.115579841000113, -7.159356001999981, 0.0 ], [ 113.11599888100011, -7.159096981999937, 0.0 ], [ 113.116353838, -7.159030019999932, 0.0 ], [ 113.117001120000054, -7.159059991999925, 0.0 ], [ 113.117420880000054, -7.15908996099995, 0.0 ], [ 113.117970961000083, -7.159184009999933, 0.0 ], [ 113.118197039000052, -7.159311990999981, 0.0 ], [ 113.118327, -7.15947300199997, 0.0 ], [ 113.118360840000037, -7.159731030999978, 0.0 ], [ 113.118329880000033, -7.159987978999936, 0.0 ], [ 113.118234119000022, -7.160246008999934, 0.0 ], [ 113.118171120000056, -7.160600969999962, 0.0 ], [ 113.118075001000079, -7.160923978999961, 0.0 ], [ 113.117949, -7.161441028999946, 0.0 ], [ 113.117789879000043, -7.162021981999942, 0.0 ], [ 113.11766316100011, -7.162538038999969, 0.0 ], [ 113.117536080000036, -7.16311898999993, 0.0 ], [ 113.117474160000029, -7.163506979999966, 0.0 ], [ 113.117474160000029, -7.163507969999955, 0.0 ], [ 113.117538961000037, -7.163732970999945, 0.0 ], [ 113.117668921000018, -7.163861038999926, 0.0 ], [ 113.1178949990001, -7.163859959999968, 0.0 ], [ 113.118185881000045, -7.163793989999931, 0.0 ], [ 113.118507001000012, -7.163503019999951, 0.0 ], [ 113.118764040000087, -7.163049960999956, 0.0 ], [ 113.119021080000039, -7.16275898899994, 0.0 ], [ 113.119342921000111, -7.162467029999959, 0.0 ], [ 113.119697160000101, -7.162304038999935, 0.0 ], [ 113.119988040000067, -7.162302958999931, 0.0 ], [ 113.120440920000078, -7.162397010999939, 0.0 ], [ 113.120894158000056, -7.162491959999954, 0.0 ], [ 113.121379080000111, -7.162586998999927, 0.0 ], [ 113.121830881000051, -7.162649009999939, 0.0 ], [ 113.122348921000025, -7.162742971999933, 0.0 ], [ 113.12286696000001, -7.162902000999964, 0.0 ], [ 113.123189879000051, -7.16302997899993, 0.0 ], [ 113.123481840000068, -7.163286029999938, 0.0 ], [ 113.123742120000088, -7.163607958999933, 0.0 ], [ 113.12387387900003, -7.164123029999928, 0.0 ], [ 113.124007080000069, -7.164864, 0.0 ], [ 113.124072961000024, -7.165217971999937, 0.0 ], [ 113.124139921000051, -7.165734029999953, 0.0 ], [ 113.124108960000058, -7.166121028999953, 0.0 ], [ 113.124013920000039, -7.166475989999981, 0.0 ], [ 113.123918158000038, -7.166735009999968, 0.0 ], [ 113.123984040000096, -7.166959018999933, 0.0 ], [ 113.124146040000028, -7.16715198199995, 0.0 ], [ 113.124341160000085, -7.16731200199996, 0.0 ], [ 113.124633120000112, -7.16747202199997, 0.0 ], [ 113.124998880000021, -7.167635908999955, 0.0 ], [ 113.124998880000021, -7.16763599899997, 0.0 ], [ 113.125389841000015, -7.167818969999928, 0.0 ], [ 113.125897081000062, -7.168129018999934, 0.0 ], [ 113.126740920000088, -7.168365989999927, 0.0 ], [ 113.127198839000016, -7.168436008999947, 0.0 ], [ 113.127737041000046, -7.168382009999959, 0.0 ], [ 113.128107840000098, -7.168383989999938, 0.0 ], [ 113.128283880000026, -7.168481009999937, 0.0 ], [ 113.128549921000058, -7.168752991999952, 0.0 ], [ 113.129191081000045, -7.16908301899997, 0.0 ], [ 113.130069841000022, -7.169237008999971, 0.0 ], [ 113.130744120000031, -7.169517989999974, 0.0 ], [ 113.131104118000053, -7.16962400999995, 0.0 ], [ 113.131483920000051, -7.169586029999948, 0.0 ], [ 113.131941841000071, -7.169360038999969, 0.0 ], [ 113.131989, -7.16930495899993, 0.0 ], [ 113.132207159000018, -7.169100029999981, 0.0 ], [ 113.13256716, -7.16890202999997, 0.0 ], [ 113.132589119000045, -7.168829039999935, 0.0 ], [ 113.132793960000072, -7.168663978999973, 0.0 ], [ 113.132851918000028, -7.168731029999947, 0.0 ], [ 113.133584879000068, -7.169465969999976, 0.0 ], [ 113.134025161000068, -7.170118018999972, 0.0 ], [ 113.134520879000092, -7.171041959999968, 0.0 ], [ 113.134964040000114, -7.172240039999963, 0.0 ], [ 113.135519160000058, -7.174144978999948, 0.0 ], [ 113.136126840000088, -7.175613959999964, 0.0 ], [ 113.13673416000006, -7.177029030999961, 0.0 ], [ 113.137449840000045, -7.178225039999973, 0.0 ], [ 113.138163001000066, -7.178984998999965, 0.0 ], [ 113.138876881000101, -7.17968996999997, 0.0 ], [ 113.13981, -7.180558021999957, 0.0 ], [ 113.140577880000023, -7.18131797999996, 0.0 ], [ 113.141349000000105, -7.182621989999973, 0.0 ], [ 113.141885040000034, -7.183486978999952, 0.0 ], [ 113.141890080000053, -7.183494991999964, 0.0 ], [ 113.142426120000096, -7.184341979999942, 0.0 ], [ 113.142691080000077, -7.185219030999974, 0.0 ], [ 113.14273284, -7.186650029999953, 0.0 ], [ 113.142521160000115, -7.187904989999936, 0.0 ], [ 113.142038040000102, -7.189869959999953, 0.0 ], [ 113.141772001000049, -7.191342989999953, 0.0 ], [ 113.141619000000105, -7.193688029999976, 0.0 ], [ 113.141576160000113, -7.196140978999949, 0.0 ], [ 113.140247040000077, -7.201014029999953, 0.0 ], [ 113.139748080000118, -7.202473019999957, 0.0 ], [ 113.138947080000094, -7.206292979999944, 0.0 ], [ 113.138252998000098, -7.209839969999962, 0.0 ], [ 113.137830001000111, -7.210950029999935, 0.0 ], [ 113.137706881000099, -7.21127501999996, 0.0 ], [ 113.139156960000037, -7.21217798999993, 0.0 ], [ 113.14060487900008, -7.212857041999939, 0.0 ], [ 113.141769841000041, -7.213302989999931, 0.0 ], [ 113.143233960000089, -7.21369404099994, 0.0 ], [ 113.144496768000067, -7.21392111199998, 0.0 ], [ 113.144625259, -7.215475395999931, 0.0 ], [ 113.144807592, -7.215504469999928, 0.0 ], [ 113.145011941, -7.215567687999965, 0.0 ], [ 113.145187745000044, -7.215610903999959, 0.0 ], [ 113.145369416000108, -7.215619094999965, 0.0 ], [ 113.145622336000088, -7.215673807999963, 0.0 ], [ 113.145840624000016, -7.215736583999956, 0.0 ], [ 113.146169997000015, -7.215781910999965, 0.0 ], [ 113.146407430000068, -7.215788336999935, 0.0 ], [ 113.146581688000083, -7.215782824999962, 0.0 ], [ 113.146784711, -7.215804274999925, 0.0 ], [ 113.146973793000029, -7.215826166999932, 0.0 ], [ 113.147217975000103, -7.215825410999969, 0.0 ], [ 113.147349527000074, -7.215793377999944, 0.0 ], [ 113.147489154000027, -7.215795928999967, 0.0 ], [ 113.147616386000095, -7.215847647999965, 0.0 ], [ 113.14780092500007, -7.215946329999952, 0.0 ], [ 113.147928599000011, -7.216011970999944, 0.0 ], [ 113.148110489000032, -7.216027120999968, 0.0 ], [ 113.148432667000066, -7.216065703999959, 0.0 ], [ 113.148636130000114, -7.216101074999926, 0.0 ], [ 113.148945692000098, -7.216181863999964, 0.0 ], [ 113.149367699000095, -7.216241245999981, 0.0 ], [ 113.149724874000071, -7.216452261999962, 0.0 ], [ 113.149729667000088, -7.216455093999969, 0.0 ], [ 113.149822998000104, -7.216514101999962, 0.0 ], [ 113.149822942000014, -7.216514254999936, 0.0 ], [ 113.149660923000056, -7.216953574999934, 0.0 ], [ 113.149560441000062, -7.217305148999969, 0.0 ], [ 113.149477337, -7.217544686999929, 0.0 ], [ 113.149393570000029, -7.217763341999955, 0.0 ], [ 113.149351625, -7.217980673999932, 0.0 ], [ 113.149323179000021, -7.218183642999975, 0.0 ], [ 113.149273380000068, -7.218373351999958, 0.0 ], [ 113.149257550000016, -7.218534114999954, 0.0 ], [ 113.149228221000044, -7.218709240999942, 0.0 ], [ 113.149238725000032, -7.218820394999966, 0.0 ], [ 113.149264717000051, -7.218979833999981, 0.0 ], [ 113.149275443000079, -7.219097947999956, 0.0 ], [ 113.149314491000041, -7.219229102999975, 0.0 ], [ 113.149344140000039, -7.219283906999976, 0.0 ], [ 113.149359848000017, -7.219339152999964, 0.0 ], [ 113.149459862000072, -7.219412634999969, 0.0 ], [ 113.149606334000055, -7.219479127999932, 0.0 ], [ 113.149592720000101, -7.219638693999968, 0.0 ], [ 113.14955089700004, -7.219967763999932, 0.0 ], [ 113.149342428000068, -7.220329145999926, 0.0 ], [ 113.149270394000041, -7.220477751999965, 0.0 ], [ 113.149178555000049, -7.220661824999979, 0.0 ], [ 113.149174457000072, -7.220752537999942, 0.0 ], [ 113.149191049000024, -7.220835626999929, 0.0 ], [ 113.149271037000062, -7.220937612999933, 0.0 ], [ 113.149257418000047, -7.221167984999965, 0.0 ], [ 113.149263826000038, -7.221369851999953, 0.0 ], [ 113.149345826000058, -7.221394896999925, 0.0 ], [ 113.149347400000011, -7.221395377999954, 0.0 ], [ 113.149358801000062, -7.221645717999934, 0.0 ], [ 113.149357870000017, -7.221646753999948, 0.0 ], [ 113.149268789000075, -7.221745960999954, 0.0 ], [ 113.149272104000033, -7.221850374999974, 0.0 ], [ 113.149275418000116, -7.221954787999948, 0.0 ], [ 113.149322323000092, -7.222113564999972, 0.0 ], [ 113.149381843000015, -7.222230134999961, 0.0 ], [ 113.149473002000036, -7.222464156999933, 0.0 ], [ 113.149577438000051, -7.222676854999975, 0.0 ], [ 113.149652667000055, -7.222848669999962, 0.0 ], [ 113.149713293000104, -7.223000043999946, 0.0 ], [ 113.149766285000055, -7.223130754999943, 0.0 ], [ 113.149852581, -7.223211636999963, 0.0 ], [ 113.149980700000015, -7.223291193999955, 0.0 ], [ 113.150080495000111, -7.223357712999928, 0.0 ], [ 113.150231217000055, -7.223401713999976, 0.0 ], [ 113.150232384000105, -7.223402054999951, 0.0 ], [ 113.150264333000109, -7.223436482999944, 0.0 ], [ 113.150436936, -7.223622478999971, 0.0 ], [ 113.150491829000089, -7.223741564999955, 0.0 ], [ 113.150390271000106, -7.223884427999963, 0.0 ], [ 113.150275092000015, -7.223992593999981, 0.0 ], [ 113.150123955000026, -7.224067059999925, 0.0 ], [ 113.149985432000108, -7.224099318999947, 0.0 ], [ 113.149838612000053, -7.224090033999971, 0.0 ], [ 113.149662585000101, -7.224039865999941, 0.0 ], [ 113.149520525000071, -7.223960749999947, 0.0 ], [ 113.14928674500004, -7.22384969999996, 0.0 ], [ 113.149145348000047, -7.223791466999955, 0.0 ], [ 113.149019218000035, -7.223774556999956, 0.0 ], [ 113.148858899000061, -7.223779634999971, 0.0 ], [ 113.148705550000045, -7.223784490999947, 0.0 ], [ 113.148546779000071, -7.223838293999961, 0.0 ], [ 113.148380373, -7.223871435999968, 0.0 ], [ 113.14822790900007, -7.223904135999931, 0.0 ], [ 113.148110075000091, -7.223928770999976, 0.0 ], [ 113.147894655000073, -7.223956496999961, 0.0 ], [ 113.147776821000093, -7.223981131999949, 0.0 ], [ 113.147736755000096, -7.224091944999941, 0.0 ], [ 113.147736421000104, -7.224092868999946, 0.0 ], [ 113.147583, -7.22412, 0.0 ], [ 113.146167404000039, -7.224248829999965, 0.0 ], [ 113.145744506000028, -7.224287316999948, 0.0 ], [ 113.14572540000006, -7.224199386999942, 0.0 ], [ 113.145572270000116, -7.224211203999971, 0.0 ], [ 113.145577251000077, -7.224148333999949, 0.0 ], [ 113.145458311000084, -7.224138163999953, 0.0 ], [ 113.145454435000033, -7.224235838999959, 0.0 ], [ 113.145099160000086, -7.22425405599995, 0.0 ], [ 113.145083009000018, -7.224184886999979, 0.0 ], [ 113.144894805000035, -7.224190845999942, 0.0 ], [ 113.144892701000117, -7.224341182999979, 0.0 ], [ 113.144892686000048, -7.22434222399994, 0.0 ], [ 113.144746441000052, -7.224348375999966, 0.0 ], [ 113.144746472000065, -7.22434734999996, 0.0 ], [ 113.144749750000074, -7.224237246999962, 0.0 ], [ 113.14412328700007, -7.224284952999938, 0.0 ], [ 113.143768010000031, -7.224303168999938, 0.0 ], [ 113.143539750000059, -7.224366139999972, 0.0 ], [ 113.14326789800009, -7.224374746999956, 0.0 ], [ 113.143016515000113, -7.224368768999966, 0.0 ], [ 113.142730501000074, -7.224370854999961, 0.0 ], [ 113.142584119000048, -7.224375488999954, 0.0 ], [ 113.142493280000053, -7.22437139699997, 0.0 ], [ 113.142214235000097, -7.224373261999972, 0.0 ], [ 113.14183782300006, -7.224385177999977, 0.0 ], [ 113.141511308000076, -7.224430353999935, 0.0 ], [ 113.141329851000023, -7.224429129999976, 0.0 ], [ 113.141168201000028, -7.224392437999938, 0.0 ], [ 113.140979773000026, -7.224391433999926, 0.0 ], [ 113.140820553000026, -7.224431314999947, 0.0 ], [ 113.140647613000056, -7.224478597999962, 0.0 ], [ 113.140502334000075, -7.224518036999939, 0.0 ], [ 113.14043893500002, -7.224499138999931, 0.0 ], [ 113.140310149000015, -7.224398692999955, 0.0 ], [ 113.140195967000068, -7.224318688999972, 0.0 ], [ 113.140061757000012, -7.224267191999957, 0.0 ], [ 113.139886607000108, -7.224244861999978, 0.0 ], [ 113.139725619000046, -7.224229052999931, 0.0 ], [ 113.139584880000029, -7.22419169799997, 0.0 ], [ 113.139416258000097, -7.224155225999937, 0.0 ], [ 113.139199725000026, -7.224148141999933, 0.0 ], [ 113.138997354000026, -7.224147578999975, 0.0 ], [ 113.138823087000105, -7.224153093999973, 0.0 ], [ 113.138585420000027, -7.224139709999974, 0.0 ], [ 113.138439035000033, -7.224144342999978, 0.0 ], [ 113.138334254000029, -7.224140690999945, 0.0 ], [ 113.138235780000059, -7.22411593399994, 0.0 ], [ 113.138150585000062, -7.224069851999957, 0.0 ], [ 113.138064065000094, -7.223982002999946, 0.0 ], [ 113.138005207000106, -7.223886309999955, 0.0 ], [ 113.13794568600008, -7.223769733999973, 0.0 ], [ 113.137922344000117, -7.223693821999973, 0.0 ], [ 113.137886607000041, -7.223667078999938, 0.0 ], [ 113.137787692000074, -7.223628399999939, 0.0 ], [ 113.137634115000083, -7.22362629099996, 0.0 ], [ 113.13755522800011, -7.223559104999936, 0.0 ], [ 113.137510533000068, -7.223469931999944, 0.0 ], [ 113.137431425000045, -7.223395783999933, 0.0 ], [ 113.137297877000037, -7.22336516799993, 0.0 ], [ 113.137101371000085, -7.223329575999969, 0.0 ], [ 113.136968927000112, -7.223333765999939, 0.0 ], [ 113.136906632000091, -7.223349673999962, 0.0 ], [ 113.136824087000036, -7.223387126999967, 0.0 ], [ 113.136826075000045, -7.223449778999964, 0.0 ], [ 113.136623040000018, -7.223428328999944, 0.0 ], [ 113.136591403000011, -7.223310868999931, 0.0 ], [ 113.136486841000078, -7.223314177999953, 0.0 ], [ 113.136348088000091, -7.223339471999964, 0.0 ], [ 113.136235452000051, -7.223308193999969, 0.0 ], [ 113.136100137000085, -7.223221887999955, 0.0 ], [ 113.13600775000009, -7.223169063999933, 0.0 ], [ 113.135846760000049, -7.223153251999975, 0.0 ], [ 113.135643945000083, -7.223138762999952, 0.0 ], [ 113.135518250000018, -7.223135771999978, 0.0 ], [ 113.135385805000055, -7.223139960999958, 0.0 ], [ 113.135218726000062, -7.223152214999971, 0.0 ], [ 113.135142710000082, -7.223175524999931, 0.0 ], [ 113.135010486000056, -7.223186675999955, 0.0 ], [ 113.134884128000067, -7.223162799999955, 0.0 ], [ 113.134743829000058, -7.223139364999952, 0.0 ], [ 113.134639266000022, -7.223142671999938, 0.0 ], [ 113.134554513000012, -7.223110511999948, 0.0 ], [ 113.134427051000102, -7.223051828999928, 0.0 ], [ 113.134325927000077, -7.222943533999967, 0.0 ], [ 113.13425445200005, -7.222890047999954, 0.0 ], [ 113.134142256000018, -7.222872690999964, 0.0 ], [ 113.134064915000067, -7.222854232999964, 0.0 ], [ 113.13397319, -7.222822291999933, 0.0 ], [ 113.13392262800005, -7.222768144999975, 0.0 ], [ 113.133843962000014, -7.222707917999969, 0.0 ], [ 113.133731325000099, -7.222676637999939, 0.0 ], [ 113.133611937000069, -7.222652540999945, 0.0 ], [ 113.133478388000071, -7.222621922999963, 0.0 ], [ 113.133330896000075, -7.222591745999978, 0.0 ], [ 113.133190596000077, -7.222568309999929, 0.0 ], [ 113.133022854000046, -7.222559677999925, 0.0 ], [ 113.132736387000023, -7.222547832999965, 0.0 ], [ 113.132554482000046, -7.222532680999961, 0.0 ], [ 113.132435756000064, -7.222529466999958, 0.0 ], [ 113.132297222000034, -7.222561721999966, 0.0 ], [ 113.132250192000015, -7.222618955999963, 0.0 ], [ 113.132197074000032, -7.222704256999975, 0.0 ], [ 113.132114527000113, -7.22274170999998, 0.0 ], [ 113.132017376000022, -7.222758718999955, 0.0 ], [ 113.131906504000085, -7.222783130999971, 0.0 ], [ 113.131794970000101, -7.222786657999961, 0.0 ], [ 113.131758349000052, -7.22273206899996, 0.0 ], [ 113.131741538000028, -7.222642010999948, 0.0 ], [ 113.131636754000056, -7.222638355999948, 0.0 ], [ 113.131581207000067, -7.222647080999934, 0.0 ], [ 113.131527206000101, -7.222704535999981, 0.0 ], [ 113.13142485000003, -7.222777457999939, 0.0 ], [ 113.131307890000016, -7.222829934999936, 0.0 ], [ 113.13112797000008, -7.222877435999976, 0.0 ], [ 113.131002935000083, -7.222895326999947, 0.0 ], [ 113.130884650000098, -7.222906035999927, 0.0 ], [ 113.130806866000057, -7.222873652999965, 0.0 ], [ 113.13074955400009, -7.222826686999952, 0.0 ], [ 113.130679403000045, -7.222814967999966, 0.0 ], [ 113.130603164000036, -7.22283131599994, 0.0 ], [ 113.130548942000019, -7.222881809999933, 0.0 ], [ 113.130510869000091, -7.223001476999968, 0.0 ], [ 113.130428983000115, -7.223059814999942, 0.0 ], [ 113.130290668000043, -7.223099030999947, 0.0 ], [ 113.129979183000046, -7.223178565999945, 0.0 ], [ 113.129658960000029, -7.223202628999957, 0.0 ], [ 113.129387313000052, -7.223218186999929, 0.0 ], [ 113.129294041000094, -7.223137513999973, 0.0 ], [ 113.129250891000083, -7.223097067999959, 0.0 ], [ 113.129124751000063, -7.223080150999976, 0.0 ], [ 113.129027158000099, -7.223083236999969, 0.0 ], [ 113.128929564000032, -7.223086322999961, 0.0 ], [ 113.128811719000055, -7.223110953999935, 0.0 ], [ 113.128762922000078, -7.223112496999931, 0.0 ], [ 113.128534424, -7.223168501999965, 0.0 ], [ 113.128373208000085, -7.223145724999938, 0.0 ], [ 113.1282117720001, -7.223115986999971, 0.0 ], [ 113.128016804000026, -7.223129119999953, 0.0 ], [ 113.127815527000052, -7.223163357999965, 0.0 ], [ 113.127620338000042, -7.223169528999961, 0.0 ], [ 113.127433665000012, -7.223224210999945, 0.0 ], [ 113.127232829000036, -7.22327237199994, 0.0 ], [ 113.127155707000043, -7.223260872999958, 0.0 ], [ 113.127078142000073, -7.223235450999937, 0.0 ], [ 113.127008432000025, -7.223237654999934, 0.0 ], [ 113.126961841000025, -7.22330881399995, 0.0 ], [ 113.126859703000036, -7.223388696999962, 0.0 ], [ 113.126729239000042, -7.223455538999929, 0.0 ], [ 113.126515564000101, -7.223538948999931, 0.0 ], [ 113.126329111000018, -7.223600592999958, 0.0 ], [ 113.126142216000062, -7.223648312999956, 0.0 ], [ 113.126009765000049, -7.223652500999947, 0.0 ], [ 113.125740982000025, -7.223758558999975, 0.0 ], [ 113.125583295000069, -7.223847166999974, 0.0 ], [ 113.125438226000028, -7.223893564999969, 0.0 ], [ 113.125284641, -7.223891451999975, 0.0 ], [ 113.125138027000048, -7.223889118999978, 0.0 ], [ 113.124963969000078, -7.223901589999969, 0.0 ], [ 113.124866594000082, -7.223911636999958, 0.0 ], [ 113.12474089300008, -7.223908641999969, 0.0 ], [ 113.124615413000015, -7.223912608999967, 0.0 ], [ 113.124462269000105, -7.223924418999957, 0.0 ], [ 113.124211970000033, -7.223953237999979, 0.0 ], [ 113.123969965000015, -7.224023605999946, 0.0 ], [ 113.123783289000016, -7.22407828799993, 0.0 ], [ 113.12360336200004, -7.224125786999934, 0.0 ], [ 113.123430187000054, -7.224166104999938, 0.0 ], [ 113.123271615000021, -7.22422686699997, 0.0 ], [ 113.12318253400008, -7.224278463999951, 0.0 ], [ 113.123092129000042, -7.224288289999947, 0.0 ], [ 113.123001063000061, -7.224277231999963, 0.0 ], [ 113.122861859000068, -7.224288600999955, 0.0 ], [ 113.122703067000089, -7.224342400999944, 0.0 ], [ 113.122551024000018, -7.224389018999943, 0.0 ], [ 113.122385922000035, -7.224463924999952, 0.0 ], [ 113.122324505000051, -7.224507678999942, 0.0 ], [ 113.122284663000073, -7.224571656999956, 0.0 ], [ 113.122272928000029, -7.224641714999962, 0.0 ], [ 113.122211731000107, -7.224692429999948, 0.0 ], [ 113.12214854900003, -7.224680489999969, 0.0 ], [ 113.122077071000035, -7.224627, 0.0 ], [ 113.121978150000018, -7.224588313999959, 0.0 ], [ 113.12185222700009, -7.224578356999928, 0.0 ], [ 113.121670092000045, -7.22455623999997, 0.0 ], [ 113.121530668000105, -7.224560646999976, 0.0 ], [ 113.12139190500011, -7.224585938999951, 0.0 ], [ 113.121240082000099, -7.224639518999936, 0.0 ], [ 113.121122894000109, -7.224685034999936, 0.0 ], [ 113.121012016, -7.224709445999963, 0.0 ], [ 113.120886754000026, -7.224720373999958, 0.0 ], [ 113.120734710000079, -7.224766992999946, 0.0 ], [ 113.120540618000064, -7.224807970999962, 0.0 ], [ 113.120361571000103, -7.224883317999968, 0.0 ], [ 113.120303584000112, -7.224906474999955, 0.0 ], [ 113.12020996800004, -7.224943859999939, 0.0 ], [ 113.120085368000105, -7.22497567299996, 0.0 ], [ 113.119954457000063, -7.225028591999944, 0.0 ], [ 113.119851433, -7.225080629999979, 0.0 ], [ 113.119831314000066, -7.225098985999978, 0.0 ], [ 113.119803957000045, -7.225123943999961, 0.0 ], [ 113.119792883000059, -7.225214887999925, 0.0 ], [ 113.119809253000085, -7.225291026999969, 0.0 ], [ 113.119797075000065, -7.225347161999935, 0.0 ], [ 113.11972868600003, -7.225391136999974, 0.0 ], [ 113.11961149800004, -7.225436652999974, 0.0 ], [ 113.119459673000051, -7.225490233999949, 0.0 ], [ 113.11928040500004, -7.225558618999969, 0.0 ], [ 113.119079781000096, -7.22561374199995, 0.0 ], [ 113.118657618000043, -7.225724648999972, 0.0 ], [ 113.118276842000114, -7.225820309999961, 0.0 ], [ 113.118076658000064, -7.225889355999925, 0.0 ], [ 113.117924832000085, -7.225942936999957, 0.0 ], [ 113.117815276000101, -7.226009118999968, 0.0 ], [ 113.11770505800007, -7.226054415999954, 0.0 ], [ 113.117615533000048, -7.226092089999952, 0.0 ], [ 113.117531876000044, -7.226094733999957, 0.0 ], [ 113.117489386000102, -7.226075169999945, 0.0 ], [ 113.117439483000112, -7.226041902999953, 0.0 ], [ 113.117430968, -7.225993389999928, 0.0 ], [ 113.117426334000015, -7.225847190999957, 0.0 ], [ 113.117351431000088, -7.225842769999929, 0.0 ], [ 113.117349428000011, -7.225842651999926, 0.0 ], [ 113.117345948000093, -7.225893658999951, 0.0 ], [ 113.117363294000029, -7.225982138999939, 0.0 ], [ 113.117367777000027, -7.226017315999968, 0.0 ], [ 113.117367173000048, -7.226038463999942, 0.0 ], [ 113.117354764000083, -7.22607997199998, 0.0 ], [ 113.117334585000094, -7.226103839999951, 0.0 ], [ 113.117288404000078, -7.226114590999941, 0.0 ], [ 113.117223264000017, -7.226114326999948, 0.0 ], [ 113.117202038000073, -7.226105157999939, 0.0 ], [ 113.117169364, -7.226106190999928, 0.0 ], [ 113.11702927400006, -7.226089711999975, 0.0 ], [ 113.116825559000063, -7.226047367999968, 0.0 ], [ 113.116704398000024, -7.225967570999956, 0.0 ], [ 113.116585222000026, -7.225950429999955, 0.0 ], [ 113.116424438000081, -7.225941573999933, 0.0 ], [ 113.116257124000072, -7.225946860999954, 0.0 ], [ 113.116077411000106, -7.226001322999934, 0.0 ], [ 113.115926246000072, -7.226075788999935, 0.0 ], [ 113.115768550000098, -7.22616439899997, 0.0 ], [ 113.115609751000079, -7.226218199999948, 0.0 ], [ 113.11535944100001, -7.226247016999935, 0.0 ], [ 113.115233293000074, -7.226230096999927, 0.0 ], [ 113.115128721000019, -7.226233400999945, 0.0 ], [ 113.114977113, -7.226293943999963, 0.0 ], [ 113.114840331000096, -7.226381892999939, 0.0 ], [ 113.114680870000029, -7.226414807999959, 0.0 ], [ 113.114548853000088, -7.226432917999944, 0.0 ], [ 113.114430338000034, -7.226436662999959, 0.0 ], [ 113.114297879000105, -7.226440848999971, 0.0 ], [ 113.114172392000114, -7.226444813999933, 0.0 ], [ 113.114005077000115, -7.226450100999955, 0.0 ], [ 113.113872618000073, -7.226454286999967, 0.0 ], [ 113.113802903000078, -7.226456488999929, 0.0 ], [ 113.113699213000018, -7.226487641999938, 0.0 ], [ 113.113538868000091, -7.226492707999967, 0.0 ], [ 113.113371110000116, -7.226484070999959, 0.0 ], [ 113.113216634000082, -7.226454106999938, 0.0 ], [ 113.113090044000046, -7.226423261999969, 0.0 ], [ 113.112977396000019, -7.226391976999935, 0.0 ], [ 113.112893076000091, -7.226373733999935, 0.0 ], [ 113.112710934, -7.226351612999963, 0.0 ], [ 113.112535984000033, -7.226336233999973, 0.0 ], [ 113.112375859000053, -7.226348261999931, 0.0 ], [ 113.112195922000069, -7.226395760999935, 0.0 ], [ 113.112162387000012, -7.226438633999976, 0.0 ], [ 113.11214257600011, -7.226474104999966, 0.0 ], [ 113.112173109000082, -7.226556768999956, 0.0 ], [ 113.112169004000066, -7.226647495999941, 0.0 ], [ 113.112087551000059, -7.22671975999998, 0.0 ], [ 113.111970579000058, -7.226772238999956, 0.0 ], [ 113.111798275000069, -7.226840403999972, 0.0 ], [ 113.111674330000028, -7.226893102999952, 0.0 ], [ 113.111542973000041, -7.226932098999953, 0.0 ], [ 113.111487200000056, -7.226933860999964, 0.0 ], [ 113.111451240000065, -7.226900151999928, 0.0 ], [ 113.111373670000035, -7.226874725999949, 0.0 ], [ 113.111290231000112, -7.226884331999941, 0.0 ], [ 113.111201145000109, -7.226935929999968, 0.0 ], [ 113.111131649000072, -7.226945093999973, 0.0 ], [ 113.111068464000027, -7.226933152999948, 0.0 ], [ 113.110991776000105, -7.22693557599996, 0.0 ], [ 113.110881995000113, -7.226994795999929, 0.0 ], [ 113.110751299000071, -7.227054677999945, 0.0 ], [ 113.110688555000024, -7.22705665999996, 0.0 ], [ 113.110632782000039, -7.227058421999971, 0.0 ], [ 113.110513603000072, -7.22704128099997, 0.0 ], [ 113.110353255000064, -7.227046345999952, 0.0 ], [ 113.110178303000112, -7.227030966999962, 0.0 ], [ 113.11004562200003, -7.227028188999952, 0.0 ], [ 113.109836914000084, -7.22704872099996, 0.0 ], [ 113.109586817000036, -7.227084497999954, 0.0 ], [ 113.109475491000012, -7.227094983999962, 0.0 ], [ 113.109295110000062, -7.227128558999937, 0.0 ], [ 113.109170944000084, -7.22717429599993, 0.0 ], [ 113.109074664000104, -7.227219151999975, 0.0 ], [ 113.109040908000111, -7.227255063999962, 0.0 ], [ 113.109028729000102, -7.227311201999953, 0.0 ], [ 113.109002386000043, -7.227360817999966, 0.0 ], [ 113.108934213000111, -7.227411754999935, 0.0 ], [ 113.108823769000082, -7.227450089999934, 0.0 ], [ 113.108692631000054, -7.227496047999978, 0.0 ], [ 113.108534267000095, -7.227563772999929, 0.0 ], [ 113.108424705000061, -7.22762995599993, 0.0 ], [ 113.108371137000063, -7.227701339999953, 0.0 ], [ 113.108344317000046, -7.227727023999932, 0.0 ], [ 113.108183946000054, -7.22793778199997, 0.0 ], [ 113.108139292000033, -7.227960099999962, 0.0 ], [ 113.108104102000084, -7.227950757999963, 0.0 ], [ 113.108074345000091, -7.227925332999973, 0.0 ], [ 113.108041551000042, -7.22790962199997, 0.0 ], [ 113.108007762000057, -7.227894296999978, 0.0 ], [ 113.108001158000093, -7.227878417999932, 0.0 ], [ 113.108038650000026, -7.227831916999946, 0.0 ], [ 113.108057641000073, -7.227805873999955, 0.0 ], [ 113.108004471000072, -7.227779676999944, 0.0 ], [ 113.108004446000109, -7.227779694999981, 0.0 ], [ 113.107952970000042, -7.227815641999939, 0.0 ], [ 113.107917007000083, -7.22782919499997, 0.0 ], [ 113.10781440300002, -7.22783794999998, 0.0 ], [ 113.107809181000107, -7.227840467999954, 0.0 ], [ 113.107783471000062, -7.227852865999978, 0.0 ], [ 113.107752429000016, -7.227864299999965, 0.0 ], [ 113.107714758000043, -7.227878175999933, 0.0 ], [ 113.107695652000075, -7.227872077999962, 0.0 ], [ 113.107677983000031, -7.227832543999966, 0.0 ], [ 113.107684103000111, -7.227800251999952, 0.0 ], [ 113.107672102000038, -7.227751846999979, 0.0 ], [ 113.107670062000011, -7.227746751999973, 0.0 ], [ 113.107656945000031, -7.227713994999931, 0.0 ], [ 113.107627956000101, -7.227680064999959, 0.0 ], [ 113.107569464000107, -7.227628436999964, 0.0 ], [ 113.107523811000078, -7.22760963099995, 0.0 ], [ 113.107410058000028, -7.22754353299996, 0.0 ], [ 113.107296526000027, -7.227484396999955, 0.0 ], [ 113.107162961000085, -7.227453769999954, 0.0 ], [ 113.106994096000108, -7.227410319999933, 0.0 ], [ 113.106873592000056, -7.227351403999933, 0.0 ], [ 113.106775105000111, -7.227326637999965, 0.0 ], [ 113.106607784000062, -7.227331922999952, 0.0 ], [ 113.106509518000053, -7.227314118999971, 0.0 ], [ 113.106404060000045, -7.22728957299995, 0.0 ], [ 113.106284217000052, -7.227251542999966, 0.0 ], [ 113.106227340000032, -7.227218492999953, 0.0 ], [ 113.106211192000046, -7.227149311999938, 0.0 ], [ 113.106168700000012, -7.227129745999946, 0.0 ], [ 113.106119898000088, -7.227131286999963, 0.0 ], [ 113.106079390000104, -7.22717438199993, 0.0 ], [ 113.106067431000042, -7.227237481999964, 0.0 ], [ 113.106067234000079, -7.227339194999956, 0.0 ], [ 113.1060672320001, -7.227340449999929, 0.0 ], [ 113.10599371100011, -7.227329710999925, 0.0 ], [ 113.105993719000026, -7.227328514999954, 0.0 ], [ 113.105994847000034, -7.227149174999965, 0.0 ], [ 113.105910965000021, -7.227144854999949, 0.0 ], [ 113.105848440000045, -7.22715379899995, 0.0 ], [ 113.10582187600005, -7.227196453999966, 0.0 ], [ 113.10581782600002, -7.227302962999943, 0.0 ], [ 113.105817786000102, -7.227304013999969, 0.0 ], [ 113.105712647000018, -7.227322366999942, 0.0 ], [ 113.105711591000045, -7.227321515999961, 0.0 ], [ 113.105599661000042, -7.227231348999965, 0.0 ], [ 113.105467198000042, -7.227235531999952, 0.0 ], [ 113.10533018700005, -7.227316520999977, 0.0 ], [ 113.105013234000012, -7.227445007999961, 0.0 ], [ 113.104867164000098, -7.227599654999949, 0.0 ], [ 113.104530720000071, -7.227634476999981, 0.0 ], [ 113.104397814000095, -7.227624735999939, 0.0 ], [ 113.104232034, -7.227678756999978, 0.0 ], [ 113.104087169000081, -7.22773211699996, 0.0 ], [ 113.103852061000111, -7.22784345499997, 0.0 ], [ 113.103852001000064, -7.227843482999958, 0.0 ], [ 113.103851909000014, -7.227843451999945, 0.0 ], [ 113.103714296000021, -7.227797131999978, 0.0 ], [ 113.103696035000098, -7.227790984999956, 0.0 ], [ 113.103695700000117, -7.22778981099998, 0.0 ], [ 113.103651388000117, -7.227634370999965, 0.0 ], [ 113.103413464000027, -7.227614006999943, 0.0 ], [ 113.103409423000016, -7.227692247999926, 0.0 ], [ 113.103404811000019, -7.227781542999935, 0.0 ], [ 113.103264933000105, -7.227772021999954, 0.0 ], [ 113.10325737800008, -7.227650306999976, 0.0 ], [ 113.103250686000024, -7.227542484999958, 0.0 ], [ 113.103077051000014, -7.227568875999964, 0.0 ], [ 113.102784894000024, -7.227599009999949, 0.0 ], [ 113.102761774000101, -7.227530046999959, 0.0 ], [ 113.102573534000044, -7.227535990999968, 0.0 ], [ 113.102561795000042, -7.227606054999967, 0.0 ], [ 113.102341815000045, -7.227643116999957, 0.0 ], [ 113.102347929000075, -7.227678053999966, 0.0 ], [ 113.101789058, -7.22780721099997, 0.0 ], [ 113.101782374000095, -7.227754414999936, 0.0 ], [ 113.101598878, -7.227795064999953, 0.0 ], [ 113.101599374000102, -7.227841076999937, 0.0 ], [ 113.101358297000047, -7.227924219999977, 0.0 ], [ 113.101198971000031, -7.22797916899998, 0.0 ], [ 113.10097342600011, -7.22805598399998, 0.0 ], [ 113.100944583000114, -7.228012581999963, 0.0 ], [ 113.100909917000081, -7.227960417999952, 0.0 ], [ 113.100890443000026, -7.227933155999949, 0.0 ], [ 113.100826107000103, -7.227958417999957, 0.0 ], [ 113.100793346000046, -7.227924784999971, 0.0 ], [ 113.100736782000013, -7.227935484999932, 0.0 ], [ 113.100692780000031, -7.227966829999957, 0.0 ], [ 113.100674489000085, -7.228041029999929, 0.0 ], [ 113.100706739000088, -7.228077947999964, 0.0 ], [ 113.10072879900008, -7.228103200999954, 0.0 ], [ 113.10073210500002, -7.228207636999969, 0.0 ], [ 113.100712356000031, -7.228318608999928, 0.0 ], [ 113.100748869000086, -7.228369725999926, 0.0 ], [ 113.100802445000113, -7.228408688999934, 0.0 ], [ 113.100812150000024, -7.228444728999932, 0.0 ], [ 113.100801727000089, -7.228510928999981, 0.0 ], [ 113.100792372000114, -7.228546070999926, 0.0 ], [ 113.100772668000104, -7.228585024999973, 0.0 ], [ 113.100748256000088, -7.228602414999955, 0.0 ], [ 113.100708130000044, -7.228621668999949, 0.0 ], [ 113.100676384000053, -7.228629880999961, 0.0 ], [ 113.100652533000016, -7.228648057999976, 0.0 ], [ 113.100646553000047, -7.228679608999926, 0.0 ], [ 113.100651913000092, -7.228738678999946, 0.0 ], [ 113.10065661200008, -7.228776861999961, 0.0 ], [ 113.100657377000061, -7.228801027999964, 0.0 ], [ 113.100635687000022, -7.228860201999964, 0.0 ], [ 113.100608402000034, -7.228910581999969, 0.0 ], [ 113.100526060000107, -7.228951733999963, 0.0 ], [ 113.100432505000072, -7.229014675999963, 0.0 ], [ 113.100322262000077, -7.229039478999937, 0.0 ], [ 113.100199885000052, -7.229031727999939, 0.0 ], [ 113.100093836000042, -7.228988613999945, 0.0 ], [ 113.100051145000066, -7.228926075999937, 0.0 ], [ 113.099979221000012, -7.228858653999964, 0.0 ], [ 113.09988515900011, -7.228826776999938, 0.0 ], [ 113.099710845000118, -7.228837907999946, 0.0 ], [ 113.099635794000051, -7.228851620999933, 0.0 ], [ 113.099534935000065, -7.228859904999979, 0.0 ], [ 113.099500721000027, -7.228851736999957, 0.0 ], [ 113.099428169000021, -7.228798415999961, 0.0 ], [ 113.099388891000103, -7.22874096399994, 0.0 ], [ 113.099369288000048, -7.228697869999962, 0.0 ], [ 113.099336748000042, -7.228588548999937, 0.0 ], [ 113.099307209000017, -7.228512106999972, 0.0 ], [ 113.099292404000039, -7.228473791999932, 0.0 ], [ 113.099236052000037, -7.228407420999929, 0.0 ], [ 113.099075636000066, -7.228371249999952, 0.0 ], [ 113.098934212000017, -7.228312989999949, 0.0 ], [ 113.098821117000057, -7.228267774999949, 0.0 ], [ 113.098756826000113, -7.228221017999942, 0.0 ], [ 113.098644833000094, -7.228210614999966, 0.0 ], [ 113.098588838000069, -7.228205413999945, 0.0 ], [ 113.098470974000065, -7.22823004299994, 0.0 ], [ 113.098359863000042, -7.228247489999944, 0.0 ], [ 113.098284052000054, -7.228277760999958, 0.0 ], [ 113.098209344000111, -7.22834284399994, 0.0 ], [ 113.098168394000027, -7.228372014999934, 0.0 ], [ 113.098014327000101, -7.228516728999978, 0.0 ], [ 113.098014044000024, -7.22851699499995, 0.0 ], [ 113.097893000000113, -7.228545, 0.0 ], [ 113.097625000000107, -7.22852, 0.0 ], [ 113.096794, -7.228288, 0.0 ], [ 113.096275000000105, -7.228141, 0.0 ], [ 113.095543, -7.227985, 0.0 ], [ 113.095291097000086, -7.227927469999941, 0.0 ], [ 113.095288542000048, -7.227926005999961, 0.0 ], [ 113.095058394000034, -7.227794143999972, 0.0 ], [ 113.094924602000106, -7.227756548999935, 0.0 ], [ 113.094617389000064, -7.227752305999957, 0.0 ], [ 113.094240674000048, -7.227757224999948, 0.0 ], [ 113.09397441100009, -7.227723809999929, 0.0 ], [ 113.093653031000031, -7.227713042999937, 0.0 ], [ 113.093483717000026, -7.227655659999925, 0.0 ], [ 113.093306989000098, -7.227584571999955, 0.0 ], [ 113.093208498000081, -7.227559800999927, 0.0 ], [ 113.093118080000067, -7.227569623999955, 0.0 ], [ 113.093035296000039, -7.227600114999973, 0.0 ], [ 113.092924843000105, -7.227638447999936, 0.0 ], [ 113.092813288000116, -7.227641967999944, 0.0 ], [ 113.092687568000088, -7.227638965999972, 0.0 ], [ 113.092331106000074, -7.227622334999978, 0.0 ], [ 113.092189900000108, -7.227571033999936, 0.0 ], [ 113.09200708100002, -7.227528014999962, 0.0 ], [ 113.091748449000079, -7.227515265999955, 0.0 ], [ 113.091355362000058, -7.227444032999927, 0.0 ], [ 113.091014748000021, -7.227266598999961, 0.0 ], [ 113.09074209500011, -7.227031262999958, 0.0 ], [ 113.090606979000086, -7.226951888999963, 0.0 ], [ 113.090388858000097, -7.226896042999954, 0.0 ], [ 113.090220203000058, -7.226859545999957, 0.0 ], [ 113.090080758000113, -7.226863944999934, 0.0 ], [ 113.089718862000041, -7.226896268999951, 0.0 ], [ 113.089445402000024, -7.226856107999936, 0.0 ], [ 113.089290911000035, -7.226826131999928, 0.0 ], [ 113.089098035, -7.226685851999946, 0.0 ], [ 113.08900974300002, -7.22654227299995, 0.0 ], [ 113.088845417000016, -7.226422001999936, 0.0 ], [ 113.088667147000024, -7.22630216999994, 0.0 ], [ 113.088448364000101, -7.226225432999968, 0.0 ], [ 113.088152885000113, -7.226151114999936, 0.0 ], [ 113.087963532000117, -7.226122237999959, 0.0 ], [ 113.087795977000042, -7.22612055299993, 0.0 ], [ 113.087671797000098, -7.226166286999955, 0.0 ], [ 113.08765917300002, -7.226208503999942, 0.0 ], [ 113.087643250000042, -7.22641226199994, 0.0 ], [ 113.087059819000046, -7.226402013999973, 0.0 ], [ 113.087059, -7.226402, 0.0 ], [ 113.086327698000105, -7.226218496999934, 0.0 ], [ 113.086326930000041, -7.226218303999929, 0.0 ], [ 113.08627186700005, -7.226204486999961, 0.0 ], [ 113.086157408000076, -7.225949190999927, 0.0 ], [ 113.086041447000071, -7.225813451999954, 0.0 ], [ 113.085912202000031, -7.225699039999938, 0.0 ], [ 113.085728279000023, -7.225621201999957, 0.0 ], [ 113.085516247000101, -7.225537279999969, 0.0 ], [ 113.085445863000018, -7.225518588999932, 0.0 ], [ 113.085306416000094, -7.22552298599993, 0.0 ], [ 113.085153464000086, -7.225541747999955, 0.0 ], [ 113.084950604000028, -7.225527233999969, 0.0 ], [ 113.084608077000098, -7.225510153999949, 0.0 ], [ 113.084189534000075, -7.225513176999925, 0.0 ], [ 113.084185232000095, -7.225513207999938, 0.0 ], [ 113.084031, -7.225407, 0.0 ], [ 113.083961, -7.225274, 0.0 ], [ 113.083958810000013, -7.225258268999937, 0.0 ], [ 113.083931176000078, -7.225059739999949, 0.0 ], [ 113.083962443000019, -7.224735943999974, 0.0 ], [ 113.083962593000024, -7.224519873999952, 0.0 ], [ 113.083880175000104, -7.224341255999946, 0.0 ], [ 113.083771628000022, -7.224219219999952, 0.0 ], [ 113.083677465000051, -7.224110669999959, 0.0 ], [ 113.083505022000054, -7.224098714999968, 0.0 ], [ 113.083290870000042, -7.224041607999936, 0.0 ], [ 113.083235309000088, -7.223922478999953, 0.0 ], [ 113.08310631900008, -7.223926544999927, 0.0 ], [ 113.083101396000075, -7.224011747999953, 0.0 ], [ 113.083101277000083, -7.224013800999955, 0.0 ], [ 113.082972372000086, -7.224105012999928, 0.0 ], [ 113.082699347000016, -7.224078768999959, 0.0 ], [ 113.082517844000108, -7.224077518999934, 0.0 ], [ 113.082247115000087, -7.223939297999948, 0.0 ], [ 113.082246747000113, -7.22393868599994, 0.0 ], [ 113.082115726000097, -7.223720786999934, 0.0 ], [ 113.081869270000084, -7.223651883999935, 0.0 ], [ 113.081743326000037, -7.223641912999938, 0.0 ], [ 113.081582300000036, -7.223626077999938, 0.0 ], [ 113.081495330000052, -7.223524268999938, 0.0 ], [ 113.081325131000085, -7.223439022999969, 0.0 ], [ 113.081162345000052, -7.223367482999947, 0.0 ], [ 113.081014383000024, -7.22332335599998, 0.0 ], [ 113.080794870000091, -7.223350167999968, 0.0 ], [ 113.080791786000077, -7.22335054499996, 0.0 ], [ 113.080627, -7.223308, 0.0 ], [ 113.080148982000082, -7.223225342999967, 0.0 ], [ 113.080147, -7.223225, 0.0 ], [ 113.080011194, -7.223205280999935, 0.0 ], [ 113.07995682100011, -7.223197385999981, 0.0 ], [ 113.079956800000105, -7.223197314999936, 0.0 ], [ 113.079938293000055, -7.223134846999926, 0.0 ], [ 113.079262451000091, -7.223098055999969, 0.0 ], [ 113.079093582000041, -7.223091758999942, 0.0 ], [ 113.079091016, -7.223010522999971, 0.0 ], [ 113.078980434000073, -7.223008198999935, 0.0 ], [ 113.078989456000045, -7.223146916999951, 0.0 ], [ 113.07898948400009, -7.223147341999947, 0.0 ], [ 113.078133, -7.223129, 0.0 ], [ 113.077845619000072, -7.223158993999959, 0.0 ], [ 113.077845557000046, -7.223158081999941, 0.0 ], [ 113.077836104000085, -7.223019226999952, 0.0 ], [ 113.077460465000058, -7.223058938999941, 0.0 ], [ 113.077460638000048, -7.223198338999964, 0.0 ], [ 113.077460639000037, -7.223199172999955, 0.0 ], [ 113.077296205000039, -7.223216334999961, 0.0 ], [ 113.07729615300002, -7.223215542999981, 0.0 ], [ 113.077286151000067, -7.223064429999965, 0.0 ], [ 113.077140167000039, -7.223082968999961, 0.0 ], [ 113.077165815000058, -7.223229173999925, 0.0 ], [ 113.077165947000026, -7.223229928999956, 0.0 ], [ 113.076899914000023, -7.223257693999926, 0.0 ], [ 113.076899849000029, -7.223256989999925, 0.0 ], [ 113.076891573000012, -7.223167468999975, 0.0 ], [ 113.07634837, -7.223205488999952, 0.0 ], [ 113.076361628000086, -7.223313306999955, 0.0 ], [ 113.076361702000099, -7.223313911999981, 0.0 ], [ 113.076179, -7.223334, 0.0 ], [ 113.075822367000114, -7.223461594999947, 0.0 ], [ 113.075734529000101, -7.223498526999947, 0.0 ], [ 113.075565567000012, -7.223569568999949, 0.0 ], [ 113.075512224000022, -7.223691851999945, 0.0 ], [ 113.075360365000051, -7.223745425999937, 0.0 ], [ 113.075183410000022, -7.223667357999943, 0.0 ], [ 113.074992290000068, -7.223582765999936, 0.0 ], [ 113.07478810300006, -7.223526465999953, 0.0 ], [ 113.074493052000093, -7.223466056999939, 0.0 ], [ 113.074216940000042, -7.223342319999972, 0.0 ], [ 113.074114925000117, -7.223206129999937, 0.0 ], [ 113.073936870000011, -7.223093244999973, 0.0 ], [ 113.07373180400009, -7.223009090999938, 0.0 ], [ 113.073569893000013, -7.222965397999928, 0.0 ], [ 113.073407982000049, -7.222921705999966, 0.0 ], [ 113.073252824000065, -7.222870829999977, 0.0 ], [ 113.073124897000071, -7.222798185999977, 0.0 ], [ 113.072899352000036, -7.222728615999927, 0.0 ], [ 113.072737001000064, -7.222670996999966, 0.0 ], [ 113.072567237000044, -7.222599669999965, 0.0 ], [ 113.072390281000025, -7.222521598999947, 0.0 ], [ 113.072191968000084, -7.222430259999953, 0.0 ], [ 113.07202308300009, -7.222386785999959, 0.0 ], [ 113.071955273000071, -7.222372106999956, 0.0 ], [ 113.071882530000039, -7.222356359999935, 0.0 ] ] ] ] } }
]
}
