{
"type": "FeatureCollection",
"name": "Kec_Sokobanah",
"crs": { "type": "name", "properties": { "name": "urn:ogc:def:crs:OGC:1.3:CRS84" } },
"features": [
{ "type": "Feature", "properties": { "OBJECTID": 16050.0, "NAMOBJ": "Tobai Barat", "FCODE": "BA03070040", "METADATA": "TASWIL1000020221227_DATA_BATAS_DESAKELURAHAN", "SRS_ID": "SRGI 2013", "KDCPUM": "35.27.11", "KDEPUM": "35.27.11.2001", "KDPKAB": "35.27", "KDPPUM": "35", "LUASWH": 0.0, "TIPADM": 1.0, "WADMKC": "Sokobanah", "WADMKD": "Tobai Barat", "WADMKK": "Sampang", "WADMPR": "Jawa Timur", "UUPP": "Hasil Delineasi Batas Desa 2019", "LUAS": 9.62175696 }, "geometry": { "type": "MultiPolygon", "coordinates": [ [ [ [ 113.376029799000094, -6.974796053999967, 0.0 ], [ 113.375955442000077, -6.974873386999946, 0.0 ], [ 113.375931647000016, -6.97500723099995, 0.0 ], [ 113.375970312000049, -6.975144049999926, 0.0 ], [ 113.376071439000043, -6.975289791999955, 0.0 ], [ 113.376255848000028, -6.975515841999936, 0.0 ], [ 113.376425384000072, -6.975709171999938, 0.0 ], [ 113.376532460000021, -6.975902502999929, 0.0 ], [ 113.376541383000017, -6.976057169999933, 0.0 ], [ 113.376502717000108, -6.976387318999969, 0.0 ], [ 113.376443229000074, -6.976604443999975, 0.0 ], [ 113.37627369300003, -6.976782904999936, 0.0 ], [ 113.376062516000047, -6.97701787799997, 0.0 ], [ 113.375830520000022, -6.977211207999972, 0.0 ], [ 113.375500369000065, -6.977368845999933, 0.0 ], [ 113.375330832000031, -6.977484844999935, 0.0 ], [ 113.375188065000088, -6.977690073999952, 0.0 ], [ 113.375000682000064, -6.97808863299997, 0.0 ], [ 113.374857914000017, -6.978270067999972, 0.0 ], [ 113.374676480000062, -6.978659703999938, 0.0 ], [ 113.374570644000073, -6.978940034999937, 0.0 ], [ 113.374475465000046, -6.979160135999962, 0.0 ], [ 113.374534953000079, -6.979404028999966, 0.0 ], [ 113.374552798000082, -6.979766896999934, 0.0 ], [ 113.374517106000098, -6.980201147999935, 0.0 ], [ 113.374421928000061, -6.980617553999934, 0.0 ], [ 113.374314853000101, -6.980807910999943, 0.0 ], [ 113.374017419000097, -6.981022062999955, 0.0 ], [ 113.373642654000037, -6.981218367999929, 0.0 ], [ 113.373416605000102, -6.981355186999963, 0.0 ], [ 113.373333323000111, -6.981486057999973, 0.0 ], [ 113.373172710000063, -6.981872719999956, 0.0 ], [ 113.373052548000032, -6.982064265999952, 0.0 ], [ 113.372859812000115, -6.982228450999969, 0.0 ], [ 113.372769392, -6.98234266399993, 0.0 ], [ 113.372690870000042, -6.982503276999978, 0.0 ], [ 113.372305397000105, -6.982995824999932, 0.0 ], [ 113.372084108000081, -6.983192132999932, 0.0 ], [ 113.372035327000049, -6.983237498999927, 0.0 ], [ 113.371951849000084, -6.983561204999944, 0.0 ], [ 113.371955418000084, -6.983882431999973, 0.0 ], [ 113.371966126000075, -6.984253628999966, 0.0 ], [ 113.371916157000101, -6.98459627099993, 0.0 ], [ 113.3719090190001, -6.984860390999927, 0.0 ], [ 113.371894146000045, -6.985043608999945, 0.0 ], [ 113.371812055000078, -6.985189945999934, 0.0 ], [ 113.371626457000048, -6.985379112999965, 0.0 ], [ 113.371480120000115, -6.985539726999946, 0.0 ], [ 113.371440859000018, -6.985668217999944, 0.0 ], [ 113.371447998, -6.98582169499997, 0.0 ], [ 113.371440859000018, -6.986000152999964, 0.0 ], [ 113.371376615000031, -6.986471286999972, 0.0 ], [ 113.371240985000099, -6.986838912999929, 0.0 ], [ 113.37106252500007, -6.987070909999943, 0.0 ], [ 113.370848373000058, -6.987288630999956, 0.0 ], [ 113.370780559000082, -6.98736715299998, 0.0 ], [ 113.370702038000104, -6.987549181999952, 0.0 ], [ 113.370630653000035, -6.987738348999926, 0.0 ], [ 113.370412933000011, -6.988102407999975, 0.0 ], [ 113.370123827000043, -6.98830228099996, 0.0 ], [ 113.370045306000065, -6.988370095999926, 0.0 ], [ 113.369816877000062, -6.988694893999934, 0.0 ], [ 113.36979189300007, -6.988755568999977, 0.0 ], [ 113.369806170000061, -6.988834091999934, 0.0 ], [ 113.369910866000055, -6.989156507999951, 0.0 ], [ 113.370125017000078, -6.989941729999941, 0.0 ], [ 113.370146108000085, -6.989999182999952, 0.0 ], [ 113.369628323000029, -6.989988469999957, 0.0 ], [ 113.369310071000086, -6.989937908999934, 0.0 ], [ 113.369161354000084, -6.990098519999947, 0.0 ], [ 113.368866894, -6.990083648999928, 0.0 ], [ 113.368512950000081, -6.990143136999961, 0.0 ], [ 113.368242287000044, -6.990140162999978, 0.0 ], [ 113.367870496000023, -6.990131238999936, 0.0 ], [ 113.367573063, -6.990065802999936, 0.0 ], [ 113.367501680000032, -6.990175852999926, 0.0 ], [ 113.367308348000051, -6.990220467999961, 0.0 ], [ 113.367088249000062, -6.990205595999953, 0.0 ], [ 113.366796764000014, -6.99030077499998, 0.0 ], [ 113.36270361600009, -6.99165944799995, 0.0 ], [ 113.362285783000061, -6.991602340999975, 0.0 ], [ 113.361952657000074, -6.991564269999969, 0.0 ], [ 113.36172423000005, -6.99152143799995, 0.0 ], [ 113.361224542000059, -6.991340598999955, 0.0 ], [ 113.360853347000102, -6.991297768999971, 0.0 ], [ 113.360662990000037, -6.991331082999977, 0.0 ], [ 113.360395261, -6.991278171999966, 0.0 ], [ 113.360146920000034, -6.991458029999933, 0.0 ], [ 113.359948813000074, -6.991605333999928, 0.0 ], [ 113.35956418, -6.991800294999962, 0.0 ], [ 113.359107961000063, -6.991972018999945, 0.0 ], [ 113.358994450000068, -6.99199961599993, 0.0 ], [ 113.35852623400001, -6.992116302999932, 0.0 ], [ 113.358235999000044, -6.992045573999974, 0.0 ], [ 113.35789692000003, -6.992029979999927, 0.0 ], [ 113.357749764, -6.992020800999967, 0.0 ], [ 113.357536378000077, -6.992063954999935, 0.0 ], [ 113.357122352000033, -6.992044919999955, 0.0 ], [ 113.356727362000015, -6.99216389299994, 0.0 ], [ 113.356603154000027, -6.992284292999955, 0.0 ], [ 113.356527012000015, -6.992422301999966, 0.0 ], [ 113.356477637000012, -6.992739007999944, 0.0 ], [ 113.356409227000086, -6.992825263999976, 0.0 ], [ 113.3562184540001, -6.992956953999965, 0.0 ], [ 113.35615640900005, -6.993089978999933, 0.0 ], [ 113.355931305000013, -6.993213091999962, 0.0 ], [ 113.355869041, -6.993253980999953, 0.0 ], [ 113.355687959000079, -6.993360989999928, 0.0 ], [ 113.355549001000099, -6.993597959999931, 0.0 ], [ 113.355513955000106, -6.993833559999928, 0.0 ], [ 113.355423191000114, -6.993853729999955, 0.0 ], [ 113.355268919000082, -6.994166041999961, 0.0 ], [ 113.35506174000011, -6.993982408999955, 0.0 ], [ 113.354899919000104, -6.993838980999953, 0.0 ], [ 113.3544668400001, -6.993486989999951, 0.0 ], [ 113.354034840000054, -6.993198, 0.0 ], [ 113.353652880000027, -6.992934030999947, 0.0 ], [ 113.353170119000083, -6.992595000999927, 0.0 ], [ 113.352699960000109, -6.992318969999928, 0.0 ], [ 113.352153841000018, -6.992132038999955, 0.0 ], [ 113.3516001590001, -6.991848989999937, 0.0 ], [ 113.351292, -6.991829009999947, 0.0 ], [ 113.350937040000076, -6.991711019999968, 0.0 ], [ 113.349668041000086, -6.99122897999996, 0.0 ], [ 113.349229921000074, -6.991063019999956, 0.0 ], [ 113.349216960000035, -6.991059958999926, 0.0 ], [ 113.348945881000077, -6.991004969999949, 0.0 ], [ 113.348855161000074, -6.990984, 0.0 ], [ 113.34879396000008, -6.990969961999951, 0.0 ], [ 113.348640960000012, -6.990824969999949, 0.0 ], [ 113.347773, -6.990445980999937, 0.0 ], [ 113.346973080000112, -6.990158969999925, 0.0 ], [ 113.346426960000031, -6.98995899099998, 0.0 ], [ 113.34580488000006, -6.989771969999936, 0.0 ], [ 113.345246880000104, -6.989623019999954, 0.0 ], [ 113.3446759200001, -6.989473979999957, 0.0 ], [ 113.34402792000003, -6.989312971999937, 0.0 ], [ 113.343279120000034, -6.989076, 0.0 ], [ 113.342758920000051, -6.988951979999968, 0.0 ], [ 113.342302080000081, -6.988827959999981, 0.0 ], [ 113.342047919000038, -6.988741021999942, 0.0 ], [ 113.341781880000099, -6.988691969999934, 0.0 ], [ 113.341363919000059, -6.988643009999976, 0.0 ], [ 113.340831121000065, -6.988544011999977, 0.0 ], [ 113.340453841000112, -6.98848100999993, 0.0 ], [ 113.340061080000055, -6.988329989999954, 0.0 ], [ 113.33958696000002, -6.988221989999943, 0.0 ], [ 113.338875958000017, -6.988023, 0.0 ], [ 113.338127880000116, -6.987836969999933, 0.0 ], [ 113.337645120000047, -6.987699990999943, 0.0 ], [ 113.337048960000061, -6.987512968999965, 0.0 ], [ 113.336389078000025, -6.987326039999971, 0.0 ], [ 113.335652880000112, -6.987140010999951, 0.0 ], [ 113.335031160000085, -6.986979000999952, 0.0 ], [ 113.334422040000049, -6.986829959999966, 0.0 ], [ 113.333672879, -6.986656978999974, 0.0 ], [ 113.332988160000014, -6.986534038999935, 0.0 ], [ 113.332493160000013, -6.98642198999994, 0.0 ], [ 113.332061880000083, -6.98631002999997, 0.0 ], [ 113.331566880000082, -6.986186009999926, 0.0 ], [ 113.330995920000078, -6.986050020999926, 0.0 ], [ 113.330284920000054, -6.985851029999935, 0.0 ], [ 113.329789920000053, -6.985713958999952, 0.0 ], [ 113.329257120000079, -6.985565009999959, 0.0 ], [ 113.328647999000054, -6.985391040999957, 0.0 ], [ 113.327886960000114, -6.985205010999948, 0.0 ], [ 113.327251920000094, -6.98501798999996, 0.0 ], [ 113.326693920000025, -6.984869039999978, 0.0 ], [ 113.326185960000089, -6.98472, 0.0 ], [ 113.32563984, -6.984532979999926, 0.0 ], [ 113.325323039000068, -6.984420029999967, 0.0 ], [ 113.324903999000071, -6.984359009999935, 0.0 ], [ 113.324397120000071, -6.984335969999961, 0.0 ], [ 113.323965840000028, -6.984288000999925, 0.0 ], [ 113.323560839000038, -6.984277019999979, 0.0 ], [ 113.32331892000002, -6.984203039999954, 0.0 ], [ 113.323026960000107, -6.984064979999971, 0.0 ], [ 113.322349079000105, -6.983791019999956, 0.0 ], [ 113.321639879000031, -6.983721990999925, 0.0 ], [ 113.321390040000097, -6.983667989999958, 0.0 ], [ 113.321046960000103, -6.983505, 0.0 ], [ 113.320691999000019, -6.983368018999954, 0.0 ], [ 113.32026, -6.983217989999957, 0.0 ], [ 113.319740160000038, -6.983069040999965, 0.0 ], [ 113.319384120000109, -6.98288102999993, 0.0 ], [ 113.319128880000108, -6.982679970999925, 0.0 ], [ 113.3189769600001, -6.982515989999968, 0.0 ], [ 113.318849160000013, -6.982326989999933, 0.0 ], [ 113.318772120000062, -6.982149959999958, 0.0 ], [ 113.318719920000035, -6.981896968999934, 0.0 ], [ 113.318705880000039, -6.981681959999946, 0.0 ], [ 113.318718120000085, -6.981428968999978, 0.0 ], [ 113.318766, -6.980997958999978, 0.0 ], [ 113.318776698000079, -6.980874047999976, 0.0 ], [ 113.318560798000021, -6.980453316999956, 0.0 ], [ 113.318560798000021, -6.980139228999974, 0.0 ], [ 113.318850960000077, -6.980112, 0.0 ], [ 113.318938080000066, -6.979744979999964, 0.0 ], [ 113.319050040000093, -6.979365, 0.0 ], [ 113.319162, -6.979086, 0.0 ], [ 113.319299879000027, -6.978680009999948, 0.0 ], [ 113.319411840000043, -6.97833800899997, 0.0 ], [ 113.319511920000082, -6.97797098999996, 0.0 ], [ 113.319636120000041, -6.977552040999967, 0.0 ], [ 113.319773998000073, -6.977108969999961, 0.0 ], [ 113.319874080000091, -6.976817008999944, 0.0 ], [ 113.319986040000117, -6.976449989999935, 0.0 ], [ 113.320103040000049, -6.976146960999927, 0.0 ], [ 113.320206, -6.975970019999977, 0.0 ], [ 113.32029384000009, -6.975614967999945, 0.0 ], [ 113.320369080000091, -6.975226977999966, 0.0 ], [ 113.320446118000064, -6.975039959999947, 0.0 ], [ 113.320509120000111, -6.974906039999951, 0.0 ], [ 113.320846078000045, -6.974260019999974, 0.0 ], [ 113.321100960000081, -6.973918020999974, 0.0 ], [ 113.321220120000021, -6.973748009999952, 0.0 ], [ 113.321292120000066, -6.973301970999955, 0.0 ], [ 113.321292840000069, -6.973202970999978, 0.0 ], [ 113.32122516000004, -6.973071029999971, 0.0 ], [ 113.321140919000072, -6.972930988999963, 0.0 ], [ 113.321134080000093, -6.972831988999928, 0.0 ], [ 113.321194920000039, -6.972728038999946, 0.0 ], [ 113.321697120000067, -6.972567027999958, 0.0 ], [ 113.321904840000116, -6.972513029999959, 0.0 ], [ 113.322120120000022, -6.972368039999935, 0.0 ], [ 113.322282120000068, -6.97225796999993, 0.0 ], [ 113.322561840000049, -6.971993998999949, 0.0 ], [ 113.322760919000075, -6.971627969999929, 0.0 ], [ 113.322762, -6.971624009999971, 0.0 ], [ 113.322840120000023, -6.97139901099996, 0.0 ], [ 113.322836880000068, -6.971266979999939, 0.0 ], [ 113.32241316000011, -6.970931010999948, 0.0 ], [ 113.322205080000117, -6.970764960999929, 0.0 ], [ 113.322044880000021, -6.970555980999961, 0.0 ], [ 113.321959919000051, -6.970355998999935, 0.0 ], [ 113.322079080000094, -6.970227027999954, 0.0 ], [ 113.322156839000058, -6.970141979999937, 0.0 ], [ 113.322295080000117, -6.970010039999977, 0.0 ], [ 113.32232999900009, -6.969893039999931, 0.0 ], [ 113.322351960000105, -6.969822029999932, 0.0 ], [ 113.322251159000075, -6.96952196999996, 0.0 ], [ 113.322339, -6.968835988999956, 0.0 ], [ 113.322368159, -6.968526029999964, 0.0 ], [ 113.322368159, -6.968512979999957, 0.0 ], [ 113.322359879000032, -6.968348009999943, 0.0 ], [ 113.322538080000072, -6.967974960999925, 0.0 ], [ 113.322634920000041, -6.967783980999968, 0.0 ], [ 113.322565080000118, -6.967467, 0.0 ], [ 113.322501000000102, -6.967251989999966, 0.0 ], [ 113.32250604, -6.96711303099994, 0.0 ], [ 113.322746160000065, -6.966831959999979, 0.0 ], [ 113.322981958000014, -6.966564029999972, 0.0 ], [ 113.323016160000066, -6.966513988999964, 0.0 ], [ 113.322965040000099, -6.966378988999963, 0.0 ], [ 113.322875040000099, -6.966063987999974, 0.0 ], [ 113.322881160000065, -6.96591701899996, 0.0 ], [ 113.322984120000115, -6.965753040999971, 0.0 ], [ 113.323043879000011, -6.96571002099995, 0.0 ], [ 113.3232800400001, -6.965865989999941, 0.0 ], [ 113.32340712000007, -6.96595599099993, 0.0 ], [ 113.323532040000032, -6.965946987999928, 0.0 ], [ 113.323812120000071, -6.965660969999931, 0.0 ], [ 113.323987079000062, -6.965485018999971, 0.0 ], [ 113.32409508, -6.965542980999942, 0.0 ], [ 113.324171038000031, -6.965624969999965, 0.0 ], [ 113.324339160000022, -6.965675997999938, 0.0 ], [ 113.324374080000098, -6.965451989999963, 0.0 ], [ 113.324437080000052, -6.965269019999937, 0.0 ], [ 113.324529960000064, -6.965148960999954, 0.0 ], [ 113.324673960000041, -6.965101979999929, 0.0 ], [ 113.325015960000087, -6.965036008999959, 0.0 ], [ 113.325073920000023, -6.965012970999965, 0.0 ], [ 113.325352919000011, -6.965134018999947, 0.0 ], [ 113.326139880000028, -6.965360009999927, 0.0 ], [ 113.326497, -6.96550599099993, 0.0 ], [ 113.326814880000029, -6.965703989999952, 0.0 ], [ 113.32716407800001, -6.965880028999948, 0.0 ], [ 113.32740888, -6.965945009999928, 0.0 ], [ 113.32758816, -6.965926019999927, 0.0 ], [ 113.327876160000073, -6.965863020999961, 0.0 ], [ 113.32803888, -6.965955000999941, 0.0 ], [ 113.328542160000097, -6.966270989999941, 0.0 ], [ 113.328653040000063, -6.966233010999929, 0.0 ], [ 113.328789840000013, -6.966091979999931, 0.0 ], [ 113.328874080000105, -6.965902979999953, 0.0 ], [ 113.328969119000021, -6.965789040999937, 0.0 ], [ 113.329172158, -6.965672040999948, 0.0 ], [ 113.329542960000026, -6.96553001999996, 0.0 ], [ 113.330140920000076, -6.965512020999938, 0.0 ], [ 113.330734918000076, -6.965647019999949, 0.0 ], [ 113.330846880000081, -6.965754029999971, 0.0 ], [ 113.331440160000056, -6.966404009999962, 0.0 ], [ 113.3316, -6.966461969999955, 0.0 ], [ 113.331764160000034, -6.96644000799995, 0.0 ], [ 113.331782160000103, -6.96636701999995, 0.0 ], [ 113.331717, -6.966275039999971, 0.0 ], [ 113.33147904000009, -6.965952029999926, 0.0 ], [ 113.331571920000101, -6.965834039999947, 0.0 ], [ 113.331713040000068, -6.965732970999966, 0.0 ], [ 113.332002120000084, -6.965622990999975, 0.0 ], [ 113.332764960000077, -6.965396009999949, 0.0 ], [ 113.333077080000066, -6.965316, 0.0 ], [ 113.333280119000051, -6.965324997999971, 0.0 ], [ 113.333526, -6.965397989999929, 0.0 ], [ 113.33378196000001, -6.965568989999952, 0.0 ], [ 113.334122160000106, -6.965840969999931, 0.0 ], [ 113.334131880000086, -6.965948970999932, 0.0 ], [ 113.334102, -6.966660958999967, 0.0 ], [ 113.334104160000038, -6.966672029999927, 0.0 ], [ 113.334111, -6.96680496099998, 0.0 ], [ 113.334122880000109, -6.966962009999975, 0.0 ], [ 113.334132960000034, -6.967098, 0.0 ], [ 113.334135840000044, -6.967278990999944, 0.0 ], [ 113.334163920000037, -6.967537019999952, 0.0 ], [ 113.334229080000114, -6.967704959999935, 0.0 ], [ 113.33446704000005, -6.967908989999955, 0.0 ], [ 113.334915960000103, -6.968277000999933, 0.0 ], [ 113.335089840000023, -6.968424960999926, 0.0 ], [ 113.33582712000009, -6.968678040999976, 0.0 ], [ 113.336499960000083, -6.968931029999965, 0.0 ], [ 113.336897040000053, -6.969051989999969, 0.0 ], [ 113.337128880000023, -6.969060989999946, 0.0 ], [ 113.337294120000024, -6.968996008999966, 0.0 ], [ 113.337399960000084, -6.96895497099996, 0.0 ], [ 113.337480960000107, -6.968898990999946, 0.0 ], [ 113.33751084000005, -6.968829959999937, 0.0 ], [ 113.337560880000069, -6.968714040999942, 0.0 ], [ 113.337681840000073, -6.968672010999967, 0.0 ], [ 113.338173958000084, -6.968689019999943, 0.0 ], [ 113.338706040000034, -6.968773978999934, 0.0 ], [ 113.338884960000087, -6.968691989999968, 0.0 ], [ 113.339216158000113, -6.968528008999954, 0.0 ], [ 113.339323080000099, -6.96856104099993, 0.0 ], [ 113.339850118000072, -6.969015990999935, 0.0 ], [ 113.339962080000078, -6.968950019999966, 0.0 ], [ 113.3403728400001, -6.96868496999997, 0.0 ], [ 113.340585960000112, -6.968733030999942, 0.0 ], [ 113.340872160000117, -6.968842018999965, 0.0 ], [ 113.341425120000054, -6.969006989999968, 0.0 ], [ 113.34163716, -6.968989979999947, 0.0 ], [ 113.341751998000063, -6.968871, 0.0 ], [ 113.341830840000057, -6.968673, 0.0 ], [ 113.341921920000118, -6.968535029999941, 0.0 ], [ 113.342091120000077, -6.968456010999944, 0.0 ], [ 113.342473078000012, -6.968289960999925, 0.0 ], [ 113.342502958000068, -6.968140018999975, 0.0 ], [ 113.342599080000014, -6.967670039999973, 0.0 ], [ 113.342765040000018, -6.967548988999965, 0.0 ], [ 113.343000840000059, -6.967477979999956, 0.0 ], [ 113.34343716, -6.967420019999963, 0.0 ], [ 113.343630120000057, -6.967401028999973, 0.0 ], [ 113.343806880000102, -6.967325968999944, 0.0 ], [ 113.343865920000098, -6.967218959999968, 0.0 ], [ 113.343881040000042, -6.967026, 0.0 ], [ 113.343913080000107, -6.966545038999925, 0.0 ], [ 113.343993, -6.96647798999993, 0.0 ], [ 113.344112880000012, -6.966519029999972, 0.0 ], [ 113.34427091900011, -6.966694980999932, 0.0 ], [ 113.344454160000055, -6.966840959999956, 0.0 ], [ 113.344553160000032, -6.966811980999978, 0.0 ], [ 113.345317080000086, -6.966423990999942, 0.0 ], [ 113.345339040000113, -6.966404009999962, 0.0 ], [ 113.345538839000028, -6.966222029999926, 0.0 ], [ 113.345597160000011, -6.966165959999955, 0.0 ], [ 113.345676, -6.966150029999937, 0.0 ], [ 113.34580596, -6.966160019999961, 0.0 ], [ 113.345888040000091, -6.966286017999948, 0.0 ], [ 113.345892, -6.966516959999979, 0.0 ], [ 113.345885158000101, -6.96688802999995, 0.0 ], [ 113.345961840000086, -6.966974968999978, 0.0 ], [ 113.346072, -6.967006018999939, 0.0 ], [ 113.34625991900009, -6.966945989999942, 0.0 ], [ 113.346393840000019, -6.966817019999951, 0.0 ], [ 113.34642408000002, -6.966709019999939, 0.0 ], [ 113.346374040000114, -6.966558990999943, 0.0 ], [ 113.346216, -6.966167039999959, 0.0 ], [ 113.346275040000023, -6.966086039999936, 0.0 ], [ 113.346624960000099, -6.965828009999939, 0.0 ], [ 113.346784079000031, -6.965765010999974, 0.0 ], [ 113.346978120000017, -6.965766989999963, 0.0 ], [ 113.34720384000002, -6.965774009999961, 0.0 ], [ 113.347428838000042, -6.965648010999928, 0.0 ], [ 113.347625040000025, -6.965456039999935, 0.0 ], [ 113.348067840000112, -6.965054008999971, 0.0 ], [ 113.348251080000068, -6.964998029999947, 0.0 ], [ 113.348324880000064, -6.965037990999974, 0.0 ], [ 113.348342158000037, -6.965136990999952, 0.0 ], [ 113.348291040000049, -6.965318967999963, 0.0 ], [ 113.348265120000065, -6.965492038999969, 0.0 ], [ 113.348329920000083, -6.96559697999993, 0.0 ], [ 113.348481838000112, -6.965675009999927, 0.0 ], [ 113.34883896000008, -6.965764019999938, 0.0 ], [ 113.349215160000085, -6.96578003999997, 0.0 ], [ 113.349390840000069, -6.965715959999955, 0.0 ], [ 113.34942288000002, -6.965660969999931, 0.0 ], [ 113.349463920000062, -6.96555197999993, 0.0 ], [ 113.3495640000001, -6.965378009999938, 0.0 ], [ 113.349693960000081, -6.965332018999959, 0.0 ], [ 113.350217040000075, -6.965166960999966, 0.0 ], [ 113.350376880000113, -6.964997039999957, 0.0 ], [ 113.350455, -6.96473495999993, 0.0 ], [ 113.350493880000045, -6.964209, 0.0 ], [ 113.350556880000113, -6.963778978999926, 0.0 ], [ 113.350667040000076, -6.963541020999969, 0.0 ], [ 113.35077, -6.963504029999967, 0.0 ], [ 113.350789080000027, -6.963506009999946, 0.0 ], [ 113.350894920000087, -6.963546960999963, 0.0 ], [ 113.351214960000107, -6.96367295999994, 0.0 ], [ 113.351303880000046, -6.963642, 0.0 ], [ 113.351321880000114, -6.963509970999951, 0.0 ], [ 113.351292, -6.963338969999938, 0.0 ], [ 113.35117716000002, -6.962831998999945, 0.0 ], [ 113.351232960000061, -6.962685029999932, 0.0 ], [ 113.351389920000088, -6.962567038999964, 0.0 ], [ 113.35163904, -6.962355989999935, 0.0 ], [ 113.351618880000046, -6.962162040999942, 0.0 ], [ 113.35151808, -6.961790968999935, 0.0 ], [ 113.351475959000027, -6.96159296899998, 0.0 ], [ 113.351488920000065, -6.961578030999931, 0.0 ], [ 113.351573160000044, -6.961502970999959, 0.0 ], [ 113.351700960000016, -6.961453019999965, 0.0 ], [ 113.351816159, -6.961503959999959, 0.0 ], [ 113.351952960000062, -6.961661007999965, 0.0 ], [ 113.352001920000021, -6.961876019999977, 0.0 ], [ 113.352176160000113, -6.962637959999938, 0.0 ], [ 113.352278040000101, -6.962823989999947, 0.0 ], [ 113.352419159000078, -6.962888970999927, 0.0 ], [ 113.352717960000064, -6.962928029999944, 0.0 ], [ 113.352926040000057, -6.962871959999973, 0.0 ], [ 113.353116840000098, -6.962749019999933, 0.0 ], [ 113.353233120000027, -6.962601959999972, 0.0 ], [ 113.35323384000003, -6.962455978999969, 0.0 ], [ 113.353148880000049, -6.962202, 0.0 ], [ 113.353071840000098, -6.961908960999949, 0.0 ], [ 113.35313808, -6.961868009999932, 0.0 ], [ 113.353269840000053, -6.961878, 0.0 ], [ 113.353459920000091, -6.961969979999935, 0.0 ], [ 113.35355388000005, -6.962102009999967, 0.0 ], [ 113.35383, -6.962571989999958, 0.0 ], [ 113.353931878000026, -6.962577029999977, 0.0 ], [ 113.354154000000108, -6.962613029999943, 0.0 ], [ 113.354343, -6.962706989999958, 0.0 ], [ 113.354420039000047, -6.962828040999966, 0.0 ], [ 113.35473, -6.963392970999962, 0.0 ], [ 113.354939880000074, -6.963594029999967, 0.0 ], [ 113.355154080000034, -6.963677010999959, 0.0 ], [ 113.355380160000095, -6.963659010999947, 0.0 ], [ 113.355531, -6.963576029999956, 0.0 ], [ 113.355734040000016, -6.963507989999925, 0.0 ], [ 113.355905040000039, -6.963567030999968, 0.0 ], [ 113.356438919000084, -6.963778978999926, 0.0 ], [ 113.356686960000047, -6.963899040999934, 0.0 ], [ 113.356974959000013, -6.963406020999969, 0.0 ], [ 113.357571839000116, -6.962139989999969, 0.0 ], [ 113.357528998000021, -6.96195297099996, 0.0 ], [ 113.357424959000014, -6.961829039999941, 0.0 ], [ 113.357139120000056, -6.961428, 0.0 ], [ 113.357181960000048, -6.961084020999976, 0.0 ], [ 113.357300040000041, -6.960810957999968, 0.0 ], [ 113.357480038000062, -6.960580020999942, 0.0 ], [ 113.357963160000054, -6.960033, 0.0 ], [ 113.358290040000043, -6.959451960999957, 0.0 ], [ 113.358683160000055, -6.958654019999926, 0.0 ], [ 113.358759838000083, -6.958563029999937, 0.0 ], [ 113.358908880000058, -6.958467000999974, 0.0 ], [ 113.359110838000106, -6.95843703099996, 0.0 ], [ 113.359116960000051, -6.95838896999993, 0.0 ], [ 113.359055040000044, -6.958252979999941, 0.0 ], [ 113.359005, -6.958098989999939, 0.0 ], [ 113.358998160000056, -6.958080989999928, 0.0 ], [ 113.358948120000036, -6.95794202899998, 0.0 ], [ 113.358501, -6.95669498999996, 0.0 ], [ 113.358299038000041, -6.956039969999949, 0.0 ], [ 113.358189960000118, -6.955369019999978, 0.0 ], [ 113.358272040000088, -6.955030980999936, 0.0 ], [ 113.3583951600001, -6.954848009999978, 0.0 ], [ 113.358969000000116, -6.954166978999979, 0.0 ], [ 113.35912092, -6.953851979999968, 0.0 ], [ 113.359381918000054, -6.953544988999965, 0.0 ], [ 113.359552920000056, -6.953390997999975, 0.0 ], [ 113.35971204000009, -6.953307030999952, 0.0 ], [ 113.359982040000091, -6.95328903099994, 0.0 ], [ 113.360700959000042, -6.953268959999946, 0.0 ], [ 113.36111784000002, -6.953185979999944, 0.0 ], [ 113.361370920000013, -6.953074019999974, 0.0 ], [ 113.361810840000089, -6.952805009999963, 0.0 ], [ 113.362263, -6.95268, 0.0 ], [ 113.362962840000023, -6.952484969999944, 0.0 ], [ 113.363408160000063, -6.952371030999927, 0.0 ], [ 113.363943120000044, -6.952464989999953, 0.0 ], [ 113.36429016000011, -6.952573980999944, 0.0 ], [ 113.364538920000086, -6.952844970999934, 0.0 ], [ 113.364700920000018, -6.953078970999968, 0.0 ], [ 113.365064160000088, -6.953480010999954, 0.0 ], [ 113.365101960000061, -6.953472990999956, 0.0 ], [ 113.366148120000048, -6.953255998999964, 0.0 ], [ 113.366463839000062, -6.95322503899996, 0.0 ], [ 113.366516040000079, -6.953211987999964, 0.0 ], [ 113.366640960000041, -6.953226029999939, 0.0 ], [ 113.366772, -6.953366969999934, 0.0 ], [ 113.367017160000046, -6.953778, 0.0 ], [ 113.36713812000005, -6.954010019999942, 0.0 ], [ 113.367189960000019, -6.954049978999933, 0.0 ], [ 113.367332160000046, -6.954157979999934, 0.0 ], [ 113.36738112, -6.954183, 0.0 ], [ 113.367494880000095, -6.954239969999946, 0.0 ], [ 113.367675960000042, -6.954330959999936, 0.0 ], [ 113.368221, -6.954462988999978, 0.0 ], [ 113.368938120000053, -6.954606989999945, 0.0 ], [ 113.369565960000045, -6.954579988999967, 0.0 ], [ 113.370023879000087, -6.954527969999958, 0.0 ], [ 113.370468840000058, -6.954463980999947, 0.0 ], [ 113.370789960000025, -6.954375957999957, 0.0 ], [ 113.37121116000003, -6.954262020999977, 0.0 ], [ 113.371485120000102, -6.954189029999952, 0.0 ], [ 113.371679879000112, -6.954136018999975, 0.0 ], [ 113.372075881000114, -6.953960969999969, 0.0 ], [ 113.372421840000015, -6.953823990999979, 0.0 ], [ 113.372793000000115, -6.953684039999928, 0.0 ], [ 113.372966160000033, -6.953599978999932, 0.0 ], [ 113.373135, -6.953509981999957, 0.0 ], [ 113.373325078000107, -6.953411971999969, 0.0 ], [ 113.373529921000113, -6.953303969999979, 0.0 ], [ 113.373822958, -6.95315600999993, 0.0 ], [ 113.374108080000042, -6.953010028999927, 0.0 ], [ 113.374190161000115, -6.95298096199997, 0.0 ], [ 113.374469160000103, -6.952853969999978, 0.0 ], [ 113.37494292000008, -6.952696019999962, 0.0 ], [ 113.37499872, -6.952677118999929, 0.0 ], [ 113.374999080000066, -6.952677028999972, 0.0 ], [ 113.375451960000078, -6.952526009999929, 0.0 ], [ 113.375828880000086, -6.952555981999978, 0.0 ], [ 113.376134159000117, -6.952653990999977, 0.0 ], [ 113.376179880000109, -6.952669019999973, 0.0 ], [ 113.376212999000018, -6.952682968999966, 0.0 ], [ 113.376246121, -6.952698001999977, 0.0 ], [ 113.376404881000099, -6.952644989999953, 0.0 ], [ 113.376468960000011, -6.952676039999972, 0.0 ], [ 113.376731040000095, -6.952752991999944, 0.0 ], [ 113.37703704, -6.952779, 0.0 ], [ 113.378261040000098, -6.952521958999967, 0.0 ], [ 113.379014880000113, -6.952365000999976, 0.0 ], [ 113.379867000000104, -6.952095989999975, 0.0 ], [ 113.380359120000094, -6.951918958999954, 0.0 ], [ 113.380801920000067, -6.951760019999938, 0.0 ], [ 113.381089919000033, -6.951645989999975, 0.0 ], [ 113.381277840000052, -6.95159297899994, 0.0 ], [ 113.382019080000077, -6.95143503099996, 0.0 ], [ 113.382300960000066, -6.951338009999972, 0.0 ], [ 113.382312120000051, -6.951333958999953, 0.0 ], [ 113.383486079000022, -6.950919959999965, 0.0 ], [ 113.383881, -6.950880990999963, 0.0 ], [ 113.384260080000104, -6.950770020999926, 0.0 ], [ 113.384732040000017, -6.950687039999934, 0.0 ], [ 113.385317040000018, -6.95043, 0.0 ], [ 113.38578, -6.95025998999995, 0.0 ], [ 113.386020120000012, -6.950085029999968, 0.0 ], [ 113.386056655000061, -6.950059076999935, 0.0 ], [ 113.386101839000048, -6.950026979999961, 0.0 ], [ 113.386122000000114, -6.950015009999959, 0.0 ], [ 113.386236838000059, -6.949914030999935, 0.0 ], [ 113.386160160000031, -6.949698030999969, 0.0 ], [ 113.386110840000015, -6.94946798899997, 0.0 ], [ 113.386010040000087, -6.949393019999945, 0.0 ], [ 113.385826079000026, -6.949369978999925, 0.0 ], [ 113.385498120000079, -6.94939599099996, 0.0 ], [ 113.385096, -6.949427040999979, 0.0 ], [ 113.385086999, -6.949428031999958, 0.0 ], [ 113.384994120000101, -6.949289968999949, 0.0 ], [ 113.384969999000077, -6.949211039999966, 0.0 ], [ 113.384936161000041, -6.94910097199994, 0.0 ], [ 113.384863080000059, -6.948716039999965, 0.0 ], [ 113.384772000000112, -6.948718019999944, 0.0 ], [ 113.384590920000051, -6.948818011999947, 0.0 ], [ 113.384467081000025, -6.948839968999948, 0.0 ], [ 113.384383918000026, -6.948749971999973, 0.0 ], [ 113.384391118000053, -6.948657991999937, 0.0 ], [ 113.384472119000066, -6.948528030999967, 0.0 ], [ 113.384666878000075, -6.948322019999978, 0.0 ], [ 113.384739960000047, -6.948182970999937, 0.0 ], [ 113.384737080000036, -6.94802096899997, 0.0 ], [ 113.384673, -6.947811, 0.0 ], [ 113.384666160000052, -6.947786968999935, 0.0 ], [ 113.3845138800001, -6.947659981999948, 0.0 ], [ 113.384400121000112, -6.947640990999957, 0.0 ], [ 113.383770840000011, -6.947565029999964, 0.0 ], [ 113.38317, -6.947368018999953, 0.0 ], [ 113.382815039000093, -6.947340031999943, 0.0 ], [ 113.38242012, -6.947279009999932, 0.0 ], [ 113.382324001000029, -6.94719503999994, 0.0 ], [ 113.382281161000037, -6.947045009999954, 0.0 ], [ 113.382156961000078, -6.94681596099997, 0.0 ], [ 113.382062999000027, -6.946814969999934, 0.0 ], [ 113.381948160000093, -6.946892009999942, 0.0 ], [ 113.381700841000111, -6.947138969999969, 0.0 ], [ 113.381582040000012, -6.947064989999944, 0.0 ], [ 113.38119503900009, -6.946730010999943, 0.0 ], [ 113.381196120000027, -6.946727039999928, 0.0 ], [ 113.381178840000075, -6.946632001999944, 0.0 ], [ 113.381134921000012, -6.946518958999945, 0.0 ], [ 113.38110108, -6.946484041999952, 0.0 ], [ 113.380977960000109, -6.946355969999956, 0.0 ], [ 113.38056288000007, -6.946331039999961, 0.0 ], [ 113.380255081000087, -6.946309979999967, 0.0 ], [ 113.38000992000002, -6.946201979999955, 0.0 ], [ 113.380031881000036, -6.946128, 0.0 ], [ 113.380090920000043, -6.945953039999949, 0.0 ], [ 113.380131960000085, -6.945830009999952, 0.0 ], [ 113.380038, -6.945563968999977, 0.0 ], [ 113.380062118000069, -6.945474959999956, 0.0 ], [ 113.380068961, -6.945289020999951, 0.0 ], [ 113.37999084, -6.945193978999953, 0.0 ], [ 113.379927119000058, -6.945064019999961, 0.0 ], [ 113.380004160000112, -6.944972039999925, 0.0 ], [ 113.380275960000063, -6.944802029999948, 0.0 ], [ 113.38044084, -6.944716981999932, 0.0 ], [ 113.380515, -6.944522039999981, 0.0 ], [ 113.380683120000072, -6.944041979999952, 0.0 ], [ 113.380709039000067, -6.943633021999972, 0.0 ], [ 113.380812000000105, -6.943466969999974, 0.0 ], [ 113.380818120000072, -6.943457968999951, 0.0 ], [ 113.380983, -6.943203, 0.0 ], [ 113.381033040000034, -6.943053961999965, 0.0 ], [ 113.381103961, -6.94289600999997, 0.0 ], [ 113.380938001000118, -6.942404968999938, 0.0 ], [ 113.380783921000102, -6.942237029999944, 0.0 ], [ 113.380607161000057, -6.941835989999959, 0.0 ], [ 113.380725958000085, -6.941733029999966, 0.0 ], [ 113.380862038000032, -6.941699011999958, 0.0 ], [ 113.381102160000069, -6.94173896999996, 0.0 ], [ 113.381205120000118, -6.941708998999957, 0.0 ], [ 113.381348040000034, -6.941481028999931, 0.0 ], [ 113.381319961000031, -6.941379959999949, 0.0 ], [ 113.381253, -6.94116503999993, 0.0 ], [ 113.381265960000064, -6.941129039999964, 0.0 ], [ 113.381300158000045, -6.941039039999964, 0.0 ], [ 113.381471880000049, -6.940766968999981, 0.0 ], [ 113.381574840000098, -6.940522981999948, 0.0 ], [ 113.38152084, -6.940379969999981, 0.0 ], [ 113.381384040000057, -6.940207980999958, 0.0 ], [ 113.381208, -6.940098989999967, 0.0 ], [ 113.381038080000053, -6.939971009999965, 0.0 ], [ 113.381102160000069, -6.939790020999965, 0.0 ], [ 113.381245079000109, -6.939671038999961, 0.0 ], [ 113.38137684000003, -6.93965303899995, 0.0 ], [ 113.381594999000072, -6.939576, 0.0 ], [ 113.380770961000053, -6.939595979999979, 0.0 ], [ 113.380521840000029, -6.93958698199998, 0.0 ], [ 113.380345078, -6.939428039999939, 0.0 ], [ 113.380174080000074, -6.939388980999979, 0.0 ], [ 113.379978960000017, -6.939393029999962, 0.0 ], [ 113.379851160000044, -6.93935603999995, 0.0 ], [ 113.379977880000069, -6.939087029999939, 0.0 ], [ 113.38005996000004, -6.938908018999939, 0.0 ], [ 113.380025039000088, -6.938852038999926, 0.0 ], [ 113.37975108, -6.938819009999975, 0.0 ], [ 113.379487920000088, -6.938850959999968, 0.0 ], [ 113.379292078000049, -6.938924039999961, 0.0 ], [ 113.379149160000111, -6.939060029999951, 0.0 ], [ 113.378963040000031, -6.939104038999972, 0.0 ], [ 113.378608080000049, -6.939009989999931, 0.0 ], [ 113.378481001000068, -6.939068038999949, 0.0 ], [ 113.378320080000094, -6.939239039999961, 0.0 ], [ 113.37830388000009, -6.939300958999979, 0.0 ], [ 113.378128921000098, -6.939361979999944, 0.0 ], [ 113.37801912000009, -6.939365040999974, 0.0 ], [ 113.377883040000029, -6.939198991999945, 0.0 ], [ 113.377826881000033, -6.939035009999941, 0.0 ], [ 113.377842000000101, -6.938953021999964, 0.0 ], [ 113.378028839000081, -6.93882, 0.0 ], [ 113.378105880000021, -6.938710018999927, 0.0 ], [ 113.378114878000019, -6.938603009999952, 0.0 ], [ 113.378079961000026, -6.937971028999925, 0.0 ], [ 113.378073841000059, -6.937849980999943, 0.0 ], [ 113.377962961000094, -6.937680959999966, 0.0 ], [ 113.377916160000041, -6.93763802999996, 0.0 ], [ 113.37786, -6.937578990999953, 0.0 ], [ 113.377811040000097, -6.937427969999931, 0.0 ], [ 113.377604040000051, -6.936982021999938, 0.0 ], [ 113.377438080000047, -6.936838018999936, 0.0 ], [ 113.377349880000111, -6.93684395899993, 0.0 ], [ 113.376227041000107, -6.93700002099996, 0.0 ], [ 113.375747161000049, -6.93706697999994, 0.0 ], [ 113.375364840000088, -6.93696203899998, 0.0 ], [ 113.375027161000048, -6.93673100999996, 0.0 ], [ 113.374999080000066, -6.936714, 0.0 ], [ 113.37499872, -6.936713728999962, 0.0 ], [ 113.37471792100007, -6.936549028999934, 0.0 ], [ 113.373924121000073, -6.936161038999956, 0.0 ], [ 113.373752041000103, -6.936110998999936, 0.0 ], [ 113.373441, -6.936039991999962, 0.0 ], [ 113.373207, -6.935576038999955, 0.0 ], [ 113.37258888000008, -6.934813019999979, 0.0 ], [ 113.372634959000038, -6.934647961999929, 0.0 ], [ 113.372736840000016, -6.934502969999926, 0.0 ], [ 113.372835121000094, -6.934318019999978, 0.0 ], [ 113.372781120000013, -6.934245029999943, 0.0 ], [ 113.372687880000058, -6.934244039999953, 0.0 ], [ 113.372412839000049, -6.934247009999979, 0.0 ], [ 113.372271, -6.934154038999964, 0.0 ], [ 113.372173080000039, -6.934003019999977, 0.0 ], [ 113.372147160000054, -6.933869998999967, 0.0 ], [ 113.372177040000111, -6.933652019999954, 0.0 ], [ 113.372232120000035, -6.933399029999975, 0.0 ], [ 113.372192881000046, -6.933196979999934, 0.0 ], [ 113.372117999000011, -6.933103021999955, 0.0 ], [ 113.372011080000107, -6.933101038999951, 0.0 ], [ 113.371624080000061, -6.933103021999955, 0.0 ], [ 113.371670880000011, -6.932894039999951, 0.0 ], [ 113.371824960000026, -6.93271601999993, 0.0 ], [ 113.372129879000113, -6.932365019999963, 0.0 ], [ 113.372102880000057, -6.932259989999977, 0.0 ], [ 113.37171912000008, -6.931069019999939, 0.0 ], [ 113.37168204000011, -6.930654029999971, 0.0 ], [ 113.371590960000049, -6.929766989999962, 0.0 ], [ 113.371575840000105, -6.929643959999964, 0.0 ], [ 113.371499161000088, -6.92901, 0.0 ], [ 113.371572960000094, -6.928763039999978, 0.0 ], [ 113.371734960000026, -6.928405019999957, 0.0 ], [ 113.371893000000114, -6.928288019999968, 0.0 ], [ 113.371930080000084, -6.928261019999979, 0.0 ], [ 113.37226092100002, -6.928161029999956, 0.0 ], [ 113.373213840000062, -6.927975989999936, 0.0 ], [ 113.373263160000079, -6.927957988999935, 0.0 ], [ 113.373358920000101, -6.927867, 0.0 ], [ 113.373645841000098, -6.92746397999997, 0.0 ], [ 113.37370812000006, -6.927299008999967, 0.0 ], [ 113.373817920000079, -6.926785021999933, 0.0 ], [ 113.373909, -6.92669196199995, 0.0 ], [ 113.374181881000027, -6.926590978999968, 0.0 ], [ 113.374895038000091, -6.926367959999936, 0.0 ], [ 113.374905120000108, -6.926364990999957, 0.0 ], [ 113.37499872, -6.926226569999926, 0.0 ], [ 113.374999080000066, -6.926226029999953, 0.0 ], [ 113.374999080000066, -6.926069971999937, 0.0 ], [ 113.37499872, -6.926069248999966, 0.0 ], [ 113.374895038000091, -6.92584901999993, 0.0 ], [ 113.374683, -6.925604039999939, 0.0 ], [ 113.373609119000093, -6.924445019999951, 0.0 ], [ 113.373286918000076, -6.92383401099994, 0.0 ], [ 113.373243000000116, -6.923616029999948, 0.0 ], [ 113.373281160000033, -6.923377980999931, 0.0 ], [ 113.373456840000017, -6.922751041999959, 0.0 ], [ 113.37366312000006, -6.922116000999949, 0.0 ], [ 113.373726119000025, -6.921774, 0.0 ], [ 113.373855, -6.920703988999946, 0.0 ], [ 113.37390287900007, -6.920306011999969, 0.0 ], [ 113.373852838000062, -6.919904970999937, 0.0 ], [ 113.373666001000061, -6.919526969999936, 0.0 ], [ 113.37344892100009, -6.919193969999981, 0.0 ], [ 113.373393456000031, -6.919048983999971, 0.0 ], [ 113.37335100100006, -6.918938009999977, 0.0 ], [ 113.373442078000039, -6.918467039999939, 0.0 ], [ 113.373539998000069, -6.918276958999968, 0.0 ], [ 113.373916921000045, -6.917643988999941, 0.0 ], [ 113.373829080000064, -6.917551018999973, 0.0 ], [ 113.372997120000036, -6.916827959999978, 0.0 ], [ 113.372984160000101, -6.916667041999972, 0.0 ], [ 113.372980921000021, -6.916273021999928, 0.0 ], [ 113.372976960000074, -6.915682979999929, 0.0 ], [ 113.373074880000104, -6.915377969999952, 0.0 ], [ 113.373231839000027, -6.915029041999958, 0.0 ], [ 113.373573121000049, -6.91447895999994, 0.0 ], [ 113.373588958000028, -6.914205989999971, 0.0 ], [ 113.373538920000101, -6.914005019999934, 0.0 ], [ 113.373402120000037, -6.913805039999943, 0.0 ], [ 113.373186840000017, -6.913674001999937, 0.0 ], [ 113.3724441600001, -6.913216979999959, 0.0 ], [ 113.372431919000064, -6.913181969999926, 0.0 ], [ 113.372381879000045, -6.913036978999969, 0.0 ], [ 113.372319960000027, -6.912749971999972, 0.0 ], [ 113.372205840000106, -6.912489959999959, 0.0 ], [ 113.371985880000011, -6.91209, 0.0 ], [ 113.371965, -6.911859959999958, 0.0 ], [ 113.372138160000077, -6.911526959999946, 0.0 ], [ 113.372533081000029, -6.91107902899995, 0.0 ], [ 113.372638920000099, -6.910704990999932, 0.0 ], [ 113.372777158000076, -6.910395029999961, 0.0 ], [ 113.373061921000044, -6.909987959999967, 0.0 ], [ 113.373676078000017, -6.909157978999929, 0.0 ], [ 113.373784080000064, -6.909116039999958, 0.0 ], [ 113.373902160000057, -6.909188039999947, 0.0 ], [ 113.373969120000083, -6.909301981999931, 0.0 ], [ 113.37398316000008, -6.909497008999949, 0.0 ], [ 113.374023840000064, -6.909958979999942, 0.0 ], [ 113.374167120000038, -6.910365960999968, 0.0 ], [ 113.374450080000088, -6.910785991999944, 0.0 ], [ 113.374526039000102, -6.910792021999953, 0.0 ], [ 113.374752839000053, -6.910655038999948, 0.0 ], [ 113.37499872, -6.910347148999961, 0.0 ], [ 113.374999080000066, -6.910346969999978, 0.0 ], [ 113.375230920000035, -6.910054019999961, 0.0 ], [ 113.375226958000098, -6.909888959999932, 0.0 ], [ 113.37516792100007, -6.909162029999948, 0.0 ], [ 113.375138041000014, -6.909053038999957, 0.0 ], [ 113.374999080000066, -6.908549039999968, 0.0 ], [ 113.37499872, -6.908547690999967, 0.0 ], [ 113.374967040000115, -6.908147998999937, 0.0 ], [ 113.374999080000066, -6.90797546999994, 0.0 ], [ 113.374999080000066, -6.907975018999934, 0.0 ], [ 113.375026080000112, -6.907824989999938, 0.0 ], [ 113.375094120000085, -6.907708979999938, 0.0 ], [ 113.375117881000051, -6.907678019999935, 0.0 ], [ 113.375293920000104, -6.907515029999956, 0.0 ], [ 113.375468160000082, -6.90736598899997, 0.0 ], [ 113.375471040000093, -6.907357979999972, 0.0 ], [ 113.375513161000072, -6.907361039999955, 0.0 ], [ 113.375706838000042, -6.907339979999961, 0.0 ], [ 113.376300840000113, -6.907241968999926, 0.0 ], [ 113.3766, -6.907071961999975, 0.0 ], [ 113.377332958000011, -6.906447, 0.0 ], [ 113.37753204, -6.90618600199997, 0.0 ], [ 113.377559040000051, -6.906047039999976, 0.0 ], [ 113.377552920000085, -6.905586959999937, 0.0 ], [ 113.377400998000098, -6.905073959999982, 0.0 ], [ 113.377218840000069, -6.904728989999967, 0.0 ], [ 113.377025160000017, -6.904388969999957, 0.0 ], [ 113.37683904000005, -6.903833040999928, 0.0 ], [ 113.376868920000106, -6.903644039999961, 0.0 ], [ 113.376957840000046, -6.903610018999927, 0.0 ], [ 113.37721488000011, -6.90353000999994, 0.0 ], [ 113.377433040000028, -6.90339500999994, 0.0 ], [ 113.377727160000063, -6.903114029999927, 0.0 ], [ 113.377857841000036, -6.902892989999941, 0.0 ], [ 113.377934880000112, -6.902631990999964, 0.0 ], [ 113.378052960000105, -6.902065981999954, 0.0 ], [ 113.378158080000048, -6.901614989999928, 0.0 ], [ 113.378361840000025, -6.900648028999967, 0.0 ], [ 113.378522038000028, -6.899597011999958, 0.0 ], [ 113.378572079000037, -6.899329978999958, 0.0 ], [ 113.378676841000015, -6.898983029999954, 0.0 ], [ 113.378785920000041, -6.898901041999977, 0.0 ], [ 113.378814001000023, -6.898884029999977, 0.0 ], [ 113.379330961000051, -6.898560028999952, 0.0 ], [ 113.379774840000096, -6.89830496999997, 0.0 ], [ 113.379870959000073, -6.898139009999966, 0.0 ], [ 113.379912000000104, -6.897857039999963, 0.0 ], [ 113.379913080000051, -6.897331979999933, 0.0 ], [ 113.379759, -6.89707403999995, 0.0 ], [ 113.379555958000083, -6.896612968999932, 0.0 ], [ 113.379509880000114, -6.896468969999944, 0.0 ], [ 113.379404040000054, -6.896138039999926, 0.0 ], [ 113.379518160000089, -6.895934009999962, 0.0 ], [ 113.379675120000115, -6.89578298899994, 0.0 ], [ 113.379903001000116, -6.895503989999952, 0.0 ], [ 113.37991704, -6.89533001999996, 0.0 ], [ 113.379905161000011, -6.895097009999972, 0.0 ], [ 113.37983604100009, -6.894321029999958, 0.0 ], [ 113.379833160000089, -6.894281971999931, 0.0 ], [ 113.379802919000099, -6.893955000999938, 0.0 ], [ 113.379444, -6.891769981999971, 0.0 ], [ 113.379379921, -6.890790959999947, 0.0 ], [ 113.379350041000066, -6.889977991999956, 0.0 ], [ 113.379345346000036, -6.889850396999975, 0.0 ], [ 113.379553848000114, -6.889830219999965, 0.0 ], [ 113.379753723000022, -6.889680313999975, 0.0 ], [ 113.379953598000043, -6.889409055999977, 0.0 ], [ 113.380125807000013, -6.88904664599994, 0.0 ], [ 113.380197423000027, -6.888913233999972, 0.0 ], [ 113.380221302000109, -6.888868750999961, 0.0 ], [ 113.380223830000091, -6.888864830999978, 0.0 ], [ 113.380269102000057, -6.888794622999967, 0.0 ], [ 113.380279422000058, -6.888778617999947, 0.0 ], [ 113.380314882000107, -6.888724599999932, 0.0 ], [ 113.380383604000031, -6.888619910999978, 0.0 ], [ 113.38053357900003, -6.888467425999977, 0.0 ], [ 113.380535374000033, -6.88846560099995, 0.0 ], [ 113.380549642, -6.888456148999978, 0.0 ], [ 113.380716150000012, -6.888345841999978, 0.0 ], [ 113.380732385000101, -6.888335085999927, 0.0 ], [ 113.380801180000049, -6.888293602999966, 0.0 ], [ 113.38090089700006, -6.888233473999946, 0.0 ], [ 113.381040318000032, -6.888166797999929, 0.0 ], [ 113.381261530000074, -6.888087430999974, 0.0 ], [ 113.381512093000083, -6.888046236999969, 0.0 ], [ 113.381692753000038, -6.888016534999963, 0.0 ], [ 113.381860701000051, -6.887988922999966, 0.0 ], [ 113.382152117000032, -6.887941011999942, 0.0 ], [ 113.382166563000055, -6.887937823999948, 0.0 ], [ 113.382392513000013, -6.887887952999961, 0.0 ], [ 113.382404105000091, -6.887885393999966, 0.0 ], [ 113.382587535000084, -6.887833199999932, 0.0 ], [ 113.382824587000073, -6.887765748999925, 0.0 ], [ 113.383073035000052, -6.887695054999938, 0.0 ], [ 113.383080634000066, -6.887692271999981, 0.0 ], [ 113.383275657000013, -6.887620842999979, 0.0 ], [ 113.383296957000084, -6.887613041999941, 0.0 ], [ 113.383487408000065, -6.887536649999959, 0.0 ], [ 113.383670792000089, -6.887458918999926, 0.0 ], [ 113.383849218000023, -6.887383015999944, 0.0 ], [ 113.384038936000024, -6.88731009199995, 0.0 ], [ 113.384207409000055, -6.887268263999943, 0.0 ], [ 113.384451803000047, -6.887209730999928, 0.0 ], [ 113.384644842000057, -6.887180788999956, 0.0 ], [ 113.384843093000086, -6.887151065999944, 0.0 ], [ 113.385128130000112, -6.887108283999964, 0.0 ], [ 113.385396297000057, -6.887069337999947, 0.0 ], [ 113.385398490000057, -6.887068466999949, 0.0 ], [ 113.385866390000047, -6.886882731999947, 0.0 ], [ 113.38600554900006, -6.886878452999952, 0.0 ], [ 113.386188383000103, -6.886935472999937, 0.0 ], [ 113.386342314000103, -6.886958579999941, 0.0 ], [ 113.386544737, -6.88697323599996, 0.0 ], [ 113.386704984000062, -6.886975267999958, 0.0 ], [ 113.38685848700004, -6.88698446799998, 0.0 ], [ 113.387026334000097, -6.887007146999963, 0.0 ], [ 113.387206598000034, -6.886980722999965, 0.0 ], [ 113.387416012000017, -6.887075039999957, 0.0 ], [ 113.387417597000081, -6.887075753999966, 0.0 ], [ 113.387593948000017, -6.887134412999956, 0.0 ], [ 113.388023323000084, -6.887177387999941, 0.0 ], [ 113.388145200000054, -6.887214490999952, 0.0 ], [ 113.388187445000085, -6.887225501999978, 0.0 ], [ 113.388389980000056, -6.887278293999941, 0.0 ], [ 113.388639653000041, -6.887343372999965, 0.0 ], [ 113.388994683000078, -6.887433183999974, 0.0 ], [ 113.389000612000018, -6.887433717999954, 0.0 ], [ 113.389576140000031, -6.887485534999939, 0.0 ], [ 113.389709839000034, -6.887530142999935, 0.0 ], [ 113.389766309000038, -6.887626568999963, 0.0 ], [ 113.38976686, -6.887627004999956, 0.0 ], [ 113.389968460000091, -6.887786670999958, 0.0 ], [ 113.390129776000094, -6.887823468999954, 0.0 ], [ 113.390326309000102, -6.887873103999937, 0.0 ], [ 113.390544786000078, -6.887956862999943, 0.0 ], [ 113.390692400000034, -6.888001042999974, 0.0 ], [ 113.390833913000051, -6.888073249999934, 0.0 ], [ 113.390961296000114, -6.888138930999958, 0.0 ], [ 113.391088679000063, -6.888204612999971, 0.0 ], [ 113.391348903000107, -6.888287086999981, 0.0 ], [ 113.391544579000083, -6.888308906999953, 0.0 ], [ 113.391706108000108, -6.888352656999928, 0.0 ], [ 113.391859822000015, -6.888368806999949, 0.0 ], [ 113.392098101000101, -6.888417155999946, 0.0 ], [ 113.392350510000028, -6.888472028999956, 0.0 ], [ 113.392518354000117, -6.888494703999982, 0.0 ], [ 113.392791421000084, -6.888541981999936, 0.0 ], [ 113.393028842000035, -6.888562515999979, 0.0 ], [ 113.393258877000108, -6.888569356999938, 0.0 ], [ 113.394230364, -6.888716632999945, 0.0 ], [ 113.394492823000064, -6.888722597999958, 0.0 ], [ 113.394858541000076, -6.888730908999946, 0.0 ], [ 113.395522411000115, -6.888730908999946, 0.0 ], [ 113.396093482000083, -6.888595279999947, 0.0 ], [ 113.396850150000091, -6.888373989999934, 0.0 ], [ 113.39762109600008, -6.88817411499997, 0.0 ], [ 113.398192166000058, -6.888052762999962, 0.0 ], [ 113.398484840000037, -6.88802420899998, 0.0 ], [ 113.398627608000083, -6.887988517999929, 0.0 ], [ 113.398834621000105, -6.887938548999955, 0.0 ], [ 113.399055911, -6.88783861099995, 0.0 ], [ 113.399134433000086, -6.887767227999973, 0.0 ], [ 113.399312892000012, -6.887702981999951, 0.0 ], [ 113.399619843000096, -6.88769584399995, 0.0 ], [ 113.39996248500006, -6.887724396999943, 0.0 ], [ 113.40014808300009, -6.887788642999965, 0.0 ], [ 113.400333681, -6.887767227999973, 0.0 ], [ 113.400597801000117, -6.887674428999958, 0.0 ], [ 113.400925420000021, -6.887630427999966, 0.0 ], [ 113.401100001000032, -6.887645932999931, 0.0 ], [ 113.401246751000031, -6.887662293999938, 0.0 ], [ 113.401429147000044, -6.887705396999934, 0.0 ], [ 113.401583283000036, -6.88773544999998, 0.0 ], [ 113.401708947000088, -6.887745499999937, 0.0 ], [ 113.401890270000081, -6.887753836999934, 0.0 ], [ 113.402518026000052, -6.887631597999928, 0.0 ], [ 113.402838188000032, -6.887660703999927, 0.0 ], [ 113.403146204000109, -6.88768870499996, 0.0 ], [ 113.403538815000047, -6.887653012999976, 0.0 ], [ 113.403702998000085, -6.887674428999958, 0.0 ], [ 113.404076301000032, -6.88773176199993, 0.0 ], [ 113.404180340000039, -6.887718118999942, 0.0 ], [ 113.404388634000043, -6.887697784999943, 0.0 ], [ 113.404583441000113, -6.887691785999948, 0.0 ], [ 113.404755660000092, -6.887630805999947, 0.0 ], [ 113.404851778000079, -6.887586087999978, 0.0 ], [ 113.404977010000039, -6.887582230999953, 0.0 ], [ 113.405191832000014, -6.887547776999952, 0.0 ], [ 113.405365123000024, -6.887521560999971, 0.0 ], [ 113.405601030000071, -6.887493416999973, 0.0 ], [ 113.405753234000031, -6.887460890999932, 0.0 ], [ 113.405905009000094, -6.887414458999956, 0.0 ], [ 113.406008512000085, -6.887383432999968, 0.0 ], [ 113.406111371000065, -6.887331547999963, 0.0 ], [ 113.406314731000066, -6.887151294999967, 0.0 ], [ 113.406463719000044, -6.887014473999955, 0.0 ], [ 113.406586807000053, -6.886941087999958, 0.0 ], [ 113.40677272500011, -6.886872725999979, 0.0 ], [ 113.406841869, -6.886856676999969, 0.0 ], [ 113.406921342000032, -6.886836830999925, 0.0 ], [ 113.407286466000073, -6.886996281999927, 0.0 ], [ 113.407600555000045, -6.887196156999948, 0.0 ], [ 113.407739073000016, -6.887497162999978, 0.0 ], [ 113.407749461000094, -6.887608195999974, 0.0 ], [ 113.407802236000066, -6.887738801999944, 0.0 ], [ 113.407894611000074, -6.887798592999957, 0.0 ], [ 113.40800807200003, -6.887864692999926, 0.0 ], [ 113.408150649000049, -6.887971653999955, 0.0 ], [ 113.408262823000086, -6.887996036999937, 0.0 ], [ 113.408389341000088, -6.888033896999957, 0.0 ], [ 113.408508687000108, -6.888065017999963, 0.0 ], [ 113.40861411800006, -6.88809656799998, 0.0 ], [ 113.408726507000097, -6.88812790299994, 0.0 ], [ 113.408880425, -6.888151, 0.0 ], [ 113.409068700000034, -6.888159117999976, 0.0 ], [ 113.409206773000051, -6.888120066999932, 0.0 ], [ 113.409393332000036, -6.88807256299998, 0.0 ], [ 113.409551418000092, -6.88800505699993, 0.0 ], [ 113.409667546000037, -6.887931883999954, 0.0 ], [ 113.409812576000036, -6.887892617999967, 0.0 ], [ 113.409944334000102, -6.88787463999995, 0.0 ], [ 113.410069136000061, -6.887856875999944, 0.0 ], [ 113.410139995, -6.887896449999971, 0.0 ], [ 113.410183883000059, -6.887964692999958, 0.0 ], [ 113.410227771000109, -6.888032935999945, 0.0 ], [ 113.410291887000085, -6.888079676999951, 0.0 ], [ 113.410390146000054, -6.888104486999964, 0.0 ], [ 113.410509062000074, -6.888121701999978, 0.0 ], [ 113.410572106000018, -6.888133677999974, 0.0 ], [ 113.410866239000029, -6.888187250999977, 0.0 ], [ 113.411048414000106, -6.888223394999955, 0.0 ], [ 113.411208858, -6.888232369999969, 0.0 ], [ 113.411342761000014, -6.888283919999935, 0.0 ], [ 113.411524720000102, -6.888313109999956, 0.0 ], [ 113.411685594, -6.888335990999963, 0.0 ], [ 113.411796694000031, -6.888325607999946, 0.0 ], [ 113.411906722000026, -6.888280460999965, 0.0 ], [ 113.412052179000057, -6.888255099999981, 0.0 ], [ 113.41215718, -6.888272742999959, 0.0 ], [ 113.412298683000017, -6.888344935999953, 0.0 ], [ 113.412453456000094, -6.888395841999966, 0.0 ], [ 113.412672775000033, -6.88850739399993, 0.0 ], [ 113.412820377000116, -6.888551560999929, 0.0 ], [ 113.41298167900004, -6.888588345999949, 0.0 ], [ 113.413183436000054, -6.888582128999928, 0.0 ], [ 113.413264328000082, -6.888589309999929, 0.0 ], [ 113.413358008000046, -6.888597626999967, 0.0 ], [ 113.413481305, -6.888531191999959, 0.0 ], [ 113.413581585000088, -6.888395872999979, 0.0 ], [ 113.413715579000041, -6.888224718999936, 0.0 ], [ 113.413817361000042, -6.888138068999979, 0.0 ], [ 113.41396045700003, -6.888036227999976, 0.0 ], [ 113.414088780000043, -6.887907004999931, 0.0 ], [ 113.414177506000101, -6.887848595999969, 0.0 ], [ 113.414287961000014, -6.887817353999935, 0.0 ], [ 113.414386219000107, -6.887842163999949, 0.0 ], [ 113.414548377000074, -6.887906759999964, 0.0 ], [ 113.414653592000036, -6.887931354999978, 0.0 ], [ 113.414765119000094, -6.887934876999964, 0.0 ], [ 113.414895802000046, -6.887882133999938, 0.0 ], [ 113.415018884, -6.887808746999951, 0.0 ], [ 113.415146992000018, -6.887672571999929, 0.0 ], [ 113.415240958000027, -6.887558325999976, 0.0 ], [ 113.415343383000049, -6.887492535999968, 0.0 ], [ 113.415433825000036, -6.88748974799995, 0.0 ], [ 113.415624025000056, -6.887560438999969, 0.0 ], [ 113.415737698000044, -6.887633487999949, 0.0 ], [ 113.415913340000088, -6.887683748999962, 0.0 ], [ 113.416053768000097, -6.887721176999946, 0.0 ], [ 113.416262693000021, -6.887721696999961, 0.0 ], [ 113.416436405000013, -6.887709383999947, 0.0 ], [ 113.416608184000097, -6.887634495999976, 0.0 ], [ 113.416750849000096, -6.88751874999997, 0.0 ], [ 113.41683571100009, -6.887335192999956, 0.0 ], [ 113.416831420000108, -6.887196139999958, 0.0 ], [ 113.416828202000033, -6.887091849999933, 0.0 ], [ 113.416723409000042, -6.886896344999968, 0.0 ], [ 113.416737685000044, -6.886832098999946, 0.0 ], [ 113.416780516000017, -6.886782130999961, 0.0 ], [ 113.416924619000042, -6.886831384999937, 0.0 ], [ 113.41718083100011, -6.88680106399994, 0.0 ], [ 113.417181262000099, -6.886801012999967, 0.0 ], [ 113.417181808, -6.886801327999933, 0.0 ], [ 113.417550012000106, -6.887013928999977, 0.0 ], [ 113.417662397000072, -6.887045260999969, 0.0 ], [ 113.417795008000098, -6.887055091999969, 0.0 ], [ 113.417877419000092, -6.887017755999977, 0.0 ], [ 113.417923543000029, -6.886932822999938, 0.0 ], [ 113.41797031100009, -6.886868748999973, 0.0 ], [ 113.418039666000027, -6.886859651999941, 0.0 ], [ 113.418146595000053, -6.886939866999967, 0.0 ], [ 113.418273532000057, -6.886925911999981, 0.0 ], [ 113.418274909000047, -6.886925760999929, 0.0 ], [ 113.4186554690001, -6.886895903999971, 0.0 ], [ 113.418673767000087, -6.88689446799998, 0.0 ], [ 113.419129455000075, -6.88697220499995, 0.0 ], [ 113.419338377000031, -6.886972723999975, 0.0 ], [ 113.419505772000093, -6.886981481999953, 0.0 ], [ 113.419631640000034, -6.886998479999932, 0.0 ], [ 113.419779023000046, -6.887035691999927, 0.0 ], [ 113.419905535000112, -6.887073546999943, 0.0 ], [ 113.41999897900007, -6.887168094999936, 0.0 ], [ 113.420126993000054, -6.887254617999929, 0.0 ], [ 113.420289577000062, -6.887333115999979, 0.0 ], [ 113.420395862000078, -6.887392471999931, 0.0 ], [ 113.420486945000107, -6.887410541999941, 0.0 ], [ 113.420553939000115, -6.887324965999937, 0.0 ], [ 113.420580693000034, -6.887289345999932, 0.0 ], [ 113.420650047000095, -6.887280247999968, 0.0 ], [ 113.420754830000078, -6.887290935999943, 0.0 ], [ 113.420859398000061, -6.887294671999939, 0.0 ], [ 113.420942665000098, -6.887285144999964, 0.0 ], [ 113.42120981700009, -6.887367377999965, 0.0 ], [ 113.421427196000081, -6.887416348999977, 0.0 ], [ 113.421595019000051, -6.887439010999969, 0.0 ], [ 113.421845681000036, -6.887438241999973, 0.0 ], [ 113.421963947000108, -6.887434594999945, 0.0 ], [ 113.422144825000032, -6.887429017999978, 0.0 ], [ 113.422347646000048, -6.887457559999973, 0.0 ], [ 113.422508083000025, -6.887466530999973, 0.0 ], [ 113.422632447000069, -6.887434859999928, 0.0 ], [ 113.42280615300001, -6.887422544999936, 0.0 ], [ 113.422952890000033, -6.887438897999971, 0.0 ], [ 113.42313591300001, -6.887502844999972, 0.0 ], [ 113.423325894000072, -6.887566577999962, 0.0 ], [ 113.423481305000109, -6.887638334999963, 0.0 ], [ 113.423684769000033, -6.88768773299995, 0.0 ], [ 113.424154465000015, -6.887752950999925, 0.0 ], [ 113.424488084000018, -6.887686392999967, 0.0 ], [ 113.424711259000105, -6.887795780999966, 0.0 ], [ 113.425032486000077, -6.887874302999933, 0.0 ], [ 113.425141651000104, -6.887882131999959, 0.0 ], [ 113.425267537000082, -6.887902014999952, 0.0 ], [ 113.425343399000099, -6.887956696999936, 0.0 ], [ 113.425464669, -6.88805038299995, 0.0 ], [ 113.425647048000087, -6.888093470999934, 0.0 ], [ 113.425871381000093, -6.888142222999932, 0.0 ], [ 113.426066169000023, -6.888136214999975, 0.0 ], [ 113.426330310000026, -6.88812110899994, 0.0 ], [ 113.426906858000052, -6.88807548799997, 0.0 ], [ 113.427108387000089, -6.888062312999978, 0.0 ], [ 113.427283163000084, -6.888084756999945, 0.0 ], [ 113.427451627000096, -6.88812827299995, 0.0 ], [ 113.427613563000023, -6.888185907999969, 0.0 ], [ 113.427816810000081, -6.888228350999952, 0.0 ], [ 113.428005284000051, -6.888243412999941, 0.0 ], [ 113.428249841000024, -6.888270662999957, 0.0 ], [ 113.428480270000023, -6.888291389999949, 0.0 ], [ 113.428641561000063, -6.88832816799993, 0.0 ], [ 113.428873493000083, -6.88839755999993, 0.0 ], [ 113.42912522000006, -6.888431546999925, 0.0 ], [ 113.429250440000033, -6.888427683999964, 0.0 ], [ 113.429355004000058, -6.888431415999946, 0.0 ], [ 113.429593287000102, -6.888381286999959, 0.0 ], [ 113.42959419500005, -6.888380212999948, 0.0 ], [ 113.429670928000064, -6.888289449999945, 0.0 ], [ 113.429754622000019, -6.888293825999938, 0.0 ], [ 113.430028722000088, -6.888375834999977, 0.0 ], [ 113.430169357000068, -6.888420206999967, 0.0 ], [ 113.430274565000104, -6.888444796999977, 0.0 ], [ 113.43031673400003, -6.888457412999969, 0.0 ], [ 113.43031759400003, -6.888485221999929, 0.0 ], [ 113.430284208000103, -6.888602349999928, 0.0 ], [ 113.430283946000031, -6.88860326899993, 0.0 ], [ 113.430187912000065, -6.888795413999958, 0.0 ], [ 113.430491127000096, -6.88891827599997, 0.0 ], [ 113.430564213000025, -6.888804678999975, 0.0 ], [ 113.430673371000012, -6.888731721999932, 0.0 ], [ 113.430804042000091, -6.888678977999973, 0.0 ], [ 113.43090014500001, -6.888634258999957, 0.0 ], [ 113.430981906000056, -6.888576064999938, 0.0 ], [ 113.430942418000086, -6.888441020999949, 0.0 ], [ 113.430942049, -6.888439759999926, 0.0 ], [ 113.431065956000111, -6.88831462099995, 0.0 ], [ 113.431032487000039, -6.888184807999949, 0.0 ], [ 113.431185953000067, -6.888112547999981, 0.0 ], [ 113.431396244000098, -6.888013530999956, 0.0 ], [ 113.431736328000056, -6.887928988999931, 0.0 ], [ 113.432098096000118, -6.887928020999937, 0.0 ], [ 113.432336880000094, -6.887946316999944, 0.0 ], [ 113.432528261000016, -6.88796150099995, 0.0 ], [ 113.432623428000056, -6.88796905099997, 0.0 ], [ 113.432685651000043, -6.88797294699998, 0.0 ], [ 113.432686104000027, -6.887973082999963, 0.0 ], [ 113.432787660000031, -6.888003559999959, 0.0 ], [ 113.432853746000092, -6.888001519999932, 0.0 ], [ 113.432895163000012, -6.887989803999972, 0.0 ], [ 113.432910702000072, -6.887984566999933, 0.0 ], [ 113.433014903000071, -6.88794945199993, 0.0 ], [ 113.433146926000063, -6.887882959999956, 0.0 ], [ 113.433285627000032, -6.887864762999925, 0.0 ], [ 113.433438669000111, -6.887860039999964, 0.0 ], [ 113.433551477000037, -6.887905269999976, 0.0 ], [ 113.433780900000102, -6.887981665999973, 0.0 ], [ 113.43378318200007, -6.887982425999951, 0.0 ], [ 113.433991299000013, -6.887971215999926, 0.0 ], [ 113.434103626000024, -6.887965677999944, 0.0 ], [ 113.434105080000109, -6.887964684999929, 0.0 ], [ 113.434232997000095, -6.887877277999962, 0.0 ], [ 113.434350827000117, -6.887859723999952, 0.0 ], [ 113.434468178000088, -6.887856101999944, 0.0 ], [ 113.434553788000017, -6.887809878999974, 0.0 ], [ 113.434608473000026, -6.887776876999965, 0.0 ], [ 113.434670544000028, -6.887757564999959, 0.0 ], [ 113.434705756000085, -6.887770394999961, 0.0 ], [ 113.434738564000099, -6.887818093999954, 0.0 ], [ 113.434799412000075, -6.887871885999971, 0.0 ], [ 113.434901462000084, -6.887907008999946, 0.0 ], [ 113.435051718000068, -6.887918298999978, 0.0 ], [ 113.435238293000111, -6.887893868999981, 0.0 ], [ 113.43524410100008, -6.887893108999947, 0.0 ], [ 113.435548616, -6.887906163999958, 0.0 ], [ 113.435643074000041, -6.887908474999961, 0.0 ], [ 113.435698296000055, -6.887892852999926, 0.0 ], [ 113.435746346000087, -6.887870493999969, 0.0 ], [ 113.435793967000109, -6.887834230999943, 0.0 ], [ 113.435813654000071, -6.887795349999976, 0.0 ], [ 113.435843025000054, -6.887731814999938, 0.0 ], [ 113.435854179000103, -6.88770188999996, 0.0 ], [ 113.435878222000042, -6.887679698999932, 0.0 ], [ 113.435980982000046, -6.887664229999928, 0.0 ], [ 113.4362079120001, -6.887686734999932, 0.0 ], [ 113.436476638000045, -6.887713385999973, 0.0 ], [ 113.436727755000106, -6.887738289999959, 0.0 ], [ 113.436813906000111, -6.887744747999932, 0.0 ], [ 113.436965797000084, -6.887787621999962, 0.0 ], [ 113.43709165700011, -6.887804612999957, 0.0 ], [ 113.4372064370001, -6.887801069999966, 0.0 ], [ 113.437300240000013, -6.887794694999968, 0.0 ], [ 113.43732470100008, -6.887776067999937, 0.0 ], [ 113.437371671000051, -6.887740299999962, 0.0 ], [ 113.437423414000023, -6.887724784999932, 0.0 ], [ 113.437524711000037, -6.887735575999955, 0.0 ], [ 113.437594596000054, -6.887743855999929, 0.0 ], [ 113.437714144000097, -6.887781917999973, 0.0 ], [ 113.43772552300004, -6.88778674699995, 0.0 ], [ 113.437733305000052, -6.887790048999932, 0.0 ], [ 113.4377850730001, -6.887793707999947, 0.0 ], [ 113.437874087000068, -6.887766474999978, 0.0 ], [ 113.437889193000046, -6.887761852999972, 0.0 ], [ 113.437906155000064, -6.887757144999966, 0.0 ], [ 113.437985575000084, -6.887735099999929, 0.0 ], [ 113.438195092000115, -6.887675957999932, 0.0 ], [ 113.438372573000038, -6.887634931999969, 0.0 ], [ 113.438593394, -6.887651615999971, 0.0 ], [ 113.438715124000055, -6.887660813999958, 0.0 ], [ 113.439250269000013, -6.887778074999972, 0.0 ], [ 113.439530240000067, -6.887825100999976, 0.0 ], [ 113.439683494000064, -6.887827327999958, 0.0 ], [ 113.439864572000033, -6.887828694999939, 0.0 ], [ 113.44008107600007, -6.887849844999948, 0.0 ], [ 113.440214105000109, -6.887873571999933, 0.0 ], [ 113.440368648000117, -6.887917509999966, 0.0 ], [ 113.440551230000096, -6.887967540999966, 0.0 ], [ 113.440740339000058, -6.888003453999943, 0.0 ], [ 113.440951606000112, -6.888080432999971, 0.0 ], [ 113.44111288900001, -6.888117203999968, 0.0 ], [ 113.441260690000036, -6.888168307999933, 0.0 ], [ 113.441386977000093, -6.888199200999964, 0.0 ], [ 113.441519361000019, -6.888202071999956, 0.0 ], [ 113.441665442000044, -6.88819756099997, 0.0 ], [ 113.441755873000034, -6.888194767999948, 0.0 ], [ 113.442084320000049, -6.888233334999939, 0.0 ], [ 113.44228691, -6.888254912999969, 0.0 ], [ 113.44237798600011, -6.888272975999939, 0.0 ], [ 113.44251926000004, -6.888338197999929, 0.0 ], [ 113.442846554000084, -6.888564678999956, 0.0 ], [ 113.443030425000075, -6.888656418999972, 0.0 ], [ 113.443221897000058, -6.888768798999934, 0.0 ], [ 113.443454246000101, -6.888852082999961, 0.0 ], [ 113.443721161000099, -6.888927339999952, 0.0 ], [ 113.443994172000089, -6.888974574999963, 0.0 ], [ 113.444057304000012, -6.888982853999948, 0.0 ], [ 113.444294792000051, -6.889013997999939, 0.0 ], [ 113.444609540000101, -6.88905994299995, 0.0 ], [ 113.444874518, -6.889072632999955, 0.0 ], [ 113.445203392000053, -6.889125098999955, 0.0 ], [ 113.445511828, -6.889192112999979, 0.0 ], [ 113.445749196000065, -6.889212613999973, 0.0 ], [ 113.446035042000062, -6.889224657999932, 0.0 ], [ 113.446299589000091, -6.889223442999935, 0.0 ], [ 113.446804555000085, -6.889309117999971, 0.0 ], [ 113.447104367000065, -6.889366224999947, 0.0 ], [ 113.447361348000072, -6.889309117999971, 0.0 ], [ 113.447575500000085, -6.889244872999939, 0.0 ], [ 113.447696852000036, -6.889216318999956, 0.0 ], [ 113.447811067000089, -6.889230595999948, 0.0 ], [ 113.447896727000057, -6.88925201099994, 0.0 ], [ 113.447968111000023, -6.88925914999993, 0.0 ], [ 113.448025218000112, -6.889230595999948, 0.0 ], [ 113.448046633000104, -6.889180626999973, 0.0 ], [ 113.448010941, -6.889116381999941, 0.0 ], [ 113.448003803, -6.889044997999974, 0.0 ], [ 113.448046633000104, -6.889002167999934, 0.0 ], [ 113.448168094000039, -6.888951249999934, 0.0 ], [ 113.448298352000052, -6.888922911999941, 0.0 ], [ 113.448610565000081, -6.889009305999934, 0.0 ], [ 113.448867547000077, -6.88914493599998, 0.0 ], [ 113.449124529000073, -6.889280564999979, 0.0 ], [ 113.449288712000111, -6.889309117999971, 0.0 ], [ 113.449402926000062, -6.889309117999971, 0.0 ], [ 113.449502863000021, -6.889280564999979, 0.0 ], [ 113.449653466000086, -6.88928164899994, 0.0 ], [ 113.449717007000118, -6.889302344999976, 0.0 ], [ 113.449902613000063, -6.889487577999944, 0.0 ], [ 113.44998113500003, -6.889580376999959, 0.0 ], [ 113.450016827000013, -6.889644621999935, 0.0 ], [ 113.450081072000103, -6.889658898999926, 0.0 ], [ 113.450145318000068, -6.88959465399995, 0.0 ], [ 113.450285264000058, -6.889514585999962, 0.0 ], [ 113.450404332000062, -6.889546649999943, 0.0 ], [ 113.450492005000115, -6.889597885999933, 0.0 ], [ 113.450752080000029, -6.889658898999926, 0.0 ], [ 113.450887710000075, -6.88973742099995, 0.0 ], [ 113.451012846000026, -6.889860978999934, 0.0 ], [ 113.451151830000072, -6.890108616999953, 0.0 ], [ 113.451330289000111, -6.890265661999933, 0.0 ], [ 113.451501611000026, -6.890315629999975, 0.0 ], [ 113.451787673000013, -6.890396792999979, 0.0 ], [ 113.451877312000079, -6.890481, 0.0 ], [ 113.451780008000014, -6.890601165999954, 0.0 ], [ 113.451780008000014, -6.890736794999953, 0.0 ], [ 113.451901360000079, -6.890922392999926, 0.0 ], [ 113.45202985100002, -6.891165097999931, 0.0 ], [ 113.452108373000101, -6.891364972999952, 0.0 ], [ 113.452186895000068, -6.891514878999942, 0.0 ], [ 113.452386770000089, -6.891500601999951, 0.0 ], [ 113.452465292000056, -6.891414940999937, 0.0 ], [ 113.452579506, -6.891379248999954, 0.0 ], [ 113.45280793500001, -6.891407802999936, 0.0 ], [ 113.453100608000113, -6.891457771999967, 0.0 ], [ 113.453229099000055, -6.891472047999969, 0.0 ], [ 113.4533647290001, -6.891464909999968, 0.0 ], [ 113.453493219000052, -6.891364972999952, 0.0 ], [ 113.453593157000114, -6.891322141999979, 0.0 ], [ 113.453890234000028, -6.891292017999945, 0.0 ], [ 113.454078473000095, -6.891300113999932, 0.0 ], [ 113.454265421000059, -6.891266500999961, 0.0 ], [ 113.454725475000032, -6.891083142999946, 0.0 ], [ 113.455026814, -6.891010421999965, 0.0 ], [ 113.455420378000099, -6.891015083999946, 0.0 ], [ 113.455635364000045, -6.890987561999964, 0.0 ], [ 113.455751461000091, -6.890914389999978, 0.0 ], [ 113.455832778000058, -6.89084229499997, 0.0 ], [ 113.455947030000061, -6.890705646999947, 0.0 ], [ 113.45611300600001, -6.890679687999977, 0.0 ], [ 113.456312881000031, -6.890701102999969, 0.0 ], [ 113.456530103000091, -6.89070881899994, 0.0 ], [ 113.456625734000113, -6.890751399999942, 0.0 ], [ 113.456829147, -6.890977284999963, 0.0 ], [ 113.456831534000116, -6.890978796999946, 0.0 ], [ 113.457108196000036, -6.891154051999933, 0.0 ], [ 113.457111740000073, -6.891156296999952, 0.0 ], [ 113.457537245000026, -6.891248814999926, 0.0 ], [ 113.457747210000093, -6.891284068999937, 0.0 ], [ 113.458180951000031, -6.891241531999981, 0.0 ], [ 113.458182617000034, -6.891241277999939, 0.0 ], [ 113.45839933000002, -6.891208233999976, 0.0 ], [ 113.458570437000049, -6.891313688999958, 0.0 ], [ 113.458572152000102, -6.891314745999978, 0.0 ], [ 113.458803558000113, -6.891446218999931, 0.0 ], [ 113.458943534000014, -6.891469720999964, 0.0 ], [ 113.459103946000027, -6.891478674999973, 0.0 ], [ 113.459221763000073, -6.89146111499997, 0.0 ], [ 113.459262852000052, -6.891438969999967, 0.0 ], [ 113.459405212000092, -6.891249692999963, 0.0 ], [ 113.459466986000052, -6.891199626999935, 0.0 ], [ 113.459537452000063, -6.891160198999955, 0.0 ], [ 113.459608198000069, -6.891127817999973, 0.0 ], [ 113.459892162000074, -6.891301215999931, 0.0 ], [ 113.460006683000074, -6.891402042999971, 0.0 ], [ 113.460133823000092, -6.891460731999928, 0.0 ], [ 113.460323780000067, -6.891524434999951, 0.0 ], [ 113.46050527400007, -6.89153969399996, 0.0 ], [ 113.460624813000095, -6.89157774399996, 0.0 ], [ 113.46076009300009, -6.891721891999964, 0.0 ], [ 113.46095283000011, -6.891857520999963, 0.0 ], [ 113.461117012000045, -6.891914627999938, 0.0 ], [ 113.461533723000116, -6.891925350999941, 0.0 ], [ 113.461659356000041, -6.89193537999995, 0.0 ], [ 113.461791513000094, -6.891931290999935, 0.0 ], [ 113.461916715000029, -6.891927416999977, 0.0 ], [ 113.462041271000089, -6.891902688999949, 0.0 ], [ 113.462216885000089, -6.891952917999959, 0.0 ], [ 113.462446421000095, -6.891945815999975, 0.0 ], [ 113.462555988000076, -6.891886761999956, 0.0 ], [ 113.462707289000036, -6.891826416999947, 0.0 ], [ 113.462863176000042, -6.891689393999968, 0.0 ], [ 113.462911220000024, -6.891667032999976, 0.0 ], [ 113.462980991000109, -6.891671831999929, 0.0 ], [ 113.463058795000052, -6.89171117199993, 0.0 ], [ 113.463146817000052, -6.891743236999957, 0.0 ], [ 113.463455201000102, -6.891921557999979, 0.0 ], [ 113.46370824600001, -6.892114502999959, 0.0 ], [ 113.463950951000015, -6.892264408999949, 0.0 ], [ 113.464143687000046, -6.892285823999941, 0.0 ], [ 113.464364977000059, -6.89227154699995, 0.0 ], [ 113.464630201000091, -6.89209392999993, 0.0 ], [ 113.464733458000069, -6.892055944999981, 0.0 ], [ 113.464865613000029, -6.892051854999977, 0.0 ], [ 113.464942340000107, -6.89205643799994, 0.0 ], [ 113.465027099000054, -6.892095561999952, 0.0 ], [ 113.465147928000079, -6.892175315999964, 0.0 ], [ 113.465255062000097, -6.892262451999954, 0.0 ], [ 113.46545001100003, -6.892450006999979, 0.0 ], [ 113.465571363000095, -6.892471421999971, 0.0 ], [ 113.465822554000056, -6.892377084999964, 0.0 ], [ 113.466009923000115, -6.892357369999957, 0.0 ], [ 113.4661275200001, -6.892332856999928, 0.0 ], [ 113.466245980000053, -6.89233614799997, 0.0 ], [ 113.46637182500001, -6.892353125999932, 0.0 ], [ 113.466518968000059, -6.89238335999994, 0.0 ], [ 113.466806789000088, -6.892440420999947, 0.0 ], [ 113.467214673000058, -6.892591429999925, 0.0 ], [ 113.4673485510001, -6.892642947999946, 0.0 ], [ 113.467537426000035, -6.892671889999974, 0.0 ], [ 113.467691740000078, -6.892708858999981, 0.0 ], [ 113.467923425000095, -6.892771262999929, 0.0 ], [ 113.468183148000094, -6.89283975799998, 0.0 ], [ 113.4683731, -6.892903453999963, 0.0 ], [ 113.468520242000068, -6.892933686999982, 0.0 ], [ 113.468688251000117, -6.892963273999953, 0.0 ], [ 113.468835177000074, -6.892986554999936, 0.0 ], [ 113.468989059000023, -6.893009620999976, 0.0 ], [ 113.46912924500009, -6.893040068999937, 0.0 ], [ 113.469268785000054, -6.893049663999932, 0.0 ], [ 113.469381150000117, -6.89308097299994, 0.0 ], [ 113.469535462000067, -6.893117940999957, 0.0 ], [ 113.469661737000024, -6.893148819999965, 0.0 ], [ 113.469907548000037, -6.89321774299998, 0.0 ], [ 113.470089466000104, -6.893246897999973, 0.0 ], [ 113.470187704000068, -6.893271685999935, 0.0 ], [ 113.470300068000029, -6.893302994999942, 0.0 ], [ 113.470433730000082, -6.893347559999938, 0.0 ], [ 113.470573915000045, -6.893378006999967, 0.0 ], [ 113.470784301000094, -6.893427152999948, 0.0 ], [ 113.471028602000047, -6.893447417999937, 0.0 ], [ 113.471154446000014, -6.893464392999931, 0.0 ], [ 113.471238772000106, -6.893489611999939, 0.0 ], [ 113.471315713000081, -6.893501144999959, 0.0 ], [ 113.47137831100008, -6.893499205999944, 0.0 ], [ 113.471563572000036, -6.893485186999953, 0.0 ], [ 113.472573217000104, -6.893688355999927, 0.0 ], [ 113.472695403000102, -6.893764547999979, 0.0 ], [ 113.472830141000031, -6.893843864999951, 0.0 ], [ 113.472963802000095, -6.893888427999968, 0.0 ], [ 113.473103986000069, -6.893918873999951, 0.0 ], [ 113.473208316000068, -6.893915641999968, 0.0 ], [ 113.473334159000046, -6.893932616999962, 0.0 ], [ 113.473467388000017, -6.893963276999955, 0.0 ], [ 113.47370602400008, -6.894025460999956, 0.0 ], [ 113.473791213000027, -6.894078481999941, 0.0 ], [ 113.47386292200008, -6.89414583599995, 0.0 ], [ 113.473907672000109, -6.894241855999951, 0.0 ], [ 113.473965471000042, -6.89430964099995, 0.0 ], [ 113.47407066300002, -6.894334211999933, 0.0 ], [ 113.474161297000023, -6.894338361999928, 0.0 ], [ 113.474327578000043, -6.894312337999963, 0.0 ], [ 113.474423442000102, -6.894260664999933, 0.0 ], [ 113.474685703000091, -6.894169934999979, 0.0 ], [ 113.474685801000078, -6.894169900999941, 0.0 ], [ 113.475164938000034, -6.894163796999976, 0.0 ], [ 113.47531799, -6.894161847999953, 0.0 ], [ 113.475683640000057, -6.894263366999951, 0.0 ], [ 113.475886636000041, -6.894298822999929, 0.0 ], [ 113.47601334, -6.894343598999967, 0.0 ], [ 113.476216336000107, -6.894379054999945, 0.0 ], [ 113.476419116000102, -6.894407558999944, 0.0 ], [ 113.476579949000097, -6.89443040499998, 0.0 ], [ 113.476877171000069, -6.894416079999928, 0.0 ], [ 113.477239777000023, -6.894604767999965, 0.0 ], [ 113.477347125000051, -6.894698845999926, 0.0 ], [ 113.477460781000104, -6.894771855999977, 0.0 ], [ 113.4775798820001, -6.894795994999981, 0.0 ], [ 113.477725941000017, -6.894791467999937, 0.0 ], [ 113.477859384000112, -6.89482907699994, 0.0 ], [ 113.47796522100009, -6.894874498999968, 0.0 ], [ 113.478106266000054, -6.894932744999949, 0.0 ], [ 113.478225151000061, -6.894949932999964, 0.0 ], [ 113.478364017000104, -6.894950584999947, 0.0 ], [ 113.478420112000094, -6.894950847999951, 0.0 ], [ 113.47853748700004, -6.894919380999966, 0.0 ], [ 113.478641599000071, -6.894909196999947, 0.0 ], [ 113.478801784000098, -6.89491118899997, 0.0 ], [ 113.478900019000093, -6.894935973999964, 0.0 ], [ 113.478970649000075, -6.894968571999925, 0.0 ], [ 113.479034324000054, -6.895001385999933, 0.0 ], [ 113.479117785000085, -6.89499879899995, 0.0 ], [ 113.479193861000113, -6.894982525999978, 0.0 ], [ 113.479401727000095, -6.894928415999971, 0.0 ], [ 113.479706208000039, -6.894977578999942, 0.0 ], [ 113.479709462000073, -6.894978103999961, 0.0 ], [ 113.479807089000019, -6.894998229999942, 0.0 ], [ 113.480167231000109, -6.895072472999971, 0.0 ], [ 113.48059532000002, -6.895160722999947, 0.0 ], [ 113.480819192000013, -6.895212449999974, 0.0 ], [ 113.48104959200009, -6.895293586999969, 0.0 ], [ 113.48143558400011, -6.895429516999968, 0.0 ], [ 113.481573219000097, -6.895604505999927, 0.0 ], [ 113.48169426100003, -6.895691198999941, 0.0 ], [ 113.481918765000046, -6.895746853999981, 0.0 ], [ 113.482073287000048, -6.895790764999958, 0.0 ], [ 113.482215194000105, -6.895876809999947, 0.0 ], [ 113.482336235000048, -6.895963501999972, 0.0 ], [ 113.482422717000077, -6.896058222999955, 0.0 ], [ 113.48252246100003, -6.89613165999998, 0.0 ], [ 113.48267153900008, -6.896224439999969, 0.0 ], [ 113.482749123000076, -6.896256820999952, 0.0 ], [ 113.482869086000051, -6.896308758999965, 0.0 ], [ 113.482996219000029, -6.896367431999977, 0.0 ], [ 113.483088577000103, -6.896427183999947, 0.0 ], [ 113.483131602000071, -6.896467592999954, 0.0 ], [ 113.483127021000087, -6.896544265999978, 0.0 ], [ 113.483108961000084, -6.896635269999933, 0.0 ], [ 113.483386190000033, -6.896718128999964, 0.0 ], [ 113.483377931000064, -6.896895528999949, 0.0 ], [ 113.483375275000071, -6.896952571999975, 0.0 ], [ 113.483364151000046, -6.897191494999959, 0.0 ], [ 113.483350101000042, -6.89781495099993, 0.0 ], [ 113.483318840000038, -6.89845584699998, 0.0 ], [ 113.483330243000069, -6.898864173999925, 0.0 ], [ 113.483330273000092, -6.898865257999944, 0.0 ], [ 113.483338949000085, -6.899175930999945, 0.0 ], [ 113.483340111000075, -6.899217548999957, 0.0 ], [ 113.483320656000046, -6.89968932599993, 0.0 ], [ 113.483315135000112, -6.899823200999947, 0.0 ], [ 113.483309393000013, -6.899962444999971, 0.0 ], [ 113.483252673000038, -6.90015524699993, 0.0 ], [ 113.483203806, -6.900321356999939, 0.0 ], [ 113.48303321800006, -6.90092827999996, 0.0 ], [ 113.48282822200008, -6.90150095599995, 0.0 ], [ 113.482483908000063, -6.901970082999981, 0.0 ], [ 113.481983311000022, -6.902457734999928, 0.0 ], [ 113.481465711000055, -6.902945293999949, 0.0 ], [ 113.480861325000092, -6.903450562999979, 0.0 ], [ 113.480377753000084, -6.903885987999956, 0.0 ], [ 113.479807876000109, -6.904373818999943, 0.0 ], [ 113.479116533000024, -6.904792975999953, 0.0 ], [ 113.478615027000046, -6.905107230999931, 0.0 ], [ 113.477975132000097, -6.905439735999948, 0.0 ], [ 113.477698752000038, -6.905666348999944, 0.0 ], [ 113.477482379000094, -6.905985371999975, 0.0 ], [ 113.477474887000085, -6.905996418999962, 0.0 ], [ 113.477465193000057, -6.906065232999936, 0.0 ], [ 113.477421957000047, -6.90637213499997, 0.0 ], [ 113.47741484900007, -6.906487872999946, 0.0 ], [ 113.477406008000116, -6.906631819999973, 0.0 ], [ 113.477304910000043, -6.90715199899995, 0.0 ], [ 113.477219207000076, -6.907377529999962, 0.0 ], [ 113.476977245000057, -6.90756926399996, 0.0 ], [ 113.476630923000016, -6.907640278999963, 0.0 ], [ 113.476319398000101, -6.907763160999934, 0.0 ], [ 113.476176047000081, -6.907895821999944, 0.0 ], [ 113.476112410000042, -6.907954712999981, 0.0 ], [ 113.476065937000044, -6.908077054999978, 0.0 ], [ 113.476026706000084, -6.908180332999962, 0.0 ], [ 113.476097801000037, -6.90854356799997, 0.0 ], [ 113.476238471000102, -6.908906442999978, 0.0 ], [ 113.476551980000067, -6.909164503999932, 0.0 ], [ 113.47670997900002, -6.909475330999953, 0.0 ], [ 113.476919854000016, -6.909837933999938, 0.0 ], [ 113.476931834000084, -6.910084153999946, 0.0 ], [ 113.476939228000106, -6.91023613599998, 0.0 ], [ 113.476871378000055, -6.910496180999928, 0.0 ], [ 113.476785585000016, -6.910704542999952, 0.0 ], [ 113.476631023000095, -6.910982296999975, 0.0 ], [ 113.476459177000038, -6.911277579999933, 0.0 ], [ 113.476343731000043, -6.911544803999959, 0.0 ], [ 113.476339142000029, -6.91155542599995, 0.0 ], [ 113.476335206000044, -6.911590485999966, 0.0 ], [ 113.476306074000036, -6.911849987999972, 0.0 ], [ 113.476220597000065, -6.91219072399997, 0.0 ], [ 113.476083893, -6.912589737999951, 0.0 ], [ 113.475897330000066, -6.913106459999938, 0.0 ], [ 113.475895918000106, -6.91311036999997, 0.0 ], [ 113.475863931000049, -6.913612570999931, 0.0 ], [ 113.475883847000091, -6.914114592999965, 0.0 ], [ 113.475971884000046, -6.914408524999942, 0.0 ], [ 113.476130220000073, -6.914840610999931, 0.0 ], [ 113.476202052000076, -6.915273327999955, 0.0 ], [ 113.476208468000095, -6.915435031999948, 0.0 ], [ 113.476221970000097, -6.915775349999933, 0.0 ], [ 113.476102836000109, -6.916226046999952, 0.0 ], [ 113.476001185000086, -6.916711713999973, 0.0 ], [ 113.475944988000037, -6.917048324999939, 0.0 ], [ 113.475917298000013, -6.917214184999978, 0.0 ], [ 113.475988667000024, -6.917629464999948, 0.0 ], [ 113.47619837700006, -6.917888065999932, 0.0 ], [ 113.47649423200005, -6.918077001999961, 0.0 ], [ 113.476737992000039, -6.918300906999946, 0.0 ], [ 113.476877314000035, -6.918404094999971, 0.0 ], [ 113.476915050000116, -6.918521189999979, 0.0 ], [ 113.47698313300009, -6.918732450999926, 0.0 ], [ 113.476984419000019, -6.918979042999979, 0.0 ], [ 113.476985661000072, -6.919217303999972, 0.0 ], [ 113.476932083000065, -6.919608343999926, 0.0 ], [ 113.476924669000027, -6.919662457999948, 0.0 ], [ 113.477014888000099, -6.920374196999944, 0.0 ], [ 113.477189699000064, -6.920718637999926, 0.0 ], [ 113.477364173000069, -6.920998203999943, 0.0 ], [ 113.477451432000066, -6.921213706999936, 0.0 ], [ 113.477389178000067, -6.921688685999925, 0.0 ], [ 113.477477937000117, -6.922119958999929, 0.0 ], [ 113.47761020900009, -6.922572509999952, 0.0 ], [ 113.477719845000024, -6.922917198999926, 0.0 ], [ 113.477830153000014, -6.923305167999956, 0.0 ], [ 113.477939565000042, -6.923606847999963, 0.0 ], [ 113.477960219000011, -6.923820379999938, 0.0 ], [ 113.47796250500005, -6.923844009999925, 0.0 ], [ 113.477835448000064, -6.924319508999929, 0.0 ], [ 113.477105168000094, -6.925127690999943, 0.0 ], [ 113.475036556000077, -6.92676836499993, 0.0 ], [ 113.474706717000117, -6.927056702999948, 0.0 ], [ 113.474145197000098, -6.927379317999964, 0.0 ], [ 113.473617449000017, -6.927756874999943, 0.0 ], [ 113.473442391000049, -6.928066543999932, 0.0 ], [ 113.473265334000075, -6.928636457999971, 0.0 ], [ 113.473157073000039, -6.929055925999933, 0.0 ], [ 113.473092156, -6.929320926999935, 0.0 ], [ 113.473027600000023, -6.929640953999979, 0.0 ], [ 113.473007021000058, -6.929927769999949, 0.0 ], [ 113.472832117000053, -6.930281352999941, 0.0 ], [ 113.472602333000054, -6.930679496999971, 0.0 ], [ 113.472284389000038, -6.931133128999932, 0.0 ], [ 113.471898957, -6.931344588999934, 0.0 ], [ 113.471510621000107, -6.931600699999933, 0.0 ], [ 113.471359677, -6.93170024899996, 0.0 ], [ 113.470907389000104, -6.931790702999933, 0.0 ], [ 113.470521151000071, -6.93184783199996, 0.0 ], [ 113.470134196000117, -6.931695601999934, 0.0 ], [ 113.469945283000015, -6.931464993999953, 0.0 ], [ 113.469623201000104, -6.931125019999968, 0.0 ], [ 113.469367934000047, -6.930883642999959, 0.0 ], [ 113.469079614000066, -6.93065373099995, 0.0 ], [ 113.468857705, -6.930445431999942, 0.0 ], [ 113.468679584000029, -6.930181785999935, 0.0 ], [ 113.468545629, -6.929906885999969, 0.0 ], [ 113.468543908000015, -6.929576177999934, 0.0 ], [ 113.468520858000034, -6.929388802999938, 0.0 ], [ 113.468332177000093, -6.929202467999971, 0.0 ], [ 113.468111113000077, -6.929170454999962, 0.0 ], [ 113.467912639000019, -6.929237628999942, 0.0 ], [ 113.467715388000101, -6.929525364999961, 0.0 ], [ 113.467584232000036, -6.92978826999996, 0.0 ], [ 113.467488416000037, -6.930192674999944, 0.0 ], [ 113.467393682000079, -6.930805081999949, 0.0 ], [ 113.46734554000011, -6.930986642999926, 0.0 ], [ 113.467309204000117, -6.93112367699996, 0.0 ], [ 113.467142962000025, -6.931351432999975, 0.0 ], [ 113.467124, -6.931439679999926, 0.0 ], [ 113.466899543000068, -6.932484270999964, 0.0 ], [ 113.466742787000044, -6.932987032999961, 0.0 ], [ 113.466708239000013, -6.933427715999926, 0.0 ], [ 113.466669224000043, -6.933912968999948, 0.0 ], [ 113.466560560000062, -6.934256176999952, 0.0 ], [ 113.466366835000031, -6.934734643999946, 0.0 ], [ 113.466013292000071, -6.935127918999967, 0.0 ], [ 113.465793599000108, -6.935288183999944, 0.0 ], [ 113.465524418000086, -6.93541192999993, 0.0 ], [ 113.465156481, -6.935389533999967, 0.0 ], [ 113.464703045000078, -6.93540399699998, 0.0 ], [ 113.464323216000025, -6.935418168999945, 0.0 ], [ 113.46389453900008, -6.935518434999949, 0.0 ], [ 113.463269884000056, -6.93560724799994, 0.0 ], [ 113.462791635000031, -6.935597531999974, 0.0 ], [ 113.462521745000117, -6.93551327199998, 0.0 ], [ 113.462128497000094, -6.935356188999947, 0.0 ], [ 113.461661506000041, -6.935101717999942, 0.0 ], [ 113.461502264000046, -6.935127030999979, 0.0 ], [ 113.461282321000112, -6.935311602999946, 0.0 ], [ 113.461099592000096, -6.935496071999978, 0.0 ], [ 113.460967002000075, -6.935986329999935, 0.0 ], [ 113.460920496000085, -6.936451834999957, 0.0 ], [ 113.460860995000075, -6.936770299999978, 0.0 ], [ 113.46070308600008, -6.93705259099994, 0.0 ], [ 113.460618531000023, -6.93728561599994, 0.0 ], [ 113.460594800000081, -6.937469349999958, 0.0 ], [ 113.460682026000086, -6.937750369999947, 0.0 ], [ 113.460745713000051, -6.938166055999943, 0.0 ], [ 113.460820019000039, -6.938443617999951, 0.0 ], [ 113.460918701000082, -6.938589940999975, 0.0 ], [ 113.461128778000102, -6.938845833999949, 0.0 ], [ 113.461239680000062, -6.939004292999925, 0.0 ], [ 113.461265309000055, -6.939200149999976, 0.0 ], [ 113.461229877000051, -6.939457227999981, 0.0 ], [ 113.46104785600005, -6.939849881999976, 0.0 ], [ 113.460939561000032, -6.940193088999933, 0.0 ], [ 113.460757094000087, -6.94050008499994, 0.0 ], [ 113.460562725000045, -6.940855846999966, 0.0 ], [ 113.460257707000096, -6.941102214999944, 0.0 ], [ 113.460111382000036, -6.941274477999968, 0.0 ], [ 113.460124726000117, -6.941445549999969, 0.0 ], [ 113.460150247000115, -6.941678094999929, 0.0 ], [ 113.460065500000042, -6.94187425399997, 0.0 ], [ 113.459698903000117, -6.942096634999928, 0.0 ], [ 113.459540102, -6.942207516999929, 0.0 ], [ 113.459454835000088, -6.942318197999953, 0.0 ], [ 113.459406739000087, -6.942477480999969, 0.0 ], [ 113.459432005000053, -6.942660961999934, 0.0 ], [ 113.45941472200002, -6.942815867999968, 0.0 ], [ 113.459408774000053, -6.942869181999981, 0.0 ], [ 113.459316645000058, -6.942919315999973, 0.0 ], [ 113.459211620000019, -6.942976467999927, 0.0 ], [ 113.459126745000049, -6.943148140999938, 0.0 ], [ 113.459226120000039, -6.943355723999957, 0.0 ], [ 113.45926411500011, -6.943649377999975, 0.0 ], [ 113.45928570600006, -6.943797397999958, 0.0 ], [ 113.459286465000105, -6.943802602999938, 0.0 ], [ 113.459484985000017, -6.944025546999967, 0.0 ], [ 113.459805214000085, -6.944385172999944, 0.0 ], [ 113.45919595700002, -6.944641070999978, 0.0 ], [ 113.459109982000086, -6.944749198999943, 0.0 ], [ 113.458996707000097, -6.944891660999929, 0.0 ], [ 113.459058373000062, -6.945139349999977, 0.0 ], [ 113.459070484000108, -6.94518799399998, 0.0 ], [ 113.459100101000104, -6.945343281999953, 0.0 ], [ 113.45943309300003, -6.945496544999969, 0.0 ], [ 113.459458988000051, -6.945728996999947, 0.0 ], [ 113.459411326, -6.945986227999981, 0.0 ], [ 113.459473562000085, -6.946194003999949, 0.0 ], [ 113.459536667000066, -6.946511834999967, 0.0 ], [ 113.45959883, -6.946719610999935, 0.0 ], [ 113.46009399400009, -6.94724730799993, 0.0 ], [ 113.460258147000104, -6.947515788999965, 0.0 ], [ 113.460162358000048, -6.94780931899993, 0.0 ], [ 113.460430124000027, -6.948221954999951, 0.0 ], [ 113.460483434000025, -6.948655339999959, 0.0 ], [ 113.460118875000035, -6.949445910999941, 0.0 ], [ 113.460060334000104, -6.950059076999935, 0.0 ], [ 113.45999791600002, -6.950712850999935, 0.0 ], [ 113.458106812000096, -6.951214137999955, 0.0 ], [ 113.457697729000074, -6.951797117999945, 0.0 ], [ 113.456660126000088, -6.951936101999934, 0.0 ], [ 113.45586612000011, -6.951998140999933, 0.0 ], [ 113.455346001000066, -6.952348248999954, 0.0 ], [ 113.455000866000091, -6.952897873999973, 0.0 ], [ 113.454479566000032, -6.953020790999972, 0.0 ], [ 113.453877276000071, -6.953010579999955, 0.0 ], [ 113.453340727000068, -6.952786215999936, 0.0 ], [ 113.45303944300008, -6.952545942999961, 0.0 ], [ 113.4527234090001, -6.952398511999945, 0.0 ], [ 113.452151165000032, -6.952434602999972, 0.0 ], [ 113.451329569000109, -6.952380886999947, 0.0 ], [ 113.450779957, -6.951994442999933, 0.0 ], [ 113.450194255000042, -6.95168360699995, 0.0 ], [ 113.449402254, -6.951283286999967, 0.0 ], [ 113.449379336000106, -6.951271702999975, 0.0 ], [ 113.449327246000053, -6.951279169999964, 0.0 ], [ 113.448411536000094, -6.95141044099995, 0.0 ], [ 113.447827893000067, -6.951676318999944, 0.0 ], [ 113.447507632000111, -6.952179476999959, 0.0 ], [ 113.447046703000069, -6.952810861999978, 0.0 ], [ 113.446387855000012, -6.953691850999974, 0.0 ], [ 113.445728146000079, -6.954407033999928, 0.0 ], [ 113.445134997000082, -6.955171750999966, 0.0 ], [ 113.444640188000108, -6.955670930999929, 0.0 ], [ 113.444498897000017, -6.95573389499998, 0.0 ], [ 113.44422661100009, -6.955855234999945, 0.0 ], [ 113.443830017000096, -6.956122131999962, 0.0 ], [ 113.443316479000032, -6.956273879999969, 0.0 ], [ 113.442222945000026, -6.956461511999976, 0.0 ], [ 113.441477020000093, -6.956515150999962, 0.0 ], [ 113.440946408000059, -6.95656749799997, 0.0 ], [ 113.440334593000102, -6.956868664999945, 0.0 ], [ 113.440149584000096, -6.956977612999935, 0.0 ], [ 113.439937527000097, -6.957102488999965, 0.0 ], [ 113.439785135000079, -6.957227916999955, 0.0 ], [ 113.439621890000012, -6.957362278999938, 0.0 ], [ 113.438855506000095, -6.957640125999944, 0.0 ], [ 113.438270200000034, -6.957953368999938, 0.0 ], [ 113.437492438000049, -6.95842141199995, 0.0 ], [ 113.4365844350001, -6.959515266999972, 0.0 ], [ 113.435738438000044, -6.960071060999951, 0.0 ], [ 113.435740332000023, -6.960410632999981, 0.0 ], [ 113.435741835000044, -6.960679880999976, 0.0 ], [ 113.435775290000038, -6.961446529999932, 0.0 ], [ 113.435779265000065, -6.961537625999938, 0.0 ], [ 113.435732943000062, -6.961532419999969, 0.0 ], [ 113.434466925000038, -6.961390144999939, 0.0 ], [ 113.434400928000059, -6.961382727999933, 0.0 ], [ 113.434280766000029, -6.962585169999954, 0.0 ], [ 113.434094358000038, -6.963361069999962, 0.0 ], [ 113.433875824000097, -6.964179846999969, 0.0 ], [ 113.433678465000071, -6.964965491999976, 0.0 ], [ 113.433866150000085, -6.966023023999981, 0.0 ], [ 113.434036008000021, -6.966832507999925, 0.0 ], [ 113.434163603000115, -6.967379966999943, 0.0 ], [ 113.434165307000058, -6.967387275999954, 0.0 ], [ 113.434034622000013, -6.967818521999959, 0.0 ], [ 113.433791547000055, -6.968945589999976, 0.0 ], [ 113.433698666000055, -6.969023729999947, 0.0 ], [ 113.433593562000055, -6.969112152999969, 0.0 ], [ 113.4332136700001, -6.969395586999951, 0.0 ], [ 113.432747982000024, -6.969689492999976, 0.0 ], [ 113.432722170000034, -6.969731403999958, 0.0 ], [ 113.432292898000014, -6.970428413999969, 0.0 ], [ 113.431847635000054, -6.971097881999981, 0.0 ], [ 113.431509873000095, -6.972027227999945, 0.0 ], [ 113.431284301, -6.97259420499995, 0.0 ], [ 113.431021870000109, -6.973124857999949, 0.0 ], [ 113.430566862000092, -6.974082630999931, 0.0 ], [ 113.430523047000065, -6.974111572999959, 0.0 ], [ 113.430270971000027, -6.974278082999945, 0.0 ], [ 113.430168866000031, -6.974345528999947, 0.0 ], [ 113.430118223000022, -6.974378980999973, 0.0 ], [ 113.43000281400009, -6.974455214999978, 0.0 ], [ 113.429690116000074, -6.974854235999942, 0.0 ], [ 113.429608418000043, -6.975152760999947, 0.0 ], [ 113.429642888000103, -6.975400897999975, 0.0 ], [ 113.429843224000024, -6.97563155399996, 0.0 ], [ 113.429960570000048, -6.975895889999947, 0.0 ], [ 113.429880524000055, -6.976442630999941, 0.0 ], [ 113.429795479000063, -6.977003402999969, 0.0 ], [ 113.429681635000065, -6.977418026999942, 0.0 ], [ 113.429683514000089, -6.977782266999952, 0.0 ], [ 113.429702208000094, -6.978196027999957, 0.0 ], [ 113.429588021000086, -6.978544237999927, 0.0 ], [ 113.429424557000061, -6.979041889999962, 0.0 ], [ 113.429377104000082, -6.979472437999959, 0.0 ], [ 113.429333319000079, -6.979916702999958, 0.0 ], [ 113.429222949000064, -6.980166592999979, 0.0 ], [ 113.429207105000046, -6.980202464999934, 0.0 ], [ 113.429173613000103, -6.980278295999938, 0.0 ], [ 113.429086704000042, -6.980381971999975, 0.0 ], [ 113.429000884000061, -6.980484349999927, 0.0 ], [ 113.428799306000087, -6.980491945999972, 0.0 ], [ 113.428487002000111, -6.980503713999951, 0.0 ], [ 113.428337250000027, -6.980504484999926, 0.0 ], [ 113.427939544000083, -6.980506532999925, 0.0 ], [ 113.427640807000103, -6.980474908999952, 0.0 ], [ 113.427550018000034, -6.980531634999977, 0.0 ], [ 113.427293602000077, -6.980691846999946, 0.0 ], [ 113.427165614000046, -6.980747450999957, 0.0 ], [ 113.427061856000023, -6.980792528999928, 0.0 ], [ 113.426746261000062, -6.980645056999947, 0.0 ], [ 113.42671004400006, -6.980688179999959, 0.0 ], [ 113.426564784000107, -6.980861141999981, 0.0 ], [ 113.42632336600002, -6.981049367999958, 0.0 ], [ 113.426201362000029, -6.981144490999952, 0.0 ], [ 113.425942609000117, -6.981251692999933, 0.0 ], [ 113.425473224000029, -6.981446160999951, 0.0 ], [ 113.425224068000034, -6.981549468999958, 0.0 ], [ 113.425109118000023, -6.981597130999944, 0.0 ], [ 113.424787825000067, -6.982009828999935, 0.0 ], [ 113.424693120000029, -6.981938009999965, 0.0 ], [ 113.4243370800001, -6.981668009999964, 0.0 ], [ 113.423312160000023, -6.981057989999954, 0.0 ], [ 113.422588919000077, -6.980634989999942, 0.0 ], [ 113.422042079000107, -6.980357969999943, 0.0 ], [ 113.421426119000103, -6.980186970999966, 0.0 ], [ 113.420754042000112, -6.980218334999961, 0.0 ], [ 113.420562643000039, -6.980372074999934, 0.0 ], [ 113.420438911000019, -6.980443457999968, 0.0 ], [ 113.420217026000046, -6.980568973999937, 0.0 ], [ 113.42014266800004, -6.980619537999928, 0.0 ], [ 113.420095079000021, -6.980664153999953, 0.0 ], [ 113.420095079000021, -6.980681998999955, 0.0 ], [ 113.419961234000084, -6.98073851099997, 0.0 ], [ 113.419830364000063, -6.980729587999974, 0.0 ], [ 113.419684622000091, -6.980693895999934, 0.0 ], [ 113.419607289000055, -6.980631434999964, 0.0 ], [ 113.419583495000097, -6.980554103999964, 0.0 ], [ 113.419607289000055, -6.980509487999939, 0.0 ], [ 113.419642, -6.980429653999977, 0.0 ], [ 113.419666776000099, -6.980372668999962, 0.0 ], [ 113.419648930000108, -6.980325079999943, 0.0 ], [ 113.419613238000011, -6.980322104999971, 0.0 ], [ 113.419528184000114, -6.980349224999941, 0.0 ], [ 113.419408009000108, -6.980387539999981, 0.0 ], [ 113.419378266000081, -6.980393488999937, 0.0 ], [ 113.419315804, -6.980369693999933, 0.0 ], [ 113.419131397000115, -6.980331028999956, 0.0 ], [ 113.419062988000064, -6.980331028999956, 0.0 ], [ 113.418955912000115, -6.980339355999945, 0.0 ], [ 113.41886549100002, -6.980296525999961, 0.0 ], [ 113.418822662000025, -6.98022038299996, 0.0 ], [ 113.418775073, -6.980020508999928, 0.0 ], [ 113.418765278000023, -6.979769102999967, 0.0 ], [ 113.418760796000015, -6.97965407199996, 0.0 ], [ 113.41870368900004, -6.979582687999937, 0.0 ], [ 113.418660859000056, -6.979568411999935, 0.0 ], [ 113.418622787000118, -6.979587447999961, 0.0 ], [ 113.418534910000062, -6.979677698999978, 0.0 ], [ 113.418446707000044, -6.979768285999967, 0.0 ], [ 113.418356288000041, -6.979773044999945, 0.0 ], [ 113.418219664000048, -6.979641998999966, 0.0 ], [ 113.418123100000116, -6.979549375999966, 0.0 ], [ 113.418070752000062, -6.979530340999929, 0.0 ], [ 113.417961297000033, -6.979530340999929, 0.0 ], [ 113.417911883000102, -6.979617308999934, 0.0 ], [ 113.417842324000048, -6.979739731999928, 0.0 ], [ 113.417766181000047, -6.979820634999953, 0.0 ], [ 113.417461610000032, -6.979658829999948, 0.0 ], [ 113.417259368000032, -6.979557072999967, 0.0 ], [ 113.416704942000024, -6.979278117999968, 0.0 ], [ 113.416453909000097, -6.979218629999934, 0.0 ], [ 113.416305192000095, -6.979188886999964, 0.0 ], [ 113.416055349000089, -6.97923052799996, 0.0 ], [ 113.415936376000104, -6.979266219999943, 0.0 ], [ 113.415762960000052, -6.979302989999951, 0.0 ], [ 113.415197040000066, -6.978790979999928, 0.0 ], [ 113.415012, -6.97871897899995, 0.0 ], [ 113.414796, -6.97867200099995, 0.0 ], [ 113.414289119000046, -6.978456000999927, 0.0 ], [ 113.414262120000103, -6.978453029999969, 0.0 ], [ 113.414074920000076, -6.978434039999968, 0.0 ], [ 113.414040000000114, -6.978434039999968, 0.0 ], [ 113.413815000000113, -6.978430980999974, 0.0 ], [ 113.413753079000116, -6.978405959999975, 0.0 ], [ 113.413596840000082, -6.978341969999974, 0.0 ], [ 113.41341108000006, -6.978168, 0.0 ], [ 113.413241160000098, -6.977999970999974, 0.0 ], [ 113.412963959000081, -6.977790990999949, 0.0 ], [ 113.412038040000084, -6.977417039999978, 0.0 ], [ 113.411810160000073, -6.977332978999925, 0.0 ], [ 113.411629080000012, -6.977211028999932, 0.0 ], [ 113.411485080000034, -6.976904039999965, 0.0 ], [ 113.41133496000009, -6.976582018999977, 0.0 ], [ 113.41132812, -6.976541969999971, 0.0 ], [ 113.411294998000017, -6.976346039999953, 0.0 ], [ 113.411271960000022, -6.976209959999949, 0.0 ], [ 113.411189160000049, -6.975708028999975, 0.0 ], [ 113.410667160000116, -6.975045989999956, 0.0 ], [ 113.410443960000066, -6.974843039999939, 0.0 ], [ 113.409455784000102, -6.974350908999952, 0.0 ], [ 113.409217080000076, -6.974232030999929, 0.0 ], [ 113.408331838000095, -6.973982998999929, 0.0 ], [ 113.407468920000042, -6.973946009999963, 0.0 ], [ 113.406912760000068, -6.973919254999942, 0.0 ], [ 113.406033960000059, -6.973876979999943, 0.0 ], [ 113.405927040000051, -6.973840979999977, 0.0 ], [ 113.405411880000088, -6.973830990999943, 0.0 ], [ 113.405361840000069, -6.973758989999965, 0.0 ], [ 113.405222160000108, -6.97355000999994, 0.0 ], [ 113.40511704000005, -6.973513019999928, 0.0 ], [ 113.404488840000113, -6.973296030999961, 0.0 ], [ 113.403818160000014, -6.973046998999962, 0.0 ], [ 113.403593880000017, -6.972909029999926, 0.0 ], [ 113.403282839000099, -6.972717959999954, 0.0 ], [ 113.403251160000082, -6.972706979999941, 0.0 ], [ 113.402291040000023, -6.97189697999994, 0.0 ], [ 113.402154960000075, -6.971398019999981, 0.0 ], [ 113.401744920000056, -6.97123899099995, 0.0 ], [ 113.401625040000113, -6.971070958999974, 0.0 ], [ 113.401512, -6.970913010999936, 0.0 ], [ 113.401352880000104, -6.970552019999957, 0.0 ], [ 113.401082160000101, -6.97015898899997, 0.0 ], [ 113.401023120000104, -6.969934979999948, 0.0 ], [ 113.400911878000102, -6.969916979999937, 0.0 ], [ 113.400792, -6.96979197099995, 0.0 ], [ 113.400380880000057, -6.969483990999947, 0.0 ], [ 113.400236158000098, -6.969375, 0.0 ], [ 113.399775, -6.969227039999964, 0.0 ], [ 113.399607960000026, -6.969169980999936, 0.0 ], [ 113.399552160000098, -6.969133979999981, 0.0 ], [ 113.398626960000115, -6.969212009999978, 0.0 ], [ 113.398580159000062, -6.969215969999937, 0.0 ], [ 113.397371999000029, -6.969305970999926, 0.0 ], [ 113.396751000000108, -6.969283019999978, 0.0 ], [ 113.396623920000025, -6.96925097999997, 0.0 ], [ 113.396547960000021, -6.969158010999934, 0.0 ], [ 113.396452920000115, -6.968874960999926, 0.0 ], [ 113.396364, -6.968732039999963, 0.0 ], [ 113.396042160000093, -6.968611979999935, 0.0 ], [ 113.395806000000107, -6.968570039999975, 0.0 ], [ 113.395505040000103, -6.968573010999933, 0.0 ], [ 113.395457160000092, -6.96856202999993, 0.0 ], [ 113.395219920000045, -6.968843009999944, 0.0 ], [ 113.395030918000089, -6.968970988999956, 0.0 ], [ 113.394992040000034, -6.968997000999934, 0.0 ], [ 113.394760919000078, -6.969123, 0.0 ], [ 113.394584160000022, -6.969284009999967, 0.0 ], [ 113.394143160000112, -6.969545009999933, 0.0 ], [ 113.394097080000051, -6.969572009999979, 0.0 ], [ 113.393387160000088, -6.969810960999951, 0.0 ], [ 113.393261880000068, -6.969834990999971, 0.0 ], [ 113.392826998000032, -6.969921030999956, 0.0 ], [ 113.39197992000004, -6.970150979999971, 0.0 ], [ 113.391776160000063, -6.970203990999948, 0.0 ], [ 113.391375119000031, -6.970163039999932, 0.0 ], [ 113.391081, -6.970123980999972, 0.0 ], [ 113.390872920000106, -6.97015700999998, 0.0 ], [ 113.390696880000064, -6.970219019999945, 0.0 ], [ 113.390385120000019, -6.970545989999948, 0.0 ], [ 113.389983, -6.97096997999995, 0.0 ], [ 113.389611839000054, -6.971361028999979, 0.0 ], [ 113.389377839000076, -6.971567039999968, 0.0 ], [ 113.389315920000058, -6.971622029999935, 0.0 ], [ 113.389274880000016, -6.971658030999947, 0.0 ], [ 113.388883920000012, -6.971976989999973, 0.0 ], [ 113.388548039000057, -6.972239969999976, 0.0 ], [ 113.387289838000015, -6.972797969999931, 0.0 ], [ 113.387181119000047, -6.97284603099996, 0.0 ], [ 113.386921920000077, -6.972900028999959, 0.0 ], [ 113.386609080000085, -6.972965009999939, 0.0 ], [ 113.386388040000043, -6.972920010999928, 0.0 ], [ 113.386299840000106, -6.972824969999976, 0.0 ], [ 113.386200120000012, -6.972541019999937, 0.0 ], [ 113.385952080000038, -6.972219989999928, 0.0 ], [ 113.38586892, -6.972135029999947, 0.0 ], [ 113.385601080000015, -6.972044038999968, 0.0 ], [ 113.385372120000056, -6.972038008999959, 0.0 ], [ 113.385188160000098, -6.972084, 0.0 ], [ 113.3850931180001, -6.972156990999963, 0.0 ], [ 113.3850538800001, -6.972182010999973, 0.0 ], [ 113.384968918000027, -6.972222959999954, 0.0 ], [ 113.38476012000001, -6.972344009999972, 0.0 ], [ 113.384243880000099, -6.972696988999928, 0.0 ], [ 113.38409916, -6.972795989999952, 0.0 ], [ 113.38396200000011, -6.972874019999949, 0.0 ], [ 113.383535039000094, -6.972885, 0.0 ], [ 113.383212840000056, -6.97282703999997, 0.0 ], [ 113.383028878, -6.97273703999997, 0.0 ], [ 113.382514080000078, -6.972487018999971, 0.0 ], [ 113.381988120000074, -6.972344009999972, 0.0 ], [ 113.381515078, -6.972517978999974, 0.0 ], [ 113.3811, -6.972707969999931, 0.0 ], [ 113.380950960000064, -6.972761969999965, 0.0 ], [ 113.380648920000112, -6.972870960999956, 0.0 ], [ 113.38051788000007, -6.972929998999973, 0.0 ], [ 113.380507080000029, -6.972935039999925, 0.0 ], [ 113.380423920000112, -6.973070039999925, 0.0 ], [ 113.380404120000094, -6.973291979999942, 0.0 ], [ 113.380392960000108, -6.973489979999954, 0.0 ], [ 113.38019316000009, -6.973815959999968, 0.0 ], [ 113.380058880000092, -6.973936020999929, 0.0 ], [ 113.37981084, -6.974056978999954, 0.0 ], [ 113.379753959000027, -6.974057968999944, 0.0 ], [ 113.379536880000046, -6.974063009999952, 0.0 ], [ 113.379460920000042, -6.974063998999952, 0.0 ], [ 113.379026040000099, -6.97397904099995, 0.0 ], [ 113.378650919000052, -6.973962029999939, 0.0 ], [ 113.378376960000082, -6.973952039999972, 0.0 ], [ 113.37759, -6.973757009999929, 0.0 ], [ 113.377016880000042, -6.973703010999941, 0.0 ], [ 113.376534119000098, -6.973956, 0.0 ], [ 113.376306960000079, -6.974079029999928, 0.0 ], [ 113.37610896000001, -6.974110979999978, 0.0 ], [ 113.376054960000033, -6.974109000999931, 0.0 ], [ 113.376226103000022, -6.974403442999972, 0.0 ], [ 113.376139849000083, -6.974665184999935, 0.0 ], [ 113.376029799000094, -6.974796053999967, 0.0 ] ] ] ] } }
]
}
