{
"type": "FeatureCollection",
"name": "Kec_Kedungdung1",
"crs": { "type": "name", "properties": { "name": "urn:ogc:def:crs:OGC:1.3:CRS84" } },
"features": [
{ "type": "Feature", "properties": { "OBJECTID": 9265.0, "NAMOBJ": "Bajrasoka", "FCODE": "BA03070040", "METADATA": "TASWIL1000020221227_DATA_BATAS_DESAKELURAHAN", "SRS_ID": "SRGI 2013", "KDCPUM": "35.27.06", "KDEPUM": "35.27.06.2006", "KDPKAB": "35.27", "KDPPUM": "35", "LUASWH": 0.0, "TIPADM": 1.0, "WADMKC": "Kedungdung", "WADMKD": "Bajrasoka", "WADMKK": "Sampang", "WADMPR": "Jawa Timur", "UUPP": "Hasil Delineasi Batas Desa 2019", "LUAS": 3.33563407 }, "geometry": { "type": "MultiPolygon", "coordinates": [ [ [ [ 113.243263, -7.116913998999962, 0.0 ], [ 113.243263012000057, -7.116914071999929, 0.0 ], [ 113.243282111000099, -7.117045362999932, 0.0 ], [ 113.242385880000029, -7.117135019999978, 0.0 ], [ 113.241327841000043, -7.117198021999968, 0.0 ], [ 113.240217958000017, -7.117199009999979, 0.0 ], [ 113.238662041000111, -7.117370011999981, 0.0 ], [ 113.237772839000058, -7.117408979999936, 0.0 ], [ 113.236630920000039, -7.117386028999931, 0.0 ], [ 113.235838920000106, -7.117346969999971, 0.0 ], [ 113.235414840000089, -7.117197030999932, 0.0 ], [ 113.234996160000037, -7.11680795999996, 0.0 ], [ 113.234671080000112, -7.116423029999964, 0.0 ], [ 113.234244840000088, -7.11578996999998, 0.0 ], [ 113.233669920000011, -7.115018041999974, 0.0 ], [ 113.233205881000117, -7.114367969999932, 0.0 ], [ 113.232611160000033, -7.113764968999931, 0.0 ], [ 113.232047039, -7.113149008999926, 0.0 ], [ 113.231486160000031, -7.112608018999936, 0.0 ], [ 113.230923840000059, -7.112268, 0.0 ], [ 113.230357920000074, -7.112008979999928, 0.0 ], [ 113.229878691000067, -7.111881204999975, 0.0 ], [ 113.229637918000094, -7.111817009999982, 0.0 ], [ 113.228710921000015, -7.111644029999979, 0.0 ], [ 113.228254133000064, -7.111611062999941, 0.0 ], [ 113.228003880000074, -7.11159300099996, 0.0 ], [ 113.22711526, -7.111559082999975, 0.0 ], [ 113.226563161000058, -7.111538010999936, 0.0 ], [ 113.225517, -7.111575000999949, 0.0 ], [ 113.224497841000016, -7.111680031999981, 0.0 ], [ 113.223831840000116, -7.111853011999926, 0.0 ], [ 113.223499920000108, -7.111254961999975, 0.0 ], [ 113.223195, -7.110693990999948, 0.0 ], [ 113.222693158000084, -7.109820000999946, 0.0 ], [ 113.222349001000111, -7.109429039999952, 0.0 ], [ 113.222049121000055, -7.109043029999953, 0.0 ], [ 113.221438920000082, -7.108553969999946, 0.0 ], [ 113.220689814000025, -7.108029673999965, 0.0 ], [ 113.22057312000004, -7.107948000999954, 0.0 ], [ 113.219787648000079, -7.107339297999943, 0.0 ], [ 113.219228474000033, -7.106928840999956, 0.0 ], [ 113.218770427000095, -7.106607613999927, 0.0 ], [ 113.218264791000024, -7.106393461999971, 0.0 ], [ 113.217730306000021, -7.106178417999956, 0.0 ], [ 113.217473324000025, -7.105885744999966, 0.0 ], [ 113.217401941000048, -7.105607348999968, 0.0 ], [ 113.21740907800006, -7.10547885699998, 0.0 ], [ 113.217466185000035, -7.105364642999973, 0.0 ], [ 113.21760895400007, -7.105150490999961, 0.0 ], [ 113.217651783000065, -7.105000584999971, 0.0 ], [ 113.217587538000089, -7.104936339999938, 0.0 ], [ 113.217152097000053, -7.104729326999973, 0.0 ], [ 113.216632660000073, -7.104635335999944, 0.0 ], [ 113.216544000000113, -7.10416295999994, 0.0 ], [ 113.21650116, -7.103720968999937, 0.0 ], [ 113.216482081000095, -7.103531970999938, 0.0 ], [ 113.216486039000074, -7.102810979999958, 0.0 ], [ 113.216496120000102, -7.102109970999948, 0.0 ], [ 113.216484959000013, -7.101263968999945, 0.0 ], [ 113.216496839000115, -7.101146968999956, 0.0 ], [ 113.216483160000053, -7.101117990999967, 0.0 ], [ 113.216469121000046, -7.100951038999938, 0.0 ], [ 113.216508, -7.100795968999932, 0.0 ], [ 113.216280120000079, -7.100475029999927, 0.0 ], [ 113.215991040000063, -7.100142029999972, 0.0 ], [ 113.215821840000103, -7.099988039999971, 0.0 ], [ 113.215640040000039, -7.099913969999932, 0.0 ], [ 113.215367880000031, -7.099959959999978, 0.0 ], [ 113.215133880000053, -7.100018009999928, 0.0 ], [ 113.21496900000011, -7.099968959999956, 0.0 ], [ 113.214837960000068, -7.09987598999993, 0.0 ], [ 113.214720960000022, -7.099611029999949, 0.0 ], [ 113.214291838, -7.09913303999997, 0.0 ], [ 113.213885040000036, -7.099242029999971, 0.0 ], [ 113.21337096100001, -7.09944497999993, 0.0 ], [ 113.212811161000104, -7.09960598999993, 0.0 ], [ 113.212267921000034, -7.099691041999961, 0.0 ], [ 113.211808920000067, -7.099634971999933, 0.0 ], [ 113.21122284, -7.099551988999963, 0.0 ], [ 113.210476921, -7.099329959999977, 0.0 ], [ 113.210297194000077, -7.099236374999975, 0.0 ], [ 113.209998840000026, -7.09908102199995, 0.0 ], [ 113.20947792000004, -7.098651, 0.0 ], [ 113.20902288100001, -7.098301978999928, 0.0 ], [ 113.208485040000028, -7.097915970999964, 0.0 ], [ 113.208024960000103, -7.097628959999952, 0.0 ], [ 113.207505839000078, -7.09724996999995, 0.0 ], [ 113.20703496100009, -7.097020019999945, 0.0 ], [ 113.206318920000058, -7.09675200099997, 0.0 ], [ 113.205939121000029, -7.096632029999967, 0.0 ], [ 113.20540488000006, -7.096609979999926, 0.0 ], [ 113.205003121000118, -7.096590988999935, 0.0 ], [ 113.204319121000026, -7.096561019999967, 0.0 ], [ 113.203793880000035, -7.096407029999966, 0.0 ], [ 113.203046160000099, -7.096115968999925, 0.0 ], [ 113.202374040000109, -7.095866040999965, 0.0 ], [ 113.201798038000106, -7.095708, 0.0 ], [ 113.201409959000102, -7.095713039999964, 0.0 ], [ 113.201024041000096, -7.095805021999979, 0.0 ], [ 113.200647841000091, -7.096035958999948, 0.0 ], [ 113.200202160000117, -7.096425028999931, 0.0 ], [ 113.19996522200006, -7.096662619999961, 0.0 ], [ 113.199993545000098, -7.09653267799996, 0.0 ], [ 113.199750841000082, -7.096461295999973, 0.0 ], [ 113.19983650100005, -7.096307818999946, 0.0 ], [ 113.199479583000084, -7.09620074299994, 0.0 ], [ 113.199258292000081, -7.096518402999948, 0.0 ], [ 113.199076264000041, -7.096443448999935, 0.0 ], [ 113.198922788, -7.096696860999941, 0.0 ], [ 113.198812144000044, -7.097021656999971, 0.0 ], [ 113.198733621000088, -7.097132301999977, 0.0 ], [ 113.198633683000025, -7.097075194999945, 0.0 ], [ 113.198376703, -7.097399993999943, 0.0 ], [ 113.198294610000062, -7.097589160999974, 0.0 ], [ 113.198280333000071, -7.097928231999958, 0.0 ], [ 113.198191104000102, -7.09813524499998, 0.0 ], [ 113.197916276000115, -7.098178075999954, 0.0 ], [ 113.197708819000013, -7.098532184999954, 0.0 ], [ 113.197644001000072, -7.098572968999974, 0.0 ], [ 113.197200120000048, -7.098849, 0.0 ], [ 113.196700079000038, -7.09910801999996, 0.0 ], [ 113.196143878000044, -7.099387018999948, 0.0 ], [ 113.195463840000116, -7.09951400999995, 0.0 ], [ 113.195063160000018, -7.099506989999952, 0.0 ], [ 113.194671840000069, -7.09942400999995, 0.0 ], [ 113.194275840000046, -7.09940501899996, 0.0 ], [ 113.193925920000083, -7.099452, 0.0 ], [ 113.19362784100008, -7.099554961999957, 0.0 ], [ 113.193191160000083, -7.099838011999964, 0.0 ], [ 113.192494921000048, -7.100245979999954, 0.0 ], [ 113.191868880000015, -7.100496991999933, 0.0 ], [ 113.191495920000079, -7.100606970999934, 0.0 ], [ 113.191197121000073, -7.10067302899995, 0.0 ], [ 113.190888960000052, -7.100643960999946, 0.0 ], [ 113.190676920000101, -7.100452980999933, 0.0 ], [ 113.190612840000085, -7.099940969999977, 0.0 ], [ 113.190712918000031, -7.099725959999944, 0.0 ], [ 113.190663958000073, -7.09956503899997, 0.0 ], [ 113.190545160000056, -7.099326, 0.0 ], [ 113.190530040000112, -7.099205039999958, 0.0 ], [ 113.190562081000053, -7.099038001999929, 0.0 ], [ 113.190644160000033, -7.098685018999959, 0.0 ], [ 113.19057, -7.09856801899997, 0.0 ], [ 113.190377041000033, -7.098390991999963, 0.0 ], [ 113.190170040000112, -7.098244019999981, 0.0 ], [ 113.189970961000085, -7.098129, 0.0 ], [ 113.18995188100007, -7.098039, 0.0 ], [ 113.189982119000092, -7.097902018999946, 0.0 ], [ 113.189978880000012, -7.097745959999941, 0.0 ], [ 113.189905080000017, -7.097562988999925, 0.0 ], [ 113.189807879000114, -7.097465969999973, 0.0 ], [ 113.189346000000114, -7.097219008999957, 0.0 ], [ 113.189342041000032, -7.097216039999978, 0.0 ], [ 113.188834080000106, -7.097050979999949, 0.0 ], [ 113.18854788100009, -7.096914, 0.0 ], [ 113.188366080000037, -7.096776028999955, 0.0 ], [ 113.188308121000091, -7.096655969999972, 0.0 ], [ 113.188170960000093, -7.09640603899993, 0.0 ], [ 113.18790888, -7.096223969999926, 0.0 ], [ 113.187701879000088, -7.096155030999967, 0.0 ], [ 113.187305880000054, -7.096109039999931, 0.0 ], [ 113.187110040000107, -7.096154038999941, 0.0 ], [ 113.18708808000008, -7.096160970999961, 0.0 ], [ 113.185913041000049, -7.096467959999927, 0.0 ], [ 113.18529383900011, -7.096743, 0.0 ], [ 113.184561959, -7.097021008999945, 0.0 ], [ 113.183940961000076, -7.097234039999933, 0.0 ], [ 113.18351688000007, -7.097301989999949, 0.0 ], [ 113.18291604, -7.09734500999997, 0.0 ], [ 113.182121880000068, -7.097411971999975, 0.0 ], [ 113.181459840000116, -7.09752500999997, 0.0 ], [ 113.180852880000089, -7.097688991999973, 0.0 ], [ 113.180144040000073, -7.096492979999937, 0.0 ], [ 113.179654078000112, -7.095817979999936, 0.0 ], [ 113.179075921000049, -7.095126961999938, 0.0 ], [ 113.178597840000066, -7.094664990999945, 0.0 ], [ 113.178295081000101, -7.094592989999967, 0.0 ], [ 113.17771296, -7.094635021999977, 0.0 ], [ 113.176965960000075, -7.094807011999933, 0.0 ], [ 113.176233, -7.09504802999993, 0.0 ], [ 113.175937081000029, -7.095013019999953, 0.0 ], [ 113.175735838000037, -7.094773978999967, 0.0 ], [ 113.175452160000077, -7.094287979999933, 0.0 ], [ 113.175133919000018, -7.093695958999945, 0.0 ], [ 113.174786161000043, -7.092735029999972, 0.0 ], [ 113.174619840000105, -7.091994959999965, 0.0 ], [ 113.174516160000053, -7.091027009999948, 0.0 ], [ 113.174434081000072, -7.090152031999935, 0.0 ], [ 113.174349840000104, -7.089647041999967, 0.0 ], [ 113.174163001000011, -7.089257970999938, 0.0 ], [ 113.174150040000086, -7.089252030999944, 0.0 ], [ 113.17450392, -7.088464979999969, 0.0 ], [ 113.175060120000012, -7.087565969999957, 0.0 ], [ 113.175655920000054, -7.086922018999928, 0.0 ], [ 113.176144078000107, -7.086249989999942, 0.0 ], [ 113.176676880000059, -7.085406958999954, 0.0 ], [ 113.177019961000042, -7.084701991999964, 0.0 ], [ 113.177257919000112, -7.083818009999959, 0.0 ], [ 113.177510999000106, -7.083034019999957, 0.0 ], [ 113.177892959000019, -7.082177041999955, 0.0 ], [ 113.178309120000108, -7.081376040999942, 0.0 ], [ 113.178634920000036, -7.080733978999945, 0.0 ], [ 113.179002119000074, -7.079802029999939, 0.0 ], [ 113.179289040000072, -7.079092021999941, 0.0 ], [ 113.179381918000104, -7.078937040999961, 0.0 ], [ 113.179452120000064, -7.078858021999963, 0.0 ], [ 113.179614840000113, -7.078704031999962, 0.0 ], [ 113.17988304000005, -7.078496039999948, 0.0 ], [ 113.179932, -7.078464989999929, 0.0 ], [ 113.179943881000099, -7.078454998999973, 0.0 ], [ 113.180032081000036, -7.07837498899994, 0.0 ], [ 113.18016888000011, -7.078250969999942, 0.0 ], [ 113.180271840000046, -7.078176, 0.0 ], [ 113.180627881000078, -7.077915000999951, 0.0 ], [ 113.180963040000051, -7.07776101099995, 0.0 ], [ 113.181332040000029, -7.077567958999964, 0.0 ], [ 113.182007039000041, -7.077004021999926, 0.0 ], [ 113.182281000000103, -7.076693968999962, 0.0 ], [ 113.182314841000107, -7.076644019999947, 0.0 ], [ 113.183232841000063, -7.076107979999961, 0.0 ], [ 113.183867159000101, -7.075726019999934, 0.0 ], [ 113.18432508, -7.075305, 0.0 ], [ 113.184716039000023, -7.07495597999997, 0.0 ], [ 113.185064880000027, -7.074432, 0.0 ], [ 113.185364041000071, -7.073721991999946, 0.0 ], [ 113.185571040000013, -7.073089019999941, 0.0 ], [ 113.185752840000077, -7.072463969999944, 0.0 ], [ 113.185915918000092, -7.071813989999953, 0.0 ], [ 113.186008080000079, -7.071247979999953, 0.0 ], [ 113.186027160000094, -7.071128009999939, 0.0 ], [ 113.186118960000044, -7.070398019999971, 0.0 ], [ 113.186168999000074, -7.06953896999994, 0.0 ], [ 113.186211840000055, -7.06865400199996, 0.0 ], [ 113.186301121000042, -7.067862988999934, 0.0 ], [ 113.18649912, -7.066917001999968, 0.0 ], [ 113.186625841000023, -7.066092959999935, 0.0 ], [ 113.186680920000072, -7.06557302899995, 0.0 ], [ 113.186661840000056, -7.065336959999968, 0.0 ], [ 113.1870510010001, -7.064755020999939, 0.0 ], [ 113.18706, -7.064708039999971, 0.0 ], [ 113.187231000000111, -7.064469, 0.0 ], [ 113.187434041000074, -7.064220959999943, 0.0 ], [ 113.187480120000032, -7.064061029999948, 0.0 ], [ 113.187578040000062, -7.063711019999971, 0.0 ], [ 113.187708, -7.06342202999997, 0.0 ], [ 113.187641039000027, -7.063200988999938, 0.0 ], [ 113.1876331200001, -7.063175969999975, 0.0 ], [ 113.187214080000103, -7.062812998999959, 0.0 ], [ 113.186971080000035, -7.062657029999968, 0.0 ], [ 113.186913840000102, -7.062562980999928, 0.0 ], [ 113.186901959000011, -7.062402961999965, 0.0 ], [ 113.18703912, -7.062091019999968, 0.0 ], [ 113.18708016000005, -7.061832989999971, 0.0 ], [ 113.187101041, -7.061661988999958, 0.0 ], [ 113.187161158000094, -7.061502959999927, 0.0 ], [ 113.187161158000094, -7.061501968999949, 0.0 ], [ 113.187220920000073, -7.061219008999956, 0.0 ], [ 113.187350160000051, -7.06095000199997, 0.0 ], [ 113.187354121000112, -7.060940998999968, 0.0 ], [ 113.187674880000031, -7.060706998999933, 0.0 ], [ 113.187821041, -7.060526009999933, 0.0 ], [ 113.187939840000013, -7.060382009999955, 0.0 ], [ 113.18862599800002, -7.060304969999947, 0.0 ], [ 113.18890895800007, -7.060262039999941, 0.0 ], [ 113.189306041, -7.060061969999936, 0.0 ], [ 113.189609160000032, -7.059821038999928, 0.0 ], [ 113.189869080000108, -7.059447989999967, 0.0 ], [ 113.189914079, -7.059375, 0.0 ], [ 113.189893918000053, -7.059320009999965, 0.0 ], [ 113.18990111800008, -7.059128039999962, 0.0 ], [ 113.189887080000062, -7.058820959999935, 0.0 ], [ 113.189889961000063, -7.058671020999952, 0.0 ], [ 113.190081840000062, -7.058374018999928, 0.0 ], [ 113.190253921000021, -7.05799898999993, 0.0 ], [ 113.190495121000026, -7.057578958999954, 0.0 ], [ 113.19053292000001, -7.057460969999966, 0.0 ], [ 113.190572881000094, -7.057218959999943, 0.0 ], [ 113.190707160000102, -7.056845009999961, 0.0 ], [ 113.191074, -7.055946, 0.0 ], [ 113.190941160000079, -7.055606969999928, 0.0 ], [ 113.190836040000022, -7.05528800899998, 0.0 ], [ 113.190710041000102, -7.054903979999949, 0.0 ], [ 113.190537960000029, -7.054305030999956, 0.0 ], [ 113.190546958000027, -7.05426695999995, 0.0 ], [ 113.190555961000086, -7.054228978999959, 0.0 ], [ 113.19066612000006, -7.053849000999946, 0.0 ], [ 113.19080292000001, -7.05360203999993, 0.0 ], [ 113.19093, -7.053208019999943, 0.0 ], [ 113.191066080000041, -7.052465969999957, 0.0 ], [ 113.191301880000083, -7.052081039999962, 0.0 ], [ 113.191738920000034, -7.051445998999952, 0.0 ], [ 113.191868161000116, -7.051311, 0.0 ], [ 113.191901998000048, -7.051184009999929, 0.0 ], [ 113.191889040000092, -7.050997980999966, 0.0 ], [ 113.191783920000034, -7.050762989999953, 0.0 ], [ 113.191625160000058, -7.050414959999955, 0.0 ], [ 113.191423921000023, -7.049977019999972, 0.0 ], [ 113.191381081000031, -7.049537008999948, 0.0 ], [ 113.191371000000117, -7.049387969999941, 0.0 ], [ 113.191360920000079, -7.04925800999996, 0.0 ], [ 113.191329960000076, -7.049052991999929, 0.0 ], [ 113.191701121000051, -7.048254959999952, 0.0 ], [ 113.19185303800009, -7.047239039999965, 0.0 ], [ 113.19192, -7.047075961999951, 0.0 ], [ 113.19213384000011, -7.046657011999969, 0.0 ], [ 113.192448838000018, -7.046154, 0.0 ], [ 113.192457119000096, -7.046142029999942, 0.0 ], [ 113.192659080000112, -7.045658009999954, 0.0 ], [ 113.192669161000026, -7.045441019999942, 0.0 ], [ 113.192658, -7.04493395999998, 0.0 ], [ 113.192667, -7.044911009999964, 0.0 ], [ 113.192741880000085, -7.044734970999968, 0.0 ], [ 113.192969040000094, -7.044363, 0.0 ], [ 113.192951041000015, -7.044219989999931, 0.0 ], [ 113.192749080000112, -7.043824979999954, 0.0 ], [ 113.192704080000112, -7.043321969999965, 0.0 ], [ 113.192520840000043, -7.041152969999928, 0.0 ], [ 113.19248196, -7.040246040999932, 0.0 ], [ 113.19246, -7.039727008999932, 0.0 ], [ 113.192430839000053, -7.039163969999947, 0.0 ], [ 113.192330040000115, -7.038925019999965, 0.0 ], [ 113.192325, -7.038910979999969, 0.0 ], [ 113.192016121000051, -7.038093959999969, 0.0 ], [ 113.191809840000019, -7.037757990999978, 0.0 ], [ 113.191656841000054, -7.03754000999993, 0.0 ], [ 113.191584121, -7.037271, 0.0 ], [ 113.191597081000054, -7.036992988999941, 0.0 ], [ 113.191619038000113, -7.03667897899993, 0.0 ], [ 113.191588080000088, -7.036443989999952, 0.0 ], [ 113.191584121, -7.03643201899996, 0.0 ], [ 113.191404119000026, -7.036232041999938, 0.0 ], [ 113.191382880000106, -7.036209, 0.0 ], [ 113.191157160000103, -7.035957, 0.0 ], [ 113.191017840000086, -7.035783029999948, 0.0 ], [ 113.191014958000096, -7.035771959999977, 0.0 ], [ 113.190396840000062, -7.035014969999963, 0.0 ], [ 113.18977188000008, -7.034225039999967, 0.0 ], [ 113.188974840000014, -7.033352039999954, 0.0 ], [ 113.188611960000117, -7.032931021999957, 0.0 ], [ 113.188218839000115, -7.03237895999996, 0.0 ], [ 113.187624840000012, -7.031563020999954, 0.0 ], [ 113.18745888, -7.03135998099998, 0.0 ], [ 113.187338998000087, -7.031291038999939, 0.0 ], [ 113.187191038000037, -7.031114011999932, 0.0 ], [ 113.187085918000093, -7.030887031999953, 0.0 ], [ 113.186936161000062, -7.030738979999967, 0.0 ], [ 113.186934001000054, -7.030737, 0.0 ], [ 113.186840038000014, -7.03044, 0.0 ], [ 113.186541960000113, -7.029916019999973, 0.0 ], [ 113.186373119000109, -7.029501031999928, 0.0 ], [ 113.186126160000072, -7.028757, 0.0 ], [ 113.185962001, -7.028084969999952, 0.0 ], [ 113.185821960000112, -7.027594019999981, 0.0 ], [ 113.18546592000007, -7.026415020999934, 0.0 ], [ 113.185504078, -7.026287039999943, 0.0 ], [ 113.185527839000088, -7.025968979999959, 0.0 ], [ 113.185523881000108, -7.025209021999956, 0.0 ], [ 113.185478160000116, -7.02497096999997, 0.0 ], [ 113.185564918000068, -7.024176, 0.0 ], [ 113.185608120000097, -7.023723028999939, 0.0 ], [ 113.185380959000099, -7.022802959999979, 0.0 ], [ 113.185307160000093, -7.022436028999948, 0.0 ], [ 113.185248840000099, -7.021963979999953, 0.0 ], [ 113.185406881000063, -7.021248029999981, 0.0 ], [ 113.185409040000081, -7.02109295899993, 0.0 ], [ 113.18514984, -7.020720989999973, 0.0 ], [ 113.185058040000058, -7.020596969999929, 0.0 ], [ 113.185014121000108, -7.020537029999957, 0.0 ], [ 113.18495616000007, -7.020339029999946, 0.0 ], [ 113.184972, -7.020109981999951, 0.0 ], [ 113.185032121000063, -7.019990008999969, 0.0 ], [ 113.18518116100006, -7.020037979999927, 0.0 ], [ 113.185401840000054, -7.020172979999927, 0.0 ], [ 113.185611001000098, -7.02041300999997, 0.0 ], [ 113.185769039000093, -7.020546029999934, 0.0 ], [ 113.186085840000032, -7.020648988999938, 0.0 ], [ 113.186358, -7.02065799199994, 0.0 ], [ 113.186495880000052, -7.020600028999979, 0.0 ], [ 113.186576158000094, -7.020426958999963, 0.0 ], [ 113.186611080000034, -7.020288989999926, 0.0 ], [ 113.187020040000107, -7.019838991999961, 0.0 ], [ 113.187192841000069, -7.019650979999938, 0.0 ], [ 113.187237121000067, -7.019534968999949, 0.0 ], [ 113.187191038000037, -7.019420041999979, 0.0 ], [ 113.186896921000084, -7.019180011999936, 0.0 ], [ 113.186818081000069, -7.019082989999958, 0.0 ], [ 113.186833919000037, -7.018949968999948, 0.0 ], [ 113.186930040000107, -7.018824959999961, 0.0 ], [ 113.187161881000065, -7.018679970999926, 0.0 ], [ 113.187471121000044, -7.018567019999978, 0.0 ], [ 113.187720959000103, -7.018522019999978, 0.0 ], [ 113.187867120000078, -7.018446961999928, 0.0 ], [ 113.188424040000086, -7.01721, 0.0 ], [ 113.188579920000052, -7.016945041999975, 0.0 ], [ 113.188704838000035, -7.016839020999953, 0.0 ], [ 113.189033881000114, -7.017042961999948, 0.0 ], [ 113.18926103900003, -7.017128009999965, 0.0 ], [ 113.189697, -7.017183990999968, 0.0 ], [ 113.189887080000062, -7.017168959999935, 0.0 ], [ 113.190040080000017, -7.017087959999969, 0.0 ], [ 113.190208920000032, -7.01693900999993, 0.0 ], [ 113.190357961000018, -7.016862959999969, 0.0 ], [ 113.190635880000059, -7.016810039999939, 0.0 ], [ 113.191121881000072, -7.01683100899993, 0.0 ], [ 113.191283880000015, -7.016830019999929, 0.0 ], [ 113.191457040000046, -7.016775029999962, 0.0 ], [ 113.191628040000069, -7.016614019999963, 0.0 ], [ 113.191777080000065, -7.016282009999941, 0.0 ], [ 113.191832880000106, -7.016151959999945, 0.0 ], [ 113.192034840000019, -7.015983029999973, 0.0 ], [ 113.19216012000004, -7.015889969999932, 0.0 ], [ 113.192244, -7.015560029999961, 0.0 ], [ 113.192285040000115, -7.015392000999952, 0.0 ], [ 113.192492040000047, -7.015121010999962, 0.0 ], [ 113.192602920000013, -7.015032, 0.0 ], [ 113.192736840000066, -7.015032, 0.0 ], [ 113.193169918000081, -7.015232969999943, 0.0 ], [ 113.193563040000072, -7.015440960999968, 0.0 ], [ 113.193758161, -7.015437, 0.0 ], [ 113.194002960000034, -7.015435020999973, 0.0 ], [ 113.194236960000012, -7.015463009999962, 0.0 ], [ 113.194429920000061, -7.01510597999993, 0.0 ], [ 113.19456888000002, -7.014821039999958, 0.0 ], [ 113.194743120000112, -7.014630959999977, 0.0 ], [ 113.19507000100009, -7.014466978999963, 0.0 ], [ 113.195594161000031, -7.014252961999944, 0.0 ], [ 113.19588216000011, -7.014167010999927, 0.0 ], [ 113.196350160000065, -7.014156029999981, 0.0 ], [ 113.196683160000021, -7.01424, 0.0 ], [ 113.196848040000077, -7.014264028999946, 0.0 ], [ 113.19706295900005, -7.014222000999951, 0.0 ], [ 113.1974211590001, -7.014056040999947, 0.0 ], [ 113.197686120000071, -7.013988000999973, 0.0 ], [ 113.197713120000117, -7.01395703999998, 0.0 ], [ 113.198132160000114, -7.014033, 0.0 ], [ 113.19909408, -7.014328019999937, 0.0 ], [ 113.199470999000027, -7.014798988999928, 0.0 ], [ 113.199897960000044, -7.015463009999962, 0.0 ], [ 113.200174080000011, -7.015673968999977, 0.0 ], [ 113.20068312, -7.015934969999932, 0.0 ], [ 113.201340840000057, -7.016135039999938, 0.0 ], [ 113.20209216, -7.016312969999944, 0.0 ], [ 113.203225080000038, -7.01646803899996, 0.0 ], [ 113.204039040000112, -7.016418988999931, 0.0 ], [ 113.20476984000004, -7.016321970999968, 0.0 ], [ 113.205243960000075, -7.016295958999933, 0.0 ], [ 113.205386160000103, -7.016266981999934, 0.0 ], [ 113.20570907900003, -7.016165998999952, 0.0 ], [ 113.206191121000074, -7.015959001999931, 0.0 ], [ 113.206550040000025, -7.015710958999932, 0.0 ], [ 113.206829040000116, -7.015545990999954, 0.0 ], [ 113.207106960000033, -7.015471018999961, 0.0 ], [ 113.207357160000015, -7.015401, 0.0 ], [ 113.207423041000084, -7.015382009999939, 0.0 ], [ 113.20821396000008, -7.015048021999974, 0.0 ], [ 113.208697081000082, -7.014788009999961, 0.0 ], [ 113.209044838000068, -7.014708, 0.0 ], [ 113.209340040000029, -7.014706019999949, 0.0 ], [ 113.209603920000063, -7.014759031999972, 0.0 ], [ 113.210028001000069, -7.014916979999953, 0.0 ], [ 113.211144000000104, -7.015392000999952, 0.0 ], [ 113.211804959, -7.01551502999996, 0.0 ], [ 113.21226, -7.015475968999965, 0.0 ], [ 113.212860120000073, -7.015361039999959, 0.0 ], [ 113.213166120000096, -7.015226040999949, 0.0 ], [ 113.213381040000058, -7.015055039999936, 0.0 ], [ 113.213765160000094, -7.014787018999925, 0.0 ], [ 113.213999880000074, -7.01463401999996, 0.0 ], [ 113.21428103900007, -7.014302010999927, 0.0 ], [ 113.214825, -7.013943989999973, 0.0 ], [ 113.214858839000044, -7.013922029999947, 0.0 ], [ 113.215008960000091, -7.013907, 0.0 ], [ 113.21504316000005, -7.013940030999947, 0.0 ], [ 113.215233960000091, -7.014079980999952, 0.0 ], [ 113.215453920000073, -7.014067018999981, 0.0 ], [ 113.215920120000078, -7.014039029999935, 0.0 ], [ 113.216234040000018, -7.014006, 0.0 ], [ 113.2164179990001, -7.013970989999962, 0.0 ], [ 113.216570998000066, -7.01400203999998, 0.0 ], [ 113.216616, -7.01408700099995, 0.0 ], [ 113.216594040000018, -7.014194009999926, 0.0 ], [ 113.216544000000113, -7.014701970999965, 0.0 ], [ 113.216654880000078, -7.014942, 0.0 ], [ 113.216973120000034, -7.015053960999978, 0.0 ], [ 113.217195960000026, -7.015141979999953, 0.0 ], [ 113.217545880000102, -7.015367970999932, 0.0 ], [ 113.218022160000032, -7.015463009999962, 0.0 ], [ 113.218171918000053, -7.015614030999927, 0.0 ], [ 113.218566120000105, -7.01621702999995, 0.0 ], [ 113.218576920000032, -7.016496029999928, 0.0 ], [ 113.218639918, -7.01684999899993, 0.0 ], [ 113.218764840000063, -7.016932979999979, 0.0 ], [ 113.218872120000015, -7.01691902999994, 0.0 ], [ 113.219091, -7.016830019999929, 0.0 ], [ 113.219289000000117, -7.01669303999995, 0.0 ], [ 113.219615160000103, -7.016478029999973, 0.0 ], [ 113.219723879000071, -7.016477040999973, 0.0 ], [ 113.219805960000031, -7.016562000999954, 0.0 ], [ 113.219871120000107, -7.016697, 0.0 ], [ 113.219911080000088, -7.016936038999972, 0.0 ], [ 113.219984159000091, -7.017182998999942, 0.0 ], [ 113.220239040000024, -7.017459029999941, 0.0 ], [ 113.220290880000107, -7.017516, 0.0 ], [ 113.220429120000063, -7.017410969999958, 0.0 ], [ 113.220569159000092, -7.017332040999975, 0.0 ], [ 113.221573920000083, -7.017038009999965, 0.0 ], [ 113.222233080000024, -7.016868989999978, 0.0 ], [ 113.222855880000111, -7.016743979999944, 0.0 ], [ 113.223572998, -7.016590977999954, 0.0 ], [ 113.224475880000114, -7.016382989999954, 0.0 ], [ 113.225056919000053, -7.01626202999995, 0.0 ], [ 113.225441040000078, -7.01603603999996, 0.0 ], [ 113.225374080000051, -7.015826968999932, 0.0 ], [ 113.225441040000078, -7.015230989999964, 0.0 ], [ 113.225436, -7.014732028999958, 0.0 ], [ 113.225411160000021, -7.014570029999959, 0.0 ], [ 113.225351040000078, -7.014321000999928, 0.0 ], [ 113.22538596000004, -7.014105990999951, 0.0 ], [ 113.225550840000096, -7.013871000999927, 0.0 ], [ 113.226081120000117, -7.01352296999994, 0.0 ], [ 113.226243120000049, -7.013395979999927, 0.0 ], [ 113.22653184, -7.012667968999949, 0.0 ], [ 113.226576838000028, -7.012532968999949, 0.0 ], [ 113.226617160000046, -7.013109959999952, 0.0 ], [ 113.226724080000054, -7.013502989999949, 0.0 ], [ 113.22683784000003, -7.013685960999965, 0.0 ], [ 113.226954118000094, -7.013764978999973, 0.0 ], [ 113.229913264000061, -7.015341732999957, 0.0 ], [ 113.231959601000085, -7.015793830999939, 0.0 ], [ 113.234703120000063, -7.016661000999932, 0.0 ], [ 113.234734080000067, -7.016775029999962, 0.0 ], [ 113.234774040000048, -7.017071039999962, 0.0 ], [ 113.234933878000106, -7.017276960999936, 0.0 ], [ 113.235119999000062, -7.017560010999944, 0.0 ], [ 113.23513008000009, -7.017717958999981, 0.0 ], [ 113.235171120000018, -7.017901019999954, 0.0 ], [ 113.235216838000042, -7.017888959999937, 0.0 ], [ 113.2355498390001, -7.017823979999946, 0.0 ], [ 113.235945840000113, -7.017876, 0.0 ], [ 113.236377120000043, -7.017891028999941, 0.0 ], [ 113.236377840000046, -7.017890039999941, 0.0 ], [ 113.236809840000092, -7.017786989999934, 0.0 ], [ 113.237907120000045, -7.01751797999998, 0.0 ], [ 113.238408960000015, -7.017638038999962, 0.0 ], [ 113.238493919, -7.017716969999981, 0.0 ], [ 113.238722160000066, -7.017908039999952, 0.0 ], [ 113.238970920000042, -7.01796896999997, 0.0 ], [ 113.23915704, -7.017920009999955, 0.0 ], [ 113.239314, -7.017815968999969, 0.0 ], [ 113.239649160000113, -7.017473970999959, 0.0 ], [ 113.239833840000074, -7.017519959999959, 0.0 ], [ 113.240230920000045, -7.017680968999969, 0.0 ], [ 113.240338920000113, -7.017771959999948, 0.0 ], [ 113.240408040000034, -7.017830009999955, 0.0 ], [ 113.240742840000053, -7.018081018999965, 0.0 ], [ 113.240852999000026, -7.018049968999946, 0.0 ], [ 113.241000960000065, -7.017931979999958, 0.0 ], [ 113.241195, -7.017743970999959, 0.0 ], [ 113.241318840000076, -7.017764040999964, 0.0 ], [ 113.241543119000085, -7.017894989999945, 0.0 ], [ 113.241902040000014, -7.018107029999953, 0.0 ], [ 113.2420748400001, -7.01812997899998, 0.0 ], [ 113.242365, -7.018065989999968, 0.0 ], [ 113.242631040000106, -7.017929010999978, 0.0 ], [ 113.243258160000096, -7.017614008999942, 0.0 ], [ 113.243573160000096, -7.017471, 0.0 ], [ 113.244275879000043, -7.016901030999975, 0.0 ], [ 113.244383160000098, -7.016659018999974, 0.0 ], [ 113.244581880000055, -7.016058989999976, 0.0 ], [ 113.244590880000032, -7.015778008999973, 0.0 ], [ 113.24464416, -7.015389029999938, 0.0 ], [ 113.244833160000098, -7.01496998999994, 0.0 ], [ 113.244989040000064, -7.014747959999966, 0.0 ], [ 113.2451128780001, -7.014386968999929, 0.0 ], [ 113.245116120000034, -7.014351960999932, 0.0 ], [ 113.24565288000008, -7.01451998999994, 0.0 ], [ 113.24644416000001, -7.014714029999936, 0.0 ], [ 113.246718840000085, -7.014737968999952, 0.0 ], [ 113.246884080000086, -7.014696029999925, 0.0 ], [ 113.24722392000001, -7.014594959999954, 0.0 ], [ 113.247335878000058, -7.014816988999939, 0.0 ], [ 113.247515880000037, -7.015096980999942, 0.0 ], [ 113.247717839000074, -7.015233959999932, 0.0 ], [ 113.247943920000012, -7.015443029999972, 0.0 ], [ 113.248031040000114, -7.015647959999967, 0.0 ], [ 113.248116, -7.015809959999956, 0.0 ], [ 113.248473120000085, -7.016016959999945, 0.0 ], [ 113.248943998000072, -7.016061958999956, 0.0 ], [ 113.249174040000071, -7.016031989999931, 0.0 ], [ 113.249849040000072, -7.01585702999995, 0.0 ], [ 113.249999160000016, -7.015827958999978, 0.0 ], [ 113.249999520000074, -7.015827958999978, 0.0 ], [ 113.250078, -7.015813019999939, 0.0 ], [ 113.250278160000107, -7.015854959999956, 0.0 ], [ 113.250561840000046, -7.015917959999967, 0.0 ], [ 113.250633120000089, -7.015807979999977, 0.0 ], [ 113.250755880000042, -7.015500988999975, 0.0 ], [ 113.250825, -7.015433039999948, 0.0 ], [ 113.251096080000025, -7.015142969999943, 0.0 ], [ 113.251262040000029, -7.015094009999927, 0.0 ], [ 113.251344120000113, -7.015122000999952, 0.0 ], [ 113.251370040000097, -7.015131, 0.0 ], [ 113.251475160000041, -7.015228019999938, 0.0 ], [ 113.251598999000066, -7.015470028999971, 0.0 ], [ 113.251614120000113, -7.015638960999979, 0.0 ], [ 113.251559040000075, -7.015741018999961, 0.0 ], [ 113.251299840000115, -7.015984020999952, 0.0 ], [ 113.251334039000085, -7.01622396099998, 0.0 ], [ 113.251457160000086, -7.016516998999975, 0.0 ], [ 113.251658040000052, -7.01678997099998, 0.0 ], [ 113.251800958000103, -7.016855039999939, 0.0 ], [ 113.252131080000026, -7.016906970999969, 0.0 ], [ 113.252226120000046, -7.017028018999952, 0.0 ], [ 113.252469120000114, -7.017528960999925, 0.0 ], [ 113.252657040000031, -7.017591959999947, 0.0 ], [ 113.25293892000002, -7.017604020999954, 0.0 ], [ 113.253059880000023, -7.017546960999937, 0.0 ], [ 113.253174, -7.017399990999934, 0.0 ], [ 113.253391079000039, -7.017076978999967, 0.0 ], [ 113.25347604000001, -7.017082019999975, 0.0 ], [ 113.253587999000047, -7.017380008999965, 0.0 ], [ 113.25371508, -7.017783029999975, 0.0 ], [ 113.253816960000108, -7.017805980999981, 0.0 ], [ 113.25390984, -7.017797968999957, 0.0 ], [ 113.25407508, -7.017785009999955, 0.0 ], [ 113.254256880000071, -7.017820019999931, 0.0 ], [ 113.254293960000041, -7.017942959999971, 0.0 ], [ 113.25430008, -7.018458029999977, 0.0 ], [ 113.254284960000064, -7.018991009999979, 0.0 ], [ 113.254250040000102, -7.019530019999934, 0.0 ], [ 113.253918838000118, -7.019667, 0.0 ], [ 113.253816960000108, -7.019709030999934, 0.0 ], [ 113.253633, -7.01977796999995, 0.0 ], [ 113.252687998000056, -7.020558, 0.0 ], [ 113.252644080000096, -7.020595980999929, 0.0 ], [ 113.251830120000022, -7.02183698999994, 0.0 ], [ 113.251563, -7.022260979999942, 0.0 ], [ 113.251403880000112, -7.022684969999943, 0.0 ], [ 113.251233960000036, -7.023006, 0.0 ], [ 113.250939120000112, -7.023346019999963, 0.0 ], [ 113.250786118000065, -7.027640009999971, 0.0 ], [ 113.251357080000048, -7.027597980999928, 0.0 ], [ 113.251731120000045, -7.02757601999997, 0.0 ], [ 113.25318984, -7.027640009999971, 0.0 ], [ 113.253432839000084, -7.027659000999961, 0.0 ], [ 113.254902, -7.028504009999949, 0.0 ], [ 113.254921080000031, -7.028512019999937, 0.0 ], [ 113.255769960000066, -7.028840970999966, 0.0 ], [ 113.25656195900001, -7.029074970999943, 0.0 ], [ 113.256749160000027, -7.02913499899995, 0.0 ], [ 113.257483920000027, -7.02895203099996, 0.0 ], [ 113.257751039000027, -7.028915039999958, 0.0 ], [ 113.257872, -7.028916030999937, 0.0 ], [ 113.258040118000054, -7.028936009999939, 0.0 ], [ 113.258517840000081, -7.02895598899994, 0.0 ], [ 113.258757960000025, -7.028935019999949, 0.0 ], [ 113.259099960000071, -7.028784989999963, 0.0 ], [ 113.259102840000082, -7.028783009999927, 0.0 ], [ 113.25896388000001, -7.029507959999933, 0.0 ], [ 113.258867040000041, -7.029671038999936, 0.0 ], [ 113.258727, -7.029972, 0.0 ], [ 113.258418840000104, -7.030812959999935, 0.0 ], [ 113.258346839000069, -7.031072969999968, 0.0 ], [ 113.258350080000014, -7.031343959999958, 0.0 ], [ 113.258410920000074, -7.031584979999934, 0.0 ], [ 113.258436840000059, -7.031610988999944, 0.0 ], [ 113.258904840000014, -7.032353039999975, 0.0 ], [ 113.259205080000015, -7.032815009999979, 0.0 ], [ 113.25928212000008, -7.03296801099998, 0.0 ], [ 113.259584879000045, -7.033052970999961, 0.0 ], [ 113.259864960000073, -7.033046038999942, 0.0 ], [ 113.260059, -7.032988979999971, 0.0 ], [ 113.26047696, -7.032662009999967, 0.0 ], [ 113.260669920000055, -7.032475979999958, 0.0 ], [ 113.260970880000059, -7.032349978999946, 0.0 ], [ 113.261088960000052, -7.032311009999944, 0.0 ], [ 113.261643, -7.032125969999981, 0.0 ], [ 113.261810041000103, -7.032076019999977, 0.0 ], [ 113.261952960000031, -7.032114988999979, 0.0 ], [ 113.261985, -7.032123991999981, 0.0 ], [ 113.262122880000106, -7.032239008999966, 0.0 ], [ 113.262234841, -7.032489029999965, 0.0 ], [ 113.262302159000114, -7.032629969999959, 0.0 ], [ 113.262464880000039, -7.032740041999944, 0.0 ], [ 113.262518159000024, -7.032727981999926, 0.0 ], [ 113.262897958000053, -7.03264895999996, 0.0 ], [ 113.26321512100003, -7.032573991999925, 0.0 ], [ 113.263540921000072, -7.032560039999964, 0.0 ], [ 113.263652161000095, -7.032574979999936, 0.0 ], [ 113.263800840000044, -7.032609990999958, 0.0 ], [ 113.264003880000018, -7.032699, 0.0 ], [ 113.264024040000095, -7.032708, 0.0 ], [ 113.264285040000118, -7.032890968999936, 0.0 ], [ 113.264493841000103, -7.033128031999979, 0.0 ], [ 113.26451004, -7.033592968999926, 0.0 ], [ 113.264529839000033, -7.033902028999933, 0.0 ], [ 113.264660158000083, -7.034135039999967, 0.0 ], [ 113.264803080000092, -7.034362019999946, 0.0 ], [ 113.264916120000066, -7.034574961999965, 0.0 ], [ 113.265109080000116, -7.03475801899998, 0.0 ], [ 113.265429841000014, -7.034938020999959, 0.0 ], [ 113.265667080000071, -7.035012989999927, 0.0 ], [ 113.265829080000117, -7.034991028999968, 0.0 ], [ 113.26603392100003, -7.03484702999998, 0.0 ], [ 113.266176120000068, -7.034705009999925, 0.0 ], [ 113.266221120000068, -7.034695019999958, 0.0 ], [ 113.266415160000065, -7.034652, 0.0 ], [ 113.26654692000011, -7.034635980999951, 0.0 ], [ 113.266699921000054, -7.034669009999959, 0.0 ], [ 113.267171879000102, -7.034857019999947, 0.0 ], [ 113.267176920000111, -7.034859, 0.0 ], [ 113.2673990400001, -7.035156989999962, 0.0 ], [ 113.267531880000092, -7.035625978999974, 0.0 ], [ 113.267597038000076, -7.035785009999927, 0.0 ], [ 113.267756879000103, -7.035929010999951, 0.0 ], [ 113.268009959000096, -7.036056988999974, 0.0 ], [ 113.2681759190001, -7.036082008999927, 0.0 ], [ 113.26902804100007, -7.035837030999971, 0.0 ], [ 113.269199040000103, -7.035805980999953, 0.0 ], [ 113.26934988000005, -7.035857009999972, 0.0 ], [ 113.269424040000104, -7.035922980999942, 0.0 ], [ 113.26961699900005, -7.036093978999929, 0.0 ], [ 113.269894921000059, -7.036410959999955, 0.0 ], [ 113.270009040000105, -7.036604998999962, 0.0 ], [ 113.270050081000022, -7.036958969999944, 0.0 ], [ 113.269997878000027, -7.037294039999949, 0.0 ], [ 113.269956841000067, -7.037467018999962, 0.0 ], [ 113.270027040000059, -7.037687968999933, 0.0 ], [ 113.270201999000051, -7.038275039999974, 0.0 ], [ 113.2701278400001, -7.03853603999994, 0.0 ], [ 113.270031001, -7.03885202999993, 0.0 ], [ 113.270213879000039, -7.039631969999959, 0.0 ], [ 113.270321880000097, -7.039841039999942, 0.0 ], [ 113.270595840000055, -7.040167021999935, 0.0 ], [ 113.27073912000003, -7.040304, 0.0 ], [ 113.270862961000034, -7.04037698999997, 0.0 ], [ 113.270758920000048, -7.040775961999941, 0.0 ], [ 113.270708880000029, -7.04110203099998, 0.0 ], [ 113.270650919000104, -7.041474, 0.0 ], [ 113.270687998000085, -7.042060978999928, 0.0 ], [ 113.270720039000025, -7.042181039999946, 0.0 ], [ 113.27078412100002, -7.042426020999926, 0.0 ], [ 113.270999041000096, -7.042767029999936, 0.0 ], [ 113.27124996100008, -7.042748039999935, 0.0 ], [ 113.271521040000039, -7.042683959999977, 0.0 ], [ 113.272077960000047, -7.042510978999928, 0.0 ], [ 113.272574040000109, -7.042344028999935, 0.0 ], [ 113.273039160000053, -7.042353031999937, 0.0 ], [ 113.273349118000056, -7.042500989999951, 0.0 ], [ 113.273579880000057, -7.042626, 0.0 ], [ 113.273827920000031, -7.042831018999948, 0.0 ], [ 113.274133920000054, -7.042935959999966, 0.0 ], [ 113.27469300100006, -7.042922998999927, 0.0 ], [ 113.274956881000094, -7.042908959999977, 0.0 ], [ 113.275067039000078, -7.04293496899993, 0.0 ], [ 113.275134, -7.043019029999925, 0.0 ], [ 113.275006921000113, -7.043555969999943, 0.0 ], [ 113.274948960000074, -7.043796, 0.0 ], [ 113.275068840000017, -7.044184978999965, 0.0 ], [ 113.275499040000113, -7.044622019999963, 0.0 ], [ 113.275599840000041, -7.044743969999956, 0.0 ], [ 113.275567080000087, -7.044948988999977, 0.0 ], [ 113.275542961000042, -7.04509496999998, 0.0 ], [ 113.27546988000006, -7.045415009999942, 0.0 ], [ 113.275497959000063, -7.045839, 0.0 ], [ 113.275571040000045, -7.046018009999955, 0.0 ], [ 113.276005920000102, -7.046447039999975, 0.0 ], [ 113.276193840000019, -7.046658, 0.0 ], [ 113.276309040000115, -7.046895959999972, 0.0 ], [ 113.276323078000019, -7.046991, 0.0 ], [ 113.276228040000092, -7.047093961999963, 0.0 ], [ 113.275393920000056, -7.047226978999959, 0.0 ], [ 113.275164958, -7.047304021999935, 0.0 ], [ 113.274758880000036, -7.047730979999926, 0.0 ], [ 113.274645840000062, -7.047927, 0.0 ], [ 113.274585000000116, -7.048139038999977, 0.0 ], [ 113.274599039, -7.04828196099993, 0.0 ], [ 113.274711001000014, -7.04839598999996, 0.0 ], [ 113.275568880000037, -7.048530989999961, 0.0 ], [ 113.276636998000072, -7.048396978999961, 0.0 ], [ 113.276890079000054, -7.048365029999957, 0.0 ], [ 113.277337920000036, -7.048308959999929, 0.0 ], [ 113.277465, -7.048315979999927, 0.0 ], [ 113.27760000100011, -7.04844602999998, 0.0 ], [ 113.277682080000091, -7.048742038999933, 0.0 ], [ 113.277634920000082, -7.049005019999981, 0.0 ], [ 113.277618001000064, -7.049107981999953, 0.0 ], [ 113.277720959000021, -7.049356019999948, 0.0 ], [ 113.277812040000072, -7.04946203999998, 0.0 ], [ 113.278185001000111, -7.04950703999998, 0.0 ], [ 113.278349881000054, -7.049523958999941, 0.0 ], [ 113.278524121000032, -7.049646, 0.0 ], [ 113.278685040000028, -7.05009500999995, 0.0 ], [ 113.278785120000066, -7.050274019999961, 0.0 ], [ 113.278896, -7.05043502999996, 0.0 ], [ 113.278933080000115, -7.050573991999954, 0.0 ], [ 113.278893840000023, -7.050680009999951, 0.0 ], [ 113.278872960000058, -7.050695038999947, 0.0 ], [ 113.278772160000017, -7.05077198999993, 0.0 ], [ 113.278320001000111, -7.050592979999976, 0.0 ], [ 113.27798916100005, -7.050474, 0.0 ], [ 113.27773212000011, -7.050457979999976, 0.0 ], [ 113.277303, -7.050589019999961, 0.0 ], [ 113.277126960000032, -7.050692969999943, 0.0 ], [ 113.276854080000021, -7.051167989999954, 0.0 ], [ 113.276769840000043, -7.051368959999934, 0.0 ], [ 113.276757960000054, -7.05166595999998, 0.0 ], [ 113.276833919000069, -7.052057010999931, 0.0 ], [ 113.276882879000027, -7.052165998999953, 0.0 ], [ 113.277103920000059, -7.052232959999969, 0.0 ], [ 113.277364921000071, -7.052235029999963, 0.0 ], [ 113.277904918000104, -7.051923, 0.0 ], [ 113.277913921000049, -7.051917959999969, 0.0 ], [ 113.278079881000053, -7.051841009999976, 0.0 ], [ 113.278542840000114, -7.051985009999953, 0.0 ], [ 113.278717080000092, -7.052022989999955, 0.0 ], [ 113.278795920000107, -7.052001029999929, 0.0 ], [ 113.278863960000081, -7.051736970999968, 0.0 ], [ 113.278956840000092, -7.051313969999967, 0.0 ], [ 113.278993920000062, -7.051142969999944, 0.0 ], [ 113.279128920000062, -7.050843990999965, 0.0 ], [ 113.27926608000007, -7.050654989999941, 0.0 ], [ 113.279391, -7.050582, 0.0 ], [ 113.279555880000089, -7.050567959999967, 0.0 ], [ 113.279770080000048, -7.050670018999938, 0.0 ], [ 113.279972040000075, -7.050855960999968, 0.0 ], [ 113.280275160000087, -7.051943968999979, 0.0 ], [ 113.280293878000066, -7.052077979999979, 0.0 ], [ 113.280208920000064, -7.052301, 0.0 ], [ 113.280003, -7.052504039999974, 0.0 ], [ 113.279591878000019, -7.052653979999945, 0.0 ], [ 113.279403961000071, -7.052726968999934, 0.0 ], [ 113.2793190000001, -7.052813008999976, 0.0 ], [ 113.279281920000017, -7.05306699099998, 0.0 ], [ 113.279366881000101, -7.053301981999937, 0.0 ], [ 113.279421961000025, -7.053419969999936, 0.0 ], [ 113.279406838000114, -7.053528960999927, 0.0 ], [ 113.279261039000062, -7.053650998999956, 0.0 ], [ 113.279031, -7.053695010999945, 0.0 ], [ 113.278724999000019, -7.053614008999944, 0.0 ], [ 113.278398841000012, -7.053471988999945, 0.0 ], [ 113.278138918000082, -7.053441028999941, 0.0 ], [ 113.278005, -7.053468031999955, 0.0 ], [ 113.27786388100003, -7.053643978999958, 0.0 ], [ 113.277776040000049, -7.053848008999978, 0.0 ], [ 113.277777119, -7.053851969999926, 0.0 ], [ 113.277720959000021, -7.053918031999956, 0.0 ], [ 113.277656880000109, -7.05394997999997, 0.0 ], [ 113.277589920000082, -7.053983008999978, 0.0 ], [ 113.277480120000064, -7.054008028999931, 0.0 ], [ 113.277476880000108, -7.054005959999927, 0.0 ], [ 113.277318840000021, -7.053953039999953, 0.0 ], [ 113.276985121000052, -7.053938009999968, 0.0 ], [ 113.276747160000014, -7.053983008999978, 0.0 ], [ 113.276405160000081, -7.054233029999978, 0.0 ], [ 113.2757830810001, -7.054611028999943, 0.0 ], [ 113.275617840000109, -7.054719029999944, 0.0 ], [ 113.275563840000018, -7.05481100999998, 0.0 ], [ 113.275635120000061, -7.054979039999978, 0.0 ], [ 113.275863001000062, -7.055273969999973, 0.0 ], [ 113.275923118000037, -7.055399969999939, 0.0 ], [ 113.275996920000011, -7.055557019999981, 0.0 ], [ 113.276061, -7.055787959999975, 0.0 ], [ 113.276050920000102, -7.055930971999942, 0.0 ], [ 113.275974960000099, -7.056066959999953, 0.0 ], [ 113.275702079000098, -7.056207991999941, 0.0 ], [ 113.275541881000095, -7.056199978999928, 0.0 ], [ 113.275085038000043, -7.056173969999975, 0.0 ], [ 113.274816120000082, -7.056248039999957, 0.0 ], [ 113.27470596, -7.056345959999931, 0.0 ], [ 113.27460011900007, -7.056594989999951, 0.0 ], [ 113.274591120000082, -7.056759958999976, 0.0 ], [ 113.274664920000077, -7.056956968999941, 0.0 ], [ 113.27482512000006, -7.057171979999964, 0.0 ], [ 113.275436038000066, -7.05761702999996, 0.0 ], [ 113.275609921000068, -7.057721969999932, 0.0 ], [ 113.275797840000109, -7.057836, 0.0 ], [ 113.276126881000096, -7.058176019999962, 0.0 ], [ 113.276503080000111, -7.058564998999941, 0.0 ], [ 113.276675159000092, -7.058826989999943, 0.0 ], [ 113.276792159000024, -7.059085019999941, 0.0 ], [ 113.276852999000084, -7.059237029999963, 0.0 ], [ 113.276997, -7.059357989999967, 0.0 ], [ 113.277174119000051, -7.059383998999976, 0.0 ], [ 113.277324960000101, -7.059400019999941, 0.0 ], [ 113.277472920000037, -7.059479039999928, 0.0 ], [ 113.277624120000041, -7.059665969999969, 0.0 ], [ 113.277650040000026, -7.059747959999982, 0.0 ], [ 113.277683160000038, -7.06020695999996, 0.0 ], [ 113.277642119, -7.060352040999931, 0.0 ], [ 113.277497040000071, -7.060542028999976, 0.0 ], [ 113.277345841000056, -7.060640038999964, 0.0 ], [ 113.277069, -7.060689989999958, 0.0 ], [ 113.276535840000065, -7.060713029999931, 0.0 ], [ 113.276477881, -7.060716989999946, 0.0 ], [ 113.276070000000118, -7.060737958999937, 0.0 ], [ 113.2757830810001, -7.060760009999967, 0.0 ], [ 113.275640881000072, -7.060780978999958, 0.0 ], [ 113.275517039000079, -7.060886008999944, 0.0 ], [ 113.275464121000027, -7.06099796999996, 0.0 ], [ 113.27550515900009, -7.061240969999972, 0.0 ], [ 113.276500918000011, -7.06178996999995, 0.0 ], [ 113.276792159000024, -7.061913988999947, 0.0 ], [ 113.27722884100001, -7.061978969999927, 0.0 ], [ 113.277647160000015, -7.061985989999926, 0.0 ], [ 113.278043880000041, -7.061929021999958, 0.0 ], [ 113.278223880000041, -7.061895988999936, 0.0 ], [ 113.278552920000038, -7.061892030999957, 0.0 ], [ 113.279002921000028, -7.061900039999955, 0.0 ], [ 113.279355001000113, -7.061887979999938, 0.0 ], [ 113.279569921000075, -7.061868001999926, 0.0 ], [ 113.279853961000072, -7.061847028999978, 0.0 ], [ 113.280185881000079, -7.061727959999928, 0.0 ], [ 113.280392879000033, -7.061596020999957, 0.0 ], [ 113.280482880000022, -7.061294971999928, 0.0 ], [ 113.280786, -7.060915979999947, 0.0 ], [ 113.281089841000039, -7.060318019999954, 0.0 ], [ 113.281106040000054, -7.059876028999952, 0.0 ], [ 113.281125839000083, -7.059464008999953, 0.0 ], [ 113.281152840000118, -7.058934989999955, 0.0 ], [ 113.281157160000021, -7.05886100999993, 0.0 ], [ 113.281233840000027, -7.058271959999956, 0.0 ], [ 113.281547041000067, -7.057452959999978, 0.0 ], [ 113.281638841000017, -7.057314988999963, 0.0 ], [ 113.281814878000091, -7.057052011999929, 0.0 ], [ 113.281958881000037, -7.056880021999973, 0.0 ], [ 113.282123040000101, -7.056879030999937, 0.0 ], [ 113.282442, -7.056907019999926, 0.0 ], [ 113.283140038000056, -7.056740968999975, 0.0 ], [ 113.283534960000111, -7.056534959999965, 0.0 ], [ 113.283554040000013, -7.056519029999947, 0.0 ], [ 113.283797040000081, -7.056322019999925, 0.0 ], [ 113.28403212, -7.056110969999963, 0.0 ], [ 113.284226161000106, -7.05578498999995, 0.0 ], [ 113.28425892000007, -7.05571595999993, 0.0 ], [ 113.284266120000098, -7.05544802999998, 0.0 ], [ 113.28395688, -7.054750979999937, 0.0 ], [ 113.283759960000111, -7.054332029999955, 0.0 ], [ 113.28365807900002, -7.053955021999968, 0.0 ], [ 113.283784080000032, -7.05354497899998, 0.0 ], [ 113.283849961000101, -7.053348958999948, 0.0 ], [ 113.283870120000074, -7.053146008999931, 0.0 ], [ 113.283975960000021, -7.052955028999975, 0.0 ], [ 113.284287001000052, -7.052439959999958, 0.0 ], [ 113.285247119000019, -7.051388039999949, 0.0 ], [ 113.285477161000017, -7.051186978999965, 0.0 ], [ 113.28616116, -7.050897988999964, 0.0 ], [ 113.286834000000113, -7.050628981999978, 0.0 ], [ 113.287181040000064, -7.050221008999927, 0.0 ], [ 113.287316040000064, -7.050067018999925, 0.0 ], [ 113.287938840000038, -7.049986018999959, 0.0 ], [ 113.288205960000028, -7.049927969999942, 0.0 ], [ 113.288376960000051, -7.049835989999963, 0.0 ], [ 113.288623920000077, -7.049439, 0.0 ], [ 113.288668918000099, -7.049193029999969, 0.0 ], [ 113.289492960000075, -7.048896028999934, 0.0 ], [ 113.289760078000086, -7.048818000999972, 0.0 ], [ 113.29047395900011, -7.04871701999997, 0.0 ], [ 113.291328960000101, -7.048773989999972, 0.0 ], [ 113.291708041000106, -7.048827, 0.0 ], [ 113.291937, -7.048917001999939, 0.0 ], [ 113.292204840000068, -7.049153969999963, 0.0 ], [ 113.292435960000034, -7.049511, 0.0 ], [ 113.292555120000088, -7.049745988999973, 0.0 ], [ 113.292717840000023, -7.049864970999977, 0.0 ], [ 113.292987841000013, -7.049907, 0.0 ], [ 113.293095840000092, -7.049906008999926, 0.0 ], [ 113.293362960000081, -7.049313989999973, 0.0 ], [ 113.29340688100001, -7.049021039999957, 0.0 ], [ 113.293540080000071, -7.04885300899997, 0.0 ], [ 113.293814041000019, -7.048619008999935, 0.0 ], [ 113.294055960000037, -7.048503, 0.0 ], [ 113.294261160000019, -7.048485991999939, 0.0 ], [ 113.294418840000048, -7.048558980999928, 0.0 ], [ 113.294631960000061, -7.048647989999949, 0.0 ], [ 113.294777040000099, -7.048683989999972, 0.0 ], [ 113.295018959000117, -7.048680029999957, 0.0 ], [ 113.29527095800006, -7.048607038999933, 0.0 ], [ 113.295425040000055, -7.048459979999961, 0.0 ], [ 113.295417120000025, -7.048357021999948, 0.0 ], [ 113.295333960000107, -7.048103039999944, 0.0 ], [ 113.295332880000046, -7.047964979999961, 0.0 ], [ 113.295434041000021, -7.04776400999998, 0.0 ], [ 113.295656880000024, -7.04751497999996, 0.0 ], [ 113.295819960000017, -7.047415979999926, 0.0 ], [ 113.296061159000033, -7.047368009999957, 0.0 ], [ 113.296285080000075, -7.04737898999997, 0.0 ], [ 113.29690283900004, -7.047439020999946, 0.0 ], [ 113.297357878000071, -7.047316979999948, 0.0 ], [ 113.297604120000074, -7.047172979999971, 0.0 ], [ 113.297871961000055, -7.046992978999981, 0.0 ], [ 113.298428880000074, -7.046675010999934, 0.0 ], [ 113.298455160000117, -7.04663199099997, 0.0 ], [ 113.298521040000082, -7.04667698999998, 0.0 ], [ 113.298698880000074, -7.046739989999935, 0.0 ], [ 113.299181999000098, -7.046895959999972, 0.0 ], [ 113.299395838, -7.046829000999935, 0.0 ], [ 113.299549920000118, -7.04670398899998, 0.0 ], [ 113.299646041000074, -7.046510041999966, 0.0 ], [ 113.299687078000034, -7.046287020999955, 0.0 ], [ 113.299778160000074, -7.045865998999943, 0.0 ], [ 113.29989984000008, -7.045659000999933, 0.0 ], [ 113.300016121000112, -7.04558402899994, 0.0 ], [ 113.300147160000051, -7.045602028999951, 0.0 ], [ 113.300754121000068, -7.045812990999934, 0.0 ], [ 113.301122039, -7.045902988999956, 0.0 ], [ 113.301426960000072, -7.045903978999945, 0.0 ], [ 113.301875161000112, -7.045830990999946, 0.0 ], [ 113.301969838000105, -7.045739010999966, 0.0 ], [ 113.301996120000013, -7.045575029999952, 0.0 ], [ 113.301941039000098, -7.045368028999974, 0.0 ], [ 113.301846, -7.045000020999964, 0.0 ], [ 113.301955081000074, -7.044807959999957, 0.0 ], [ 113.302101961000062, -7.044693031999941, 0.0 ], [ 113.3023341600001, -7.04461103899996, 0.0 ], [ 113.302559880000103, -7.044487018999973, 0.0 ], [ 113.302675080000085, -7.044345988999964, 0.0 ], [ 113.302807918000099, -7.044085979999977, 0.0 ], [ 113.302829880000104, -7.04390400099993, 0.0 ], [ 113.302806840000017, -7.043627969999932, 0.0 ], [ 113.302825920000032, -7.04356802999996, 0.0 ], [ 113.302874880000104, -7.043567039999971, 0.0 ], [ 113.30310492000001, -7.043600969999943, 0.0 ], [ 113.303783880000083, -7.043766029999972, 0.0 ], [ 113.303930039000079, -7.043884018999961, 0.0 ], [ 113.303963880000083, -7.044013979999932, 0.0 ], [ 113.303910959000063, -7.044176969999967, 0.0 ], [ 113.303786040000091, -7.044578009999952, 0.0 ], [ 113.303864161000092, -7.044711030999963, 0.0 ], [ 113.304017159000068, -7.044833971999935, 0.0 ], [ 113.304243959000019, -7.044918028999973, 0.0 ], [ 113.304476879000049, -7.044956009999964, 0.0 ], [ 113.304769920000012, -7.044919018999963, 0.0 ], [ 113.304858839000076, -7.044856019999941, 0.0 ], [ 113.305015080000089, -7.044634978999966, 0.0 ], [ 113.305029121000075, -7.044600959999968, 0.0 ], [ 113.305088158000103, -7.04431601999994, 0.0 ], [ 113.305020841000101, -7.044197039999972, 0.0 ], [ 113.304881880000039, -7.044095969999944, 0.0 ], [ 113.304484078000087, -7.043906969999966, 0.0 ], [ 113.304206880000038, -7.04376998999993, 0.0 ], [ 113.30418996100002, -7.043673958999932, 0.0 ], [ 113.304269158000011, -7.043552009999928, 0.0 ], [ 113.304422160000058, -7.043444009999973, 0.0 ], [ 113.304638881000074, -7.043410980999965, 0.0 ], [ 113.304877919000091, -7.043345009999939, 0.0 ], [ 113.305038841000055, -7.043186969999965, 0.0 ], [ 113.30527716000006, -7.042947029999937, 0.0 ], [ 113.305578838000088, -7.042797, 0.0 ], [ 113.305880878000039, -7.042703040999982, 0.0 ], [ 113.306072040000117, -7.042754969999976, 0.0 ], [ 113.306569920000015, -7.042854958999953, 0.0 ], [ 113.30674704, -7.042797, 0.0 ], [ 113.30686404000005, -7.042679011999951, 0.0 ], [ 113.307035041000063, -7.042394970999965, 0.0 ], [ 113.307265080000093, -7.042106969999963, 0.0 ], [ 113.307488999000043, -7.042083029999958, 0.0 ], [ 113.308201080000117, -7.042042978999973, 0.0 ], [ 113.308481158000063, -7.04189402999998, 0.0 ], [ 113.308848, -7.041749040999946, 0.0 ], [ 113.309085961000051, -7.041732029999935, 0.0 ], [ 113.309348040000032, -7.041785039999979, 0.0 ], [ 113.309875081000087, -7.041951, 0.0 ], [ 113.31012996000004, -7.041837959999953, 0.0 ], [ 113.310708120000072, -7.041593969999951, 0.0 ], [ 113.310839881000106, -7.041616019999935, 0.0 ], [ 113.31100007900011, -7.041728969999951, 0.0 ], [ 113.311090080000099, -7.041893039999934, 0.0 ], [ 113.31121212000005, -7.042002031999971, 0.0 ], [ 113.311302840000053, -7.041723028999968, 0.0 ], [ 113.311436038000011, -7.041651031999947, 0.0 ], [ 113.31199692000007, -7.041404969999974, 0.0 ], [ 113.312075040000082, -7.041251969999962, 0.0 ], [ 113.312072880000073, -7.041096000999971, 0.0 ], [ 113.31208692000007, -7.040936969999962, 0.0 ], [ 113.312122920000093, -7.040840039999978, 0.0 ], [ 113.312202121000041, -7.040811960999974, 0.0 ], [ 113.312529, -7.040859029999979, 0.0 ], [ 113.312734918000046, -7.04097, 0.0 ], [ 113.312873880000097, -7.041135959999963, 0.0 ], [ 113.313106079000022, -7.041359969999974, 0.0 ], [ 113.313471840000034, -7.041466979999939, 0.0 ], [ 113.313938041000029, -7.041471029999968, 0.0 ], [ 113.314016880000054, -7.041548969999951, 0.0 ], [ 113.314092840000058, -7.041764968999928, 0.0 ], [ 113.314145040000085, -7.042101029999969, 0.0 ], [ 113.314240081000094, -7.042379039999958, 0.0 ], [ 113.31433512000001, -7.042476959999931, 0.0 ], [ 113.3144909990001, -7.042517008999937, 0.0 ], [ 113.314662000000112, -7.042482989999939, 0.0 ], [ 113.314821838000057, -7.04239002199995, 0.0 ], [ 113.314974121000091, -7.042208039999934, 0.0 ], [ 113.315033158, -7.041988981999964, 0.0 ], [ 113.315212079000048, -7.04139398999996, 0.0 ], [ 113.315329079000094, -7.041314969999974, 0.0 ], [ 113.315569921000019, -7.041291028999979, 0.0 ], [ 113.315992919000109, -7.04123900999997, 0.0 ], [ 113.316095161000021, -7.041183031999935, 0.0 ], [ 113.316166079000027, -7.041096000999971, 0.0 ], [ 113.316167159000088, -7.04096100199996, 0.0 ], [ 113.3161581600001, -7.040574989999925, 0.0 ], [ 113.316162840000061, -7.040273039999931, 0.0 ], [ 113.316280920000054, -7.040089978999958, 0.0 ], [ 113.316495121000116, -7.039872989999935, 0.0 ], [ 113.316716880000058, -7.039772010999968, 0.0 ], [ 113.316963840000085, -7.039746990999959, 0.0 ], [ 113.317079041000056, -7.039765981999949, 0.0 ], [ 113.317158961000018, -7.039799009999967, 0.0 ], [ 113.31719892000001, -7.039826008999967, 0.0 ], [ 113.317238881000094, -7.039861019999933, 0.0 ], [ 113.31738684000004, -7.040066038999953, 0.0 ], [ 113.317448040000045, -7.040285009999934, 0.0 ], [ 113.317548840000086, -7.040607029999933, 0.0 ], [ 113.317736038000021, -7.040724029999978, 0.0 ], [ 113.317959961000042, -7.040761019999934, 0.0 ], [ 113.318503920000012, -7.040751030999957, 0.0 ], [ 113.318645040000092, -7.04069297999996, 0.0 ], [ 113.318750160000036, -7.040564998999969, 0.0 ], [ 113.318894158000035, -7.040295991999926, 0.0 ], [ 113.318966160000059, -7.040374018999955, 0.0 ], [ 113.318996040000115, -7.040655989999948, 0.0 ], [ 113.318940960000077, -7.040971979999938, 0.0 ], [ 113.318946, -7.041222988999948, 0.0 ], [ 113.319047160000082, -7.04136995999994, 0.0 ], [ 113.319138960000032, -7.041381029999968, 0.0 ], [ 113.319312120000063, -7.041327029999934, 0.0 ], [ 113.319614881, -7.041177, 0.0 ], [ 113.31988884000009, -7.041066031999947, 0.0 ], [ 113.320105918000081, -7.041075029999945, 0.0 ], [ 113.320220041000084, -7.041153959999974, 0.0 ], [ 113.320427038000048, -7.041255028999956, 0.0 ], [ 113.320521001000088, -7.041319019999946, 0.0 ], [ 113.320631159000072, -7.041506039999945, 0.0 ], [ 113.320762920000107, -7.041764968999928, 0.0 ], [ 113.320743840000091, -7.042086990999962, 0.0 ], [ 113.320820160000039, -7.04218697999994, 0.0 ], [ 113.320923840000091, -7.042220998999937, 0.0 ], [ 113.32109016000004, -7.042199041999936, 0.0 ], [ 113.321329920000039, -7.042095, 0.0 ], [ 113.321441878000087, -7.042103009999948, 0.0 ], [ 113.321603881000101, -7.042269958999952, 0.0 ], [ 113.32192104, -7.042532039999969, 0.0 ], [ 113.322034080000094, -7.042403969999953, 0.0 ], [ 113.322094918000062, -7.042224959999942, 0.0 ], [ 113.322212999000044, -7.041917969999929, 0.0 ], [ 113.322342960000015, -7.041873959999975, 0.0 ], [ 113.322501000000102, -7.041911039999945, 0.0 ], [ 113.322870925000075, -7.042013548999932, 0.0 ], [ 113.323247999000046, -7.042118040999981, 0.0 ], [ 113.323503960000039, -7.042068, 0.0 ], [ 113.323727160000089, -7.04198699899996, 0.0 ], [ 113.323848121000083, -7.041931019999936, 0.0 ], [ 113.324122078000073, -7.041857039999968, 0.0 ], [ 113.324577120000072, -7.041744, 0.0 ], [ 113.325071039000022, -7.041467969999928, 0.0 ], [ 113.325586919000102, -7.041335038999932, 0.0 ], [ 113.325917040000036, -7.041305971999975, 0.0 ], [ 113.326356959, -7.041358978999938, 0.0 ], [ 113.326814880000029, -7.041409019999946, 0.0 ], [ 113.326940160000049, -7.041448979999927, 0.0 ], [ 113.32716012100002, -7.041570030999935, 0.0 ], [ 113.32739988000003, -7.041627, 0.0 ], [ 113.327539920000049, -7.04158100899997, 0.0 ], [ 113.328006839000068, -7.041475978999927, 0.0 ], [ 113.328011161000063, -7.041474989999926, 0.0 ], [ 113.328062999000053, -7.041540959999963, 0.0 ], [ 113.328183545000115, -7.04176515599994, 0.0 ], [ 113.328469327000107, -7.04206101699998, 0.0 ], [ 113.328570454000101, -7.042304911999963, 0.0 ], [ 113.328567480000061, -7.042480396999963, 0.0 ], [ 113.328585327000042, -7.042629113999965, 0.0 ], [ 113.32861209500004, -7.042789726999956, 0.0 ], [ 113.328632915000071, -7.042908699999941, 0.0 ], [ 113.328621018000035, -7.043039569999962, 0.0 ], [ 113.328656710000018, -7.043102030999933, 0.0 ], [ 113.328704300000027, -7.043164492999949, 0.0 ], [ 113.328706338000075, -7.043235816999925, 0.0 ], [ 113.328686768000011, -7.043327424999973, 0.0 ], [ 113.328674555000021, -7.043384593999974, 0.0 ], [ 113.328736568000068, -7.043410926999968, 0.0 ], [ 113.328891682000062, -7.043476796999926, 0.0 ], [ 113.329001732000052, -7.043518436999932, 0.0 ], [ 113.329064192000033, -7.043569, 0.0 ], [ 113.329082038000024, -7.043622537999966, 0.0 ], [ 113.329082038000024, -7.043696896999961, 0.0 ], [ 113.329062755000109, -7.04378719999994, 0.0 ], [ 113.328900605000058, -7.04385453499998, 0.0 ], [ 113.328826246000062, -7.043902124999931, 0.0 ], [ 113.328769733000058, -7.043979456999978, 0.0 ], [ 113.328731068000025, -7.044047866999961, 0.0 ], [ 113.328673921000018, -7.044195959999968, 0.0 ], [ 113.328650761000063, -7.044425605999947, 0.0 ], [ 113.328689428000075, -7.044508886999949, 0.0 ], [ 113.328763784000103, -7.044479143999979, 0.0 ], [ 113.328903580000087, -7.044473194999966, 0.0 ], [ 113.328995783000096, -7.044488066999975, 0.0 ], [ 113.32909096000003, -7.044523758999958, 0.0 ], [ 113.329153422000104, -7.044624885999951, 0.0 ], [ 113.329209934, -7.044702217999941, 0.0 ], [ 113.329236703000106, -7.04477062999996, 0.0 ], [ 113.329075792000026, -7.044893227999978, 0.0 ], [ 113.32907496100006, -7.044895981999957, 0.0 ], [ 113.328992160000098, -7.045165980999968, 0.0 ], [ 113.328991474000077, -7.045240559999968, 0.0 ], [ 113.32909096000003, -7.045332775999952, 0.0 ], [ 113.329108808000115, -7.045422004999978, 0.0 ], [ 113.329126654000106, -7.045597490999967, 0.0 ], [ 113.329138550000039, -7.045761078999931, 0.0 ], [ 113.329126654000106, -7.045954409999979, 0.0 ], [ 113.329070141000102, -7.046097176999979, 0.0 ], [ 113.329025526, -7.046358919999932, 0.0 ], [ 113.328933322000012, -7.046757477999961, 0.0 ], [ 113.328912503000083, -7.046941885999956, 0.0 ], [ 113.328820509000025, -7.047137645999953, 0.0 ], [ 113.328753236000011, -7.047280800999943, 0.0 ], [ 113.328304570000114, -7.047253591999947, 0.0 ], [ 113.327917637000041, -7.047230125999931, 0.0 ], [ 113.327875846000097, -7.047228823999944, 0.0 ], [ 113.327634891000116, -7.047221314999945, 0.0 ], [ 113.327399918000083, -7.047301620999974, 0.0 ], [ 113.327233356000079, -7.047346237999932, 0.0 ], [ 113.326932949000025, -7.047268902999974, 0.0 ], [ 113.326865632000022, -7.047455426999932, 0.0 ], [ 113.326790181000092, -7.047664490999978, 0.0 ], [ 113.326708932000088, -7.047911023999973, 0.0 ], [ 113.326613954000095, -7.04819921099994, 0.0 ], [ 113.326526161000061, -7.048360978999938, 0.0 ], [ 113.32631412, -7.048689030999981, 0.0 ], [ 113.326164, -7.048784968999939, 0.0 ], [ 113.326216921000082, -7.048881, 0.0 ], [ 113.326175880000051, -7.04902698099994, 0.0 ], [ 113.326080120000029, -7.049169991999975, 0.0 ], [ 113.325938430000065, -7.049323249999929, 0.0 ], [ 113.325775920000069, -7.049499029999936, 0.0 ], [ 113.325467041000024, -7.049833018999948, 0.0 ], [ 113.325410880000049, -7.049981970999966, 0.0 ], [ 113.325158472000112, -7.050166978999926, 0.0 ], [ 113.324987880000094, -7.050292019999972, 0.0 ], [ 113.324604120000117, -7.050519, 0.0 ], [ 113.324336998000035, -7.050809969999932, 0.0 ], [ 113.324159160000022, -7.051211009999975, 0.0 ], [ 113.324137920000112, -7.051517009999941, 0.0 ], [ 113.324074347000078, -7.051739555999973, 0.0 ], [ 113.324005078000027, -7.051982038999938, 0.0 ], [ 113.32388484, -7.052248981999981, 0.0 ], [ 113.323709881000013, -7.052535988999978, 0.0 ], [ 113.323497748000023, -7.052634547999958, 0.0 ], [ 113.323275, -7.052738039999952, 0.0 ], [ 113.322931592000032, -7.052765151999949, 0.0 ], [ 113.322660893000034, -7.052786523999941, 0.0 ], [ 113.3222799240001, -7.05281660199995, 0.0 ], [ 113.321884768000018, -7.052847800999928, 0.0 ], [ 113.321545988000025, -7.052874546999931, 0.0 ], [ 113.321270188000085, -7.05289632399996, 0.0 ], [ 113.320951448000073, -7.052921486999935, 0.0 ], [ 113.320653120000088, -7.052945041999976, 0.0 ], [ 113.320280881000031, -7.052930008999965, 0.0 ], [ 113.319945203000088, -7.052832085999967, 0.0 ], [ 113.319512842000108, -7.052705959999969, 0.0 ], [ 113.319146160000059, -7.052598990999968, 0.0 ], [ 113.318610841, -7.05236696999998, 0.0 ], [ 113.318298001000016, -7.052264998999931, 0.0 ], [ 113.317922880000083, -7.052266981999935, 0.0 ], [ 113.317629838000016, -7.052315039999939, 0.0 ], [ 113.317368120000083, -7.05236696999998, 0.0 ], [ 113.317197840000063, -7.052400989999967, 0.0 ], [ 113.316960049000045, -7.052532505999977, 0.0 ], [ 113.316734880000013, -7.052657039999929, 0.0 ], [ 113.316559920000032, -7.052732998999943, 0.0 ], [ 113.316184097000018, -7.052690550999955, 0.0 ], [ 113.315771880000057, -7.052643989999979, 0.0 ], [ 113.315490001000057, -7.052608978999956, 0.0 ], [ 113.315145120000011, -7.052691961999926, 0.0 ], [ 113.314834080000082, -7.052774039999974, 0.0 ], [ 113.314605840000013, -7.052778989999979, 0.0 ], [ 113.314277880000077, -7.05259196999998, 0.0 ], [ 113.314185001000055, -7.052506019999953, 0.0 ], [ 113.314143960000024, -7.052261041999941, 0.0 ], [ 113.314087081000025, -7.052086979999956, 0.0 ], [ 113.313961078000034, -7.051913009999964, 0.0 ], [ 113.313666961000081, -7.051646969999979, 0.0 ], [ 113.313431133000108, -7.051488473999939, 0.0 ], [ 113.313309521000065, -7.051406739999948, 0.0 ], [ 113.313129840000101, -7.051285978999942, 0.0 ], [ 113.312903439000024, -7.051205790999973, 0.0 ], [ 113.312666878000073, -7.051122001999943, 0.0 ], [ 113.312436840000032, -7.051131988999941, 0.0 ], [ 113.312005920000047, -7.051167989999954, 0.0 ], [ 113.311946879000061, -7.051151970999967, 0.0 ], [ 113.311626840000031, -7.051065029999961, 0.0 ], [ 113.311550880000027, -7.051037039999926, 0.0 ], [ 113.311395001000051, -7.050979981999944, 0.0 ], [ 113.311302119000061, -7.05111299899994, 0.0 ], [ 113.311056252000071, -7.051271659999941, 0.0 ], [ 113.310807840000052, -7.051431959999945, 0.0 ], [ 113.310525961000053, -7.051626000999931, 0.0 ], [ 113.310317160000068, -7.051809959999957, 0.0 ], [ 113.310101881000037, -7.051910041999975, 0.0 ], [ 113.30961084, -7.051968, 0.0 ], [ 113.309141041000089, -7.05201803999995, 0.0 ], [ 113.30883108, -7.052118029999974, 0.0 ], [ 113.308401961000072, -7.052319, 0.0 ], [ 113.308039081000061, -7.052463, 0.0 ], [ 113.307787793000102, -7.052585939999972, 0.0 ], [ 113.30754115600007, -7.052706602999933, 0.0 ], [ 113.307309713000109, -7.052819832999944, 0.0 ], [ 113.307010920000039, -7.052966009999977, 0.0 ], [ 113.306794623000087, -7.053093324999963, 0.0 ], [ 113.30661309300001, -7.053200176999951, 0.0 ], [ 113.306397249000042, -7.05332722199995, 0.0 ], [ 113.306175, -7.053458039999953, 0.0 ], [ 113.305970880000018, -7.053623009999967, 0.0 ], [ 113.305862879000074, -7.053796979999959, 0.0 ], [ 113.305709160000106, -7.054019009999934, 0.0 ], [ 113.305509, -7.054238969999972, 0.0 ], [ 113.305224961000022, -7.054487998999946, 0.0 ], [ 113.304989160000105, -7.054705981999973, 0.0 ], [ 113.304800880000016, -7.054914961999941, 0.0 ], [ 113.304587040000115, -7.05501800899998, 0.0 ], [ 113.304183840000064, -7.055189009999935, 0.0 ], [ 113.303827081, -7.055330039999944, 0.0 ], [ 113.303706838000039, -7.055366039999967, 0.0 ], [ 113.303540879000025, -7.055416979999961, 0.0 ], [ 113.303754, -7.056111959999953, 0.0 ], [ 113.303818080000042, -7.056433978999962, 0.0 ], [ 113.303932920000079, -7.056835019999937, 0.0 ], [ 113.304128040000023, -7.057310040999937, 0.0 ], [ 113.304366, -7.057710000999975, 0.0 ], [ 113.304407040000115, -7.05782303999996, 0.0 ], [ 113.30451792000008, -7.057896031999974, 0.0 ], [ 113.305132080000021, -7.05813803999996, 0.0 ], [ 113.305299840000089, -7.058360968999978, 0.0 ], [ 113.305606920000059, -7.058736988999954, 0.0 ], [ 113.305615918000058, -7.059061979999967, 0.0 ], [ 113.305924080000068, -7.059582000999967, 0.0 ], [ 113.306082121000031, -7.059894029999953, 0.0 ], [ 113.306180041000061, -7.060235040999942, 0.0 ], [ 113.306223960000011, -7.060635991999959, 0.0 ], [ 113.306393881000076, -7.061193988999946, 0.0 ], [ 113.306742, -7.061949, 0.0 ], [ 113.306799960000035, -7.062224040999979, 0.0 ], [ 113.306784121000078, -7.06248998999996, 0.0 ], [ 113.306727960000103, -7.062644969999951, 0.0 ], [ 113.30668907900008, -7.062705001999973, 0.0 ], [ 113.306739120000088, -7.06280904099998, 0.0 ], [ 113.3067448810001, -7.063441019999971, 0.0 ], [ 113.30676612000002, -7.063472969999964, 0.0 ], [ 113.306793841000058, -7.063488, 0.0 ], [ 113.307153840000069, -7.063605989999928, 0.0 ], [ 113.307877078000047, -7.063819020999972, 0.0 ], [ 113.307928920000109, -7.063910008999926, 0.0 ], [ 113.308049880000112, -7.064326979999976, 0.0 ], [ 113.307989040000052, -7.064757989999976, 0.0 ], [ 113.307712920000085, -7.064981008999951, 0.0 ], [ 113.307318001000112, -7.065199979999932, 0.0 ], [ 113.306901840000023, -7.06534002099994, 0.0 ], [ 113.306203080000046, -7.065545039999961, 0.0 ], [ 113.30614512000011, -7.06557203899996, 0.0 ], [ 113.306079961000023, -7.065657, 0.0 ], [ 113.306069880000109, -7.065671038999938, 0.0 ], [ 113.305992840000044, -7.065854009999953, 0.0 ], [ 113.30601695900009, -7.066014029999963, 0.0 ], [ 113.306208120000065, -7.066688039999974, 0.0 ], [ 113.306209921000118, -7.067219041999977, 0.0 ], [ 113.306149081000058, -7.067646988999968, 0.0 ], [ 113.305917958, -7.068200039999965, 0.0 ], [ 113.305893120000064, -7.068248009999934, 0.0 ], [ 113.305142160000059, -7.069002028999932, 0.0 ], [ 113.304809879000118, -7.069397038999966, 0.0 ], [ 113.30463708000002, -7.069698989999949, 0.0 ], [ 113.304528, -7.070241960999965, 0.0 ], [ 113.304439080000066, -7.070723011999974, 0.0 ], [ 113.304309840000087, -7.071153029999948, 0.0 ], [ 113.304192120000039, -7.071374970999955, 0.0 ], [ 113.303939040000046, -7.071685019999961, 0.0 ], [ 113.303849040000046, -7.071868979999977, 0.0 ], [ 113.303859120000084, -7.072542, 0.0 ], [ 113.303939040000046, -7.073441998999954, 0.0 ], [ 113.303966040000091, -7.073726038999951, 0.0 ], [ 113.303973961000111, -7.073911980999981, 0.0 ], [ 113.303882160000057, -7.074128969999947, 0.0 ], [ 113.303666159000045, -7.074474029999976, 0.0 ], [ 113.303665078000108, -7.074593009999944, 0.0 ], [ 113.303658959000018, -7.07536196999996, 0.0 ], [ 113.303671921000046, -7.07607, 0.0 ], [ 113.303526121, -7.077302998999926, 0.0 ], [ 113.303449080000064, -7.077702958999964, 0.0 ], [ 113.303345039000078, -7.077821038999957, 0.0 ], [ 113.303324160000102, -7.077796018999948, 0.0 ], [ 113.303042999000013, -7.077645989999951, 0.0 ], [ 113.302905120000105, -7.077580019999971, 0.0 ], [ 113.302554120000082, -7.07742602999997, 0.0 ], [ 113.302078920000099, -7.077177, 0.0 ], [ 113.301896040000088, -7.077160979999974, 0.0 ], [ 113.301596158000052, -7.077222988999949, 0.0 ], [ 113.301325078000104, -7.07733395899993, 0.0 ], [ 113.300825040000063, -7.07750901199995, 0.0 ], [ 113.300763120000056, -7.077497041999948, 0.0 ], [ 113.300718840000059, -7.077430979999974, 0.0 ], [ 113.300580961000037, -7.077421980999929, 0.0 ], [ 113.300466840000013, -7.077345029999947, 0.0 ], [ 113.300448120000055, -7.077332969999929, 0.0 ], [ 113.300385840000104, -7.077338009999949, 0.0 ], [ 113.300327881000044, -7.077336030999959, 0.0 ], [ 113.299961040000085, -7.077546989999973, 0.0 ], [ 113.299818121000044, -7.07764697999994, 0.0 ], [ 113.299556040000084, -7.07773599099994, 0.0 ], [ 113.298941880000029, -7.077578039999935, 0.0 ], [ 113.298779880000097, -7.077547979999963, 0.0 ], [ 113.298617880000052, -7.077611969999964, 0.0 ], [ 113.298453000000109, -7.077760019999971, 0.0 ], [ 113.298362999, -7.07796296999993, 0.0 ], [ 113.298354, -7.078152958999965, 0.0 ], [ 113.298454080000056, -7.078384979999953, 0.0 ], [ 113.298600960000044, -7.078596029999972, 0.0 ], [ 113.298681960000067, -7.078827959999956, 0.0 ], [ 113.298671158000047, -7.079054040999949, 0.0 ], [ 113.298566038000104, -7.079270040999972, 0.0 ], [ 113.298364080000056, -7.079418001999954, 0.0 ], [ 113.298185159000013, -7.079479020999941, 0.0 ], [ 113.298072839000042, -7.079462009999929, 0.0 ], [ 113.297891041000071, -7.079267968999943, 0.0 ], [ 113.297697, -7.079014978999965, 0.0 ], [ 113.297420880000118, -7.07880599899994, 0.0 ], [ 113.297275081000066, -7.078761989999975, 0.0 ], [ 113.297038920000091, -7.078919040999949, 0.0 ], [ 113.296803839000063, -7.07894000999994, 0.0 ], [ 113.296484880000094, -7.079055031999928, 0.0 ], [ 113.29619184, -7.079141969999966, 0.0 ], [ 113.295971880000025, -7.07914502899996, 0.0 ], [ 113.29578684, -7.079070958999978, 0.0 ], [ 113.295342960000085, -7.078942980999955, 0.0 ], [ 113.29526700100007, -7.079022990999931, 0.0 ], [ 113.295260159, -7.079154029999927, 0.0 ], [ 113.295345841000085, -7.079389019999951, 0.0 ], [ 113.295539880000092, -7.079946028999927, 0.0 ], [ 113.295603959, -7.080408990999956, 0.0 ], [ 113.295522960000085, -7.080737039999974, 0.0 ], [ 113.29540884000005, -7.080928019999931, 0.0 ], [ 113.295299040000032, -7.080998038999951, 0.0 ], [ 113.295102840000027, -7.081025040999975, 0.0 ], [ 113.294868121000036, -7.081013969999958, 0.0 ], [ 113.294693881000057, -7.080939989999933, 0.0 ], [ 113.294579040000031, -7.08077402999993, 0.0 ], [ 113.294207159000052, -7.08011702999994, 0.0 ], [ 113.294000161000099, -7.079995980999968, 0.0 ], [ 113.293766161, -7.079947020999953, 0.0 ], [ 113.293548000000101, -7.079972040999962, 0.0 ], [ 113.29305804, -7.080094980999945, 0.0 ], [ 113.292834119000076, -7.080005969999945, 0.0 ], [ 113.292565920000015, -7.079952960999947, 0.0 ], [ 113.292362161000028, -7.079979959999946, 0.0 ], [ 113.292037080000114, -7.080102989999943, 0.0 ], [ 113.291828999000018, -7.080174, 0.0 ], [ 113.291763840000044, -7.08039, 0.0 ], [ 113.291538120000041, -7.081335989999957, 0.0 ], [ 113.291455453000026, -7.081693198999972, 0.0 ], [ 113.291201160000014, -7.082792010999981, 0.0 ], [ 113.290756918000056, -7.084905031999938, 0.0 ], [ 113.290751160000013, -7.084929959999954, 0.0 ], [ 113.290692121, -7.085268989999975, 0.0 ], [ 113.290645880000056, -7.085528990999933, 0.0 ], [ 113.29060283900003, -7.085771008999927, 0.0 ], [ 113.29042629300011, -7.086738192999974, 0.0 ], [ 113.29040808000002, -7.086837961999947, 0.0 ], [ 113.290319879000094, -7.087239989999944, 0.0 ], [ 113.290293960000099, -7.087356989999932, 0.0 ], [ 113.290182, -7.087655969999958, 0.0 ], [ 113.289918120000038, -7.088363008999977, 0.0 ], [ 113.289906602000087, -7.088386616999969, 0.0 ], [ 113.289831700000036, -7.08864990099994, 0.0 ], [ 113.289585426000031, -7.089038942999935, 0.0 ], [ 113.289120519000107, -7.089402011999937, 0.0 ], [ 113.288868, -7.089806969999927, 0.0 ], [ 113.288730839000095, -7.090088038999966, 0.0 ], [ 113.288640119000092, -7.090352008999957, 0.0 ], [ 113.288460120000082, -7.090749989999949, 0.0 ], [ 113.288313961000085, -7.091013959999941, 0.0 ], [ 113.288240880000103, -7.091110979999939, 0.0 ], [ 113.287993921000066, -7.091975969999964, 0.0 ], [ 113.287983390000022, -7.092012749999981, 0.0 ], [ 113.28791169100009, -7.093075674999966, 0.0 ], [ 113.287917739000022, -7.093131753999955, 0.0 ], [ 113.287979290000067, -7.093828797999947, 0.0 ], [ 113.288240761000111, -7.094334759999981, 0.0 ], [ 113.28824988000008, -7.094366009999931, 0.0 ], [ 113.288393881000047, -7.09475103099993, 0.0 ], [ 113.288515919000019, -7.095042, 0.0 ], [ 113.288564879000091, -7.095354029999953, 0.0 ], [ 113.288550840000084, -7.096290029999977, 0.0 ], [ 113.288519161000067, -7.096740030999968, 0.0 ], [ 113.288518081, -7.096749029999955, 0.0 ], [ 113.288515919000019, -7.096749029999955, 0.0 ], [ 113.288497920000054, -7.096751008999945, 0.0 ], [ 113.288481001000036, -7.096759021999958, 0.0 ], [ 113.288001028000053, -7.096985091999954, 0.0 ], [ 113.287536709000051, -7.097069623999971, 0.0 ], [ 113.287336835000019, -7.09716956099993, 0.0 ], [ 113.286941593000051, -7.097326818999932, 0.0 ], [ 113.286904920000097, -7.097336008999946, 0.0 ], [ 113.286786841000094, -7.09766000999997, 0.0 ], [ 113.286706921000018, -7.097853959999952, 0.0 ], [ 113.286596040000063, -7.098240958999952, 0.0 ], [ 113.28650712000001, -7.098710039999958, 0.0 ], [ 113.286413161000041, -7.099446959999966, 0.0 ], [ 113.286367078000012, -7.100092979999943, 0.0 ], [ 113.286331080000082, -7.100339039999938, 0.0 ], [ 113.286261959000058, -7.100747008999974, 0.0 ], [ 113.28616188, -7.10117495999998, 0.0 ], [ 113.286031920000028, -7.101725039999963, 0.0 ], [ 113.285931840000103, -7.10208197999998, 0.0 ], [ 113.285851920000027, -7.102428028999952, 0.0 ], [ 113.285784960000115, -7.102739969999959, 0.0 ], [ 113.285747536000031, -7.102969704999964, 0.0 ], [ 113.285712960000069, -7.103181961999951, 0.0 ], [ 113.285622961000058, -7.10362097999996, 0.0 ], [ 113.285547, -7.104192031999958, 0.0 ], [ 113.285463840000034, -7.104789001999961, 0.0 ], [ 113.28539291800007, -7.105248, 0.0 ], [ 113.285287080000103, -7.105590001999929, 0.0 ], [ 113.285093040000106, -7.106046031999938, 0.0 ], [ 113.284953001000076, -7.106369039999947, 0.0 ], [ 113.284734840000056, -7.106849009999962, 0.0 ], [ 113.28453, -7.107228989999953, 0.0 ], [ 113.284407958000088, -7.107463979999977, 0.0 ], [ 113.284235879000107, -7.107769981999979, 0.0 ], [ 113.284004041000117, -7.108097039999961, 0.0 ], [ 113.283699839000064, -7.108567019999953, 0.0 ], [ 113.283426960000043, -7.109036008999965, 0.0 ], [ 113.283141119000106, -7.109537041999943, 0.0 ], [ 113.282821080000076, -7.11014598099996, 0.0 ], [ 113.282628840000029, -7.110586979999937, 0.0 ], [ 113.282449919000101, -7.110943019999979, 0.0 ], [ 113.282336161000103, -7.111178998999947, 0.0 ], [ 113.282193961000075, -7.111433971999929, 0.0 ], [ 113.281971840000097, -7.111720978999927, 0.0 ], [ 113.281718039000111, -7.111986028999979, 0.0 ], [ 113.281198920000065, -7.112450969999941, 0.0 ], [ 113.280914880000068, -7.112631958999941, 0.0 ], [ 113.280721921, -7.112734019999948, 0.0 ], [ 113.280406921, -7.112898990999952, 0.0 ], [ 113.279937840000116, -7.113033990999952, 0.0 ], [ 113.279433118000043, -7.11308897999993, 0.0 ], [ 113.278932, -7.113095009999938, 0.0 ], [ 113.278154040000118, -7.113062968999941, 0.0 ], [ 113.277459960000101, -7.113086009999961, 0.0 ], [ 113.276963160000037, -7.113177, 0.0 ], [ 113.276633040000092, -7.11333603099996, 0.0 ], [ 113.276421, -7.113508019999927, 0.0 ], [ 113.276322, -7.113600990999942, 0.0 ], [ 113.276144880000061, -7.113807988999952, 0.0 ], [ 113.276040840000064, -7.114049008999928, 0.0 ], [ 113.276018160000035, -7.114287958999967, 0.0 ], [ 113.276039040000114, -7.114686029999973, 0.0 ], [ 113.276113920000057, -7.115230978999932, 0.0 ], [ 113.276170669000066, -7.115525393999974, 0.0 ], [ 113.27600316600001, -7.115643171999977, 0.0 ], [ 113.275881813000069, -7.115845425999964, 0.0 ], [ 113.275881813000069, -7.115912050999952, 0.0 ], [ 113.27590322900005, -7.11603340399995, 0.0 ], [ 113.275879434000103, -7.116221380999946, 0.0 ], [ 113.275831844000095, -7.116559264999978, 0.0 ], [ 113.275758082000038, -7.116785314999959, 0.0 ], [ 113.275560586000097, -7.117047053999954, 0.0 ], [ 113.275305984000056, -7.117206477999957, 0.0 ], [ 113.275282190000098, -7.117354004999981, 0.0 ], [ 113.27523460000009, -7.117734718999941, 0.0 ], [ 113.275253636000116, -7.118029771999943, 0.0 ], [ 113.275177493000115, -7.118172539999932, 0.0 ], [ 113.275201288000062, -7.118400967999946, 0.0 ], [ 113.275310743000091, -7.118605600999956, 0.0 ], [ 113.275505859000077, -7.118810234999955, 0.0 ], [ 113.275667662000046, -7.11952407299998, 0.0 ], [ 113.275586761000113, -7.119866716999979, 0.0 ], [ 113.275724768000032, -7.120052313999963, 0.0 ], [ 113.276119760000029, -7.120314054999938, 0.0 ], [ 113.276414813000088, -7.120199839999941, 0.0 ], [ 113.276686072000075, -7.120019000999946, 0.0 ], [ 113.276900223000098, -7.119966652999949, 0.0 ], [ 113.277290957000105, -7.120065937999925, 0.0 ], [ 113.277313080000113, -7.120415968999964, 0.0 ], [ 113.277336120000086, -7.12097603899997, 0.0 ], [ 113.277349080000022, -7.121535029999961, 0.0 ], [ 113.277300838000087, -7.12208501899994, 0.0 ], [ 113.277254040000116, -7.122384, 0.0 ], [ 113.277120840000066, -7.122921029999929, 0.0 ], [ 113.277021120000086, -7.123266, 0.0 ], [ 113.276975040000025, -7.123425029999964, 0.0 ], [ 113.277026159000116, -7.123500988999979, 0.0 ], [ 113.277327118000017, -7.124112990999947, 0.0 ], [ 113.277432960000056, -7.124310000999969, 0.0 ], [ 113.277745080000045, -7.12467197999996, 0.0 ], [ 113.277826079000079, -7.124740019999933, 0.0 ], [ 113.277570840000067, -7.124999039999977, 0.0 ], [ 113.277567240000053, -7.125002908999932, 0.0 ], [ 113.27754888000004, -7.125021988999947, 0.0 ], [ 113.277133080000112, -7.126106038999978, 0.0 ], [ 113.276568958000098, -7.12655000899997, 0.0 ], [ 113.276301840000087, -7.126918019999948, 0.0 ], [ 113.276142, -7.127376029999937, 0.0 ], [ 113.276080080000042, -7.128194038999936, 0.0 ], [ 113.275758960000076, -7.128323008999928, 0.0 ], [ 113.275410839000074, -7.12857096099998, 0.0 ], [ 113.274980999000036, -7.12888100999993, 0.0 ], [ 113.274551880000104, -7.129211039999973, 0.0 ], [ 113.274142919000042, -7.129540979999945, 0.0 ], [ 113.273672040000065, -7.129933020999943, 0.0 ], [ 113.273323919000063, -7.130221019999965, 0.0 ], [ 113.272914960000094, -7.130510009999966, 0.0 ], [ 113.272566840000081, -7.130779019999977, 0.0 ], [ 113.27215788, -7.13108798899998, 0.0 ], [ 113.271728040000085, -7.131398040999954, 0.0 ], [ 113.271498, -7.131606028999954, 0.0 ], [ 113.271477118, -7.131716008999945, 0.0 ], [ 113.27133708000008, -7.131960989999925, 0.0 ], [ 113.271076080000057, -7.132280039999955, 0.0 ], [ 113.2707070780001, -7.132726979999973, 0.0 ], [ 113.270594040000105, -7.132992029999969, 0.0 ], [ 113.270562, -7.133283989999939, 0.0 ], [ 113.270582160000117, -7.133510969999975, 0.0 ], [ 113.270663160000026, -7.133749019999925, 0.0 ], [ 113.270865838000077, -7.134355979999953, 0.0 ], [ 113.271185880000075, -7.135100009999974, 0.0 ], [ 113.271338160000028, -7.135431030999939, 0.0 ], [ 113.271678, -7.136228969999934, 0.0 ], [ 113.271703919000061, -7.136456039999928, 0.0 ], [ 113.271657840000103, -7.136730990999979, 0.0 ], [ 113.271576119000088, -7.13691296899998, 0.0 ], [ 113.271379920000072, -7.13718099099998, 0.0 ], [ 113.27111388000003, -7.137578968999946, 0.0 ], [ 113.271020999000029, -7.137836998999944, 0.0 ], [ 113.270990919000042, -7.137905082999964, 0.0 ], [ 113.270522, -7.137772, 0.0 ], [ 113.269048999, -7.137562998999954, 0.0 ], [ 113.269022, -7.137671, 0.0 ], [ 113.26898, -7.137654, 0.0 ], [ 113.26897, -7.137648000999945, 0.0 ], [ 113.268933999000069, -7.137634, 0.0 ], [ 113.268915999000114, -7.137631000999932, 0.0 ], [ 113.268873, -7.137627, 0.0 ], [ 113.268825000000106, -7.137630000999934, 0.0 ], [ 113.268725, -7.137645, 0.0 ], [ 113.268634, -7.137655, 0.0 ], [ 113.268576, -7.137666, 0.0 ], [ 113.268523998000092, -7.137685, 0.0 ], [ 113.268478, -7.13771, 0.0 ], [ 113.268421000000103, -7.137753, 0.0 ], [ 113.268356, -7.137778998999977, 0.0 ], [ 113.26832699900001, -7.137780998999972, 0.0 ], [ 113.268269998000051, -7.137780998999972, 0.0 ], [ 113.268176, -7.137778998999977, 0.0 ], [ 113.268179, -7.137748000999977, 0.0 ], [ 113.268170999000063, -7.137698, 0.0 ], [ 113.268162, -7.137638, 0.0 ], [ 113.268157, -7.137635, 0.0 ], [ 113.268127, -7.137628000999939, 0.0 ], [ 113.268069, -7.137613, 0.0 ], [ 113.267983, -7.137599, 0.0 ], [ 113.267819999000039, -7.137564998999949, 0.0 ], [ 113.267818, -7.137522, 0.0 ], [ 113.267805, -7.137445998999965, 0.0 ], [ 113.267799, -7.137385, 0.0 ], [ 113.267787000000112, -7.137355000999946, 0.0 ], [ 113.267776, -7.13733500099994, 0.0 ], [ 113.267745999000113, -7.137300000999971, 0.0 ], [ 113.267719, -7.137276, 0.0 ], [ 113.267674, -7.137249998999948, 0.0 ], [ 113.267592, -7.137219000999949, 0.0 ], [ 113.267543, -7.137203, 0.0 ], [ 113.267513, -7.137191998999981, 0.0 ], [ 113.267479, -7.137185, 0.0 ], [ 113.267445, -7.137185, 0.0 ], [ 113.267421, -7.137184, 0.0 ], [ 113.267387, -7.137184, 0.0 ], [ 113.267365, -7.137189, 0.0 ], [ 113.267340000000104, -7.137195998999971, 0.0 ], [ 113.267312999000069, -7.137207, 0.0 ], [ 113.267286, -7.137222000999941, 0.0 ], [ 113.267266, -7.137244, 0.0 ], [ 113.267254998000112, -7.137269, 0.0 ], [ 113.267246000000114, -7.137302, 0.0 ], [ 113.267242, -7.137336000999937, 0.0 ], [ 113.267241, -7.137388998999938, 0.0 ], [ 113.26724, -7.137414000999968, 0.0 ], [ 113.26723, -7.137416000999963, 0.0 ], [ 113.267202000000111, -7.137404, 0.0 ], [ 113.267176, -7.137393, 0.0 ], [ 113.267153, -7.137379, 0.0 ], [ 113.267056, -7.137308, 0.0 ], [ 113.266722, -7.137097998999934, 0.0 ], [ 113.266667, -7.137062000999947, 0.0 ], [ 113.266572998000015, -7.137005000999977, 0.0 ], [ 113.266477999000017, -7.136939998999935, 0.0 ], [ 113.266391000000112, -7.136883998999963, 0.0 ], [ 113.266343, -7.136858, 0.0 ], [ 113.266329, -7.136857, 0.0 ], [ 113.266307, -7.136863998999956, 0.0 ], [ 113.266276, -7.136874, 0.0 ], [ 113.266259000000105, -7.136877, 0.0 ], [ 113.266216, -7.136868000999925, 0.0 ], [ 113.266187, -7.13684, 0.0 ], [ 113.266151, -7.136798, 0.0 ], [ 113.266091, -7.136748, 0.0 ], [ 113.266068999000026, -7.136739, 0.0 ], [ 113.266023, -7.136736, 0.0 ], [ 113.265908999000089, -7.136742, 0.0 ], [ 113.265887, -7.136753000999931, 0.0 ], [ 113.265869999000074, -7.136763998999925, 0.0 ], [ 113.265822, -7.136818, 0.0 ], [ 113.265779, -7.136882998999965, 0.0 ], [ 113.265755999000021, -7.136906000999943, 0.0 ], [ 113.265722, -7.136921998999981, 0.0 ], [ 113.265694998000072, -7.136921998999981, 0.0 ], [ 113.265625000000114, -7.136920998999926, 0.0 ], [ 113.26555, -7.136917, 0.0 ], [ 113.265479, -7.136910000999933, 0.0 ], [ 113.265433, -7.136909000999935, 0.0 ], [ 113.265391, -7.136878, 0.0 ], [ 113.265315000000101, -7.136842998999953, 0.0 ], [ 113.265251, -7.136809000999961, 0.0 ], [ 113.265199, -7.136789000999954, 0.0 ], [ 113.265104, -7.136725998999964, 0.0 ], [ 113.265090998, -7.136722, 0.0 ], [ 113.265058, -7.136724998999966, 0.0 ], [ 113.2650000000001, -7.136743998999975, 0.0 ], [ 113.264907000000107, -7.136778, 0.0 ], [ 113.264778998000111, -7.136833, 0.0 ], [ 113.264691, -7.13686900099998, 0.0 ], [ 113.264589000000115, -7.13690700099994, 0.0 ], [ 113.264561, -7.136910000999933, 0.0 ], [ 113.264519, -7.136905, 0.0 ], [ 113.264462, -7.136895, 0.0 ], [ 113.264396, -7.136889000999929, 0.0 ], [ 113.264347, -7.136890000999927, 0.0 ], [ 113.264311999000029, -7.136897, 0.0 ], [ 113.264267, -7.136911, 0.0 ], [ 113.264234999000109, -7.13694199899993, 0.0 ], [ 113.264222, -7.13695, 0.0 ], [ 113.26421, -7.136948000999951, 0.0 ], [ 113.264176999000028, -7.136945000999958, 0.0 ], [ 113.264122, -7.136936, 0.0 ], [ 113.264062, -7.136929000999942, 0.0 ], [ 113.263989, -7.136913, 0.0 ], [ 113.263889, -7.136911, 0.0 ], [ 113.263873000000103, -7.136908000999938, 0.0 ], [ 113.263827000000106, -7.136899998999979, 0.0 ], [ 113.263756, -7.136883998999963, 0.0 ], [ 113.263685999000018, -7.136870000999977, 0.0 ], [ 113.263632, -7.136865, 0.0 ], [ 113.263556000000108, -7.136861998999962, 0.0 ], [ 113.263549, -7.136844998999948, 0.0 ], [ 113.263542, -7.136813, 0.0 ], [ 113.263543, -7.136770000999945, 0.0 ], [ 113.263545, -7.136732000999928, 0.0 ], [ 113.263549, -7.13669, 0.0 ], [ 113.263554000000113, -7.136634000999948, 0.0 ], [ 113.263564, -7.136593, 0.0 ], [ 113.263591999000027, -7.136553, 0.0 ], [ 113.263623, -7.136526, 0.0 ], [ 113.263672, -7.136499000999947, 0.0 ], [ 113.263713, -7.136481000999936, 0.0 ], [ 113.263754, -7.13646100099993, 0.0 ], [ 113.263783998, -7.136448, 0.0 ], [ 113.26382, -7.136417, 0.0 ], [ 113.263831, -7.136404, 0.0 ], [ 113.263843999000073, -7.13637, 0.0 ], [ 113.263858, -7.136304000999928, 0.0 ], [ 113.26386499900002, -7.136235, 0.0 ], [ 113.263870000000111, -7.136213, 0.0 ], [ 113.263869000000113, -7.136183, 0.0 ], [ 113.263871000000108, -7.136155, 0.0 ], [ 113.26386, -7.136140998999963, 0.0 ], [ 113.263812, -7.13610099899995, 0.0 ], [ 113.263758, -7.136056, 0.0 ], [ 113.263682, -7.136013000999981, 0.0 ], [ 113.263636, -7.135989, 0.0 ], [ 113.263597000000118, -7.135973000999968, 0.0 ], [ 113.263562, -7.13596599899995, 0.0 ], [ 113.26352, -7.135964998999953, 0.0 ], [ 113.26349, -7.135969, 0.0 ], [ 113.263454999000032, -7.135993000999974, 0.0 ], [ 113.263441, -7.136005998999963, 0.0 ], [ 113.263412999000025, -7.13604, 0.0 ], [ 113.263392, -7.136077, 0.0 ], [ 113.263368, -7.136119998999959, 0.0 ], [ 113.263353, -7.136140998999963, 0.0 ], [ 113.263312, -7.136197998999933, 0.0 ], [ 113.263282000000117, -7.136243000999968, 0.0 ], [ 113.263203, -7.136321000999942, 0.0 ], [ 113.263191, -7.136332, 0.0 ], [ 113.263171, -7.136352998999939, 0.0 ], [ 113.263168, -7.136369, 0.0 ], [ 113.263167, -7.136408, 0.0 ], [ 113.26316199900009, -7.13643499899996, 0.0 ], [ 113.263136, -7.136459000999935, 0.0 ], [ 113.263112, -7.136489998999934, 0.0 ], [ 113.26309, -7.136538000999963, 0.0 ], [ 113.26308399900006, -7.136566998999967, 0.0 ], [ 113.263081, -7.136602, 0.0 ], [ 113.263087, -7.136628998999981, 0.0 ], [ 113.26309, -7.136663, 0.0 ], [ 113.263075, -7.136684, 0.0 ], [ 113.26303, -7.13672, 0.0 ], [ 113.263009, -7.136750000999939, 0.0 ], [ 113.263008, -7.13678, 0.0 ], [ 113.263009, -7.136815, 0.0 ], [ 113.263005999000029, -7.136848000999976, 0.0 ], [ 113.26298, -7.136878, 0.0 ], [ 113.262969000000112, -7.136890000999927, 0.0 ], [ 113.262951, -7.136893, 0.0 ], [ 113.262923000000114, -7.136898, 0.0 ], [ 113.262893, -7.136901998999974, 0.0 ], [ 113.262856, -7.136910000999933, 0.0 ], [ 113.262831999000014, -7.136918998999931, 0.0 ], [ 113.262822, -7.136925, 0.0 ], [ 113.26282, -7.136946000999956, 0.0 ], [ 113.262821, -7.136965000999965, 0.0 ], [ 113.26282, -7.137016998999968, 0.0 ], [ 113.262819, -7.137099, 0.0 ], [ 113.262818, -7.137146, 0.0 ], [ 113.262788000000114, -7.137292998999953, 0.0 ], [ 113.262784, -7.137314, 0.0 ], [ 113.262777, -7.137321, 0.0 ], [ 113.262748000000101, -7.137347, 0.0 ], [ 113.262702000000104, -7.137383, 0.0 ], [ 113.262657000000104, -7.13742, 0.0 ], [ 113.262606, -7.137453000999926, 0.0 ], [ 113.262569, -7.137485998999978, 0.0 ], [ 113.262525, -7.137518, 0.0 ], [ 113.262495, -7.137553000999958, 0.0 ], [ 113.262487, -7.13756, 0.0 ], [ 113.262476999000114, -7.137575, 0.0 ], [ 113.262469, -7.1376, 0.0 ], [ 113.262449, -7.137629000999937, 0.0 ], [ 113.262444, -7.137657, 0.0 ], [ 113.262418998000044, -7.137696, 0.0 ], [ 113.262398, -7.137731, 0.0 ], [ 113.262378, -7.137753, 0.0 ], [ 113.262356, -7.137776998999925, 0.0 ], [ 113.262328, -7.137795998999934, 0.0 ], [ 113.262277, -7.137809, 0.0 ], [ 113.262246999000013, -7.137822, 0.0 ], [ 113.262211, -7.137854998999956, 0.0 ], [ 113.26219, -7.137875998999959, 0.0 ], [ 113.262164, -7.137908, 0.0 ], [ 113.262136, -7.137922000999936, 0.0 ], [ 113.262093, -7.137925, 0.0 ], [ 113.262038, -7.137924000999931, 0.0 ], [ 113.261957, -7.137919, 0.0 ], [ 113.261866, -7.137901000999932, 0.0 ], [ 113.261738999000045, -7.137883000999977, 0.0 ], [ 113.261710000000107, -7.137883000999977, 0.0 ], [ 113.261704, -7.137864000999969, 0.0 ], [ 113.261702, -7.137841, 0.0 ], [ 113.26169, -7.137834998999949, 0.0 ], [ 113.26165, -7.137836998999944, 0.0 ], [ 113.261579, -7.137838998999939, 0.0 ], [ 113.261509, -7.137837998999942, 0.0 ], [ 113.261499, -7.137841, 0.0 ], [ 113.261501999000075, -7.137848, 0.0 ], [ 113.261511, -7.137873998999964, 0.0 ], [ 113.26152, -7.137919, 0.0 ], [ 113.26152, -7.137944, 0.0 ], [ 113.261516, -7.137952998999936, 0.0 ], [ 113.26151, -7.137953998999933, 0.0 ], [ 113.261483998000017, -7.137961000999951, 0.0 ], [ 113.261458, -7.137973998999939, 0.0 ], [ 113.261426999000037, -7.137985, 0.0 ], [ 113.261399, -7.138012998999955, 0.0 ], [ 113.261379, -7.138045, 0.0 ], [ 113.261346998000022, -7.138060000999928, 0.0 ], [ 113.261325, -7.138067, 0.0 ], [ 113.261311, -7.138066, 0.0 ], [ 113.261286, -7.138033998999958, 0.0 ], [ 113.261262000000102, -7.138009, 0.0 ], [ 113.261243, -7.138007, 0.0 ], [ 113.261234, -7.138011998999957, 0.0 ], [ 113.261225, -7.138029, 0.0 ], [ 113.261222, -7.138049, 0.0 ], [ 113.261203, -7.138048, 0.0 ], [ 113.261184, -7.138042, 0.0 ], [ 113.261161, -7.138042, 0.0 ], [ 113.261157, -7.138049998999975, 0.0 ], [ 113.261153999000044, -7.13807800099994, 0.0 ], [ 113.261133999000094, -7.138079000999937, 0.0 ], [ 113.261031000000116, -7.138102, 0.0 ], [ 113.260999, -7.138103, 0.0 ], [ 113.260994, -7.138113, 0.0 ], [ 113.260993, -7.138146, 0.0 ], [ 113.260986000000116, -7.138158000999965, 0.0 ], [ 113.260938999000018, -7.138174000999925, 0.0 ], [ 113.26083, -7.138217, 0.0 ], [ 113.260778, -7.138223, 0.0 ], [ 113.260763999, -7.138222, 0.0 ], [ 113.260761998000021, -7.138217, 0.0 ], [ 113.26076, -7.138185, 0.0 ], [ 113.260763999, -7.138145, 0.0 ], [ 113.260763999, -7.138113, 0.0 ], [ 113.260754, -7.138106, 0.0 ], [ 113.260721000000103, -7.138101, 0.0 ], [ 113.260707, -7.138104, 0.0 ], [ 113.26069, -7.138124, 0.0 ], [ 113.260633, -7.138212, 0.0 ], [ 113.260584000000108, -7.138324998999963, 0.0 ], [ 113.260549999000091, -7.138393, 0.0 ], [ 113.26052, -7.138441998999951, 0.0 ], [ 113.260509999000078, -7.138472, 0.0 ], [ 113.260484, -7.138507000999937, 0.0 ], [ 113.260454, -7.138514, 0.0 ], [ 113.260416, -7.138517, 0.0 ], [ 113.260375, -7.138523, 0.0 ], [ 113.260334999000065, -7.138534, 0.0 ], [ 113.260322, -7.138534, 0.0 ], [ 113.260292998000068, -7.13853, 0.0 ], [ 113.260265000000118, -7.138519998999925, 0.0 ], [ 113.260245, -7.138517, 0.0 ], [ 113.26021, -7.138534, 0.0 ], [ 113.260158999000055, -7.138566000999958, 0.0 ], [ 113.260097, -7.138613, 0.0 ], [ 113.25998, -7.138709, 0.0 ], [ 113.259971, -7.138713998999947, 0.0 ], [ 113.259951000000115, -7.13871, 0.0 ], [ 113.259927, -7.138698, 0.0 ], [ 113.259893, -7.138691, 0.0 ], [ 113.259849, -7.138693998999941, 0.0 ], [ 113.259804, -7.138699, 0.0 ], [ 113.259743, -7.138709, 0.0 ], [ 113.259726999, -7.138707, 0.0 ], [ 113.259673, -7.13868, 0.0 ], [ 113.2596, -7.138642000999937, 0.0 ], [ 113.259513998000102, -7.138606000999971, 0.0 ], [ 113.259445, -7.138582, 0.0 ], [ 113.259405, -7.138572, 0.0 ], [ 113.259356, -7.138572, 0.0 ], [ 113.259305, -7.138576998999952, 0.0 ], [ 113.259248, -7.138586000999965, 0.0 ], [ 113.259232000000111, -7.13859, 0.0 ], [ 113.259166, -7.138598998999953, 0.0 ], [ 113.259151, -7.138595998999961, 0.0 ], [ 113.259156, -7.138588, 0.0 ], [ 113.259164999000063, -7.138575, 0.0 ], [ 113.259190000000103, -7.138556998999945, 0.0 ], [ 113.259190000000103, -7.138548000999947, 0.0 ], [ 113.259176, -7.138540998999929, 0.0 ], [ 113.259141000000113, -7.138536998999939, 0.0 ], [ 113.259096000000113, -7.13853, 0.0 ], [ 113.25903, -7.138525000999948, 0.0 ], [ 113.259004, -7.138523, 0.0 ], [ 113.258968999000103, -7.138534, 0.0 ], [ 113.258927, -7.138536, 0.0 ], [ 113.258879, -7.138536, 0.0 ], [ 113.258836, -7.138533, 0.0 ], [ 113.25877299800004, -7.138538998999934, 0.0 ], [ 113.25873599900001, -7.138545000999954, 0.0 ], [ 113.258708011000067, -7.138559393999969, 0.0 ], [ 113.258701, -7.138563, 0.0 ], [ 113.258665, -7.138577998999949, 0.0 ], [ 113.258646000000113, -7.138598998999953, 0.0 ], [ 113.258644000000118, -7.138604000999976, 0.0 ], [ 113.258657999000093, -7.138614, 0.0 ], [ 113.25867499800006, -7.138624000999926, 0.0 ], [ 113.258688, -7.138631, 0.0 ], [ 113.258669, -7.138642000999937, 0.0 ], [ 113.258616998000093, -7.138659, 0.0 ], [ 113.258549, -7.138653998999928, 0.0 ], [ 113.25846700000011, -7.13865, 0.0 ], [ 113.258417, -7.138646000999927, 0.0 ], [ 113.258380000000102, -7.138647, 0.0 ], [ 113.258369, -7.138651, 0.0 ], [ 113.258353, -7.13866, 0.0 ], [ 113.258332000000109, -7.138656998999977, 0.0 ], [ 113.258251, -7.138627, 0.0 ], [ 113.258177, -7.138602, 0.0 ], [ 113.258041, -7.138540998999929, 0.0 ], [ 113.258021, -7.138519998999925, 0.0 ], [ 113.25799, -7.138479998999969, 0.0 ], [ 113.257968, -7.138443998999946, 0.0 ], [ 113.257927000000109, -7.138399, 0.0 ], [ 113.257911, -7.138358, 0.0 ], [ 113.257885000000101, -7.138330000999929, 0.0 ], [ 113.257868, -7.13832, 0.0 ], [ 113.257837999000117, -7.138311000999977, 0.0 ], [ 113.257811, -7.138311000999977, 0.0 ], [ 113.25777, -7.138305998999954, 0.0 ], [ 113.257760999000084, -7.1383, 0.0 ], [ 113.257736, -7.13828, 0.0 ], [ 113.257702999000117, -7.13825400099995, 0.0 ], [ 113.257684, -7.138234000999944, 0.0 ], [ 113.257643999000038, -7.138217, 0.0 ], [ 113.257609000000116, -7.138202, 0.0 ], [ 113.257575, -7.138193000999934, 0.0 ], [ 113.257555, -7.138192, 0.0 ], [ 113.257517, -7.138193000999934, 0.0 ], [ 113.257473, -7.138198, 0.0 ], [ 113.257398, -7.138204, 0.0 ], [ 113.257324, -7.138211, 0.0 ], [ 113.257249000000115, -7.138218, 0.0 ], [ 113.257181, -7.138224998999931, 0.0 ], [ 113.25713599900007, -7.13822799899998, 0.0 ], [ 113.257065, -7.138232000999949, 0.0 ], [ 113.257065, -7.138206998999976, 0.0 ], [ 113.257068000000118, -7.138175000999979, 0.0 ], [ 113.25707499900011, -7.13809299899998, 0.0 ], [ 113.257075998, -7.138017, 0.0 ], [ 113.257083, -7.13795, 0.0 ], [ 113.257099, -7.137812, 0.0 ], [ 113.25711499800002, -7.137697, 0.0 ], [ 113.257125, -7.137570000999972, 0.0 ], [ 113.257129, -7.137467998999966, 0.0 ], [ 113.25713, -7.137405, 0.0 ], [ 113.257139, -7.137351998999975, 0.0 ], [ 113.257149, -7.137298000999976, 0.0 ], [ 113.257152999000027, -7.137264, 0.0 ], [ 113.257169, -7.137247, 0.0 ], [ 113.257199, -7.137209, 0.0 ], [ 113.2572100000001, -7.137194998999973, 0.0 ], [ 113.257224, -7.137144000999967, 0.0 ], [ 113.257230999000058, -7.13710200099996, 0.0 ], [ 113.257229, -7.137063000999945, 0.0 ], [ 113.25722, -7.137054, 0.0 ], [ 113.257197, -7.137044000999936, 0.0 ], [ 113.257179, -7.137039998999967, 0.0 ], [ 113.257159000000115, -7.137033, 0.0 ], [ 113.257133, -7.137028, 0.0 ], [ 113.25711499800002, -7.137026000999981, 0.0 ], [ 113.257102, -7.137024000999929, 0.0 ], [ 113.257099, -7.137012, 0.0 ], [ 113.257096999000055, -7.136994, 0.0 ], [ 113.257097999000052, -7.136943, 0.0 ], [ 113.257103, -7.136885, 0.0 ], [ 113.257111, -7.136835, 0.0 ], [ 113.257119000000102, -7.136778, 0.0 ], [ 113.257125, -7.136769, 0.0 ], [ 113.257141, -7.136757, 0.0 ], [ 113.257158000000118, -7.136742998999978, 0.0 ], [ 113.257175999000083, -7.136733000999925, 0.0 ], [ 113.257193999000037, -7.136714000999973, 0.0 ], [ 113.257212998000114, -7.136685998999951, 0.0 ], [ 113.257232999000053, -7.13663700099994, 0.0 ], [ 113.257259, -7.136577000999978, 0.0 ], [ 113.257272999000065, -7.136538000999963, 0.0 ], [ 113.257289, -7.136501, 0.0 ], [ 113.257302, -7.136465, 0.0 ], [ 113.257325, -7.136411998999961, 0.0 ], [ 113.257333, -7.136393998999949, 0.0 ], [ 113.25734100000011, -7.136373998999943, 0.0 ], [ 113.257351999000093, -7.136354998999934, 0.0 ], [ 113.257361, -7.136331, 0.0 ], [ 113.257367, -7.13629, 0.0 ], [ 113.257379, -7.136282000999927, 0.0 ], [ 113.257399, -7.13626500099997, 0.0 ], [ 113.257419, -7.136249, 0.0 ], [ 113.257444, -7.136234, 0.0 ], [ 113.257464, -7.136216998999942, 0.0 ], [ 113.257471, -7.136191, 0.0 ], [ 113.257472, -7.136177998999926, 0.0 ], [ 113.257464999000035, -7.136139998999965, 0.0 ], [ 113.257448999000076, -7.13610099899995, 0.0 ], [ 113.257437, -7.13607000099995, 0.0 ], [ 113.257408999000063, -7.136015, 0.0 ], [ 113.257399, -7.135974000999965, 0.0 ], [ 113.257374, -7.13592, 0.0 ], [ 113.257359, -7.135859, 0.0 ], [ 113.257351999000093, -7.135817000999964, 0.0 ], [ 113.2573450000001, -7.13575900099994, 0.0 ], [ 113.257329998000046, -7.135697000999926, 0.0 ], [ 113.25732, -7.135622000999945, 0.0 ], [ 113.257312999000078, -7.135546, 0.0 ], [ 113.257303, -7.135505000999956, 0.0 ], [ 113.257291999000017, -7.135462, 0.0 ], [ 113.257276, -7.135402, 0.0 ], [ 113.257263, -7.135355, 0.0 ], [ 113.257245, -7.135303998999973, 0.0 ], [ 113.257228, -7.135270000999981, 0.0 ], [ 113.257191, -7.135239, 0.0 ], [ 113.257154999000022, -7.135216, 0.0 ], [ 113.2571200000001, -7.135188, 0.0 ], [ 113.25707499900011, -7.135156, 0.0 ], [ 113.257027000000107, -7.135133000999929, 0.0 ], [ 113.256973, -7.135119, 0.0 ], [ 113.256922999000039, -7.13512, 0.0 ], [ 113.256899998000108, -7.135116000999972, 0.0 ], [ 113.256893000000105, -7.135113000999979, 0.0 ], [ 113.256876, -7.13509400099997, 0.0 ], [ 113.256865, -7.135068998999941, 0.0 ], [ 113.256848000000105, -7.135038000999941, 0.0 ], [ 113.256826, -7.134997000999931, 0.0 ], [ 113.256795, -7.134944, 0.0 ], [ 113.256766999000092, -7.134897, 0.0 ], [ 113.256746999000029, -7.134849, 0.0 ], [ 113.25672, -7.134792998999956, 0.0 ], [ 113.256694, -7.134744000999945, 0.0 ], [ 113.256646998000065, -7.134675998999967, 0.0 ], [ 113.256621000000109, -7.134642, 0.0 ], [ 113.256581, -7.134585, 0.0 ], [ 113.256549998000082, -7.134535, 0.0 ], [ 113.256510998000067, -7.134492000999956, 0.0 ], [ 113.256492999000102, -7.134466, 0.0 ], [ 113.256470998000054, -7.134441, 0.0 ], [ 113.256464, -7.134436, 0.0 ], [ 113.256457, -7.134439, 0.0 ], [ 113.256449, -7.134447, 0.0 ], [ 113.256446, -7.134460998999941, 0.0 ], [ 113.256439000000114, -7.13448, 0.0 ], [ 113.256440000000111, -7.134506, 0.0 ], [ 113.256433999000024, -7.134518, 0.0 ], [ 113.256421, -7.134522998999955, 0.0 ], [ 113.25641, -7.134530000999973, 0.0 ], [ 113.256408, -7.13455000099998, 0.0 ], [ 113.256408, -7.134567000999937, 0.0 ], [ 113.256402, -7.134580998999979, 0.0 ], [ 113.25639, -7.134592, 0.0 ], [ 113.256372999000064, -7.134604, 0.0 ], [ 113.256371, -7.134620998999935, 0.0 ], [ 113.256365, -7.134632, 0.0 ], [ 113.256349000000114, -7.134638998999947, 0.0 ], [ 113.256334998000057, -7.134652, 0.0 ], [ 113.25633, -7.134678998999959, 0.0 ], [ 113.256317999000089, -7.13469, 0.0 ], [ 113.256294999000033, -7.134694998999976, 0.0 ], [ 113.256284, -7.134697998999968, 0.0 ], [ 113.256275998000092, -7.134707, 0.0 ], [ 113.256264000000101, -7.134717998999974, 0.0 ], [ 113.256241, -7.13471599899998, 0.0 ], [ 113.25623, -7.134716998999977, 0.0 ], [ 113.256222, -7.134726000999933, 0.0 ], [ 113.256214000000114, -7.134741, 0.0 ], [ 113.256199999000046, -7.134746, 0.0 ], [ 113.256181999000091, -7.13475, 0.0 ], [ 113.256169000000114, -7.134759, 0.0 ], [ 113.256155, -7.134768, 0.0 ], [ 113.256133, -7.134771, 0.0 ], [ 113.256122999000013, -7.134773998999947, 0.0 ], [ 113.256114, -7.134788, 0.0 ], [ 113.256095, -7.134792998999956, 0.0 ], [ 113.256081998000013, -7.134792, 0.0 ], [ 113.256071, -7.134794998999951, 0.0 ], [ 113.256065, -7.134803000999966, 0.0 ], [ 113.256044999000096, -7.134804000999964, 0.0 ], [ 113.256035000000111, -7.134803000999966, 0.0 ], [ 113.256022998000049, -7.134803000999966, 0.0 ], [ 113.25601, -7.134805, 0.0 ], [ 113.256001999000091, -7.134812998999962, 0.0 ], [ 113.255993000000103, -7.134818, 0.0 ], [ 113.255975, -7.134819, 0.0 ], [ 113.255955, -7.134818, 0.0 ], [ 113.255949000000101, -7.134821000999978, 0.0 ], [ 113.25594399900001, -7.134824, 0.0 ], [ 113.255939, -7.134828, 0.0 ], [ 113.255929, -7.134828, 0.0 ], [ 113.255921, -7.134829, 0.0 ], [ 113.255914, -7.134828, 0.0 ], [ 113.255909, -7.134825, 0.0 ], [ 113.255900000000111, -7.134826, 0.0 ], [ 113.255894, -7.134828, 0.0 ], [ 113.255887999000038, -7.134833998999966, 0.0 ], [ 113.255879, -7.134834998999963, 0.0 ], [ 113.255872, -7.134832998999968, 0.0 ], [ 113.255865999000093, -7.134831, 0.0 ], [ 113.255857000000105, -7.13483, 0.0 ], [ 113.255854000000113, -7.134827, 0.0 ], [ 113.255852, -7.134822000999975, 0.0 ], [ 113.255857000000105, -7.134811, 0.0 ], [ 113.255862, -7.134805, 0.0 ], [ 113.255864, -7.134795998999948, 0.0 ], [ 113.255864, -7.134787, 0.0 ], [ 113.255863, -7.134779, 0.0 ], [ 113.255865, -7.134771, 0.0 ], [ 113.255868999000086, -7.134763000999953, 0.0 ], [ 113.255878, -7.134753, 0.0 ], [ 113.255879, -7.134743000999947, 0.0 ], [ 113.25588, -7.134729, 0.0 ], [ 113.255884, -7.134718998999972, 0.0 ], [ 113.255893, -7.134707, 0.0 ], [ 113.255895, -7.134696998999971, 0.0 ], [ 113.255896, -7.134687000999975, 0.0 ], [ 113.255899000000113, -7.134673, 0.0 ], [ 113.255909, -7.134663, 0.0 ], [ 113.25591, -7.134654, 0.0 ], [ 113.25591, -7.134645000999967, 0.0 ], [ 113.255905998000117, -7.134638998999947, 0.0 ], [ 113.255896, -7.134636, 0.0 ], [ 113.255888999000035, -7.134635, 0.0 ], [ 113.25588, -7.134633, 0.0 ], [ 113.255872, -7.134629, 0.0 ], [ 113.255866998000101, -7.134623, 0.0 ], [ 113.255861, -7.134616998999945, 0.0 ], [ 113.255855000000111, -7.134616, 0.0 ], [ 113.255845, -7.134614, 0.0 ], [ 113.255839, -7.134606000999952, 0.0 ], [ 113.255834, -7.134598998999934, 0.0 ], [ 113.255831, -7.134588000999941, 0.0 ], [ 113.255826, -7.134580998999979, 0.0 ], [ 113.255815, -7.134579998999925, 0.0 ], [ 113.255804, -7.134576, 0.0 ], [ 113.255797, -7.134572, 0.0 ], [ 113.255794, -7.134557, 0.0 ], [ 113.255793, -7.134549000999925, 0.0 ], [ 113.255785, -7.134542998999962, 0.0 ], [ 113.255779, -7.134540998999967, 0.0 ], [ 113.255770999000106, -7.134539998999969, 0.0 ], [ 113.25576500000011, -7.134537, 0.0 ], [ 113.25576, -7.134531000999971, 0.0 ], [ 113.255754, -7.134526, 0.0 ], [ 113.255748, -7.134517, 0.0 ], [ 113.255742, -7.134507, 0.0 ], [ 113.255731999000091, -7.134505, 0.0 ], [ 113.255722000000105, -7.134502998999949, 0.0 ], [ 113.255718000000115, -7.134496, 0.0 ], [ 113.255715, -7.134484998999937, 0.0 ], [ 113.255711999000027, -7.13448, 0.0 ], [ 113.255703, -7.134474, 0.0 ], [ 113.255691998000088, -7.134472000999949, 0.0 ], [ 113.255687, -7.134471000999952, 0.0 ], [ 113.255681, -7.134462998999936, 0.0 ], [ 113.2556790000001, -7.134455, 0.0 ], [ 113.255672999000012, -7.134450000999948, 0.0 ], [ 113.255665, -7.134447, 0.0 ], [ 113.255658, -7.13444, 0.0 ], [ 113.255654999000058, -7.134430000999942, 0.0 ], [ 113.255650999000068, -7.134421998999926, 0.0 ], [ 113.255645, -7.13442, 0.0 ], [ 113.255639, -7.134419, 0.0 ], [ 113.255631000000108, -7.134413000999928, 0.0 ], [ 113.255628000000115, -7.134402998999974, 0.0 ], [ 113.255625, -7.134396, 0.0 ], [ 113.255618, -7.134393000999978, 0.0 ], [ 113.255608, -7.13438599899996, 0.0 ], [ 113.255604, -7.134379, 0.0 ], [ 113.255599, -7.134372000999974, 0.0 ], [ 113.255593998000109, -7.134365998999954, 0.0 ], [ 113.2555890000001, -7.134365998999954, 0.0 ], [ 113.255583000000115, -7.134365998999954, 0.0 ], [ 113.255579, -7.134363998999959, 0.0 ], [ 113.255573998000045, -7.13436, 0.0 ], [ 113.255568, -7.13435, 0.0 ], [ 113.255562, -7.134339, 0.0 ], [ 113.255558, -7.134331, 0.0 ], [ 113.255553999000085, -7.134325998999941, 0.0 ], [ 113.25555, -7.134324, 0.0 ], [ 113.255545, -7.134324, 0.0 ], [ 113.255537999000012, -7.134325998999941, 0.0 ], [ 113.255532, -7.134324, 0.0 ], [ 113.255528, -7.134318, 0.0 ], [ 113.25552, -7.134311, 0.0 ], [ 113.25551, -7.13431400099995, 0.0 ], [ 113.255494999, -7.134308998999927, 0.0 ], [ 113.255486, -7.134303, 0.0 ], [ 113.255481, -7.134301, 0.0 ], [ 113.255476998000063, -7.134304, 0.0 ], [ 113.255471, -7.134311, 0.0 ], [ 113.255457998000111, -7.134313000999953, 0.0 ], [ 113.255449000000112, -7.134311, 0.0 ], [ 113.255444, -7.134315000999948, 0.0 ], [ 113.255437998000048, -7.134321, 0.0 ], [ 113.255432, -7.134325998999941, 0.0 ], [ 113.255427, -7.134325998999941, 0.0 ], [ 113.255418998000096, -7.134325998999941, 0.0 ], [ 113.255414, -7.134324, 0.0 ], [ 113.255402000000117, -7.134315000999948, 0.0 ], [ 113.25539, -7.134304998999937, 0.0 ], [ 113.255377, -7.134296000999939, 0.0 ], [ 113.255369, -7.134291, 0.0 ], [ 113.255360999000118, -7.134282, 0.0 ], [ 113.255355, -7.134275000999935, 0.0 ], [ 113.255348, -7.134271, 0.0 ], [ 113.25533899900006, -7.134264, 0.0 ], [ 113.255336, -7.134254000999931, 0.0 ], [ 113.255324, -7.134244, 0.0 ], [ 113.25531500000011, -7.134244, 0.0 ], [ 113.255307, -7.134239, 0.0 ], [ 113.255299, -7.134226, 0.0 ], [ 113.255292, -7.134221, 0.0 ], [ 113.25528, -7.134221, 0.0 ], [ 113.255272000000105, -7.134214, 0.0 ], [ 113.255268000000115, -7.134205, 0.0 ], [ 113.255261998000037, -7.134188998999946, 0.0 ], [ 113.255255, -7.134181, 0.0 ], [ 113.25524, -7.13417900099995, 0.0 ], [ 113.25523, -7.134176000999958, 0.0 ], [ 113.25522, -7.134164, 0.0 ], [ 113.25521, -7.134156, 0.0 ], [ 113.255198, -7.134155, 0.0 ], [ 113.255183998, -7.134148, 0.0 ], [ 113.255164998000055, -7.134128, 0.0 ], [ 113.255159, -7.134121000999926, 0.0 ], [ 113.255149, -7.134110998999972, 0.0 ], [ 113.255143, -7.134109998999975, 0.0 ], [ 113.255134000000112, -7.134109998999975, 0.0 ], [ 113.255122, -7.134109998999975, 0.0 ], [ 113.255116, -7.134105, 0.0 ], [ 113.255113, -7.134098000999927, 0.0 ], [ 113.255107999000074, -7.134087, 0.0 ], [ 113.255101, -7.134082000999967, 0.0 ], [ 113.255095, -7.134082000999967, 0.0 ], [ 113.255087999000011, -7.134082000999967, 0.0 ], [ 113.255079, -7.134074998999949, 0.0 ], [ 113.255073, -7.134069, 0.0 ], [ 113.255069999000057, -7.134062000999961, 0.0 ], [ 113.255062, -7.134055998999941, 0.0 ], [ 113.255051, -7.134055998999941, 0.0 ], [ 113.255042000000117, -7.134055998999941, 0.0 ], [ 113.255035, -7.134051998999951, 0.0 ], [ 113.255028998000057, -7.134045, 0.0 ], [ 113.255023, -7.134039, 0.0 ], [ 113.255018, -7.134031998999944, 0.0 ], [ 113.255012, -7.134027, 0.0 ], [ 113.255004, -7.134028, 0.0 ], [ 113.254994, -7.134028, 0.0 ], [ 113.254983, -7.134023000999946, 0.0 ], [ 113.254973, -7.13401, 0.0 ], [ 113.25496, -7.134, 0.0 ], [ 113.254947, -7.133996998999976, 0.0 ], [ 113.25494, -7.133994998999981, 0.0 ], [ 113.254931999000064, -7.133982000999936, 0.0 ], [ 113.254927, -7.133972, 0.0 ], [ 113.254922, -7.133971, 0.0 ], [ 113.254903, -7.133965000999979, 0.0 ], [ 113.254895, -7.133957998999961, 0.0 ], [ 113.254878, -7.133943000999977, 0.0 ], [ 113.254877, -7.133938998999952, 0.0 ], [ 113.254883, -7.13392, 0.0 ], [ 113.254885, -7.133914998999956, 0.0 ], [ 113.254890998000064, -7.133912, 0.0 ], [ 113.2549, -7.133911, 0.0 ], [ 113.254906, -7.133914, 0.0 ], [ 113.254913999000109, -7.133915998999953, 0.0 ], [ 113.254923, -7.13391, 0.0 ], [ 113.254928, -7.133907000999955, 0.0 ], [ 113.254936, -7.133902, 0.0 ], [ 113.254942, -7.133904000999962, 0.0 ], [ 113.254952999000011, -7.133898998999939, 0.0 ], [ 113.25496, -7.133892, 0.0 ], [ 113.254968, -7.133885000999953, 0.0 ], [ 113.254978, -7.133884000999956, 0.0 ], [ 113.254988998000044, -7.133881, 0.0 ], [ 113.254996, -7.133872, 0.0 ], [ 113.255003000000102, -7.133865000999947, 0.0 ], [ 113.255017, -7.133865000999947, 0.0 ], [ 113.255030999000041, -7.133865000999947, 0.0 ], [ 113.255039, -7.133858998999926, 0.0 ], [ 113.255045000000109, -7.133848000999933, 0.0 ], [ 113.255056, -7.133839998999974, 0.0 ], [ 113.255068999000059, -7.133837998999979, 0.0 ], [ 113.255075, -7.133837998999979, 0.0 ], [ 113.255088999, -7.133839998999974, 0.0 ], [ 113.255094, -7.133827000999929, 0.0 ], [ 113.255102, -7.133817998999973, 0.0 ], [ 113.255112, -7.133815, 0.0 ], [ 113.25512, -7.133808000999977, 0.0 ], [ 113.255127999000024, -7.133803, 0.0 ], [ 113.255134000000112, -7.133794, 0.0 ], [ 113.255142, -7.133791, 0.0 ], [ 113.255157, -7.133787000999973, 0.0 ], [ 113.255163998000057, -7.133780998999953, 0.0 ], [ 113.255174, -7.133773, 0.0 ], [ 113.255184998000118, -7.133772, 0.0 ], [ 113.255194, -7.133769000999962, 0.0 ], [ 113.255201, -7.133762998999941, 0.0 ], [ 113.255204999000057, -7.133753, 0.0 ], [ 113.255202998000073, -7.133737, 0.0 ], [ 113.2552, -7.133721998999931, 0.0 ], [ 113.255197, -7.133711000999938, 0.0 ], [ 113.255185999000105, -7.133708000999945, 0.0 ], [ 113.255181000000107, -7.133703998999977, 0.0 ], [ 113.255178000000114, -7.133698, 0.0 ], [ 113.255178000000114, -7.133689000999937, 0.0 ], [ 113.255177000000117, -7.133679, 0.0 ], [ 113.255176, -7.133668, 0.0 ], [ 113.255169, -7.133661998999969, 0.0 ], [ 113.255162, -7.133656, 0.0 ], [ 113.255158, -7.133643998999958, 0.0 ], [ 113.255155, -7.133630000999972, 0.0 ], [ 113.255153, -7.133621, 0.0 ], [ 113.255144998000105, -7.133618, 0.0 ], [ 113.255135000000109, -7.133617, 0.0 ], [ 113.255127999000024, -7.133608, 0.0 ], [ 113.255127999000024, -7.133595000999946, 0.0 ], [ 113.255121, -7.133583998999939, 0.0 ], [ 113.255116, -7.133583, 0.0 ], [ 113.255106998000088, -7.133579, 0.0 ], [ 113.255099, -7.13357100099995, 0.0 ], [ 113.255098, -7.133562, 0.0 ], [ 113.255095, -7.133553000999939, 0.0 ], [ 113.255091000000107, -7.133545998999978, 0.0 ], [ 113.255081, -7.13354, 0.0 ], [ 113.255075, -7.133528998999964, 0.0 ], [ 113.255064, -7.13352, 0.0 ], [ 113.25504899900011, -7.133506998999962, 0.0 ], [ 113.255045000000109, -7.133492, 0.0 ], [ 113.255053, -7.133485998999959, 0.0 ], [ 113.255073, -7.133474000999968, 0.0 ], [ 113.255085, -7.133467998999947, 0.0 ], [ 113.255091000000107, -7.133452, 0.0 ], [ 113.255104999000082, -7.133442, 0.0 ], [ 113.255121, -7.133434, 0.0 ], [ 113.255134000000112, -7.133416000999944, 0.0 ], [ 113.25515, -7.133406, 0.0 ], [ 113.255161, -7.133396000999937, 0.0 ], [ 113.255172, -7.133388, 0.0 ], [ 113.255188, -7.13337900099998, 0.0 ], [ 113.255194, -7.133359000999974, 0.0 ], [ 113.255204961000118, -7.133354259999976, 0.0 ], [ 113.255231, -7.133343, 0.0 ], [ 113.255243999000072, -7.133318000999964, 0.0 ], [ 113.255254, -7.133298000999957, 0.0 ], [ 113.25525, -7.13327199899993, 0.0 ], [ 113.255263999000022, -7.133243000999926, 0.0 ], [ 113.255263999000022, -7.133231, 0.0 ], [ 113.255258, -7.133216998999956, 0.0 ], [ 113.255241998000088, -7.1332, 0.0 ], [ 113.255235, -7.133196998999949, 0.0 ], [ 113.255212, -7.133196998999949, 0.0 ], [ 113.255198, -7.133185000999958, 0.0 ], [ 113.255181000000107, -7.133193, 0.0 ], [ 113.255168, -7.13319, 0.0 ], [ 113.255147861000069, -7.133174336999957, 0.0 ], [ 113.255141, -7.133169, 0.0 ], [ 113.255129, -7.133129, 0.0 ], [ 113.255117, -7.133106000999931, 0.0 ], [ 113.255045000000109, -7.133004, 0.0 ], [ 113.255035, -7.132941998999968, 0.0 ], [ 113.255056, -7.132926, 0.0 ], [ 113.255065116000083, -7.132910369999934, 0.0 ], [ 113.255069999000057, -7.132901998999955, 0.0 ], [ 113.255081, -7.132858, 0.0 ], [ 113.255083, -7.132818, 0.0 ], [ 113.255082, -7.132801, 0.0 ], [ 113.255023, -7.132746998999949, 0.0 ], [ 113.254993, -7.132694000999948, 0.0 ], [ 113.254966, -7.132628998999962, 0.0 ], [ 113.254936, -7.132583, 0.0 ], [ 113.254892999000049, -7.132541000999936, 0.0 ], [ 113.254842, -7.132500000999926, 0.0 ], [ 113.254809, -7.132468, 0.0 ], [ 113.254787, -7.132432, 0.0 ], [ 113.254742, -7.13242, 0.0 ], [ 113.254669, -7.13239, 0.0 ], [ 113.254639342000019, -7.132372613999962, 0.0 ], [ 113.254637040000034, -7.132370039999955, 0.0 ], [ 113.254579276000072, -7.132239457999958, 0.0 ], [ 113.254574, -7.13220199899996, 0.0 ], [ 113.254577, -7.132153, 0.0 ], [ 113.254594000000111, -7.13208900099994, 0.0 ], [ 113.254628, -7.132024998999952, 0.0 ], [ 113.254668, -7.131938, 0.0 ], [ 113.254696998000099, -7.131865, 0.0 ], [ 113.254695998000102, -7.131825, 0.0 ], [ 113.254681, -7.131771998999966, 0.0 ], [ 113.254657998000084, -7.131708, 0.0 ], [ 113.254639999, -7.131643000999929, 0.0 ], [ 113.254639999, -7.131621000999928, 0.0 ], [ 113.254644, -7.131561, 0.0 ], [ 113.254666, -7.131463, 0.0 ], [ 113.254683000000114, -7.131356, 0.0 ], [ 113.254689, -7.131303998999954, 0.0 ], [ 113.254686000000106, -7.131289, 0.0 ], [ 113.254640999000117, -7.131239, 0.0 ], [ 113.254617, -7.131217, 0.0 ], [ 113.25457, -7.13112, 0.0 ], [ 113.254554, -7.131059000999926, 0.0 ], [ 113.254527, -7.131023, 0.0 ], [ 113.254506732000095, -7.131001466999976, 0.0 ], [ 113.25461112000005, -7.130665979999947, 0.0 ], [ 113.254759080000099, -7.130174039999929, 0.0 ], [ 113.25489984, -7.129578958999957, 0.0 ], [ 113.255101080000031, -7.12865501899995, 0.0 ], [ 113.255241120000051, -7.127937000999964, 0.0 ], [ 113.255362079000065, -7.127321040999959, 0.0 ], [ 113.255461080000032, -7.126643970999964, 0.0 ], [ 113.255539920000047, -7.126070039999945, 0.0 ], [ 113.25561984, -7.12559798999996, 0.0 ], [ 113.255728920000024, -7.125270029999967, 0.0 ], [ 113.255816400000072, -7.12500074999997, 0.0 ], [ 113.255817118000095, -7.124999039999977, 0.0 ], [ 113.255898120000097, -7.12462401099998, 0.0 ], [ 113.255966160000071, -7.124172028999965, 0.0 ], [ 113.255975160000048, -7.123638960999926, 0.0 ], [ 113.255984159000036, -7.123116959999948, 0.0 ], [ 113.255957879000107, -7.122526019999952, 0.0 ], [ 113.255942040000036, -7.121772, 0.0 ], [ 113.255952120000075, -7.121366010999964, 0.0 ], [ 113.255973, -7.120845, 0.0 ], [ 113.256002880000096, -7.120009978999974, 0.0 ], [ 113.25602412, -7.119395009999948, 0.0 ], [ 113.256082079000066, -7.11873602999998, 0.0 ], [ 113.256135, -7.118386020999935, 0.0 ], [ 113.25624912, -7.118037989999948, 0.0 ], [ 113.256317880000097, -7.11782900999998, 0.0 ], [ 113.256433079000089, -7.117595998999946, 0.0 ], [ 113.256618119000109, -7.11735201099998, 0.0 ], [ 113.256929160000027, -7.116978958999937, 0.0 ], [ 113.257148040000061, -7.116630029999953, 0.0 ], [ 113.257389960000069, -7.11617696999997, 0.0 ], [ 113.257550880000053, -7.115781959999936, 0.0 ], [ 113.257688040000062, -7.115375969999945, 0.0 ], [ 113.257780919000083, -7.114934968999933, 0.0 ], [ 113.257801080000036, -7.114620958999978, 0.0 ], [ 113.257757158000118, -7.114337009999929, 0.0 ], [ 113.257548, -7.113591989999975, 0.0 ], [ 113.257495422000034, -7.113232640999968, 0.0 ], [ 113.257479960000069, -7.113126960999978, 0.0 ], [ 113.257467358000099, -7.112566912999966, 0.0 ], [ 113.257478000000106, -7.112537, 0.0 ], [ 113.257516, -7.112432000999945, 0.0 ], [ 113.257529, -7.112374000999978, 0.0 ], [ 113.257535, -7.112333, 0.0 ], [ 113.257522000000108, -7.112282, 0.0 ], [ 113.257495, -7.112180000999956, 0.0 ], [ 113.25745, -7.112035998999943, 0.0 ], [ 113.257421, -7.111939998999958, 0.0 ], [ 113.257412, -7.111904, 0.0 ], [ 113.257403587000113, -7.11184884499994, 0.0 ], [ 113.257388159000016, -7.111848959999975, 0.0 ], [ 113.257298997000021, -7.111865183999953, 0.0 ], [ 113.256579958000088, -7.111996019999935, 0.0 ], [ 113.255953921000014, -7.112219039999957, 0.0 ], [ 113.255474320000076, -7.112387869999964, 0.0 ], [ 113.255373, -7.112421, 0.0 ], [ 113.255157, -7.112473001999945, 0.0 ], [ 113.254956001000096, -7.11254299899997, 0.0 ], [ 113.254731000000106, -7.112602998999932, 0.0 ], [ 113.254515, -7.112684, 0.0 ], [ 113.254286998000111, -7.11275, 0.0 ], [ 113.254249999000081, -7.112755998999944, 0.0 ], [ 113.254177001000016, -7.112761, 0.0 ], [ 113.254010000000108, -7.112792, 0.0 ], [ 113.253820999000027, -7.112866, 0.0 ], [ 113.253633001000026, -7.112939000999972, 0.0 ], [ 113.253358001000038, -7.113071998999942, 0.0 ], [ 113.253213998000092, -7.113142, 0.0 ], [ 113.253037, -7.113205998999945, 0.0 ], [ 113.252885999000114, -7.113274001999969, 0.0 ], [ 113.252781, -7.11329200199998, 0.0 ], [ 113.252721, -7.113298, 0.0 ], [ 113.252669999000091, -7.113321998999936, 0.0 ], [ 113.252594, -7.113376, 0.0 ], [ 113.252491, -7.113441998999974, 0.0 ], [ 113.252426, -7.113494, 0.0 ], [ 113.252373, -7.113548, 0.0 ], [ 113.252300999000113, -7.113593, 0.0 ], [ 113.252202999000019, -7.113649, 0.0 ], [ 113.252033001000086, -7.113717, 0.0 ], [ 113.251913, -7.113756, 0.0 ], [ 113.251771998000095, -7.113783, 0.0 ], [ 113.251661001000116, -7.113819001999957, 0.0 ], [ 113.251572, -7.113865, 0.0 ], [ 113.25147, -7.113935000999959, 0.0 ], [ 113.251396000000113, -7.11399, 0.0 ], [ 113.251338617000101, -7.114040575999979, 0.0 ], [ 113.251337, -7.114042, 0.0 ], [ 113.251330539000037, -7.114043946999971, 0.0 ], [ 113.251263998000013, -7.114063998999939, 0.0 ], [ 113.251155001000029, -7.114139, 0.0 ], [ 113.25105299900008, -7.114209001999939, 0.0 ], [ 113.250899000000118, -7.114314, 0.0 ], [ 113.250794, -7.114362000999961, 0.0 ], [ 113.250723000000107, -7.114402000999974, 0.0 ], [ 113.250658999000052, -7.114431, 0.0 ], [ 113.250590001000091, -7.114444001999971, 0.0 ], [ 113.250446999000019, -7.114468, 0.0 ], [ 113.250315001000104, -7.11452000099996, 0.0 ], [ 113.250213999000039, -7.114555, 0.0 ], [ 113.250095999000109, -7.114594, 0.0 ], [ 113.249946001000012, -7.114634, 0.0 ], [ 113.249872, -7.114678001999948, 0.0 ], [ 113.249761, -7.114733000999934, 0.0 ], [ 113.24961, -7.114822, 0.0 ], [ 113.249435, -7.114904998999975, 0.0 ], [ 113.24929, -7.114986000999977, 0.0 ], [ 113.249195999000108, -7.115040998999973, 0.0 ], [ 113.249121999000067, -7.11506800199993, 0.0 ], [ 113.249033, -7.11511, 0.0 ], [ 113.248938430000067, -7.115162848999944, 0.0 ], [ 113.248472041000014, -7.115334029999929, 0.0 ], [ 113.247641161000047, -7.115659019999953, 0.0 ], [ 113.246728921000113, -7.116199019999954, 0.0 ], [ 113.246012879000091, -7.116377038999929, 0.0 ], [ 113.245543881000117, -7.116543105999938, 0.0 ], [ 113.245537001000116, -7.116545, 0.0 ], [ 113.245334999000079, -7.116596, 0.0 ], [ 113.245128001000012, -7.116622, 0.0 ], [ 113.244879, -7.116658998999981, 0.0 ], [ 113.24477299900002, -7.116721, 0.0 ], [ 113.244723, -7.116775998999969, 0.0 ], [ 113.244667201000084, -7.116825011999936, 0.0 ], [ 113.244528959000036, -7.116866009999967, 0.0 ], [ 113.244350300000065, -7.116892061999977, 0.0 ], [ 113.244144, -7.116896, 0.0 ], [ 113.244024, -7.116908, 0.0 ], [ 113.243928, -7.116934, 0.0 ], [ 113.243857, -7.116956000999949, 0.0 ], [ 113.243697998000016, -7.116936, 0.0 ], [ 113.24360199900002, -7.116932998999971, 0.0 ], [ 113.243513, -7.116934, 0.0 ], [ 113.243473001000098, -7.116944, 0.0 ], [ 113.243374001, -7.116924, 0.0 ], [ 113.243343764000088, -7.116921275999971, 0.0 ], [ 113.243263, -7.116913998999962, 0.0 ] ] ] ] } }
]
}
