{
"type": "FeatureCollection",
"name": "Kec_Banyuates",
"crs": { "type": "name", "properties": { "name": "urn:ogc:def:crs:OGC:1.3:CRS84" } },
"features": [
{ "type": "Feature", "properties": { "OBJECTID": 12499.0, "NAMOBJ": "Lar Lar", "FCODE": "BA03070040", "METADATA": "TASWIL1000020221227_DATA_BATAS_DESAKELURAHAN", "SRS_ID": "SRGI 2013", "KDCPUM": "35.27.09", "KDEPUM": "35.27.09.2005", "KDPKAB": "35.27", "KDPPUM": "35", "LUASWH": 0.0, "TIPADM": 1.0, "WADMKC": "Banyuates", "WADMKD": "Lar Lar", "WADMKK": "Sampang", "WADMPR": "Jawa Timur", "UUPP": "Hasil Delineasi Batas Desa 2019", "LUAS": 22.69444784 }, "geometry": { "type": "MultiPolygon", "coordinates": [ [ [ [ 113.173123188000091, -6.988707097999963, 0.0 ], [ 113.172899023000014, -6.988746913999933, 0.0 ], [ 113.171813989000043, -6.989603519999946, 0.0 ], [ 113.170629018000113, -6.990146036999931, 0.0 ], [ 113.169601091000118, -6.990431572999967, 0.0 ], [ 113.168465869000102, -6.990467047999971, 0.0 ], [ 113.168230520000066, -6.990474404999929, 0.0 ], [ 113.167366949000098, -6.990248229999963, 0.0 ], [ 113.167031272000031, -6.990160314999969, 0.0 ], [ 113.165774917000022, -6.989689179999971, 0.0 ], [ 113.165089633000093, -6.989674904999958, 0.0 ], [ 113.163933214000053, -6.989746287999935, 0.0 ], [ 113.16299079700002, -6.989763579999931, 0.0 ], [ 113.160913851000032, -6.989801688999933, 0.0 ], [ 113.160820879000084, -6.989803394999967, 0.0 ], [ 113.160791515000028, -6.989807706999954, 0.0 ], [ 113.159264711000105, -6.990031822999981, 0.0 ], [ 113.158051188000059, -6.990517232999935, 0.0 ], [ 113.156166654000117, -6.991074027999957, 0.0 ], [ 113.152987693000114, -6.991873527999928, 0.0 ], [ 113.152538015, -6.991945017999967, 0.0 ], [ 113.151748471000019, -6.992070546999969, 0.0 ], [ 113.151149760000067, -6.992123763999928, 0.0 ], [ 113.150567167000077, -6.992051233999973, 0.0 ], [ 113.150555269000051, -6.992022677999955, 0.0 ], [ 113.150579064000112, -6.991784731999928, 0.0 ], [ 113.150650448000079, -6.991251733999945, 0.0 ], [ 113.15071707300001, -6.990978094999946, 0.0 ], [ 113.150786077000021, -6.990759186999981, 0.0 ], [ 113.150812251000048, -6.990411783999946, 0.0 ], [ 113.150840806000019, -6.990104833999965, 0.0 ], [ 113.150817009000093, -6.989983480999967, 0.0 ], [ 113.150781318000099, -6.989928753999948, 0.0 ], [ 113.150662345000114, -6.989893060999975, 0.0 ], [ 113.150443436000046, -6.989926372999946, 0.0 ], [ 113.150184867, -6.990028372999973, 0.0 ], [ 113.149697077000042, -6.990111653999975, 0.0 ], [ 113.149507374000109, -6.99013655899995, 0.0 ], [ 113.149074313000028, -6.990165111999943, 0.0 ], [ 113.148715014000118, -6.990162732999977, 0.0 ], [ 113.148041627000111, -6.990115143999958, 0.0 ], [ 113.147625221000112, -6.990079451999975, 0.0 ], [ 113.147454793000065, -6.990027044999977, 0.0 ], [ 113.147439954000106, -6.990012380999929, 0.0 ], [ 113.14740542200002, -6.989997896999967, 0.0 ], [ 113.147134262, -6.98992140699994, 0.0 ], [ 113.146653041000036, -6.989816861999941, 0.0 ], [ 113.146449006000012, -6.989703462999955, 0.0 ], [ 113.146284897000101, -6.989495072999944, 0.0 ], [ 113.146142268000062, -6.989448815999936, 0.0 ], [ 113.145458818000066, -6.989528389999975, 0.0 ], [ 113.144985002000112, -6.98955910799998, 0.0 ], [ 113.144775398000093, -6.989614832999962, 0.0 ], [ 113.14474721800002, -6.989621639999939, 0.0 ], [ 113.144745349, -6.989622090999944, 0.0 ], [ 113.144457713000065, -6.989691565999976, 0.0 ], [ 113.14402467900004, -6.989749028999938, 0.0 ], [ 113.143754792000095, -6.989886278999961, 0.0 ], [ 113.143601612000111, -6.989882005999959, 0.0 ], [ 113.143398768000111, -6.989866208999956, 0.0 ], [ 113.143178572000011, -6.989840818999937, 0.0 ], [ 113.143023167000024, -6.98988888599996, 0.0 ], [ 113.142921950000073, -6.989909409999939, 0.0 ], [ 113.142845312000077, -6.989905058999966, 0.0 ], [ 113.142783258, -6.989875877999964, 0.0 ], [ 113.142753369000047, -6.989848989999928, 0.0 ], [ 113.14269364200004, -6.989790153999934, 0.0 ], [ 113.142592005000097, -6.989751481999974, 0.0 ], [ 113.142492370000014, -6.989660922999974, 0.0 ], [ 113.14232353400007, -6.989561007999953, 0.0 ], [ 113.142184667000038, -6.98950524299994, 0.0 ], [ 113.14208300700011, -6.98946159999997, 0.0 ], [ 113.141981580000106, -6.989452570999958, 0.0 ], [ 113.141932318000045, -6.989480089999972, 0.0 ], [ 113.14186066700006, -6.989538620999951, 0.0 ], [ 113.14184233200001, -6.989542408999966, 0.0 ], [ 113.141794497000092, -6.989490296999975, 0.0 ], [ 113.141803643000117, -6.98928717299998, 0.0 ], [ 113.141804967000098, -6.988988009999957, 0.0 ], [ 113.141810173000067, -6.988738719999958, 0.0 ], [ 113.141808904000072, -6.988574867999944, 0.0 ], [ 113.141683489000116, -6.987573940999937, 0.0 ], [ 113.141657258, -6.987416619999976, 0.0 ], [ 113.141601311000045, -6.987368701999969, 0.0 ], [ 113.141480868000031, -6.987328487999946, 0.0 ], [ 113.141394000000105, -6.987223590999974, 0.0 ], [ 113.141348124000046, -6.987077112999941, 0.0 ], [ 113.141332333000037, -6.986967824999965, 0.0 ], [ 113.141343451000012, -6.986820997999928, 0.0 ], [ 113.14154350900003, -6.986585463999972, 0.0 ], [ 113.141636424000012, -6.986347072999934, 0.0 ], [ 113.141829031000043, -6.985802472999978, 0.0 ], [ 113.141122369000072, -6.985502279999935, 0.0 ], [ 113.141021332000037, -6.985447607999959, 0.0 ], [ 113.140763290000109, -6.98528573599998, 0.0 ], [ 113.140514212000085, -6.985191967999981, 0.0 ], [ 113.140044888000034, -6.98506133199993, 0.0 ], [ 113.139873829000067, -6.985062650999964, 0.0 ], [ 113.139727222000033, -6.985059700999955, 0.0 ], [ 113.139465845000018, -6.984968247999973, 0.0 ], [ 113.139378998000097, -6.984785894999959, 0.0 ], [ 113.1393564440001, -6.984501481999928, 0.0 ], [ 113.139416279000102, -6.984338345999959, 0.0 ], [ 113.139488554000081, -6.984203623999974, 0.0 ], [ 113.13937575500006, -6.983580153999981, 0.0 ], [ 113.139333490000013, -6.983292485999925, 0.0 ], [ 113.139256645000046, -6.983193054999958, 0.0 ], [ 113.139014923000104, -6.983026859999939, 0.0 ], [ 113.138878171000101, -6.982959875999939, 0.0 ], [ 113.138669776000029, -6.982953409999936, 0.0 ], [ 113.138465282000084, -6.982934995999926, 0.0 ], [ 113.138296249000064, -6.982840231999944, 0.0 ], [ 113.137942146000114, -6.982650955999929, 0.0 ], [ 113.137805504000085, -6.982591923999962, 0.0 ], [ 113.137182299000074, -6.982515124999964, 0.0 ], [ 113.136906408000073, -6.982463412999948, 0.0 ], [ 113.13666696100006, -6.982354596999926, 0.0 ], [ 113.136509876000105, -6.98222913799998, 0.0 ], [ 113.136489854000047, -6.982189912999957, 0.0 ], [ 113.136535700000081, -6.98191946999998, 0.0 ], [ 113.136551018000091, -6.981711164999979, 0.0 ], [ 113.136483007000038, -6.981289670999956, 0.0 ], [ 113.136440115000028, -6.98120843199996, 0.0 ], [ 113.136331397000049, -6.98098975299996, 0.0 ], [ 113.136225491, -6.980585060999942, 0.0 ], [ 113.136199661000092, -6.980466236999973, 0.0 ], [ 113.136192101, -6.98019775299997, 0.0 ], [ 113.136138559000074, -6.980087370999968, 0.0 ], [ 113.136038332000112, -6.980030071999977, 0.0 ], [ 113.135730133000038, -6.979977058999964, 0.0 ], [ 113.135372698000083, -6.979973705999953, 0.0 ], [ 113.135016134000011, -6.97999764399998, 0.0 ], [ 113.134982097000034, -6.979993640999965, 0.0 ], [ 113.134960588000013, -6.979955688999951, 0.0 ], [ 113.134959848000108, -6.979858171999979, 0.0 ], [ 113.134916280000084, -6.979710054999941, 0.0 ], [ 113.134877782000103, -6.979676427999948, 0.0 ], [ 113.134711469000081, -6.979588698999976, 0.0 ], [ 113.134651861000066, -6.97957215699995, 0.0 ], [ 113.134643128000107, -6.979538303999959, 0.0 ], [ 113.134645671000044, -6.979309269999931, 0.0 ], [ 113.134625720000031, -6.978923617999953, 0.0 ], [ 113.1345643840001, -6.978673904999937, 0.0 ], [ 113.134326332000114, -6.978641721999963, 0.0 ], [ 113.134267238, -6.978688896999927, 0.0 ], [ 113.134064229000046, -6.978800620999948, 0.0 ], [ 113.133857178000085, -6.978942188999952, 0.0 ], [ 113.133793660000038, -6.978968053999949, 0.0 ], [ 113.133585337000113, -6.978944231999947, 0.0 ], [ 113.13329946600004, -6.978764041999966, 0.0 ], [ 113.132957728000065, -6.978503755999952, 0.0 ], [ 113.132377679000115, -6.978417715999967, 0.0 ], [ 113.132055843000103, -6.978450260999978, 0.0 ], [ 113.131843620000041, -6.978395034999949, 0.0 ], [ 113.131573121000088, -6.97832464399994, 0.0 ], [ 113.131538197000054, -6.978487215999962, 0.0 ], [ 113.131432352000047, -6.978424879999977, 0.0 ], [ 113.131356857000014, -6.978392411999948, 0.0 ], [ 113.131131031000109, -6.978391173999967, 0.0 ], [ 113.131037836000019, -6.978403885999967, 0.0 ], [ 113.130978463000019, -6.978521557999954, 0.0 ], [ 113.130952062, -6.978605911999978, 0.0 ], [ 113.130958777000046, -6.978705118999926, 0.0 ], [ 113.130945108000105, -6.978882505999934, 0.0 ], [ 113.130952502000014, -6.979065854999931, 0.0 ], [ 113.130913399000065, -6.97921178699994, 0.0 ], [ 113.13086967400011, -6.979374967999945, 0.0 ], [ 113.130763770000044, -6.979345443999932, 0.0 ], [ 113.130422391000025, -6.97925027499997, 0.0 ], [ 113.129999674000032, -6.978981946999966, 0.0 ], [ 113.129952188000061, -6.978132043999949, 0.0 ], [ 113.12956104400007, -6.977965973999972, 0.0 ], [ 113.12957386100004, -6.977632864999975, 0.0 ], [ 113.129541459000052, -6.977412844999947, 0.0 ], [ 113.129394804000071, -6.977316799999926, 0.0 ], [ 113.129347807000045, -6.977267664999943, 0.0 ], [ 113.129273985000054, -6.977143091999949, 0.0 ], [ 113.129168470000081, -6.977071172999956, 0.0 ], [ 113.128923081000039, -6.977000246999978, 0.0 ], [ 113.128706748000013, -6.976920422999967, 0.0 ], [ 113.128376865000064, -6.976855933999957, 0.0 ], [ 113.12812314700011, -6.976840447999962, 0.0 ], [ 113.127776325000013, -6.976857648999953, 0.0 ], [ 113.127675079000028, -6.976954449999937, 0.0 ], [ 113.127573799000061, -6.977060018999964, 0.0 ], [ 113.127457326000012, -6.977072473999954, 0.0 ], [ 113.127323643000068, -6.977122966999957, 0.0 ], [ 113.127183574000014, -6.977262693999933, 0.0 ], [ 113.126919790000102, -6.977264696999953, 0.0 ], [ 113.12670787400009, -6.977056240999957, 0.0 ], [ 113.126499753000076, -6.976944925999931, 0.0 ], [ 113.126361392000035, -6.976917801999946, 0.0 ], [ 113.126160496000011, -6.976919340999927, 0.0 ], [ 113.126104353000073, -6.976976171999979, 0.0 ], [ 113.126045528000077, -6.977083265999966, 0.0 ], [ 113.125891501000069, -6.977056213999958, 0.0 ], [ 113.125882388000036, -6.977103252999939, 0.0 ], [ 113.125852615000099, -6.977316684999948, 0.0 ], [ 113.12585810500002, -6.977623863999952, 0.0 ], [ 113.125825846000112, -6.977931302999934, 0.0 ], [ 113.12575219900009, -6.978440295999974, 0.0 ], [ 113.125688426000011, -6.978591970999958, 0.0 ], [ 113.125588912000012, -6.97890730499995, 0.0 ], [ 113.125556355000072, -6.979098876999956, 0.0 ], [ 113.125526470000068, -6.979237926999929, 0.0 ], [ 113.125565880000067, -6.979539891999934, 0.0 ], [ 113.125563478000117, -6.979635524999935, 0.0 ], [ 113.125389853000115, -6.979960772999959, 0.0 ], [ 113.125301580000041, -6.980270724999968, 0.0 ], [ 113.12527599900011, -6.980338714999959, 0.0 ], [ 113.124844686000074, -6.980628791999948, 0.0 ], [ 113.124231323000117, -6.981014045999927, 0.0 ], [ 113.124184494000019, -6.981035315999975, 0.0 ], [ 113.124137880000035, -6.981087765999973, 0.0 ], [ 113.124008867000043, -6.981297396999935, 0.0 ], [ 113.123874538000109, -6.981486083999926, 0.0 ], [ 113.123631169000078, -6.981764286999976, 0.0 ], [ 113.123470392000058, -6.981911517999947, 0.0 ], [ 113.123377333, -6.982037385999945, 0.0 ], [ 113.123336686000016, -6.982188865999944, 0.0 ], [ 113.123327434000089, -6.98243673099995, 0.0 ], [ 113.123238713000092, -6.982630996999944, 0.0 ], [ 113.123097023000014, -6.982974177999949, 0.0 ], [ 113.123053037000091, -6.983168967999973, 0.0 ], [ 113.123005375000048, -6.98338003799995, 0.0 ], [ 113.123008294000101, -6.98376260699996, 0.0 ], [ 113.122478508000086, -6.983649732999936, 0.0 ], [ 113.122416717000078, -6.983636567999952, 0.0 ], [ 113.122292043000016, -6.983849071999941, 0.0 ], [ 113.122230638000019, -6.984079186999963, 0.0 ], [ 113.122216157000025, -6.984342168999945, 0.0 ], [ 113.122239729000057, -6.984457388999942, 0.0 ], [ 113.122232580000059, -6.984708497999975, 0.0 ], [ 113.12218890500003, -6.984932838999953, 0.0 ], [ 113.122144743000035, -6.985082527999964, 0.0 ], [ 113.122088868000105, -6.985182469999927, 0.0 ], [ 113.122026079000079, -6.985271144999956, 0.0 ], [ 113.121967830000017, -6.985357539999939, 0.0 ], [ 113.121907475000057, -6.985473408999951, 0.0 ], [ 113.121794188000081, -6.985563936999938, 0.0 ], [ 113.1217272, -6.985578736999969, 0.0 ], [ 113.121632906000059, -6.985599569999977, 0.0 ], [ 113.121625900000026, -6.985601117999977, 0.0 ], [ 113.121502295000028, -6.985604295999963, 0.0 ], [ 113.121416722000049, -6.985586965999971, 0.0 ], [ 113.121305663000044, -6.985526504999939, 0.0 ], [ 113.121254208000096, -6.985498492999966, 0.0 ], [ 113.121044567000013, -6.985414748999972, 0.0 ], [ 113.120868768000037, -6.985357786999941, 0.0 ], [ 113.120697839000059, -6.985338852999973, 0.0 ], [ 113.120593445000054, -6.985329499999978, 0.0 ], [ 113.120539839000116, -6.985324696999953, 0.0 ], [ 113.120513419000076, -6.985322329999974, 0.0 ], [ 113.120453760000032, -6.985306372999958, 0.0 ], [ 113.120423127000095, -6.985298179999972, 0.0 ], [ 113.120321008000019, -6.985270865999951, 0.0 ], [ 113.120128596000086, -6.985219400999938, 0.0 ], [ 113.119609928000045, -6.984916425999927, 0.0 ], [ 113.119422035000071, -6.984841079999967, 0.0 ], [ 113.119137303000116, -6.984665846999974, 0.0 ], [ 113.118968612000117, -6.984563841999943, 0.0 ], [ 113.118898035000029, -6.984480556999927, 0.0 ], [ 113.11885579200009, -6.984443599999963, 0.0 ], [ 113.118841609000015, -6.98442513599997, 0.0 ], [ 113.118748020000112, -6.984383890999936, 0.0 ], [ 113.118472277000023, -6.984316169999943, 0.0 ], [ 113.118470458000047, -6.984315282999944, 0.0 ], [ 113.118420051000044, -6.984290716999965, 0.0 ], [ 113.118276166000101, -6.984220593999964, 0.0 ], [ 113.118181206000031, -6.984174314999962, 0.0 ], [ 113.117848898000034, -6.984036620999973, 0.0 ], [ 113.1177121610001, -6.984005918999969, 0.0 ], [ 113.117575423000062, -6.983975215999976, 0.0 ], [ 113.117471796000018, -6.983941607999952, 0.0 ], [ 113.117442797000081, -6.983962976999976, 0.0 ], [ 113.117449477000036, -6.983993849999933, 0.0 ], [ 113.117456511000114, -6.984026362999941, 0.0 ], [ 113.117509189000089, -6.984227224999927, 0.0 ], [ 113.11740950300009, -6.984256864999963, 0.0 ], [ 113.117160327000079, -6.984340050999947, 0.0 ], [ 113.116934706000052, -6.984402160999934, 0.0 ], [ 113.116791208000109, -6.984403257999929, 0.0 ], [ 113.116648163000036, -6.984404351999956, 0.0 ], [ 113.116471487000013, -6.98433482799993, 0.0 ], [ 113.116215571000112, -6.984213420999936, 0.0 ], [ 113.115856478000069, -6.984074942999939, 0.0 ], [ 113.115569376000053, -6.983952950999935, 0.0 ], [ 113.114858511000079, -6.983711930999959, 0.0 ], [ 113.114626505000047, -6.983697787999972, 0.0 ], [ 113.114569695000114, -6.983723077999969, 0.0 ], [ 113.114357204000044, -6.983884728999953, 0.0 ], [ 113.114066817000094, -6.984110989999976, 0.0 ], [ 113.114038320000077, -6.984111207999945, 0.0 ], [ 113.113856229000021, -6.984048576999953, 0.0 ], [ 113.113670945000081, -6.984039285999927, 0.0 ], [ 113.113524705000032, -6.984019062999948, 0.0 ], [ 113.113367531000108, -6.983956229999933, 0.0 ], [ 113.113174787000048, -6.983897261999971, 0.0 ], [ 113.11301014300011, -6.983798941999964, 0.0 ], [ 113.11277369000004, -6.983608664999963, 0.0 ], [ 113.112594562000027, -6.983474889999968, 0.0 ], [ 113.112558886000102, -6.983471615999974, 0.0 ], [ 113.112509224000064, -6.983493348999957, 0.0 ], [ 113.11243506400001, -6.983575655999971, 0.0 ], [ 113.112344799000084, -6.983693375999962, 0.0 ], [ 113.112227934000089, -6.983801995999954, 0.0 ], [ 113.112086710000085, -6.983935307999957, 0.0 ], [ 113.111905855000032, -6.984015020999948, 0.0 ], [ 113.111754024000106, -6.984045526999978, 0.0 ], [ 113.111548049000021, -6.98404708299995, 0.0 ], [ 113.111405814000022, -6.984038319999968, 0.0 ], [ 113.111098962000028, -6.984319785999958, 0.0 ], [ 113.110923833000015, -6.984512088999963, 0.0 ], [ 113.110876339000015, -6.984718008999948, 0.0 ], [ 113.110838117000071, -6.984845617999952, 0.0 ], [ 113.110799311000051, -6.98490960099997, 0.0 ], [ 113.110745884000039, -6.984973648999926, 0.0 ], [ 113.110727370000063, -6.985120691999953, 0.0 ], [ 113.110683878000032, -6.985204218999968, 0.0 ], [ 113.110650874000044, -6.985380790999955, 0.0 ], [ 113.110676634000015, -6.985551947999966, 0.0 ], [ 113.110693174000062, -6.985796626999957, 0.0 ], [ 113.110694077000062, -6.985931381999933, 0.0 ], [ 113.110670571000014, -6.986329073999968, 0.0 ], [ 113.110698678000063, -6.986540892999926, 0.0 ], [ 113.110720689000118, -6.986641478999957, 0.0 ], [ 113.110745253, -6.986728767999978, 0.0 ], [ 113.110756331000061, -6.986786923999944, 0.0 ], [ 113.110738384000115, -6.986877204999928, 0.0 ], [ 113.11072562600009, -6.98694360199994, 0.0 ], [ 113.11059117800005, -6.987074442999926, 0.0 ], [ 113.110481717000084, -6.987137116999975, 0.0 ], [ 113.110440202000063, -6.987112717999935, 0.0 ], [ 113.110397851000016, -6.986985108999932, 0.0 ], [ 113.110251675000086, -6.986779964999926, 0.0 ], [ 113.110093134000067, -6.986578943999973, 0.0 ], [ 113.110059491000015, -6.986496666999926, 0.0 ], [ 113.110063038000021, -6.986422447999928, 0.0 ], [ 113.109979470000098, -6.986303427999928, 0.0 ], [ 113.109888047000027, -6.986229814999945, 0.0 ], [ 113.109487287000093, -6.986000141999966, 0.0 ], [ 113.109374506000108, -6.985938374999932, 0.0 ], [ 113.109332561000087, -6.985917864999976, 0.0 ], [ 113.109342779000031, -6.985883925999929, 0.0 ], [ 113.109350299000084, -6.985847287999945, 0.0 ], [ 113.109329207000087, -6.985818820999953, 0.0 ], [ 113.109287297000037, -6.985806084999979, 0.0 ], [ 113.109302772000092, -6.985779894999951, 0.0 ], [ 113.109414258000015, -6.985669492999932, 0.0 ], [ 113.109476233, -6.985564734999969, 0.0 ], [ 113.109545640000078, -6.985420716999954, 0.0 ], [ 113.109570637000047, -6.985271927999975, 0.0 ], [ 113.109539628000107, -6.985161348999952, 0.0 ], [ 113.109529022000061, -6.98510870399997, 0.0 ], [ 113.109504307000066, -6.985054223999953, 0.0 ], [ 113.109442990000048, -6.985005963999981, 0.0 ], [ 113.109414044, -6.98493930199993, 0.0 ], [ 113.109362727000075, -6.98485864099996, 0.0 ], [ 113.109298809000052, -6.984729319999929, 0.0 ], [ 113.109257545000105, -6.98464454599997, 0.0 ], [ 113.109196523000037, -6.984628821999934, 0.0 ], [ 113.109159628000043, -6.98458650699996, 0.0 ], [ 113.109106168000039, -6.984493652999959, 0.0 ], [ 113.109038129000055, -6.984360373999948, 0.0 ], [ 113.108997389000024, -6.984342388999949, 0.0 ], [ 113.108926230000066, -6.98432878899996, 0.0 ], [ 113.108863221000092, -6.98431912999996, 0.0 ], [ 113.108840969000084, -6.984331429999941, 0.0 ], [ 113.108822692000103, -6.98433160299993, 0.0 ], [ 113.108820521000098, -6.984313354999927, 0.0 ], [ 113.108808196000041, -6.98429316499994, 0.0 ], [ 113.108783810000091, -6.984295352999936, 0.0 ], [ 113.108771798000021, -6.984311674999958, 0.0 ], [ 113.108717103000117, -6.984326289999956, 0.0 ], [ 113.10867410000003, -6.984286081999926, 0.0 ], [ 113.108610917000078, -6.984254098999941, 0.0 ], [ 113.108580415, -6.984240135999926, 0.0 ], [ 113.108554070000082, -6.984254532999955, 0.0 ], [ 113.108528472000103, -6.984286009999948, 0.0 ], [ 113.108510046000106, -6.984286182999938, 0.0 ], [ 113.10847789200011, -6.984286416999964, 0.0 ], [ 113.108440967000092, -6.984270584999933, 0.0 ], [ 113.108392554000034, -6.984254894999935, 0.0 ], [ 113.108337224000024, -6.984227756999928, 0.0 ], [ 113.108295644, -6.984205166999971, 0.0 ], [ 113.108277009000062, -6.984175423999943, 0.0 ], [ 113.108288132000098, -6.984127109999974, 0.0 ], [ 113.108289943000045, -6.984065190999956, 0.0 ], [ 113.108255310000118, -6.984044738999955, 0.0 ], [ 113.108211531000052, -6.984031286999937, 0.0 ], [ 113.108135454000035, -6.984002072999942, 0.0 ], [ 113.10811000700005, -6.983983838999961, 0.0 ], [ 113.108098320000067, -6.983956414999966, 0.0 ], [ 113.108102928000108, -6.983885806999979, 0.0 ], [ 113.108091664000085, -6.983847504999972, 0.0 ], [ 113.108088912000085, -6.983838147999961, 0.0 ], [ 113.108097589000067, -6.983776559999967, 0.0 ], [ 113.108124842000052, -6.983764958999927, 0.0 ], [ 113.108142994000104, -6.98375348999997, 0.0 ], [ 113.10814278600003, -6.983723844999929, 0.0 ], [ 113.108119554000041, -6.983667098999945, 0.0 ], [ 113.108071276000032, -6.983615074999932, 0.0 ], [ 113.108063832000084, -6.983535481999979, 0.0 ], [ 113.108067802000051, -6.983455747999926, 0.0 ], [ 113.108101606000105, -6.983407603999979, 0.0 ], [ 113.108139839000046, -6.983332235999967, 0.0 ], [ 113.108132591000071, -6.983279846999949, 0.0 ], [ 113.108106986000053, -6.98320946399997, 0.0 ], [ 113.10811331900004, -6.983141106999938, 0.0 ], [ 113.10816958800001, -6.983045050999976, 0.0 ], [ 113.108180401000027, -6.982960676999937, 0.0 ], [ 113.108170851000068, -6.982910647999972, 0.0 ], [ 113.10813650700004, -6.982888206999974, 0.0 ], [ 113.108106734000103, -6.982870172999981, 0.0 ], [ 113.108081512000012, -6.982852118999972, 0.0 ], [ 113.108063027000071, -6.982822645999931, 0.0 ], [ 113.108076649000054, -6.982799267999951, 0.0 ], [ 113.108103532000086, -6.982788300999971, 0.0 ], [ 113.108155516000011, -6.98276818599993, 0.0 ], [ 113.108191207, -6.982724822999955, 0.0 ], [ 113.108187340000086, -6.982694290999973, 0.0 ], [ 113.108165585000052, -6.98266754499997, 0.0 ], [ 113.108111525000027, -6.982657122999967, 0.0 ], [ 113.10806276400001, -6.98263058799995, 0.0 ], [ 113.108049937000033, -6.982598378999967, 0.0 ], [ 113.108060460000047, -6.982565974999943, 0.0 ], [ 113.108085349000021, -6.98252627599993, 0.0 ], [ 113.108088694000116, -6.982490288999941, 0.0 ], [ 113.108065059000069, -6.982459936999931, 0.0 ], [ 113.108018056000105, -6.982426163999946, 0.0 ], [ 113.108008794000057, -6.982390323999937, 0.0 ], [ 113.108022897000069, -6.982357903999969, 0.0 ], [ 113.108051434000117, -6.982316380999976, 0.0 ], [ 113.108083322000084, -6.982256857999971, 0.0 ], [ 113.108075818000088, -6.982213778999949, 0.0 ], [ 113.108054071000083, -6.982188840999981, 0.0 ], [ 113.108025120000093, -6.98217107499994, 0.0 ], [ 113.107978158000037, -6.982146339999929, 0.0 ], [ 113.107934859000011, -6.982123304999959, 0.0 ], [ 113.107887897000069, -6.982098479999934, 0.0 ], [ 113.10785713000007, -6.982075388999931, 0.0 ], [ 113.107863943000098, -6.982030438999971, 0.0 ], [ 113.107890745000077, -6.982001486999934, 0.0 ], [ 113.107919020000054, -6.981934839999951, 0.0 ], [ 113.107911540000032, -6.98189718499998, 0.0 ], [ 113.107884351000052, -6.981856362999963, 0.0 ], [ 113.107785059000093, -6.981724578999945, 0.0 ], [ 113.107760331, -6.981700285999977, 0.0 ], [ 113.107725833000018, -6.981693209999946, 0.0 ], [ 113.107671843000048, -6.981698512999969, 0.0 ], [ 113.107583333000093, -6.981691767999962, 0.0 ], [ 113.107526708000023, -6.981675029999963, 0.0 ], [ 113.107515413000101, -6.981658403999973, 0.0 ], [ 113.107491938000067, -6.981623848999959, 0.0 ], [ 113.107464021000055, -6.981503855999961, 0.0 ], [ 113.107445660000053, -6.981351915999937, 0.0 ], [ 113.107472112000096, -6.981278137999936, 0.0 ], [ 113.10761818900005, -6.981095455999935, 0.0 ], [ 113.107698208000102, -6.980955096999935, 0.0 ], [ 113.107692926000027, -6.98090848399994, 0.0 ], [ 113.107655715000078, -6.98086219399994, 0.0 ], [ 113.107596041000079, -6.980789286999936, 0.0 ], [ 113.107583852000062, -6.98077439399998, 0.0 ], [ 113.10754891800002, -6.98070359999997, 0.0 ], [ 113.107526404000055, -6.980657153999971, 0.0 ], [ 113.107549050000102, -6.980582939999977, 0.0 ], [ 113.107619247000116, -6.980481850999979, 0.0 ], [ 113.107700667000017, -6.98038803299994, 0.0 ], [ 113.107756377000101, -6.980350365999925, 0.0 ], [ 113.107799002000093, -6.980332209999972, 0.0 ], [ 113.107800979000103, -6.980331367999952, 0.0 ], [ 113.107872066000027, -6.980345690999968, 0.0 ], [ 113.107891177000056, -6.980340783999964, 0.0 ], [ 113.107946584000047, -6.980326558999934, 0.0 ], [ 113.107972378000113, -6.98028902599998, 0.0 ], [ 113.107972103000066, -6.980244377999952, 0.0 ], [ 113.10794928200005, -6.980196035999938, 0.0 ], [ 113.107870652000088, -6.980163126999969, 0.0 ], [ 113.107795876000068, -6.980141316999948, 0.0 ], [ 113.10775831, -6.980115545999979, 0.0 ], [ 113.107754372000045, -6.980085737999957, 0.0 ], [ 113.107784145000096, -6.980070600999966, 0.0 ], [ 113.10781771500001, -6.980070360999946, 0.0 ], [ 113.107813761000102, -6.980036846999951, 0.0 ], [ 113.107753431000106, -6.97995902699995, 0.0 ], [ 113.107663244000037, -6.979877724999938, 0.0 ], [ 113.107535891000111, -6.979826505999938, 0.0 ], [ 113.107519311000033, -6.979818020999971, 0.0 ], [ 113.107449750000114, -6.979782422999961, 0.0 ], [ 113.107426929000098, -6.979734169999972, 0.0 ], [ 113.107407880000096, -6.979678399999955, 0.0 ], [ 113.10743737100006, -6.97963343899994, 0.0 ], [ 113.107441909000045, -6.979630876999977, 0.0 ], [ 113.107504345000052, -6.979595631999928, 0.0 ], [ 113.107649858000059, -6.979587117999927, 0.0 ], [ 113.107694394000077, -6.979553206999981, 0.0 ], [ 113.107712836000019, -6.979523298999936, 0.0 ], [ 113.107708965000029, -6.979508402999954, 0.0 ], [ 113.107648918000109, -6.979460406999976, 0.0 ], [ 113.107588847000102, -6.979423618999931, 0.0 ], [ 113.107506120000039, -6.979342193999969, 0.0 ], [ 113.10746472400001, -6.97929411399997, 0.0 ], [ 113.107396617000063, -6.979272019999939, 0.0 ], [ 113.107386127000041, -6.979268616999946, 0.0 ], [ 113.107307513000023, -6.979239322999945, 0.0 ], [ 113.107266183000092, -6.979206155999975, 0.0 ], [ 113.107239674000084, -6.97915041899995, 0.0 ], [ 113.107253068000091, -6.979131733999964, 0.0 ], [ 113.107269182000095, -6.97910925399998, 0.0 ], [ 113.10737141300001, -6.979064121999954, 0.0 ], [ 113.107380866000085, -6.979059948999975, 0.0 ], [ 113.107453476000046, -6.978981173999955, 0.0 ], [ 113.107471568000051, -6.978922886999953, 0.0 ], [ 113.107447515000104, -6.978899313999932, 0.0 ], [ 113.107397139000113, -6.978878570999939, 0.0 ], [ 113.107350269000108, -6.978869030999931, 0.0 ], [ 113.107346735000078, -6.978868311999975, 0.0 ], [ 113.107309611, -6.978858083999967, 0.0 ], [ 113.107290906000117, -6.978829154999971, 0.0 ], [ 113.107293131, -6.978776271999948, 0.0 ], [ 113.10729531000004, -6.978712904999952, 0.0 ], [ 113.107273702000043, -6.978652264999937, 0.0 ], [ 113.107209382000065, -6.978549697999938, 0.0 ], [ 113.107170956, -6.978365038999925, 0.0 ], [ 113.107170185000086, -6.97825938699998, 0.0 ], [ 113.107198929000106, -6.978214247999972, 0.0 ], [ 113.10724919800009, -6.97821122199997, 0.0 ], [ 113.107281171000068, -6.978237380999929, 0.0 ], [ 113.107318523000117, -6.978282041999933, 0.0 ], [ 113.107369552000023, -6.978382047999958, 0.0 ], [ 113.107409964000112, -6.978476858999954, 0.0 ], [ 113.10754805800002, -6.978544478999936, 0.0 ], [ 113.107731429000069, -6.978530055999954, 0.0 ], [ 113.107733234000079, -6.978529913999978, 0.0 ], [ 113.10784642100009, -6.978449781999927, 0.0 ], [ 113.107988750000118, -6.978380004999963, 0.0 ], [ 113.108118033000096, -6.978328812999962, 0.0 ], [ 113.108165147000022, -6.978254489999927, 0.0 ], [ 113.10815432600009, -6.97822019299997, 0.0 ], [ 113.108124976000113, -6.978196643999979, 0.0 ], [ 113.108105109, -6.978191315999936, 0.0 ], [ 113.108077247000097, -6.978183842999954, 0.0 ], [ 113.108000423000021, -6.978171170999929, 0.0 ], [ 113.107938074000117, -6.978150525999979, 0.0 ], [ 113.107875726000088, -6.978129880999973, 0.0 ], [ 113.107750753, -6.978043582999931, 0.0 ], [ 113.107732872000042, -6.977999014999966, 0.0 ], [ 113.107749784000021, -6.977943895999942, 0.0 ], [ 113.107769667000071, -6.977885872999934, 0.0 ], [ 113.107801357000085, -6.97786539599997, 0.0 ], [ 113.107853529000067, -6.977870856999971, 0.0 ], [ 113.107920464000017, -6.977907884999979, 0.0 ], [ 113.108030576000033, -6.977964530999941, 0.0 ], [ 113.108036815000105, -6.977967740999929, 0.0 ], [ 113.108085964000111, -6.977964537999981, 0.0 ], [ 113.108099824000078, -6.977877619999958, 0.0 ], [ 113.108052645000043, -6.977771, 0.0 ], [ 113.108008324000025, -6.977652707999937, 0.0 ], [ 113.10797026900002, -6.977600997999957, 0.0 ], [ 113.107935427000029, -6.977583890999938, 0.0 ], [ 113.107886230000076, -6.977592877999939, 0.0 ], [ 113.107831122000107, -6.977581735999934, 0.0 ], [ 113.107812049000017, -6.977547755999979, 0.0 ], [ 113.107798785000114, -6.977524126999981, 0.0 ], [ 113.107766497000057, -6.977460822999944, 0.0 ], [ 113.107770563000031, -6.97742749899993, 0.0 ], [ 113.107774629, -6.977394175999962, 0.0 ], [ 113.107907101000023, -6.977289101999929, 0.0 ], [ 113.107937119000098, -6.977259634999939, 0.0 ], [ 113.107999130000053, -6.977198761999944, 0.0 ], [ 113.1080161430001, -6.977149427999962, 0.0 ], [ 113.108038670000042, -6.977065362999952, 0.0 ], [ 113.10798361500008, -6.977065789999926, 0.0 ], [ 113.107956189000106, -6.977073355999948, 0.0 ], [ 113.107940324000083, -6.977077732999931, 0.0 ], [ 113.107876845000078, -6.977112902999977, 0.0 ], [ 113.107830556000067, -6.977121876999945, 0.0 ], [ 113.107786897000096, -6.977093285999956, 0.0 ], [ 113.107743238000012, -6.977064693999978, 0.0 ], [ 113.107658513000047, -6.976969900999961, 0.0 ], [ 113.107475281, -6.976818245999937, 0.0 ], [ 113.107415515000071, -6.976766271999963, 0.0 ], [ 113.107378452000034, -6.976702718999945, 0.0 ], [ 113.107352958000092, -6.976657279999927, 0.0 ], [ 113.107357261000061, -6.976618486999939, 0.0 ], [ 113.107361185000059, -6.976607092999927, 0.0 ], [ 113.107370664000086, -6.976579563999962, 0.0 ], [ 113.107452853000041, -6.976574405999941, 0.0 ], [ 113.107489668000085, -6.976589547999936, 0.0 ], [ 113.107570433000092, -6.97662276799997, 0.0 ], [ 113.107583500000032, -6.976628141999981, 0.0 ], [ 113.107583810000051, -6.976628405999975, 0.0 ], [ 113.107753645000116, -6.976772805999929, 0.0 ], [ 113.107781425000098, -6.976780142999928, 0.0 ], [ 113.107904746000031, -6.976812711999969, 0.0 ], [ 113.107971319000058, -6.976799799999981, 0.0 ], [ 113.10797772, -6.976798557999928, 0.0 ], [ 113.107992465000052, -6.976780143999974, 0.0 ], [ 113.108036551000055, -6.976725085999931, 0.0 ], [ 113.108054644000049, -6.976657302999968, 0.0 ], [ 113.108067661000064, -6.976608535999958, 0.0 ], [ 113.108065211000053, -6.976539221999928, 0.0 ], [ 113.108065085000021, -6.976535652999928, 0.0 ], [ 113.108064757000079, -6.976526391999926, 0.0 ], [ 113.108046799000022, -6.97643095799998, 0.0 ], [ 113.108038621000105, -6.976387500999977, 0.0 ], [ 113.108037445000036, -6.976372064999964, 0.0 ], [ 113.108033614000078, -6.976321792999954, 0.0 ], [ 113.108025940000061, -6.976221075999945, 0.0 ], [ 113.108026621000022, -6.976216805999968, 0.0 ], [ 113.108031070000038, -6.976188893999961, 0.0 ], [ 113.108045605000029, -6.976097707999941, 0.0 ], [ 113.10805697100011, -6.976031448999947, 0.0 ], [ 113.108060873000113, -6.97600870399998, 0.0 ], [ 113.108078571000078, -6.976003943999956, 0.0 ], [ 113.108165789000054, -6.975980487999948, 0.0 ], [ 113.108284532000084, -6.97597507699993, 0.0 ], [ 113.108323076000033, -6.97593594999995, 0.0 ], [ 113.108322848000057, -6.975901786999941, 0.0 ], [ 113.108306456000037, -6.975856307999948, 0.0 ], [ 113.108287992000101, -6.975831353999979, 0.0 ], [ 113.108258250000063, -6.975820189999979, 0.0 ], [ 113.108175779000021, -6.97579570299996, 0.0 ], [ 113.108116366000104, -6.975789280999948, 0.0 ], [ 113.108092519000024, -6.97579221999996, 0.0 ], [ 113.108057015000099, -6.975796594999963, 0.0 ], [ 113.108034147000012, -6.975787658999934, 0.0 ], [ 113.108008684000083, -6.975749089999965, 0.0 ], [ 113.107964581000033, -6.975629621999929, 0.0 ], [ 113.10792764700011, -6.975594899999976, 0.0 ], [ 113.107888782000032, -6.975512373999948, 0.0 ], [ 113.107913954000082, -6.975469239999939, 0.0 ], [ 113.107960046000017, -6.975449782999931, 0.0 ], [ 113.108045947000051, -6.975423729999932, 0.0 ], [ 113.108106899000063, -6.975422482999932, 0.0 ], [ 113.108170224000105, -6.975421186999938, 0.0 ], [ 113.108206714000062, -6.975406562999979, 0.0 ], [ 113.108252596000057, -6.975356918999978, 0.0 ], [ 113.108292041000027, -6.975302513999964, 0.0 ], [ 113.108372773000042, -6.975238253999976, 0.0 ], [ 113.108444414000019, -6.975226545999931, 0.0 ], [ 113.108526528000084, -6.975254648999965, 0.0 ], [ 113.108719564000012, -6.975296536999963, 0.0 ], [ 113.108859172000052, -6.975285790999976, 0.0 ], [ 113.10891674100003, -6.975246939999977, 0.0 ], [ 113.108954666000045, -6.97516967599995, 0.0 ], [ 113.108949344000052, -6.975097484999935, 0.0 ], [ 113.108920035000097, -6.975049622999961, 0.0 ], [ 113.108789547000015, -6.974997694999956, 0.0 ], [ 113.108690740000043, -6.974942534999968, 0.0 ], [ 113.108603395000046, -6.974893773999952, 0.0 ], [ 113.108579176000035, -6.97484968599997, 0.0 ], [ 113.108582259000059, -6.974805294999953, 0.0 ], [ 113.108619542000042, -6.974767529999951, 0.0 ], [ 113.10864476800009, -6.974750883999945, 0.0 ], [ 113.108687528000019, -6.97472266799997, 0.0 ], [ 113.10874177200003, -6.974674522999976, 0.0 ], [ 113.10878553900011, -6.974585481999952, 0.0 ], [ 113.108781263000083, -6.974546934999978, 0.0 ], [ 113.108774577000077, -6.974486654999964, 0.0 ], [ 113.108767321000073, -6.974432186999934, 0.0 ], [ 113.108811662000107, -6.974421593999978, 0.0 ], [ 113.108900451000068, -6.974424361999979, 0.0 ], [ 113.108936365000091, -6.974430953999956, 0.0 ], [ 113.108989376000068, -6.974440684999934, 0.0 ], [ 113.109047309000061, -6.974416383999937, 0.0 ], [ 113.109156053000106, -6.974343953999949, 0.0 ], [ 113.109251358000051, -6.974302314999932, 0.0 ], [ 113.1092613510001, -6.974268195999969, 0.0 ], [ 113.109271375000048, -6.97424076599998, 0.0 ], [ 113.109275187000094, -6.974210677999963, 0.0 ], [ 113.10927786000002, -6.974189580999962, 0.0 ], [ 113.109253308, -6.974104550999925, 0.0 ], [ 113.10923243000002, -6.974056922999978, 0.0 ], [ 113.109204794000107, -6.974016193999944, 0.0 ], [ 113.109190825000042, -6.973978838999926, 0.0 ], [ 113.109153090000063, -6.973948457999938, 0.0 ], [ 113.109128762000068, -6.973933054999975, 0.0 ], [ 113.109060873000089, -6.973890071999961, 0.0 ], [ 113.109046778000106, -6.973881147999975, 0.0 ], [ 113.108853216000057, -6.973788286999934, 0.0 ], [ 113.108788424000068, -6.973713197999928, 0.0 ], [ 113.108742415000052, -6.973634319999974, 0.0 ], [ 113.108741660000078, -6.973532372999955, 0.0 ], [ 113.108752664, -6.973490747999961, 0.0 ], [ 113.108790311, -6.973467803999938, 0.0 ], [ 113.108808906000036, -6.973422348999975, 0.0 ], [ 113.108812059000115, -6.973343069999942, 0.0 ], [ 113.108765947000052, -6.97324141699994, 0.0 ], [ 113.108782222000059, -6.973110560999942, 0.0 ], [ 113.108789841000089, -6.973068864999959, 0.0 ], [ 113.108802684000011, -6.972998577999931, 0.0 ], [ 113.108800422000058, -6.97295999499994, 0.0 ], [ 113.108763559000067, -6.972940998999945, 0.0 ], [ 113.108670796000069, -6.972934001999931, 0.0 ], [ 113.108636177000108, -6.972949702999927, 0.0 ], [ 113.108625139000083, -6.973027313999978, 0.0 ], [ 113.108606812000062, -6.973156173999939, 0.0 ], [ 113.108499515000062, -6.973268906999976, 0.0 ], [ 113.108430217000091, -6.973304103999965, 0.0 ], [ 113.108389709000107, -6.973304374999941, 0.0 ], [ 113.108360478, -6.973273775999928, 0.0 ], [ 113.108334938000098, -6.973218034999945, 0.0 ], [ 113.108326729000055, -6.973150646999954, 0.0 ], [ 113.108332065000013, -6.973092687999952, 0.0 ], [ 113.108331564000082, -6.973083406999933, 0.0 ], [ 113.108327591000034, -6.973009828999977, 0.0 ], [ 113.108315672000117, -6.972963696999955, 0.0 ], [ 113.108267228000045, -6.972940865999931, 0.0 ], [ 113.108203436000053, -6.972939433999954, 0.0 ], [ 113.10814946000005, -6.972947537999971, 0.0 ], [ 113.108087939000029, -6.972986585999934, 0.0 ], [ 113.108079403000033, -6.972993190999944, 0.0 ], [ 113.108063524000045, -6.973005478999937, 0.0 ], [ 113.108047643000077, -6.973017766999931, 0.0 ], [ 113.108027788000072, -6.973039798999935, 0.0 ], [ 113.108007409000038, -6.973062413999969, 0.0 ], [ 113.107984599000019, -6.973116563999952, 0.0 ], [ 113.107984565000038, -6.973116886999946, 0.0 ], [ 113.107980076000104, -6.97316012999994, 0.0 ], [ 113.107975587000055, -6.973203369999965, 0.0 ], [ 113.107962593000025, -6.973267147999934, 0.0 ], [ 113.1079262720001, -6.973319459999971, 0.0 ], [ 113.107895456000051, -6.973335142999929, 0.0 ], [ 113.107858727, -6.973329612999976, 0.0 ], [ 113.107851999000104, -6.973325189999969, 0.0 ], [ 113.107814208000036, -6.973300347999952, 0.0 ], [ 113.107760619000032, -6.973245001999942, 0.0 ], [ 113.107686011000055, -6.973226987999965, 0.0 ], [ 113.107614293000097, -6.973238153999944, 0.0 ], [ 113.107476446000078, -6.973292274999949, 0.0 ], [ 113.107366075000073, -6.973301817999925, 0.0 ], [ 113.107340871000019, -6.97330399699996, 0.0 ], [ 113.107277064000073, -6.973299130999976, 0.0 ], [ 113.107199396000055, -6.973230696999963, 0.0 ], [ 113.107178836000116, -6.973208525999951, 0.0 ], [ 113.107116260000112, -6.973141046999956, 0.0 ], [ 113.107030648000091, -6.973064695999938, 0.0 ], [ 113.106937390000098, -6.973046764999935, 0.0 ], [ 113.106901582000091, -6.973043789999963, 0.0 ], [ 113.106849625000109, -6.973039472999972, 0.0 ], [ 113.106759088000103, -6.973029573999952, 0.0 ], [ 113.106710966000037, -6.972995443999935, 0.0 ], [ 113.106644292000055, -6.97296672899995, 0.0 ], [ 113.10664138900006, -6.972934836999968, 0.0 ], [ 113.106656990000033, -6.972886955999968, 0.0 ], [ 113.106696527000054, -6.972836255999937, 0.0 ], [ 113.106700657000033, -6.972829262999937, 0.0 ], [ 113.106735917000037, -6.972769558999971, 0.0 ], [ 113.106724887000041, -6.972721796999963, 0.0 ], [ 113.106708584000103, -6.972679480999943, 0.0 ], [ 113.106684566000013, -6.97266377099993, 0.0 ], [ 113.10663923300001, -6.972649588999957, 0.0 ], [ 113.106609934000062, -6.972640422999973, 0.0 ], [ 113.106561788000022, -6.972600960999955, 0.0 ], [ 113.106542703000059, -6.972537326999941, 0.0 ], [ 113.106547516000091, -6.972478918999968, 0.0 ], [ 113.106557955000085, -6.972444346999964, 0.0 ], [ 113.106586906000075, -6.972412222999935, 0.0 ], [ 113.106618743000013, -6.972402152999962, 0.0 ], [ 113.106621398000016, -6.972401312999978, 0.0 ], [ 113.106669158000045, -6.97238772299994, 0.0 ], [ 113.106695031000072, -6.972378007999964, 0.0 ], [ 113.106719579000014, -6.972368789999962, 0.0 ], [ 113.106729943, -6.972334126999954, 0.0 ], [ 113.106724331, -6.972297005999962, 0.0 ], [ 113.10671357700005, -6.97228731499996, 0.0 ], [ 113.106692197000029, -6.972268045999954, 0.0 ], [ 113.106641465000052, -6.972233926999934, 0.0 ], [ 113.106586493, -6.972152918999939, 0.0 ], [ 113.106586192, -6.972118937999937, 0.0 ], [ 113.106601718000093, -6.97208750599998, 0.0 ], [ 113.106630045000088, -6.972032426999931, 0.0 ], [ 113.106642106000095, -6.972009973999945, 0.0 ], [ 113.10666104500001, -6.971974715999977, 0.0 ], [ 113.106671083000037, -6.971917097999949, 0.0 ], [ 113.106667751000032, -6.971901125999977, 0.0 ], [ 113.106662926000013, -6.971877998999958, 0.0 ], [ 113.106605179000098, -6.971860179999965, 0.0 ], [ 113.106571103000078, -6.971847317999959, 0.0 ], [ 113.106544761, -6.971829267999965, 0.0 ], [ 113.106515763000061, -6.971800746999975, 0.0 ], [ 113.106506277000108, -6.971756411999934, 0.0 ], [ 113.106496791000041, -6.97171207699995, 0.0 ], [ 113.106488721, -6.971650581999938, 0.0 ], [ 113.106483585000092, -6.971611449999955, 0.0 ], [ 113.106457781000017, -6.971554671999968, 0.0 ], [ 113.106431974000088, -6.971497889999966, 0.0 ], [ 113.106349354000031, -6.971473222999975, 0.0 ], [ 113.106260843000086, -6.971499195999968, 0.0 ], [ 113.106239338000023, -6.971507636999945, 0.0 ], [ 113.106178626000087, -6.971531467999966, 0.0 ], [ 113.106140074000109, -6.971468462999951, 0.0 ], [ 113.106139482000117, -6.97138612699996, 0.0 ], [ 113.106146906000049, -6.971334376999948, 0.0 ], [ 113.106187666000096, -6.97105023499995, 0.0 ], [ 113.106253941000091, -6.970839259999934, 0.0 ], [ 113.106345595000107, -6.970815622999964, 0.0 ], [ 113.106462394, -6.970775785999933, 0.0 ], [ 113.106487360000074, -6.970736629999976, 0.0 ], [ 113.10650071200007, -6.970686137999962, 0.0 ], [ 113.106506775000071, -6.970573765999973, 0.0 ], [ 113.106494896000072, -6.970499491999931, 0.0 ], [ 113.106477842000118, -6.970392860999937, 0.0 ], [ 113.106431258000043, -6.970201820999932, 0.0 ], [ 113.106432669000014, -6.970083594999949, 0.0 ], [ 113.10646172600002, -6.970008357999973, 0.0 ], [ 113.106472848000067, -6.969976403999965, 0.0 ], [ 113.106503904000078, -6.969977124999957, 0.0 ], [ 113.106547980000073, -6.969978147999939, 0.0 ], [ 113.106668672000069, -6.969974988999979, 0.0 ], [ 113.106746076000036, -6.969967592999978, 0.0 ], [ 113.106788835000089, -6.969903593999959, 0.0 ], [ 113.106789473000049, -6.969898829999977, 0.0 ], [ 113.106814753000094, -6.969710060999944, 0.0 ], [ 113.106802387000016, -6.969580598999926, 0.0 ], [ 113.106770076000089, -6.969528502999935, 0.0 ], [ 113.106712774000016, -6.969476698999927, 0.0 ], [ 113.106557295000016, -6.969391438999935, 0.0 ], [ 113.106440727000063, -6.969332216999931, 0.0 ], [ 113.106421572000045, -6.969319647999953, 0.0 ], [ 113.106378461000077, -6.969288207999966, 0.0 ], [ 113.106374269000071, -6.969269428999951, 0.0 ], [ 113.106368565000025, -6.969243874999961, 0.0 ], [ 113.106396885000095, -6.969204069999932, 0.0 ], [ 113.106476007000083, -6.96916376799993, 0.0 ], [ 113.106559729000082, -6.969101302999945, 0.0 ], [ 113.106599158000108, -6.969059732999938, 0.0 ], [ 113.106640202000108, -6.969029362999947, 0.0 ], [ 113.10665110900004, -6.968999125999972, 0.0 ], [ 113.106636554000033, -6.96896430399994, 0.0 ], [ 113.106575690000113, -6.968899771999929, 0.0 ], [ 113.106546902000105, -6.968868265999959, 0.0 ], [ 113.1064893570001, -6.96882902599998, 0.0 ], [ 113.106444673000055, -6.968796054999927, 0.0 ], [ 113.106360213000016, -6.968760188999966, 0.0 ], [ 113.106298193000043, -6.96875431999996, 0.0 ], [ 113.10626009300006, -6.96875936999993, 0.0 ], [ 113.106225390000077, -6.968789802999936, 0.0 ], [ 113.106189156000028, -6.968828104999943, 0.0 ], [ 113.106128890000036, -6.968847624999967, 0.0 ], [ 113.106047949000072, -6.968848256999934, 0.0 ], [ 113.106010899000012, -6.968837575999942, 0.0 ], [ 113.105975971000021, -6.968850927999938, 0.0 ], [ 113.105930160000071, -6.968866587999969, 0.0 ], [ 113.10592388200007, -6.968897163999941, 0.0 ], [ 113.10593067700006, -6.968932111999948, 0.0 ], [ 113.105937462000043, -6.968964799999981, 0.0 ], [ 113.105959788000064, -6.969019200999981, 0.0 ], [ 113.106025896, -6.969088589999956, 0.0 ], [ 113.106037314000105, -6.969138069999929, 0.0 ], [ 113.10604400200009, -6.969167050999943, 0.0 ], [ 113.106002863000072, -6.969226343999935, 0.0 ], [ 113.105952583000089, -6.969226748999972, 0.0 ], [ 113.105891337000116, -6.969227202999946, 0.0 ], [ 113.105827986, -6.969240770999932, 0.0 ], [ 113.105795496000042, -6.969282490999944, 0.0 ], [ 113.105697482000096, -6.969335620999971, 0.0 ], [ 113.105621174000021, -6.969371209999963, 0.0 ], [ 113.10557519200006, -6.969364997999946, 0.0 ], [ 113.105487569000047, -6.96933944899996, 0.0 ], [ 113.105417128000113, -6.969285352999975, 0.0 ], [ 113.105416572000081, -6.969211151999957, 0.0 ], [ 113.105431501000112, -6.969163002999949, 0.0 ], [ 113.105435237000052, -6.969160158999955, 0.0 ], [ 113.105483695000089, -6.969123273999969, 0.0 ], [ 113.105549111000073, -6.969087822999938, 0.0 ], [ 113.10559473100011, -6.969045953999967, 0.0 ], [ 113.105611833000012, -6.968999963999977, 0.0 ], [ 113.105600386000106, -6.968925810999963, 0.0 ], [ 113.105586770000059, -6.968866942999966, 0.0 ], [ 113.105547092000052, -6.968819217999965, 0.0 ], [ 113.105496650000077, -6.968799919999981, 0.0 ], [ 113.105450696000048, -6.968800304999945, 0.0 ], [ 113.105422362000013, -6.96882013499993, 0.0 ], [ 113.105400676000045, -6.968842194999979, 0.0 ], [ 113.105376847000116, -6.96886860199993, 0.0 ], [ 113.105370493, -6.968899178999948, 0.0 ], [ 113.105353306000097, -6.968943, 0.0 ], [ 113.105327505000105, -6.96899562699997, 0.0 ], [ 113.105297189000112, -6.96903950799998, 0.0 ], [ 113.105289948000063, -6.969041972999946, 0.0 ], [ 113.105238268000107, -6.969059562999973, 0.0 ], [ 113.105179079000095, -6.969036055999936, 0.0 ], [ 113.105144351000035, -6.969010994999962, 0.0 ], [ 113.105138893000117, -6.968974594999963, 0.0 ], [ 113.105143748000046, -6.968925947999935, 0.0 ], [ 113.10515552600009, -6.968873745999929, 0.0 ], [ 113.105172709000044, -6.968845830999953, 0.0 ], [ 113.105193323000094, -6.968817902999945, 0.0 ], [ 113.105217429000049, -6.968786522999949, 0.0 ], [ 113.105233314000088, -6.96876946499998, 0.0 ], [ 113.105246756000042, -6.968755029999954, 0.0 ], [ 113.105284699000094, -6.968714821999981, 0.0 ], [ 113.105308758000092, -6.968672957999956, 0.0 ], [ 113.105318152000109, -6.968649513999935, 0.0 ], [ 113.105324104000033, -6.968634657999928, 0.0 ], [ 113.105320504000019, -6.968613794999953, 0.0 ], [ 113.105313399000011, -6.968593039999973, 0.0 ], [ 113.105288798000061, -6.968563684999936, 0.0 ], [ 113.105259879000073, -6.968542927999977, 0.0 ], [ 113.105243370000039, -6.968531078999945, 0.0 ], [ 113.105173379, -6.968477793999966, 0.0 ], [ 113.105072368000037, -6.968411, 0.0 ], [ 113.105028516000061, -6.968392325999957, 0.0 ], [ 113.104907483000034, -6.968340784999953, 0.0 ], [ 113.104884883000068, -6.968316285999947, 0.0 ], [ 113.104865053000026, -6.968294789999959, 0.0 ], [ 113.104839799000047, -6.968238670999938, 0.0 ], [ 113.104817885000102, -6.968189975999962, 0.0 ], [ 113.104823555000053, -6.968162216999929, 0.0 ], [ 113.104840298000113, -6.968080242999974, 0.0 ], [ 113.104860041000052, -6.96804951699994, 0.0 ], [ 113.104879786000083, -6.968018788999927, 0.0 ], [ 113.104892730000074, -6.96796016299993, 0.0 ], [ 113.104880490000028, -6.967929622999975, 0.0 ], [ 113.104868286000055, -6.967899173999967, 0.0 ], [ 113.10482554400005, -6.967883547999975, 0.0 ], [ 113.104777565000063, -6.967881230999978, 0.0 ], [ 113.104703064000091, -6.967887166999958, 0.0 ], [ 113.104631198000106, -6.967898331999947, 0.0 ], [ 113.104556599000034, -6.967898844999979, 0.0 ], [ 113.104489898000111, -6.967880794999928, 0.0 ], [ 113.104455632000054, -6.967874217999963, 0.0 ], [ 113.104442251000023, -6.96787164999995, 0.0 ], [ 113.10443651300011, -6.96787054899994, 0.0 ], [ 113.104385512000022, -6.967809767999938, 0.0 ], [ 113.104369232000067, -6.967772603999947, 0.0 ], [ 113.104375052000023, -6.967743403999975, 0.0 ], [ 113.104376944000023, -6.967733912999961, 0.0 ], [ 113.104384629000037, -6.967695348999939, 0.0 ], [ 113.104387169, -6.967679429999976, 0.0 ], [ 113.104400183000052, -6.967636801999959, 0.0 ], [ 113.104414879000046, -6.967587828999967, 0.0 ], [ 113.10441954700002, -6.967572273999963, 0.0 ], [ 113.104420986000036, -6.967567476999932, 0.0 ], [ 113.104419158000042, -6.967522798999937, 0.0 ], [ 113.104417721, -6.967487684999981, 0.0 ], [ 113.104415129000017, -6.967457345999946, 0.0 ], [ 113.104411817000027, -6.96741856899996, 0.0 ], [ 113.104395660000023, -6.967392158999928, 0.0 ], [ 113.104382054000098, -6.967352360999939, 0.0 ], [ 113.10439705400006, -6.967286586999933, 0.0 ], [ 113.104417808000107, -6.967222956999933, 0.0 ], [ 113.104427537000106, -6.967112917999941, 0.0 ], [ 113.10444966600005, -6.96695627899993, 0.0 ], [ 113.104468782000026, -6.96679071899996, 0.0 ], [ 113.104479475000062, -6.966698105999967, 0.0 ], [ 113.104478855000025, -6.966609353999957, 0.0 ], [ 113.104461424000078, -6.966548151999973, 0.0 ], [ 113.104418864000081, -6.96652312599997, 0.0 ], [ 113.10438066800009, -6.966506484999968, 0.0 ], [ 113.1043531790001, -6.966515102999949, 0.0 ], [ 113.104331088000094, -6.966525216999969, 0.0 ], [ 113.104291981000074, -6.966543122999951, 0.0 ], [ 113.104247680000071, -6.966562480999926, 0.0 ], [ 113.104209588000117, -6.966569067999956, 0.0 ], [ 113.104173647000039, -6.966539401999967, 0.0 ], [ 113.104133237000042, -6.966461310999932, 0.0 ], [ 113.104115482000111, -6.966394506999961, 0.0 ], [ 113.104081898000118, -6.966207385999951, 0.0 ], [ 113.103991932000099, -6.96600731999996, 0.0 ], [ 113.103880591, -6.965815392999957, 0.0 ], [ 113.103706503000012, -6.965605125999957, 0.0 ], [ 113.103560104000053, -6.965414168999928, 0.0 ], [ 113.103495595000027, -6.965318645999957, 0.0 ], [ 113.103377543000079, -6.965143835999982, 0.0 ], [ 113.103107402000091, -6.96468987399993, 0.0 ], [ 113.103043705, -6.964575372999946, 0.0 ], [ 113.102911961000018, -6.964458823999962, 0.0 ], [ 113.102706783000031, -6.964319283999941, 0.0 ], [ 113.102648705000092, -6.964243891999956, 0.0 ], [ 113.102587417000109, -6.964100637999934, 0.0 ], [ 113.102559666000047, -6.963816148999967, 0.0 ], [ 113.102512739000076, -6.963655006999943, 0.0 ], [ 113.1024934510001, -6.96358877199998, 0.0 ], [ 113.102493178000032, -6.96358663999996, 0.0 ], [ 113.102477607000083, -6.963465109999959, 0.0 ], [ 113.102467921000084, -6.963321794999956, 0.0 ], [ 113.10246087500002, -6.963217537999981, 0.0 ], [ 113.102446780000037, -6.963008964999972, 0.0 ], [ 113.10244414400006, -6.962969965999946, 0.0 ], [ 113.102423871000042, -6.962846493999962, 0.0 ], [ 113.102418149000073, -6.962811641999963, 0.0 ], [ 113.102461813000104, -6.96268256299993, 0.0 ], [ 113.102464720000057, -6.962674645999925, 0.0 ], [ 113.102500494000083, -6.96257722799993, 0.0 ], [ 113.102505595000025, -6.96256333599996, 0.0 ], [ 113.102611655000032, -6.962156415999971, 0.0 ], [ 113.102682940000022, -6.961729858999945, 0.0 ], [ 113.102695913000048, -6.961477183999932, 0.0 ], [ 113.102760524000018, -6.961327856999958, 0.0 ], [ 113.102831413000104, -6.961164220999933, 0.0 ], [ 113.102854932000014, -6.961101662999965, 0.0 ], [ 113.102835592000019, -6.961081050999951, 0.0 ], [ 113.102781011000047, -6.961070266999968, 0.0 ], [ 113.102708871, -6.961053234999952, 0.0 ], [ 113.102580493, -6.961022172999947, 0.0 ], [ 113.102524158000051, -6.960993550999945, 0.0 ], [ 113.102452638000045, -6.960957212999972, 0.0 ], [ 113.102271382000026, -6.960862304999978, 0.0 ], [ 113.102181844000029, -6.960791391999976, 0.0 ], [ 113.102126963000046, -6.960730085999955, 0.0 ], [ 113.102076822000072, -6.960643993999952, 0.0 ], [ 113.101929723000012, -6.960479699999951, 0.0 ], [ 113.101882346000025, -6.960428212999943, 0.0 ], [ 113.101803209000082, -6.960431274999962, 0.0 ], [ 113.101758522000068, -6.960414301999947, 0.0 ], [ 113.101738351000108, -6.960357631999955, 0.0 ], [ 113.101719937000098, -6.960209666999958, 0.0 ], [ 113.101682180000012, -6.960123520999957, 0.0 ], [ 113.101624859000026, -6.96006710599994, 0.0 ], [ 113.101612106000061, -6.960017813999968, 0.0 ], [ 113.10161185600009, -6.959978318999958, 0.0 ], [ 113.101643628000033, -6.959926206999967, 0.0 ], [ 113.101680913000109, -6.959805381999956, 0.0 ], [ 113.101737049, -6.959595717999946, 0.0 ], [ 113.101754156000084, -6.959450125999979, 0.0 ], [ 113.101813953000033, -6.959325404999959, 0.0 ], [ 113.101803939000092, -6.959204156999931, 0.0 ], [ 113.101845886000092, -6.959125066999945, 0.0 ], [ 113.101903367000091, -6.959100317999969, 0.0 ], [ 113.102003553000031, -6.959099601999981, 0.0 ], [ 113.102063897000107, -6.95904763599998, 0.0 ], [ 113.102148587000102, -6.959001525999952, 0.0 ], [ 113.102223905000074, -6.95892816199995, 0.0 ], [ 113.102314949000061, -6.958918357999949, 0.0 ], [ 113.102439507000099, -6.958929553999951, 0.0 ], [ 113.102521362000061, -6.958916807999969, 0.0 ], [ 113.102587864000043, -6.958873851999954, 0.0 ], [ 113.102678792, -6.958855009999979, 0.0 ], [ 113.102721313000075, -6.958854729999928, 0.0 ], [ 113.102800603000105, -6.958902642999931, 0.0 ], [ 113.102861860000075, -6.958971873999928, 0.0 ], [ 113.102867736, -6.958985518999953, 0.0 ], [ 113.102911309000092, -6.959086709999951, 0.0 ], [ 113.102957699000058, -6.95920155999994, 0.0 ], [ 113.102994624000075, -6.959267916999977, 0.0 ], [ 113.103046246000076, -6.95926759699995, 0.0 ], [ 113.103109858000039, -6.959245893999935, 0.0 ], [ 113.10317331400006, -6.959205933999954, 0.0 ], [ 113.103209326000069, -6.959151091999956, 0.0 ], [ 113.103200220000076, -6.959015831999977, 0.0 ], [ 113.103169697000112, -6.95887930899994, 0.0 ], [ 113.103202484, -6.958602866999968, 0.0 ], [ 113.10320726100008, -6.958519693999961, 0.0 ], [ 113.103219632000105, -6.958382890999928, 0.0 ], [ 113.103224445000023, -6.958307762999937, 0.0 ], [ 113.103248349000069, -6.958264634999978, 0.0 ], [ 113.103290843000082, -6.958208046999971, 0.0 ], [ 113.103294808000101, -6.958196689999966, 0.0 ], [ 113.103317139000069, -6.958132731999967, 0.0 ], [ 113.103327613000033, -6.958005247999949, 0.0 ], [ 113.103363871000056, -6.95790530599993, 0.0 ], [ 113.103532990000076, -6.957771149999928, 0.0 ], [ 113.103702346000091, -6.957673868999962, 0.0 ], [ 113.10378705800008, -6.957632639999929, 0.0 ], [ 113.103815683000107, -6.957510586999945, 0.0 ], [ 113.103870528000016, -6.95715424499997, 0.0 ], [ 113.103838723000081, -6.957122745999925, 0.0 ], [ 113.103725320000081, -6.956768951999948, 0.0 ], [ 113.10372510000002, -6.956769135999934, 0.0 ], [ 113.103228382000111, -6.956798380999942, 0.0 ], [ 113.103055679000022, -6.956744725999954, 0.0 ], [ 113.102360231000034, -6.956705607999936, 0.0 ], [ 113.102227339000024, -6.95673249999993, 0.0 ], [ 113.102194117000067, -6.956743853999967, 0.0 ], [ 113.102172309000025, -6.956788327999959, 0.0 ], [ 113.102060736000112, -6.957080125999937, 0.0 ], [ 113.102049469, -6.957129703999954, 0.0 ], [ 113.101932779000094, -6.957511996999926, 0.0 ], [ 113.101908546000118, -6.957782978999944, 0.0 ], [ 113.101822800000036, -6.958010759999979, 0.0 ], [ 113.101770269000099, -6.958008191999966, 0.0 ], [ 113.101697182000066, -6.957979593999937, 0.0 ], [ 113.101624213000036, -6.957977296999957, 0.0 ], [ 113.101441565000073, -6.958038303999956, 0.0 ], [ 113.101210843000104, -6.958075841999971, 0.0 ], [ 113.101003253000044, -6.958013857999958, 0.0 ], [ 113.100859263000075, -6.957927459999951, 0.0 ], [ 113.100655067000048, -6.957789810999941, 0.0 ], [ 113.100567162000061, -6.957750703999977, 0.0 ], [ 113.100216106000062, -6.957669834999933, 0.0 ], [ 113.099617497000054, -6.957515316999945, 0.0 ], [ 113.099585085000058, -6.957439990999944, 0.0 ], [ 113.099512510000068, -6.957325166999965, 0.0 ], [ 113.099424606000071, -6.957286059999944, 0.0 ], [ 113.099356765000039, -6.957262770999932, 0.0 ], [ 113.09935624100001, -6.957195166999952, 0.0 ], [ 113.099359180000079, -6.956849080999973, 0.0 ], [ 113.099357209, -6.956590235999954, 0.0 ], [ 113.099385382000037, -6.956483731999981, 0.0 ], [ 113.099423062000028, -6.956367875999945, 0.0 ], [ 113.099513815000023, -6.956124615999954, 0.0 ], [ 113.099565852000069, -6.956033008999952, 0.0 ], [ 113.099583652000092, -6.956009791999975, 0.0 ], [ 113.09965056100009, -6.956008048999934, 0.0 ], [ 113.099703227000077, -6.956007633999945, 0.0 ], [ 113.099739224000018, -6.955982890999962, 0.0 ], [ 113.099867154000094, -6.955678729999931, 0.0 ], [ 113.099997097000028, -6.955290504999937, 0.0 ], [ 113.100128250000012, -6.95505673699995, 0.0 ], [ 113.100198244000012, -6.95499388199994, 0.0 ], [ 113.100247019000108, -6.954990863999967, 0.0 ], [ 113.100483384000086, -6.955048563999981, 0.0 ], [ 113.100755095000068, -6.955119662999948, 0.0 ], [ 113.100803699000039, -6.955094953999946, 0.0 ], [ 113.101220433000094, -6.954126016999965, 0.0 ], [ 113.101628308000045, -6.953194808999967, 0.0 ], [ 113.101631237000106, -6.953098628999953, 0.0 ], [ 113.101589889000024, -6.953010237999933, 0.0 ], [ 113.101507719000097, -6.952918412999963, 0.0 ], [ 113.101324584000054, -6.952701585999932, 0.0 ], [ 113.101194142000054, -6.952591627999936, 0.0 ], [ 113.100493131, -6.952306509999971, 0.0 ], [ 113.100397938000015, -6.952271954999958, 0.0 ], [ 113.10035301500011, -6.952235096999971, 0.0 ], [ 113.100345340000104, -6.952203587999975, 0.0 ], [ 113.100365217000103, -6.95212721799993, 0.0 ], [ 113.100395665000065, -6.951961592999965, 0.0 ], [ 113.100416332, -6.951744041999973, 0.0 ], [ 113.100412387, -6.95171251599993, 0.0 ], [ 113.100395545000083, -6.951699575999953, 0.0 ], [ 113.100354574000107, -6.951696142999936, 0.0 ], [ 113.100140039000053, -6.951682270999981, 0.0 ], [ 113.099936989000071, -6.951634093999928, 0.0 ], [ 113.099701540000069, -6.951547105999964, 0.0 ], [ 113.099683510000091, -6.951518805999967, 0.0 ], [ 113.09966535500007, -6.951462126999957, 0.0 ], [ 113.099686574000089, -6.951341748999937, 0.0 ], [ 113.09969606300001, -6.951287913999977, 0.0 ], [ 113.099715964000097, -6.951099469999974, 0.0 ], [ 113.099763855000106, -6.950847000999943, 0.0 ], [ 113.099752385000102, -6.950733441999944, 0.0 ], [ 113.099716109000042, -6.950644937999925, 0.0 ], [ 113.09958934000008, -6.950336844999981, 0.0 ], [ 113.099488981000036, -6.950059076999935, 0.0 ], [ 113.099476729000116, -6.950025164999943, 0.0 ], [ 113.099354731000062, -6.949565026999949, 0.0 ], [ 113.099331241000073, -6.949432721999926, 0.0 ], [ 113.099323472000037, -6.949295827999947, 0.0 ], [ 113.099350728000104, -6.949032965999947, 0.0 ], [ 113.099335702000076, -6.948824339999931, 0.0 ], [ 113.099296514000116, -6.948701141999948, 0.0 ], [ 113.099198732000104, -6.948553709999942, 0.0 ], [ 113.099137357000018, -6.948457634999954, 0.0 ], [ 113.09913476700001, -6.948344397999961, 0.0 ], [ 113.09913881600005, -6.948231311999962, 0.0 ], [ 113.099148090000085, -6.948152638999943, 0.0 ], [ 113.099123094000106, -6.948101140999938, 0.0 ], [ 113.099028276000013, -6.947932364999929, 0.0 ], [ 113.098868988000049, -6.947692745999973, 0.0 ], [ 113.098838714000067, -6.947594633999927, 0.0 ], [ 113.098791131000098, -6.947479516999977, 0.0 ], [ 113.098766147000106, -6.947430550999968, 0.0 ], [ 113.098682072000088, -6.947379584999965, 0.0 ], [ 113.098597802000086, -6.947301506999963, 0.0 ], [ 113.098482108000098, -6.947118452999973, 0.0 ], [ 113.098320149000074, -6.946865105999962, 0.0 ], [ 113.098338732000116, -6.946681819999981, 0.0 ], [ 113.098326660000112, -6.94639888599994, 0.0 ], [ 113.098325815000067, -6.946292418999974, 0.0 ], [ 113.098324837000064, -6.946155856999951, 0.0 ], [ 113.098416689000032, -6.945958777999977, 0.0 ], [ 113.098478865000061, -6.945798525999976, 0.0 ], [ 113.098471292000113, -6.945672024999965, 0.0 ], [ 113.098440814000014, -6.945612326999935, 0.0 ], [ 113.098356764000073, -6.945516441999928, 0.0 ], [ 113.098304692000056, -6.945414901999925, 0.0 ], [ 113.098261982000054, -6.945220859999949, 0.0 ], [ 113.098115738000047, -6.944995190999975, 0.0 ], [ 113.097880832000101, -6.944743702999972, 0.0 ], [ 113.097838646000014, -6.94461744399996, 0.0 ], [ 113.097795605000101, -6.944382188999953, 0.0 ], [ 113.097750064000024, -6.944205783999962, 0.0 ], [ 113.097665084000027, -6.944034704999979, 0.0 ], [ 113.097635693000029, -6.943984311999941, 0.0 ], [ 113.097573420000117, -6.94388715499997, 0.0 ], [ 113.097458259000064, -6.943323853999971, 0.0 ], [ 113.097449436000034, -6.943280695999931, 0.0 ], [ 113.097337544000084, -6.94284410299997, 0.0 ], [ 113.096756398000025, -6.94273721999997, 0.0 ], [ 113.096095659000071, -6.942614058999936, 0.0 ], [ 113.096063881000077, -6.942580575999955, 0.0 ], [ 113.096054496000079, -6.942533438999931, 0.0 ], [ 113.096028071000092, -6.941703845999939, 0.0 ], [ 113.096047705000046, -6.941622775999974, 0.0 ], [ 113.09608937400003, -6.941480962999947, 0.0 ], [ 113.096159948000036, -6.941229026999963, 0.0 ], [ 113.09627535300001, -6.940976710999962, 0.0 ], [ 113.096506919000035, -6.940575384999931, 0.0 ], [ 113.096523787000024, -6.940527045999943, 0.0 ], [ 113.096543860000111, -6.940444257999957, 0.0 ], [ 113.096592139000109, -6.939975411999967, 0.0 ], [ 113.096723379000082, -6.939542442999937, 0.0 ], [ 113.096759716000065, -6.939392518999966, 0.0 ], [ 113.096816473000104, -6.939103406999948, 0.0 ], [ 113.096810704000063, -6.939047303999928, 0.0 ], [ 113.09668716200008, -6.938994795999974, 0.0 ], [ 113.096362172000113, -6.938850264999928, 0.0 ], [ 113.096163241000113, -6.938736810999956, 0.0 ], [ 113.096146923000106, -6.938707507999936, 0.0 ], [ 113.096157484000059, -6.938683419999961, 0.0 ], [ 113.096197265000114, -6.938637600999925, 0.0 ], [ 113.096226234000028, -6.938575922999973, 0.0 ], [ 113.096232866000037, -6.938388801999963, 0.0 ], [ 113.096269478000067, -6.938199921999967, 0.0 ], [ 113.096271714000068, -6.938115042999925, 0.0 ], [ 113.096233315000063, -6.938068574999932, 0.0 ], [ 113.096171621000053, -6.938051403999964, 0.0 ], [ 113.096118831000013, -6.938040158999968, 0.0 ], [ 113.096080013, -6.937949766999964, 0.0 ], [ 113.096044318000054, -6.937873912999976, 0.0 ], [ 113.095956293000086, -6.937857038999937, 0.0 ], [ 113.09594714800005, -6.937813243999926, 0.0 ], [ 113.095952889000046, -6.937795593999965, 0.0 ], [ 113.095979029000091, -6.937769086999936, 0.0 ], [ 113.096063928000035, -6.93775379899995, 0.0 ], [ 113.096078179000074, -6.937703934999945, 0.0 ], [ 113.09615640800007, -6.93758048899997, 0.0 ], [ 113.096307050000064, -6.937351156999966, 0.0 ], [ 113.096428056000036, -6.937066369999968, 0.0 ], [ 113.096512994000022, -6.936689189999981, 0.0 ], [ 113.096604071000115, -6.936586654999928, 0.0 ], [ 113.096634104000032, -6.936512499999935, 0.0 ], [ 113.09666914200011, -6.936423137999952, 0.0 ], [ 113.096686375000104, -6.936339005999969, 0.0 ], [ 113.096815015000061, -6.93614447799996, 0.0 ], [ 113.096847607000086, -6.936075461999962, 0.0 ], [ 113.096840917, -6.935861646999967, 0.0 ], [ 113.097008199000015, -6.935717742999941, 0.0 ], [ 113.097207420000018, -6.935762052999962, 0.0 ], [ 113.097335419000046, -6.935827376999953, 0.0 ], [ 113.097450593000076, -6.935904953999966, 0.0 ], [ 113.097555914000054, -6.935975893999967, 0.0 ], [ 113.097905115000117, -6.936282192999954, 0.0 ], [ 113.098025992000089, -6.936389935999955, 0.0 ], [ 113.098223027000017, -6.936614297999938, 0.0 ], [ 113.098774066000033, -6.936746710999955, 0.0 ], [ 113.099201159000017, -6.937122618999979, 0.0 ], [ 113.0993365920001, -6.937300961999938, 0.0 ], [ 113.099349053000083, -6.937317370999949, 0.0 ], [ 113.099390670000048, -6.937365992999958, 0.0 ], [ 113.09942663400011, -6.937452058999952, 0.0 ], [ 113.099503240000104, -6.937719973999947, 0.0 ], [ 113.099608751, -6.937881632999961, 0.0 ], [ 113.099719699000048, -6.938051621999932, 0.0 ], [ 113.099782770000047, -6.938076649999971, 0.0 ], [ 113.099841670000046, -6.938096318999953, 0.0 ], [ 113.100259032000054, -6.938235692999967, 0.0 ], [ 113.100464720000105, -6.938173412999959, 0.0 ], [ 113.100535217000015, -6.938157193999928, 0.0 ], [ 113.100816841000096, -6.938180888999966, 0.0 ], [ 113.100893417000066, -6.938187331999927, 0.0 ], [ 113.101253370000109, -6.938225686999942, 0.0 ], [ 113.101389926000024, -6.938235475999932, 0.0 ], [ 113.101435933000062, -6.938012299999968, 0.0 ], [ 113.101457328000038, -6.93797541999993, 0.0 ], [ 113.101565170000072, -6.937993009999957, 0.0 ], [ 113.101773998000112, -6.938027070999965, 0.0 ], [ 113.101808904000109, -6.938059273999954, 0.0 ], [ 113.102140897000027, -6.938134626999954, 0.0 ], [ 113.102193032000059, -6.93814939899994, 0.0 ], [ 113.102203677000034, -6.938127660999953, 0.0 ], [ 113.102340591000029, -6.937596058999929, 0.0 ], [ 113.102466057000015, -6.937090268999953, 0.0 ], [ 113.102481150000017, -6.93707881399996, 0.0 ], [ 113.103206705000048, -6.937252475999969, 0.0 ], [ 113.103487313000073, -6.937313775999939, 0.0 ], [ 113.103585061000103, -6.93725242599993, 0.0 ], [ 113.103744063000022, -6.937277207999955, 0.0 ], [ 113.104100370000083, -6.937418702999935, 0.0 ], [ 113.10444166100001, -6.937488229999929, 0.0 ], [ 113.104467518000092, -6.937464976999934, 0.0 ], [ 113.104498751000051, -6.937392622999937, 0.0 ], [ 113.104555866000055, -6.93730280099993, 0.0 ], [ 113.104635993000102, -6.937204200999929, 0.0 ], [ 113.104765773000054, -6.937183017999928, 0.0 ], [ 113.104956310000034, -6.937169971999936, 0.0 ], [ 113.104970655000102, -6.93715833899995, 0.0 ], [ 113.105012945000112, -6.937022488999958, 0.0 ], [ 113.105189517000099, -6.937073041999952, 0.0 ], [ 113.105336727, -6.936794554999949, 0.0 ], [ 113.105332580000095, -6.936784450999937, 0.0 ], [ 113.105297970000038, -6.936768425999958, 0.0 ], [ 113.105285389000073, -6.936723923999978, 0.0 ], [ 113.105303218000017, -6.936656871999958, 0.0 ], [ 113.105357698000034, -6.936611890999927, 0.0 ], [ 113.105397648, -6.93652033799998, 0.0 ], [ 113.105406924000022, -6.936408674999939, 0.0 ], [ 113.105467712000063, -6.936389967999958, 0.0 ], [ 113.105481393000105, -6.936312810999937, 0.0 ], [ 113.105496960000096, -6.93622344399995, 0.0 ], [ 113.10550834300011, -6.936115930999961, 0.0 ], [ 113.105542386000025, -6.936054861999935, 0.0 ], [ 113.105578709000042, -6.936020083999949, 0.0 ], [ 113.105559766000056, -6.935937107999962, 0.0 ], [ 113.105555226000092, -6.935872232999941, 0.0 ], [ 113.105567477000022, -6.935876155999949, 0.0 ], [ 113.105625297000074, -6.93591123899995, 0.0 ], [ 113.10582622000004, -6.935986267999965, 0.0 ], [ 113.106269110000085, -6.93600509099997, 0.0 ], [ 113.106313631000035, -6.936002271999939, 0.0 ], [ 113.106414788000052, -6.93596946699995, 0.0 ], [ 113.106740453000043, -6.935863267999935, 0.0 ], [ 113.107372503000079, -6.93569397899995, 0.0 ], [ 113.107647383000085, -6.935591439999939, 0.0 ], [ 113.107734682000114, -6.93556240199996, 0.0 ], [ 113.107800353000016, -6.935568436999972, 0.0 ], [ 113.10785931800001, -6.935559227999931, 0.0 ], [ 113.107929181000031, -6.935534694999944, 0.0 ], [ 113.108044957000061, -6.935518544999979, 0.0 ], [ 113.108232710000038, -6.935466825999981, 0.0 ], [ 113.108440014000053, -6.935399745999973, 0.0 ], [ 113.108551646000024, -6.93534077299995, 0.0 ], [ 113.108638259000031, -6.935308572999929, 0.0 ], [ 113.108662195000079, -6.935339919999933, 0.0 ], [ 113.108679123000115, -6.93548969699998, 0.0 ], [ 113.108720167000115, -6.935694499999954, 0.0 ], [ 113.108767679000039, -6.935709925999959, 0.0 ], [ 113.108901948000039, -6.935708876999968, 0.0 ], [ 113.109138934000043, -6.935707100999934, 0.0 ], [ 113.109241325000085, -6.93566687799995, 0.0 ], [ 113.109272773000043, -6.935642967999968, 0.0 ], [ 113.109296134000033, -6.935595503999934, 0.0 ], [ 113.10931542700007, -6.935572382999965, 0.0 ], [ 113.109315531000107, -6.935572258999969, 0.0 ], [ 113.10938228100008, -6.935492266999972, 0.0 ], [ 113.109812257000044, -6.934889498999951, 0.0 ], [ 113.110061601000098, -6.934429975999933, 0.0 ], [ 113.110093119000112, -6.934421881999981, 0.0 ], [ 113.110188178000044, -6.934460594999962, 0.0 ], [ 113.110291504000088, -6.934546629999943, 0.0 ], [ 113.110354615, -6.934530351999967, 0.0 ], [ 113.11038588200006, -6.934482762999949, 0.0 ], [ 113.110431954000092, -6.934308844999975, 0.0 ], [ 113.110587929000076, -6.934039446999975, 0.0 ], [ 113.110791416000097, -6.933785473999933, 0.0 ], [ 113.11092467900005, -6.933642439999971, 0.0 ], [ 113.110995837000019, -6.933657669999945, 0.0 ], [ 113.111099162000073, -6.933743704999927, 0.0 ], [ 113.111297656000033, -6.933876315999953, 0.0 ], [ 113.111360912, -6.93387585399995, 0.0 ], [ 113.111399797000104, -6.933796687999973, 0.0 ], [ 113.11147118000008, -6.933577826999965, 0.0 ], [ 113.11150732200008, -6.933535909999932, 0.0 ], [ 113.111575197000093, -6.933550972999967, 0.0 ], [ 113.111752593, -6.933586065999975, 0.0 ], [ 113.111790412, -6.933595195999942, 0.0 ], [ 113.111804423000081, -6.933549230999972, 0.0 ], [ 113.111824449000096, -6.933439779999958, 0.0 ], [ 113.111849316000075, -6.933278338999969, 0.0 ], [ 113.111941626000089, -6.933085053999946, 0.0 ], [ 113.112083011000095, -6.93295689699994, 0.0 ], [ 113.112199170000054, -6.932943093999938, 0.0 ], [ 113.112419021000051, -6.932980166999926, 0.0 ], [ 113.112489436000033, -6.932895708999979, 0.0 ], [ 113.112647794000054, -6.93247536299998, 0.0 ], [ 113.112794690000101, -6.932261408999977, 0.0 ], [ 113.112891075000107, -6.93219617699998, 0.0 ], [ 113.113013344000024, -6.932130737999955, 0.0 ], [ 113.113129533, -6.932123442999966, 0.0 ], [ 113.113337907000073, -6.93234756499993, 0.0 ], [ 113.113610427000026, -6.932519612999954, 0.0 ], [ 113.113733512000067, -6.932570311999939, 0.0 ], [ 113.113791402000061, -6.932537606999972, 0.0 ], [ 113.113816556000074, -6.932440696999947, 0.0 ], [ 113.113848401000041, -6.932388855999932, 0.0 ], [ 113.114185593000116, -6.932560434999971, 0.0 ], [ 113.114671140000041, -6.932711559999973, 0.0 ], [ 113.114891558000068, -6.932825994999973, 0.0 ], [ 113.114982856000097, -6.932941366999955, 0.0 ], [ 113.114996169000051, -6.932999332999941, 0.0 ], [ 113.114996813000062, -6.933076695999944, 0.0 ], [ 113.114939377000042, -6.933127474999935, 0.0 ], [ 113.114902235000045, -6.933162436999964, 0.0 ], [ 113.114860124000074, -6.933237369999972, 0.0 ], [ 113.114788575000034, -6.933385190999957, 0.0 ], [ 113.114799491000099, -6.933457899999951, 0.0 ], [ 113.114815561000114, -6.933515038999928, 0.0 ], [ 113.114831416000015, -6.933540907999941, 0.0 ], [ 113.11485747200004, -6.933545943999945, 0.0 ], [ 113.114909422000096, -6.933519501999967, 0.0 ], [ 113.114945517000024, -6.933467189999931, 0.0 ], [ 113.115002782000033, -6.933461603999945, 0.0 ], [ 113.115070513000092, -6.933461120999937, 0.0 ], [ 113.115112280000062, -6.933476389999953, 0.0 ], [ 113.115195698000093, -6.933480988999975, 0.0 ], [ 113.115299859000061, -6.933469769999931, 0.0 ], [ 113.115341245000081, -6.933432980999953, 0.0 ], [ 113.115382896000028, -6.933422310999958, 0.0 ], [ 113.115476827000066, -6.933442409999941, 0.0 ], [ 113.115534260000118, -6.933457607999969, 0.0 ], [ 113.115581035000105, -6.933441583999979, 0.0 ], [ 113.115627498000094, -6.933389225999974, 0.0 ], [ 113.115674203000026, -6.933357654999952, 0.0 ], [ 113.115747155, -6.933357058999945, 0.0 ], [ 113.115872578000108, -6.933413350999956, 0.0 ], [ 113.11611275000007, -6.93347401099993, 0.0 ], [ 113.116352967000012, -6.933545063999929, 0.0 ], [ 113.116545669000061, -6.933533177999948, 0.0 ], [ 113.116646561000039, -6.933508825999979, 0.0 ], [ 113.116701704000093, -6.933495515999937, 0.0 ], [ 113.116743044000032, -6.933448424999938, 0.0 ], [ 113.116752892000022, -6.933365048999974, 0.0 ], [ 113.116741397000055, -6.93322988999995, 0.0 ], [ 113.116787934000058, -6.933177441999931, 0.0 ], [ 113.116917793000084, -6.93312444299994, 0.0 ], [ 113.117058475000022, -6.933123362999936, 0.0 ], [ 113.117272255000103, -6.93313741299994, 0.0 ], [ 113.117543177000016, -6.933135300999936, 0.0 ], [ 113.117787922000048, -6.933117849999974, 0.0 ], [ 113.11779905100002, -6.93300401099998, 0.0 ], [ 113.117939542000045, -6.93297690299994, 0.0 ], [ 113.117969722000112, -6.932836225999949, 0.0 ], [ 113.118071587000031, -6.932528384999955, 0.0 ], [ 113.118360163000034, -6.932296256999962, 0.0 ], [ 113.118549292000012, -6.93160897599995, 0.0 ], [ 113.118595177000088, -6.93146063699993, 0.0 ], [ 113.118620088000057, -6.931309498999951, 0.0 ], [ 113.118618990000073, -6.931163808999941, 0.0 ], [ 113.118581728000095, -6.931054794999966, 0.0 ], [ 113.118463950000091, -6.930639386999928, 0.0 ], [ 113.118336188000058, -6.930276172999982, 0.0 ], [ 113.118265949000033, -6.929948853999974, 0.0 ], [ 113.118227524000076, -6.929679780999948, 0.0 ], [ 113.118221754000047, -6.929606958999955, 0.0 ], [ 113.118225137000081, -6.929362372999947, 0.0 ], [ 113.118275462000042, -6.929122637999967, 0.0 ], [ 113.118496551000021, -6.928735905999929, 0.0 ], [ 113.118784761000029, -6.928290482999955, 0.0 ], [ 113.118841707000115, -6.928202473999931, 0.0 ], [ 113.118903140000043, -6.928061567999976, 0.0 ], [ 113.118922951000059, -6.92792084599995, 0.0 ], [ 113.118900753000048, -6.927744159999975, 0.0 ], [ 113.118900111000016, -6.927650436999954, 0.0 ], [ 113.11892466300003, -6.927452573999972, 0.0 ], [ 113.118934995000018, -6.92735758799995, 0.0 ], [ 113.118949026000109, -6.927228591999949, 0.0 ], [ 113.118932286000017, -6.92708821399998, 0.0 ], [ 113.118897877000109, -6.926766248999968, 0.0 ], [ 113.118828454000095, -6.926537804999953, 0.0 ], [ 113.118796125000017, -6.926397495999936, 0.0 ], [ 113.11878944700004, -6.926205014999937, 0.0 ], [ 113.118819534000068, -6.926043549999974, 0.0 ], [ 113.118922687, -6.925907428999949, 0.0 ], [ 113.119020526000099, -6.925750542999936, 0.0 ], [ 113.119040551000012, -6.925641182999925, 0.0 ], [ 113.119018307000033, -6.925454011999932, 0.0 ], [ 113.119002047000095, -6.925370842999939, 0.0 ], [ 113.118901654000069, -6.925189443999955, 0.0 ], [ 113.11882252800001, -6.925060009999982, 0.0 ], [ 113.118790655000112, -6.924971758999959, 0.0 ], [ 113.118620528000065, -6.924525582999934, 0.0 ], [ 113.118530578000104, -6.924344136999935, 0.0 ], [ 113.118467353000028, -6.924250874999927, 0.0 ], [ 113.1182941080001, -6.924075312999946, 0.0 ], [ 113.118197317000067, -6.923831715999938, 0.0 ], [ 113.117825956000047, -6.922955136999974, 0.0 ], [ 113.117807718000108, -6.922622458999967, 0.0 ], [ 113.117789740000035, -6.922294520999969, 0.0 ], [ 113.117751000000112, -6.921987758999933, 0.0 ], [ 113.117740390000108, -6.921967108999979, 0.0 ], [ 113.117724680000038, -6.921956784999963, 0.0 ], [ 113.117662027000051, -6.92194160899993, 0.0 ], [ 113.117536845000018, -6.921921740999949, 0.0 ], [ 113.11740119600006, -6.921896765999975, 0.0 ], [ 113.11735408800007, -6.921871126999974, 0.0 ], [ 113.117275322000069, -6.921788507999963, 0.0 ], [ 113.117201944000044, -6.921726561999947, 0.0 ], [ 113.117170522000038, -6.92170600399993, 0.0 ], [ 113.117055661000109, -6.921675604999962, 0.0 ], [ 113.116987217000087, -6.921582545999968, 0.0 ], [ 113.116939773000013, -6.921515243999977, 0.0 ], [ 113.116871807000052, -6.921479302999956, 0.0 ], [ 113.116803888000049, -6.921453756999938, 0.0 ], [ 113.116777399000057, -6.92140199499994, 0.0 ], [ 113.116735108000057, -6.921319032999975, 0.0 ], [ 113.116692672000113, -6.921220434999952, 0.0 ], [ 113.116670765000094, -6.921074927999939, 0.0 ], [ 113.116611721000027, -6.920898585999964, 0.0 ], [ 113.116579202000025, -6.920732338999926, 0.0 ], [ 113.116525776000117, -6.920561032999956, 0.0 ], [ 113.116508351000107, -6.920316629999945, 0.0 ], [ 113.116506532000017, -6.920261420999964, 0.0 ], [ 113.116494808000084, -6.919905636999943, 0.0 ], [ 113.116488969000102, -6.91981717799996, 0.0 ], [ 113.116457144000037, -6.919739411999956, 0.0 ], [ 113.11642977300005, -6.919573050999929, 0.0 ], [ 113.11645463900004, -6.919411609999941, 0.0 ], [ 113.116460165000035, -6.91933880199997, 0.0 ], [ 113.116468872000041, -6.919224095999937, 0.0 ], [ 113.11647838600004, -6.91909914699994, 0.0 ], [ 113.116426079, -6.919078772999967, 0.0 ], [ 113.11640495600011, -6.919042442999967, 0.0 ], [ 113.116378520000012, -6.918985439999972, 0.0 ], [ 113.116409058000045, -6.918891578999933, 0.0 ], [ 113.116408273000047, -6.918782311999962, 0.0 ], [ 113.11640758100009, -6.918693830999928, 0.0 ], [ 113.116386100000113, -6.918610684999976, 0.0 ], [ 113.116406507000079, -6.918553292999945, 0.0 ], [ 113.11641058500004, -6.918397185999936, 0.0 ], [ 113.116425413000115, -6.918293001999928, 0.0 ], [ 113.116424911000081, -6.918230549999976, 0.0 ], [ 113.116367198000034, -6.91816853399996, 0.0 ], [ 113.11634544900005, -6.91804164499996, 0.0 ], [ 113.116313433000073, -6.917937848999941, 0.0 ], [ 113.116312648000076, -6.917828580999981, 0.0 ], [ 113.116352936000112, -6.917646193999929, 0.0 ], [ 113.116403621000018, -6.917453275999947, 0.0 ], [ 113.116459119000069, -6.917218760999958, 0.0 ], [ 113.116477157000077, -6.917121620999978, 0.0 ], [ 113.116514263000113, -6.916921793999961, 0.0 ], [ 113.116671724000071, -6.916384680999954, 0.0 ], [ 113.116691513000092, -6.916238807999946, 0.0 ], [ 113.116737190000094, -6.91607718399996, 0.0 ], [ 113.116754890000038, -6.916007557999933, 0.0 ], [ 113.116792831000112, -6.915858304999972, 0.0 ], [ 113.116945801000043, -6.91536820999994, 0.0 ], [ 113.116975866000075, -6.915201502999935, 0.0 ], [ 113.11699985000007, -6.914925552999932, 0.0 ], [ 113.117025120000108, -6.914821321999966, 0.0 ], [ 113.117138, -6.914591521999967, 0.0 ], [ 113.117173880000109, -6.914508030999968, 0.0 ], [ 113.117126201000019, -6.914404304999948, 0.0 ], [ 113.117099523000093, -6.914326514999971, 0.0 ], [ 113.117114829000116, -6.914279538999949, 0.0 ], [ 113.117165560000103, -6.914097104999939, 0.0 ], [ 113.11716320000005, -6.913784938999981, 0.0 ], [ 113.117104507000022, -6.913603261999981, 0.0 ], [ 113.117077905000087, -6.913525472999936, 0.0 ], [ 113.117082624000091, -6.913462997999943, 0.0 ], [ 113.117099503000077, -6.913414123999928, 0.0 ], [ 113.117114511000068, -6.913370666999981, 0.0 ], [ 113.117171603000088, -6.913261017999957, 0.0 ], [ 113.117253187000074, -6.913104329999953, 0.0 ], [ 113.117376676000049, -6.912895270999968, 0.0 ], [ 113.117360896000037, -6.912869401999956, 0.0 ], [ 113.117323897, -6.912802050999971, 0.0 ], [ 113.11735464800006, -6.91273937099993, 0.0 ], [ 113.117374865000102, -6.91265594999993, 0.0 ], [ 113.117370605000019, -6.912623780999979, 0.0 ], [ 113.117358347000049, -6.912531206999972, 0.0 ], [ 113.117341707000037, -6.912396070999932, 0.0 ], [ 113.117351838000104, -6.912359601999981, 0.0 ], [ 113.117424666000034, -6.912348612999949, 0.0 ], [ 113.117446688000086, -6.912335568999936, 0.0 ], [ 113.117486936000091, -6.912311730999932, 0.0 ], [ 113.117538884000055, -6.912285289999943, 0.0 ], [ 113.117611378000106, -6.912232726999946, 0.0 ], [ 113.11764203700011, -6.912149259999978, 0.0 ], [ 113.117672505000087, -6.912039761999949, 0.0 ], [ 113.11771374500006, -6.911987428999964, 0.0 ], [ 113.117786123000087, -6.911908837999931, 0.0 ], [ 113.1178476770001, -6.911778323999954, 0.0 ], [ 113.117919697000048, -6.91165291599998, 0.0 ], [ 113.118006971000113, -6.91148577499996, 0.0 ], [ 113.118124834000014, -6.911219530999972, 0.0 ], [ 113.118207510000047, -6.911125256999981, 0.0 ], [ 113.118300911, -6.911077661999968, 0.0 ], [ 113.118331905000105, -6.911035858999981, 0.0 ], [ 113.11837755800002, -6.910868991999962, 0.0 ], [ 113.118429287000026, -6.910827006999966, 0.0 ], [ 113.118491723000034, -6.910810911999931, 0.0 ], [ 113.118517565000047, -6.910784676999981, 0.0 ], [ 113.118511795000018, -6.910711945999935, 0.0 ], [ 113.118490363000092, -6.910639284999945, 0.0 ], [ 113.118484691000049, -6.910571703999949, 0.0 ], [ 113.118509840000115, -6.910457079999958, 0.0 ], [ 113.118493414000113, -6.910353123999926, 0.0 ], [ 113.118419491000054, -6.910218423999936, 0.0 ], [ 113.118423495000116, -6.910062317999973, 0.0 ], [ 113.118422733000102, -6.909958200999938, 0.0 ], [ 113.118396009000094, -6.909870017999935, 0.0 ], [ 113.118391056000064, -6.909846865999953, 0.0 ], [ 113.118358224000076, -6.90969340099997, 0.0 ], [ 113.118382803000031, -6.909500688999969, 0.0 ], [ 113.118376843000078, -6.909401928999955, 0.0 ], [ 113.118298436000032, -6.909366034999948, 0.0 ], [ 113.118188944000053, -6.909351246999961, 0.0 ], [ 113.11807904300008, -6.909294885999941, 0.0 ], [ 113.118031890000111, -6.909258852999926, 0.0 ], [ 113.118031341, -6.909186008999939, 0.0 ], [ 113.118092826000066, -6.909039858999961, 0.0 ], [ 113.118144341000061, -6.908966602999953, 0.0 ], [ 113.118138762000058, -6.908919809999929, 0.0 ], [ 113.118117404000031, -6.90884714799995, 0.0 ], [ 113.118111468000052, -6.908753539999964, 0.0 ], [ 113.118090086000052, -6.908675725999956, 0.0 ], [ 113.11806884300006, -6.90862900299993, 0.0 ], [ 113.118068439000012, -6.908571793999954, 0.0 ], [ 113.118088846000092, -6.908514400999934, 0.0 ], [ 113.11813526100002, -6.90845165099995, 0.0 ], [ 113.118202370000063, -6.908362688999944, 0.0 ], [ 113.118279657000016, -6.908247651999943, 0.0 ], [ 113.118294629000047, -6.908159101999956, 0.0 ], [ 113.118347170000106, -6.90809840299994, 0.0 ], [ 113.118425363000028, -6.908103025999935, 0.0 ], [ 113.11847733400009, -6.908081826999933, 0.0 ], [ 113.11854474900008, -6.908044831999973, 0.0 ], [ 113.118596505000028, -6.907992452999963, 0.0 ], [ 113.11867402900009, -6.907913836999967, 0.0 ], [ 113.118740949000085, -6.907798845999935, 0.0 ], [ 113.118766097000048, -6.907684221999943, 0.0 ], [ 113.11882679200005, -6.907444441999928, 0.0 ], [ 113.11884636700006, -6.907267388999969, 0.0 ], [ 113.118848747000015, -6.90726436999995, 0.0 ], [ 113.118866565000076, -6.907241773999942, 0.0 ], [ 113.118908301000033, -6.907188842999972, 0.0 ], [ 113.118990665000069, -6.90705814699993, 0.0 ], [ 113.119032193000066, -6.907037083999967, 0.0 ], [ 113.119079133000014, -6.907041936999974, 0.0 ], [ 113.119183380000095, -6.907051505999959, 0.0 ], [ 113.119334140000092, -6.907003565999958, 0.0 ], [ 113.119448304000116, -6.906945485999927, 0.0 ], [ 113.119473955000103, -6.906893220999962, 0.0 ], [ 113.119483636000041, -6.906789059999937, 0.0 ], [ 113.119550958000104, -6.906731367999953, 0.0 ], [ 113.119602687000111, -6.906689381999968, 0.0 ], [ 113.119614097000067, -6.906655681999951, 0.0 ], [ 113.11962143900007, -6.906633998999951, 0.0 ], [ 113.11964862800005, -6.906553696999936, 0.0 ], [ 113.11973846, -6.906324451999978, 0.0 ], [ 113.119768759000067, -6.906194168999946, 0.0 ], [ 113.119917563000058, -6.905891271999963, 0.0 ], [ 113.119974922000097, -6.905890835999969, 0.0 ], [ 113.120058168000014, -6.905874558999926, 0.0 ], [ 113.120219439000039, -6.905842116999963, 0.0 ], [ 113.120354604000113, -6.905809882999961, 0.0 ], [ 113.12047933100007, -6.905762148999941, 0.0 ], [ 113.120593784000107, -6.905735248999974, 0.0 ], [ 113.120698152000045, -6.905755299999953, 0.0 ], [ 113.120807430000013, -6.905738816999929, 0.0 ], [ 113.12083295900004, -6.905676249999942, 0.0 ], [ 113.12084230500011, -6.905530423999949, 0.0 ], [ 113.120868099000063, -6.905493885999931, 0.0 ], [ 113.120883666000054, -6.905488573999946, 0.0 ], [ 113.120967293000035, -6.905524354999955, 0.0 ], [ 113.121056285, -6.905575656999929, 0.0 ], [ 113.121087538000097, -6.905575427999963, 0.0 ], [ 113.121129065000105, -6.90555427399994, 0.0 ], [ 113.12117583700001, -6.905538339999964, 0.0 ], [ 113.121217556000033, -6.905543214999966, 0.0 ], [ 113.121259418000022, -6.905563725999968, 0.0 ], [ 113.121337800000106, -6.905594377999932, 0.0 ], [ 113.121380624000039, -6.905604091999976, 0.0 ], [ 113.121426505000045, -6.905614498999967, 0.0 ], [ 113.121635477000041, -6.905690935999928, 0.0 ], [ 113.121855227000083, -6.905808898999965, 0.0 ], [ 113.121938616000079, -6.905808255999943, 0.0 ], [ 113.121985199000051, -6.905766292999942, 0.0 ], [ 113.122088348000034, -6.905630261999931, 0.0 ], [ 113.122217483000099, -6.905483631999971, 0.0 ], [ 113.122373942000081, -6.905303552999953, 0.0 ], [ 113.122408649000022, -6.905263605999949, 0.0 ], [ 113.122434512000041, -6.905242612999928, 0.0 ], [ 113.122528536, -6.905267952999964, 0.0 ], [ 113.122632186000033, -6.90527863799997, 0.0 ], [ 113.12281009700007, -6.905296977999967, 0.0 ], [ 113.122982550000074, -6.905363361999946, 0.0 ], [ 113.123270332000061, -6.905532809999954, 0.0 ], [ 113.123296438000011, -6.905532602999926, 0.0 ], [ 113.123312004000013, -6.905527290999942, 0.0 ], [ 113.123337631000027, -6.905469875999927, 0.0 ], [ 113.123368526000036, -6.905422830999953, 0.0 ], [ 113.123425405000035, -6.905365185999926, 0.0 ], [ 113.123560286000043, -6.905286133999937, 0.0 ], [ 113.123882369000057, -6.905202180999936, 0.0 ], [ 113.124028026000019, -6.905164656999943, 0.0 ], [ 113.124231373000043, -6.905183905999934, 0.0 ], [ 113.124517965000109, -6.905186966999963, 0.0 ], [ 113.125028668000027, -6.905198698999925, 0.0 ], [ 113.125210869000057, -6.905176465999944, 0.0 ], [ 113.125299215000041, -6.905149770999969, 0.0 ], [ 113.125330588000111, -6.905159934999972, 0.0 ], [ 113.125513743000056, -6.905267845999958, 0.0 ], [ 113.12559753700009, -6.90532441299996, 0.0 ], [ 113.125593079000055, -6.905428550999943, 0.0 ], [ 113.125542519000078, -6.905631771999936, 0.0 ], [ 113.125542710000104, -6.905657800999961, 0.0 ], [ 113.125558541000032, -6.905678517999945, 0.0 ], [ 113.125689345000069, -6.905755570999929, 0.0 ], [ 113.12588797300009, -6.90583729399998, 0.0 ], [ 113.12613916600003, -6.905981052999948, 0.0 ], [ 113.126233115000105, -6.906006391999938, 0.0 ], [ 113.126489339000045, -6.906124100999932, 0.0 ], [ 113.126609463000023, -6.906164776999958, 0.0 ], [ 113.126651037000101, -6.906154017999938, 0.0 ], [ 113.126676878000012, -6.906127872999946, 0.0 ], [ 113.126707847000034, -6.906080826999926, 0.0 ], [ 113.126738024000019, -6.905940059999978, 0.0 ], [ 113.126788988000044, -6.905794048999951, 0.0 ], [ 113.126849920000041, -6.905575054999929, 0.0 ], [ 113.126890898000056, -6.905481056999974, 0.0 ], [ 113.126880288000052, -6.90546031699995, 0.0 ], [ 113.126859287000116, -6.905434470999978, 0.0 ], [ 113.12680643300007, -6.90534125399995, 0.0 ], [ 113.126780067000027, -6.905299795999952, 0.0 ], [ 113.126779471000077, -6.905216558999939, 0.0 ], [ 113.1268150840001, -6.905107038999972, 0.0 ], [ 113.126876252000102, -6.904924467999933, 0.0 ], [ 113.126875895000012, -6.904877652999971, 0.0 ], [ 113.126860138000097, -6.904857025999945, 0.0 ], [ 113.12681825300001, -6.904831272999957, 0.0 ], [ 113.126755557000024, -6.904805793999969, 0.0 ], [ 113.1266458, -6.904764979999925, 0.0 ], [ 113.126593570000068, -6.904744515999937, 0.0 ], [ 113.126588205000076, -6.904728994999971, 0.0 ], [ 113.126593405000108, -6.90464075899996, 0.0 ], [ 113.126617790000068, -6.904422110999974, 0.0 ], [ 113.126633094000113, -6.904375133999963, 0.0 ], [ 113.126638760000105, -6.90436122899996, 0.0 ], [ 113.126658623000026, -6.904312476999962, 0.0 ], [ 113.126736196000024, -6.904228709999927, 0.0 ], [ 113.126803061000032, -6.904118960999938, 0.0 ], [ 113.126802800000064, -6.904077295999969, 0.0 ], [ 113.126812070000028, -6.903931560999979, 0.0 ], [ 113.126826659000017, -6.90379095399993, 0.0 ], [ 113.126869082000098, -6.903696427999932, 0.0 ], [ 113.126894802000038, -6.903639118999934, 0.0 ], [ 113.126908638000032, -6.903608290999955, 0.0 ], [ 113.126903133000042, -6.903561497999931, 0.0 ], [ 113.126876576000086, -6.903494010999964, 0.0 ], [ 113.126870353000072, -6.903476207999972, 0.0 ], [ 113.126791349000086, -6.903250182999955, 0.0 ], [ 113.126748533000068, -6.903099618999931, 0.0 ], [ 113.126748029000055, -6.903037167999969, 0.0 ], [ 113.126819115000103, -6.902786857999956, 0.0 ], [ 113.126905911000108, -6.902546871999959, 0.0 ], [ 113.126956326000027, -6.902328015999956, 0.0 ], [ 113.126975969000114, -6.902166598999941, 0.0 ], [ 113.126959403000114, -6.901964762999967, 0.0 ], [ 113.126974708000034, -6.901917785999956, 0.0 ], [ 113.127016067000113, -6.901875845999939, 0.0 ], [ 113.127072755000086, -6.901792170999954, 0.0 ], [ 113.127118452000104, -6.901635699999929, 0.0 ], [ 113.127231065000046, -6.901364326999953, 0.0 ], [ 113.127338763000012, -6.901145034999956, 0.0 ], [ 113.127415619000089, -6.900967545999947, 0.0 ], [ 113.127549591000047, -6.900768832999972, 0.0 ], [ 113.127623668000069, -6.900680182999963, 0.0 ], [ 113.127807784000083, -6.900459845999933, 0.0 ], [ 113.128112772, -6.900140163999936, 0.0 ], [ 113.128184932000067, -6.900030390999973, 0.0 ], [ 113.128174369000021, -6.900020043999973, 0.0 ], [ 113.128148003000092, -6.899978677999968, 0.0 ], [ 113.128116323000086, -6.899916456999961, 0.0 ], [ 113.12812125500011, -6.899885162999965, 0.0 ], [ 113.128162401000054, -6.899812041999951, 0.0 ], [ 113.128220228000032, -6.899666451999963, 0.0 ], [ 113.128240656000116, -6.899614210999971, 0.0 ], [ 113.128296939000052, -6.899473326999953, 0.0 ], [ 113.128367019000052, -6.899098206999952, 0.0 ], [ 113.128391310000097, -6.898858679999933, 0.0 ], [ 113.128452357000015, -6.898665715999925, 0.0 ], [ 113.128537742000049, -6.89824361899997, 0.0 ], [ 113.128568733000066, -6.898201814999936, 0.0 ], [ 113.128605039000036, -6.898180684999943, 0.0 ], [ 113.128630735000115, -6.898138904999939, 0.0 ], [ 113.128666300000077, -6.898018991999948, 0.0 ], [ 113.128657640000029, -6.89798542099993, 0.0 ], [ 113.128650209000057, -6.897956610999927, 0.0 ], [ 113.128639506000013, -6.897915083999976, 0.0 ], [ 113.128649469000038, -6.897857828999975, 0.0 ], [ 113.128700912000113, -6.897768935999977, 0.0 ], [ 113.128726012000016, -6.897643917999972, 0.0 ], [ 113.128719861000036, -6.897519128999932, 0.0 ], [ 113.128714067000033, -6.897441065999942, 0.0 ], [ 113.128692731000115, -6.897373646999938, 0.0 ], [ 113.128655542000047, -6.897280268999964, 0.0 ], [ 113.128639213000042, -6.897181555999964, 0.0 ], [ 113.128586575000099, -6.897119518999943, 0.0 ], [ 113.128534201000093, -6.89708350899997, 0.0 ], [ 113.128492581000046, -6.89708378499995, 0.0 ], [ 113.128446070000109, -6.897141383999951, 0.0 ], [ 113.128410268000039, -6.897224874999949, 0.0 ], [ 113.128405833000102, -6.897334164999961, 0.0 ], [ 113.128395726, -6.897375874999966, 0.0 ], [ 113.128380351000033, -6.897407215999976, 0.0 ], [ 113.12835958800008, -6.897417792999931, 0.0 ], [ 113.128291886000056, -6.897423517999925, 0.0 ], [ 113.128111545000024, -6.897443933999966, 0.0 ], [ 113.127996905000032, -6.897444806999943, 0.0 ], [ 113.127908034000029, -6.897403809999958, 0.0 ], [ 113.127813800000013, -6.897347288999981, 0.0 ], [ 113.127589144000012, -6.897265773999948, 0.0 ], [ 113.127380367000114, -6.89721536899998, 0.0 ], [ 113.127317886000014, -6.897221068999954, 0.0 ], [ 113.127245107000022, -6.897242362999975, 0.0 ], [ 113.127093925000054, -6.897227942999962, 0.0 ], [ 113.126539938000064, -6.896199413999966, 0.0 ], [ 113.125711642000056, -6.896327944999939, 0.0 ], [ 113.125766236000118, -6.896192582999959, 0.0 ], [ 113.12579133600002, -6.896067564999953, 0.0 ], [ 113.125790193000057, -6.895911481999974, 0.0 ], [ 113.125789524000083, -6.895828243999972, 0.0 ], [ 113.125747615000023, -6.895797339999945, 0.0 ], [ 113.125664037000092, -6.895771952999951, 0.0 ], [ 113.125528564000092, -6.895767765999949, 0.0 ], [ 113.125466204000077, -6.895783860999927, 0.0 ], [ 113.125399097000013, -6.895872822999934, 0.0 ], [ 113.125362648000078, -6.895878317999973, 0.0 ], [ 113.125294875, -6.895868406999966, 0.0 ], [ 113.125064810000026, -6.89576088299998, 0.0 ], [ 113.124947380000094, -6.895686563999959, 0.0 ], [ 113.124829263000038, -6.895611809999934, 0.0 ], [ 113.124802898000098, -6.89557044299994, 0.0 ], [ 113.124802563000117, -6.895528777999971, 0.0 ], [ 113.124832216000073, -6.895320408999964, 0.0 ], [ 113.124816103000057, -6.89525296599993, 0.0 ], [ 113.124800323000045, -6.89522700699996, 0.0 ], [ 113.124711379000018, -6.895186098999943, 0.0 ], [ 113.124570495000057, -6.895155905999957, 0.0 ], [ 113.124517, -6.895141527999954, 0.0 ], [ 113.124476548000075, -6.895130655999935, 0.0 ], [ 113.124413877000052, -6.89511032799993, 0.0 ], [ 113.124398070000098, -6.895094852999932, 0.0 ], [ 113.12439237500007, -6.895022030999939, 0.0 ], [ 113.124397094000074, -6.894959556999936, 0.0 ], [ 113.124390944000083, -6.894834768999942, 0.0 ], [ 113.124395068000013, -6.894689055999947, 0.0 ], [ 113.124420147000023, -6.894558795999956, 0.0 ], [ 113.124414544000047, -6.894506760999946, 0.0 ], [ 113.124414393000052, -6.894506219999926, 0.0 ], [ 113.124454662000062, -6.89445398099997, 0.0 ], [ 113.12445432800007, -6.894379146999938, 0.0 ], [ 113.124466304000066, -6.894254458999967, 0.0 ], [ 113.12449016100004, -6.894017554999948, 0.0 ], [ 113.124530296000103, -6.893780655999933, 0.0 ], [ 113.124538783000048, -6.893730559999938, 0.0 ], [ 113.124689537000108, -6.892969365999932, 0.0 ], [ 113.124690722000082, -6.892963384999973, 0.0 ], [ 113.124745290000078, -6.892973241999925, 0.0 ], [ 113.124913741000114, -6.89300996399993, 0.0 ], [ 113.125144677000094, -6.893037831999948, 0.0 ], [ 113.125277665000112, -6.893054719999952, 0.0 ], [ 113.125467014000037, -6.893090810999979, 0.0 ], [ 113.125599371000021, -6.893086814999947, 0.0 ], [ 113.125717375000022, -6.893069314999934, 0.0 ], [ 113.125828833000014, -6.893065949999936, 0.0 ], [ 113.125996652000026, -6.893081785999925, 0.0 ], [ 113.126157504000048, -6.893097832999956, 0.0 ], [ 113.126290282000014, -6.893107759999964, 0.0 ], [ 113.126472033000027, -6.893123174999971, 0.0 ], [ 113.126569558000028, -6.893120229999965, 0.0 ], [ 113.126736745000017, -6.893115180999928, 0.0 ], [ 113.126973593000116, -6.893108028999961, 0.0 ], [ 113.127112915000112, -6.893103820999954, 0.0 ], [ 113.127294034000101, -6.893098350999935, 0.0 ], [ 113.127439059000039, -6.893052162999936, 0.0 ], [ 113.127556219000098, -6.893006816999957, 0.0 ], [ 113.12765185, -6.89294121599994, 0.0 ], [ 113.127746849, -6.892854730999943, 0.0 ], [ 113.127807017, -6.892769297999962, 0.0 ], [ 113.127874363000046, -6.892690615999925, 0.0 ], [ 113.127928197000074, -6.892626277999966, 0.0 ], [ 113.127953745000013, -6.892548857999941, 0.0 ], [ 113.127942053000083, -6.892390515999978, 0.0 ], [ 113.127930130000095, -6.892229042999929, 0.0 ], [ 113.127976998, -6.892164914999967, 0.0 ], [ 113.128332575000059, -6.892017190999979, 0.0 ], [ 113.128338300000109, -6.892014811999957, 0.0 ], [ 113.128647022000109, -6.89195654599996, 0.0 ], [ 113.128839755000058, -6.891874077999944, 0.0 ], [ 113.129017925000085, -6.89177114499995, 0.0 ], [ 113.129124972000113, -6.891631440999959, 0.0 ], [ 113.129125622000061, -6.891630592999945, 0.0 ], [ 113.129203927000049, -6.89160058899995, 0.0 ], [ 113.129204413000025, -6.891600565999966, 0.0 ], [ 113.129302466000013, -6.891595944999949, 0.0 ], [ 113.129302624000047, -6.891595937999966, 0.0 ], [ 113.129302679000034, -6.891595980999966, 0.0 ], [ 113.129441168000085, -6.891702619999933, 0.0 ], [ 113.129562538000073, -6.891796505999935, 0.0 ], [ 113.129661746000011, -6.891849253999965, 0.0 ], [ 113.129781431000083, -6.891887446999931, 0.0 ], [ 113.129901116000042, -6.891925639999954, 0.0 ], [ 113.130034523000063, -6.891956450999942, 0.0 ], [ 113.130188827000097, -6.891986630999952, 0.0 ], [ 113.130342710000036, -6.892002886999933, 0.0 ], [ 113.130514062000088, -6.891955224999947, 0.0 ], [ 113.130652711000039, -6.891985609999949, 0.0 ], [ 113.130827363000094, -6.892120638999927, 0.0 ], [ 113.130975122000109, -6.892164951999973, 0.0 ], [ 113.131093965000105, -6.892175297999927, 0.0 ], [ 113.131164256000034, -6.892194078999978, 0.0 ], [ 113.131207526000026, -6.892241546999969, 0.0 ], [ 113.13125818200001, -6.892302727999947, 0.0 ], [ 113.131309050000027, -6.892370870999969, 0.0 ], [ 113.131387991000111, -6.892445132999967, 0.0 ], [ 113.131480023000108, -6.89249112899995, 0.0 ], [ 113.132045300000073, -6.892738832999953, 0.0 ], [ 113.132178495000062, -6.892762680999965, 0.0 ], [ 113.132282353000051, -6.892738639999948, 0.0 ], [ 113.132407740000076, -6.892734851999933, 0.0 ], [ 113.132540724000023, -6.892751737999959, 0.0 ], [ 113.132723523000095, -6.89280195799995, 0.0 ], [ 113.132919411000103, -6.892823911999926, 0.0 ], [ 113.133087857000078, -6.892860629999973, 0.0 ], [ 113.133318364000047, -6.892874568999957, 0.0 ], [ 113.133567392000032, -6.892894560999935, 0.0 ], [ 113.133723938000117, -6.892970109999965, 0.0 ], [ 113.133870275000049, -6.893040731999974, 0.0 ], [ 113.134072736, -6.893138438999927, 0.0 ], [ 113.134086207000109, -6.893144359999951, 0.0 ], [ 113.134197654000104, -6.893193345999975, 0.0 ], [ 113.134204202000092, -6.893196223999951, 0.0 ], [ 113.134639730000117, -6.893454780999946, 0.0 ], [ 113.13478094300001, -6.893513223999946, 0.0 ], [ 113.134914769000034, -6.893557953999959, 0.0 ], [ 113.135062527000059, -6.893602263999981, 0.0 ], [ 113.135203319000084, -6.893646783999941, 0.0 ], [ 113.135308649000081, -6.893671471999937, 0.0 ], [ 113.135491942000044, -6.893671654999935, 0.0 ], [ 113.135596496000062, -6.893794499999956, 0.0 ], [ 113.135602254000105, -6.893927374999976, 0.0 ], [ 113.135689847000094, -6.894057114999953, 0.0 ], [ 113.135785880000071, -6.894235374999937, 0.0 ], [ 113.135822606000033, -6.894296974999975, 0.0 ], [ 113.135832397000058, -6.89433005799998, 0.0 ], [ 113.135955848000094, -6.894385947999979, 0.0 ], [ 113.136115, -6.894458, 0.0 ], [ 113.136203593, -6.894428743999981, 0.0 ], [ 113.13644355100007, -6.894349501999955, 0.0 ], [ 113.139848059000087, -6.892651700999977, 0.0 ], [ 113.139987872, -6.892907954999941, 0.0 ], [ 113.140080553000075, -6.893077823999931, 0.0 ], [ 113.140196968000055, -6.893008112999951, 0.0 ], [ 113.140361616000064, -6.892919523999979, 0.0 ], [ 113.140526686000044, -6.892844856999943, 0.0 ], [ 113.14062948600008, -6.892786008999963, 0.0 ], [ 113.140689438000095, -6.892693616999964, 0.0 ], [ 113.140908336000052, -6.892554614999938, 0.0 ], [ 113.141031822000059, -6.892488173999936, 0.0 ], [ 113.141163537000011, -6.892463289999966, 0.0 ], [ 113.141246072000058, -6.892425956999944, 0.0 ], [ 113.14130095400003, -6.892396426999937, 0.0 ], [ 113.141487072000018, -6.892261924999957, 0.0 ], [ 113.14160318200004, -6.892242288999967, 0.0 ], [ 113.141825454000013, -6.892214699999954, 0.0 ], [ 113.142061155000079, -6.892189873999939, 0.0 ], [ 113.142269981000027, -6.89217309999998, 0.0 ], [ 113.142471175000082, -6.892156937999971, 0.0 ], [ 113.142672704, -6.892141788999936, 0.0 ], [ 113.142853303000038, -6.892129109999928, 0.0 ], [ 113.143000281000013, -6.892118790999973, 0.0 ], [ 113.143222343000048, -6.892126762999965, 0.0 ], [ 113.143525864000026, -6.892162510999981, 0.0 ], [ 113.14353137, -6.892162930999973, 0.0 ], [ 113.143688478000058, -6.892174918999956, 0.0 ], [ 113.143772477000084, -6.892181328999925, 0.0 ], [ 113.143975118000071, -6.89219600399997, 0.0 ], [ 113.144157729000085, -6.892209227999956, 0.0 ], [ 113.144164184000033, -6.892208774999972, 0.0 ], [ 113.144325344000094, -6.892197475999978, 0.0 ], [ 113.144358641000053, -6.892195140999945, 0.0 ], [ 113.144510728000114, -6.892179375999945, 0.0 ], [ 113.144515641000112, -6.892177735999951, 0.0 ], [ 113.144596334000084, -6.892150791999939, 0.0 ], [ 113.144667585000093, -6.892127, 0.0 ], [ 113.144672178000064, -6.892123682999966, 0.0 ], [ 113.144742851000046, -6.892072648999942, 0.0 ], [ 113.144752676000053, -6.892065553999942, 0.0 ], [ 113.144890048000093, -6.891925342999969, 0.0 ], [ 113.145091947000083, -6.891877700999942, 0.0 ], [ 113.145238434000021, -6.891880238999931, 0.0 ], [ 113.1453279320001, -6.891842695999969, 0.0 ], [ 113.14557543, -6.89174991799996, 0.0 ], [ 113.145749995000074, -6.891740610999932, 0.0 ], [ 113.14575358500008, -6.891741135999951, 0.0 ], [ 113.145875673000091, -6.89173466699998, 0.0 ], [ 113.146143866000102, -6.891731228999959, 0.0 ], [ 113.14639770000008, -6.891626617999975, 0.0 ], [ 113.146640319000085, -6.891424681999979, 0.0 ], [ 113.146642068, -6.891422322999972, 0.0 ], [ 113.146642673000088, -6.891421506999961, 0.0 ], [ 113.146752000000106, -6.891329, 0.0 ], [ 113.146798116000014, -6.891296185999977, 0.0 ], [ 113.146827826000049, -6.891275045999976, 0.0 ], [ 113.146827928000107, -6.891275094999969, 0.0 ], [ 113.146866383000088, -6.891246557999978, 0.0 ], [ 113.146989719000089, -6.891232678999927, 0.0 ], [ 113.147147957000016, -6.891374369999937, 0.0 ], [ 113.147184289000052, -6.89140804699997, 0.0 ], [ 113.147441437000111, -6.891646407999929, 0.0 ], [ 113.147544119000031, -6.891779908999979, 0.0 ], [ 113.147544252000102, -6.891780081999968, 0.0 ], [ 113.147775347000106, -6.891852300999972, 0.0 ], [ 113.148332439000114, -6.891786293999928, 0.0 ], [ 113.148336391000043, -6.891785399999947, 0.0 ], [ 113.148675058000094, -6.891708751999943, 0.0 ], [ 113.148677843000087, -6.891708121999955, 0.0 ], [ 113.14868212600004, -6.891703340999925, 0.0 ], [ 113.148980807000044, -6.891369932999964, 0.0 ], [ 113.149226081000052, -6.891181363999976, 0.0 ], [ 113.149308612000027, -6.891144030999953, 0.0 ], [ 113.149413093000021, -6.891140870999948, 0.0 ], [ 113.150006405000113, -6.891394654999942, 0.0 ], [ 113.150078378000103, -6.891469118999964, 0.0 ], [ 113.150115945000039, -6.891558558999975, 0.0 ], [ 113.150175673000035, -6.891689131999954, 0.0 ], [ 113.150220627000067, -6.891792281999926, 0.0 ], [ 113.150279934000082, -6.891908933999957, 0.0 ], [ 113.150346206000108, -6.892025373999957, 0.0 ], [ 113.150419476000025, -6.892143087999955, 0.0 ], [ 113.150420573000019, -6.892144849999966, 0.0 ], [ 113.150617841000098, -6.892263521999951, 0.0 ], [ 113.150752643000033, -6.892370729999925, 0.0 ], [ 113.150817955000093, -6.892422671999952, 0.0 ], [ 113.150820056000043, -6.892423176999955, 0.0 ], [ 113.150970901000051, -6.892459434999978, 0.0 ], [ 113.15098492900006, -6.892462806999959, 0.0 ], [ 113.151183959000036, -6.89250771199994, 0.0 ], [ 113.151279935000048, -6.892553051999926, 0.0 ], [ 113.151316584000028, -6.892570365999973, 0.0 ], [ 113.151428, -6.892623, 0.0 ], [ 113.151434533000042, -6.892622911999979, 0.0 ], [ 113.152065149, -6.892614368999944, 0.0 ], [ 113.152331729000025, -6.892669008999974, 0.0 ], [ 113.152491509000015, -6.892650240999956, 0.0 ], [ 113.152562006000039, -6.892675976999953, 0.0 ], [ 113.152578328000118, -6.892775768999968, 0.0 ], [ 113.152578485000049, -6.892776727999944, 0.0 ], [ 113.152721147000079, -6.892866245999926, 0.0 ], [ 113.152783835000037, -6.892864348999979, 0.0 ], [ 113.15278813000009, -6.892783248999933, 0.0 ], [ 113.152801574000023, -6.892529382999953, 0.0 ], [ 113.152913019000039, -6.892526010999973, 0.0 ], [ 113.153019396000104, -6.89258549799996, 0.0 ], [ 113.153124930000104, -6.892617141999949, 0.0 ], [ 113.153202603000068, -6.892649627999958, 0.0 ], [ 113.153259590000062, -6.892689706999931, 0.0 ], [ 113.153289082000015, -6.892805426999928, 0.0 ], [ 113.153289369000049, -6.892806551999968, 0.0 ], [ 113.153393830000027, -6.892812453999966, 0.0 ], [ 113.153528241000117, -6.892839264999964, 0.0 ], [ 113.153662396000072, -6.892866025999979, 0.0 ], [ 113.153662651000104, -6.892866076999951, 0.0 ], [ 113.153890173000036, -6.892990440999938, 0.0 ], [ 113.154066961000012, -6.89314333699997, 0.0 ], [ 113.154353787000105, -6.893250040999931, 0.0 ], [ 113.154686822000031, -6.893526350999934, 0.0 ], [ 113.154688236000084, -6.893526995999935, 0.0 ], [ 113.154688842000041, -6.893527254999981, 0.0 ], [ 113.155307775000097, -6.89379125399995, 0.0 ], [ 113.15549963300009, -6.89391085699998, 0.0 ], [ 113.155750451000017, -6.894103947999952, 0.0 ], [ 113.155754770000044, -6.894107272999975, 0.0 ], [ 113.155766400000061, -6.894109155999956, 0.0 ], [ 113.156324058000109, -6.894199425999943, 0.0 ], [ 113.156626727000116, -6.894294770999977, 0.0 ], [ 113.156836105000025, -6.894302367999956, 0.0 ], [ 113.157039362000091, -6.894338017999928, 0.0 ], [ 113.157220457000108, -6.894332534999933, 0.0 ], [ 113.157408728000064, -6.894333802999938, 0.0 ], [ 113.15760502, -6.894369663999953, 0.0 ], [ 113.157772395000052, -6.894371563999925, 0.0 ], [ 113.157946946000038, -6.894380213999966, 0.0 ], [ 113.158239483000102, -6.894371356999955, 0.0 ], [ 113.158412768000062, -6.894338241999947, 0.0 ], [ 113.158649372000013, -6.894324111999936, 0.0 ], [ 113.158774534000031, -6.894313355999941, 0.0 ], [ 113.158811705000062, -6.894312229999969, 0.0 ], [ 113.158900581000012, -6.894331028999943, 0.0 ], [ 113.159017651000113, -6.89435999799997, 0.0 ], [ 113.159256295000091, -6.894413153999949, 0.0 ], [ 113.159340720000046, -6.89443846599994, 0.0 ], [ 113.159375236000074, -6.894436145999975, 0.0 ], [ 113.159573357000113, -6.89442282899995, 0.0 ], [ 113.159582039000043, -6.89442224499993, 0.0 ], [ 113.159581961000072, -6.894421802999943, 0.0 ], [ 113.159562227000038, -6.894310407999967, 0.0 ], [ 113.159574469000063, -6.894254300999933, 0.0 ], [ 113.159629768000059, -6.894238692999977, 0.0 ], [ 113.15990626200005, -6.894160649999947, 0.0 ], [ 113.160440254000036, -6.894067844999938, 0.0 ], [ 113.160960313000032, -6.893975460999968, 0.0 ], [ 113.161493669000038, -6.89386177199998, 0.0 ], [ 113.161934796000082, -6.893805989999976, 0.0 ], [ 113.161937879000106, -6.893805599999951, 0.0 ], [ 113.16209863000006, -6.893755026999941, 0.0 ], [ 113.162230185000112, -6.893713638999941, 0.0 ], [ 113.162231253000073, -6.893713702999946, 0.0 ], [ 113.163019565000013, -6.893512197999939, 0.0 ], [ 113.164241894000043, -6.892876330999968, 0.0 ], [ 113.164381193000054, -6.892757158999927, 0.0 ], [ 113.164551729000095, -6.892633556999954, 0.0 ], [ 113.164638685000114, -6.89251248599993, 0.0 ], [ 113.16470348100006, -6.892350284999964, 0.0 ], [ 113.164757301, -6.892285952999941, 0.0 ], [ 113.164847001000112, -6.89225536999993, 0.0 ], [ 113.165027245000033, -6.892222043999936, 0.0 ], [ 113.165214031, -6.892174586999943, 0.0 ], [ 113.165662529000087, -6.892021667999927, 0.0 ], [ 113.165763415000015, -6.891900175999979, 0.0 ], [ 113.165999056000032, -6.891564441999947, 0.0 ], [ 113.166024825000022, -6.891527727999971, 0.0 ], [ 113.166089457000112, -6.891433546999963, 0.0 ], [ 113.16645689500001, -6.890898121999953, 0.0 ], [ 113.166490933000091, -6.890833116999943, 0.0 ], [ 113.166636352000069, -6.890570939999975, 0.0 ], [ 113.166723519000016, -6.890456830999938, 0.0 ], [ 113.166832846000034, -6.890383852999946, 0.0 ], [ 113.166985229000034, -6.890351371999941, 0.0 ], [ 113.167137611000044, -6.890318890999936, 0.0 ], [ 113.167488193000054, -6.89024995699998, 0.0 ], [ 113.168646863000049, -6.890433428999927, 0.0 ], [ 113.168701948000034, -6.890410859999974, 0.0 ], [ 113.168785525000089, -6.890408328999968, 0.0 ], [ 113.168856228000095, -6.890441021999948, 0.0 ], [ 113.168900760000042, -6.890530241999954, 0.0 ], [ 113.168937694000078, -6.890598790999945, 0.0 ], [ 113.169043854000051, -6.890651310999942, 0.0 ], [ 113.169163944000047, -6.890703407999979, 0.0 ], [ 113.169325822000019, -6.890754239999978, 0.0 ], [ 113.169388083000058, -6.89073842099998, 0.0 ], [ 113.169541097000092, -6.89072682099993, 0.0 ], [ 113.169639447, -6.890751708999971, 0.0 ], [ 113.169683769000017, -6.890833967999981, 0.0 ], [ 113.169706562000101, -6.890895978999936, 0.0 ], [ 113.169757215000118, -6.890957144999959, 0.0 ], [ 113.169869496000047, -6.890981611999962, 0.0 ], [ 113.17002272000002, -6.89097697099993, 0.0 ], [ 113.170126136000022, -6.89093900599994, 0.0 ], [ 113.170264798000062, -6.89091390599998, 0.0 ], [ 113.170342043, -6.890932465999981, 0.0 ], [ 113.170461499000112, -6.890963681999949, 0.0 ], [ 113.170566603000111, -6.890981398999941, 0.0 ], [ 113.170672341000113, -6.891019996999944, 0.0 ], [ 113.170778078000012, -6.891058594999947, 0.0 ], [ 113.17091125200011, -6.891082427999947, 0.0 ], [ 113.17103007500009, -6.891092761999971, 0.0 ], [ 113.171162615000071, -6.89109571399996, 0.0 ], [ 113.17121833300007, -6.891094026999951, 0.0 ], [ 113.171327094000048, -6.891033637999953, 0.0 ], [ 113.171328275000064, -6.891033086999926, 0.0 ], [ 113.17145175600001, -6.89097548899997, 0.0 ], [ 113.171486790000017, -6.890981394999926, 0.0 ], [ 113.171502197000109, -6.891029694999929, 0.0 ], [ 113.171547363000059, -6.891139793999969, 0.0 ], [ 113.171484902000088, -6.891275768999947, 0.0 ], [ 113.171512030000031, -6.891367567999964, 0.0 ], [ 113.171533231000012, -6.891411686999959, 0.0 ], [ 113.171537643000079, -6.891420868999944, 0.0 ], [ 113.171539255000084, -6.891421670999932, 0.0 ], [ 113.171663849000083, -6.891483677999929, 0.0 ], [ 113.171668946000068, -6.891486214999929, 0.0 ], [ 113.171867122000094, -6.891546927999968, 0.0 ], [ 113.172062900000014, -6.891606905999936, 0.0 ], [ 113.172068423000042, -6.891607290999957, 0.0 ], [ 113.17239207700004, -6.891629823999949, 0.0 ], [ 113.172398611000062, -6.891630278999969, 0.0 ], [ 113.172570087000054, -6.891664707999951, 0.0 ], [ 113.172572678000051, -6.891665684999964, 0.0 ], [ 113.172898519000114, -6.891788564999956, 0.0 ], [ 113.172962679000079, -6.891835387999947, 0.0 ], [ 113.173195666000083, -6.892088404999981, 0.0 ], [ 113.17319779200011, -6.892090712999959, 0.0 ], [ 113.17344652700001, -6.892259521999961, 0.0 ], [ 113.173581279000018, -6.892350972999964, 0.0 ], [ 113.173584460000029, -6.892352215999949, 0.0 ], [ 113.173768268000117, -6.892424044999927, 0.0 ], [ 113.17381174500008, -6.892478460999939, 0.0 ], [ 113.173805177000077, -6.892601425999942, 0.0 ], [ 113.173805024000103, -6.892604282999969, 0.0 ], [ 113.173809161, -6.89260625199995, 0.0 ], [ 113.173935745000108, -6.892666494999958, 0.0 ], [ 113.17393930500009, -6.892668188999949, 0.0 ], [ 113.174086069000055, -6.892691335999928, 0.0 ], [ 113.174087526000108, -6.892691295999953, 0.0 ], [ 113.17431415100009, -6.892685008999933, 0.0 ], [ 113.174324247000072, -6.892684728999939, 0.0 ], [ 113.174822889000097, -6.892719517999979, 0.0 ], [ 113.17520615400008, -6.892714869999963, 0.0 ], [ 113.175269021000076, -6.892724190999957, 0.0 ], [ 113.175479253000049, -6.892755359999967, 0.0 ], [ 113.17561854500002, -6.892751137999937, 0.0 ], [ 113.175792448000038, -6.892738900999973, 0.0 ], [ 113.175888474000089, -6.892687224999975, 0.0 ], [ 113.176065541000071, -6.892549493999979, 0.0 ], [ 113.176156080000055, -6.892546749999951, 0.0 ], [ 113.176227204000043, -6.892593359999978, 0.0 ], [ 113.176291998000011, -6.892661061999945, 0.0 ], [ 113.176507694000065, -6.892877454999962, 0.0 ], [ 113.176584938000019, -6.892896012999927, 0.0 ], [ 113.176989381000112, -6.892991095999946, 0.0 ], [ 113.177353438000068, -6.893026787999929, 0.0 ], [ 113.177633424000078, -6.892989630999978, 0.0 ], [ 113.177730294000071, -6.892965794999952, 0.0 ], [ 113.177819777000082, -6.892928249999954, 0.0 ], [ 113.177910316000066, -6.892925504999937, 0.0 ], [ 113.177959490000035, -6.89293794799994, 0.0 ], [ 113.178002333000109, -6.89297148199995, 0.0 ], [ 113.178075850000027, -6.893077973999937, 0.0 ], [ 113.178075992000117, -6.893078178999929, 0.0 ], [ 113.178119462000041, -6.893197933999943, 0.0 ], [ 113.178121759000078, -6.893204260999937, 0.0 ], [ 113.178241445000026, -6.893322325999975, 0.0 ], [ 113.178339597000104, -6.893419149999943, 0.0 ], [ 113.178499678000094, -6.893577061999963, 0.0 ], [ 113.178511504000085, -6.893584876999967, 0.0 ], [ 113.178608623000059, -6.893649051999944, 0.0 ], [ 113.17863899300005, -6.89366911999997, 0.0 ], [ 113.178971065000042, -6.893882591999954, 0.0 ], [ 113.179125764000105, -6.89392666699996, 0.0 ], [ 113.179238464000036, -6.893965048999974, 0.0 ], [ 113.179392105000034, -6.893974322999952, 0.0 ], [ 113.179544902000089, -6.893955756999958, 0.0 ], [ 113.179690522000101, -6.893930442999931, 0.0 ], [ 113.180051226000046, -6.893770897999957, 0.0 ], [ 113.180052680000017, -6.89376976099993, 0.0 ], [ 113.180279748000089, -6.893592119999937, 0.0 ], [ 113.180339892, -6.893506698999943, 0.0 ], [ 113.180428951000067, -6.893455232999941, 0.0 ], [ 113.180553889000066, -6.893437511999934, 0.0 ], [ 113.180803975000117, -6.89340902999993, 0.0 ], [ 113.180943264, -6.893404806999968, 0.0 ], [ 113.181075800000031, -6.893407754999942, 0.0 ], [ 113.181170275000113, -6.893430959999932, 0.0 ], [ 113.181171145, -6.893431173999943, 0.0 ], [ 113.181315761000064, -6.893504974999928, 0.0 ], [ 113.181535462000056, -6.89362370799995, 0.0 ], [ 113.181598987000029, -6.893649647999951, 0.0 ], [ 113.181843481000101, -6.893812009999976, 0.0 ], [ 113.181986249000033, -6.893890532999933, 0.0 ], [ 113.182171847000063, -6.893861978999951, 0.0 ], [ 113.182206794000081, -6.893693913999925, 0.0 ], [ 113.182339117000083, -6.893689900999959, 0.0 ], [ 113.182450759000062, -6.893693481999946, 0.0 ], [ 113.182598068000061, -6.893723845999943, 0.0 ], [ 113.182668769000088, -6.893756533999976, 0.0 ], [ 113.182747068000026, -6.893809890999933, 0.0 ], [ 113.182845626000017, -6.893841732999931, 0.0 ], [ 113.182916327000044, -6.893874420999964, 0.0 ], [ 113.183092550000083, -6.893938739999953, 0.0 ], [ 113.183204192000062, -6.89394232099994, 0.0 ], [ 113.183307812000066, -6.893911312999933, 0.0 ], [ 113.183383998000068, -6.893895068999939, 0.0 ], [ 113.183481710000024, -6.893899071999954, 0.0 ], [ 113.183580691000088, -6.893944834999957, 0.0 ], [ 113.183673130000102, -6.89400472799997, 0.0 ], [ 113.183764512000039, -6.894029821999936, 0.0 ], [ 113.183883329000082, -6.894040150999956, 0.0 ], [ 113.18405089700002, -6.894049000999928, 0.0 ], [ 113.184196726000096, -6.89403064499993, 0.0 ], [ 113.184536922, -6.893985494999981, 0.0 ], [ 113.184674729000108, -6.893932550999978, 0.0 ], [ 113.1847844670001, -6.893873491999955, 0.0 ], [ 113.184825197, -6.893837424999958, 0.0 ], [ 113.184915733000025, -6.893834678999951, 0.0 ], [ 113.184993609000117, -6.893874113999971, 0.0 ], [ 113.185078026000042, -6.893899418999979, 0.0 ], [ 113.185203807000107, -6.893909535999967, 0.0 ], [ 113.185281471000053, -6.893942011999968, 0.0 ], [ 113.185324525000055, -6.89398250399995, 0.0 ], [ 113.185353651000014, -6.894023417999961, 0.0 ], [ 113.185409366000044, -6.894021727999927, 0.0 ], [ 113.185484916000064, -6.893984604999957, 0.0 ], [ 113.185574607000035, -6.893954018999978, 0.0 ], [ 113.185734786000012, -6.893949159999977, 0.0 ], [ 113.185865628000101, -6.893896426999959, 0.0 ], [ 113.185940967000079, -6.893852343999981, 0.0 ], [ 113.186010187000079, -6.893836311999962, 0.0 ], [ 113.186087851000025, -6.893868786999974, 0.0 ], [ 113.1861868310001, -6.893914548999931, 0.0 ], [ 113.186306070000114, -6.893938796999976, 0.0 ], [ 113.186417921000043, -6.893949335999935, 0.0 ], [ 113.186536314000023, -6.89394574399995, 0.0 ], [ 113.186621154000022, -6.893984967999927, 0.0 ], [ 113.186678559000029, -6.894038956999964, 0.0 ], [ 113.186769306000087, -6.894043169999975, 0.0 ], [ 113.186880523000013, -6.894032829999958, 0.0 ], [ 113.186902050000072, -6.894053075999977, 0.0 ], [ 113.186924846000011, -6.894115079999949, 0.0 ], [ 113.186933924000073, -6.894184466999945, 0.0 ], [ 113.187019187000033, -6.894237610999937, 0.0 ], [ 113.187124496000024, -6.894262280999953, 0.0 ], [ 113.187227903, -6.894224311999949, 0.0 ], [ 113.187365497000087, -6.894164407999938, 0.0 ], [ 113.18746890400007, -6.894126438999933, 0.0 ], [ 113.187489797000012, -6.894125805999977, 0.0 ], [ 113.187498452000114, -6.894181272999958, 0.0 ], [ 113.187514284000031, -6.894243488999962, 0.0 ], [ 113.187549528000091, -6.894256351999957, 0.0 ], [ 113.187605242000018, -6.894254660999934, 0.0 ], [ 113.187668343000041, -6.894266678999941, 0.0 ], [ 113.187753817000043, -6.894326781999951, 0.0 ], [ 113.187830423000037, -6.894324457999971, 0.0 ], [ 113.187975827000059, -6.894292180999969, 0.0 ], [ 113.188085775000104, -6.894240081999953, 0.0 ], [ 113.188166808, -6.894154028999935, 0.0 ], [ 113.188249110000015, -6.894109733999926, 0.0 ], [ 113.188414772000101, -6.894055944999934, 0.0 ], [ 113.188497074000111, -6.894011649999925, 0.0 ], [ 113.188541383000029, -6.893864015999952, 0.0 ], [ 113.18857851700011, -6.893709632999958, 0.0 ], [ 113.188632540000071, -6.893652263999968, 0.0 ], [ 113.188677272000064, -6.893518548999964, 0.0 ], [ 113.188750496000011, -6.893404868999937, 0.0 ], [ 113.188811482, -6.893347288999962, 0.0 ], [ 113.188893573000087, -6.893296034999935, 0.0 ], [ 113.188997613000083, -6.893278945999953, 0.0 ], [ 113.18911558100001, -6.893261434999943, 0.0 ], [ 113.189170449000017, -6.893231904999936, 0.0 ], [ 113.189245575000086, -6.893180862999941, 0.0 ], [ 113.189338709000026, -6.893081652999967, 0.0 ], [ 113.189339030000042, -6.893081284999937, 0.0 ], [ 113.189420936000033, -6.892987455999958, 0.0 ], [ 113.189482979000104, -6.892964674999973, 0.0 ], [ 113.189539115000116, -6.892976903999966, 0.0 ], [ 113.189683699000057, -6.893032202999962, 0.0 ], [ 113.189683947000049, -6.893032382999934, 0.0 ], [ 113.189779914000042, -6.893101955999953, 0.0 ], [ 113.189849767000055, -6.893106802999966, 0.0 ], [ 113.189884377000112, -6.893098786999929, 0.0 ], [ 113.189951207000036, -6.893023548999963, 0.0 ], [ 113.189952226000059, -6.893022680999934, 0.0 ], [ 113.19004011200002, -6.892947771999957, 0.0 ], [ 113.190075145000037, -6.892953675999934, 0.0 ], [ 113.190061085000025, -6.893064824999954, 0.0 ], [ 113.190060888000062, -6.893066379999937, 0.0 ], [ 113.190082756000038, -6.893204225999966, 0.0 ], [ 113.190077906000056, -6.893274034999934, 0.0 ], [ 113.190094160000058, -6.893350168999973, 0.0 ], [ 113.190144812000085, -6.893411327999956, 0.0 ], [ 113.190209604000074, -6.893479022999941, 0.0 ], [ 113.190259622000099, -6.893519302999948, 0.0 ], [ 113.190336651000052, -6.893530897999938, 0.0 ], [ 113.190503156000091, -6.89350494699994, 0.0 ], [ 113.190620912000099, -6.893480475999979, 0.0 ], [ 113.190801134000026, -6.893447142999946, 0.0 ], [ 113.190964944000029, -6.893372697999951, 0.0 ], [ 113.191035097000054, -6.893340815999977, 0.0 ], [ 113.191120584000032, -6.893334652999954, 0.0 ], [ 113.191226492000055, -6.893431993999968, 0.0 ], [ 113.191227780000077, -6.893433176999963, 0.0 ], [ 113.191418841000086, -6.893588618999956, 0.0 ], [ 113.191517397000098, -6.893620458999976, 0.0 ], [ 113.191622916000028, -6.893652087999953, 0.0 ], [ 113.191715352000074, -6.893711977999942, 0.0 ], [ 113.19177951000006, -6.893758792999961, 0.0 ], [ 113.191864982000084, -6.893818893999935, 0.0 ], [ 113.191957842000079, -6.893892702999949, 0.0 ], [ 113.192075832000114, -6.893918009999936, 0.0 ], [ 113.192110404, -6.893958578999957, 0.0 ], [ 113.192279797000083, -6.89433311199997, 0.0 ], [ 113.192386873000032, -6.89449015699995, 0.0 ], [ 113.19249435200004, -6.894802909999953, 0.0 ], [ 113.192734109000071, -6.895123038999941, 0.0 ], [ 113.192827604000058, -6.895217725999942, 0.0 ], [ 113.192976388000034, -6.895296801999962, 0.0 ], [ 113.193125596000073, -6.89538979699995, 0.0 ], [ 113.193323975000112, -6.895495231999973, 0.0 ], [ 113.193445115000031, -6.895582112999932, 0.0 ], [ 113.193586724000056, -6.895654440999976, 0.0 ], [ 113.193714193, -6.895720230999927, 0.0 ], [ 113.193855485000086, -6.895782118999932, 0.0 ], [ 113.194264162000081, -6.895926446999965, 0.0 ], [ 113.194426239000109, -6.895984220999935, 0.0 ], [ 113.194546321000075, -6.89603630299996, 0.0 ], [ 113.194617231000052, -6.896075945999939, 0.0 ], [ 113.194722750000096, -6.896107571999949, 0.0 ], [ 113.194835445000081, -6.896145945999933, 0.0 ], [ 113.194941175000054, -6.89618453199995, 0.0 ], [ 113.195033189000014, -6.896230499999945, 0.0 ], [ 113.195132590000071, -6.89629017599998, 0.0 ], [ 113.195211099000062, -6.89635048599996, 0.0 ], [ 113.195295937000083, -6.896389705999979, 0.0 ], [ 113.195368117000044, -6.896471105999979, 0.0 ], [ 113.195466883000108, -6.896509902999981, 0.0 ], [ 113.195565650000049, -6.896548698999936, 0.0 ], [ 113.195712529000048, -6.896565136999925, 0.0 ], [ 113.195839152000076, -6.896603087999949, 0.0 ], [ 113.195923566000033, -6.896628387999954, 0.0 ], [ 113.196092184, -6.896672028999944, 0.0 ], [ 113.196148532000052, -6.896691215999965, 0.0 ], [ 113.196303433000026, -6.896742238999934, 0.0 ], [ 113.196423514000116, -6.89679431999997, 0.0 ], [ 113.196508564000055, -6.89684049899995, 0.0 ], [ 113.196636033000118, -6.896906286999979, 0.0 ], [ 113.196735010000111, -6.896952042999942, 0.0 ], [ 113.196854668000014, -6.896990203999962, 0.0 ], [ 113.196932331000085, -6.89702267499996, 0.0 ], [ 113.197066128000074, -6.89706737299997, 0.0 ], [ 113.197220606000087, -6.897104476999971, 0.0 ], [ 113.19733266500009, -6.897121970999933, 0.0 ], [ 113.197465616000045, -6.89713883099995, 0.0 ], [ 113.197612071000094, -6.897141347999934, 0.0 ], [ 113.197766126000033, -6.897164532999966, 0.0 ], [ 113.197891477000098, -6.897160724999935, 0.0 ], [ 113.197990031000018, -6.89719256099994, 0.0 ], [ 113.198097878000112, -6.897300739999935, 0.0 ], [ 113.198141567000107, -6.897362105999946, 0.0 ], [ 113.198254472000031, -6.897407437999959, 0.0 ], [ 113.198429206000014, -6.897423026999945, 0.0 ], [ 113.198624409000104, -6.897424063999949, 0.0 ], [ 113.19879112000001, -6.897405066999966, 0.0 ], [ 113.198957197000027, -6.897365192999928, 0.0 ], [ 113.199061444000108, -6.897355059999938, 0.0 ], [ 113.199165903000107, -6.897351886999957, 0.0 ], [ 113.199333249, -6.897353768999949, 0.0 ], [ 113.199457965000079, -6.897329081999942, 0.0 ], [ 113.199576352, -6.897325485999943, 0.0 ], [ 113.19972344100006, -6.897348880999971, 0.0 ], [ 113.199924125000052, -6.897300988999973, 0.0 ], [ 113.200020984000048, -6.897277147999944, 0.0 ], [ 113.200159839000094, -6.897258997999927, 0.0 ], [ 113.200292153000078, -6.897254977999978, 0.0 ], [ 113.200499800000102, -6.897206874999938, 0.0 ], [ 113.200666087000059, -6.897173958999929, 0.0 ], [ 113.200826256000028, -6.897169092999945, 0.0 ], [ 113.201027574000022, -6.897142078999934, 0.0 ], [ 113.201992890000042, -6.897026168999957, 0.0 ], [ 113.202215759000069, -6.897019573999955, 0.0 ], [ 113.202225352000028, -6.89701833099997, 0.0 ], [ 113.202421416000107, -6.896992928999964, 0.0 ], [ 113.202730390000056, -6.896952898999928, 0.0 ], [ 113.202823189000014, -6.896967175999976, 0.0 ], [ 113.20393475700007, -6.896725529999969, 0.0 ], [ 113.203972469000064, -6.89671733199998, 0.0 ], [ 113.204001022000057, -6.896645947999957, 0.0 ], [ 113.204091064000067, -6.896568942999977, 0.0 ], [ 113.2041420810001, -6.896525311999937, 0.0 ], [ 113.204822995000086, -6.896344110999962, 0.0 ], [ 113.205485585000019, -6.896128935999968, 0.0 ], [ 113.205935524000097, -6.895946386999981, 0.0 ], [ 113.206667644000049, -6.895554563999951, 0.0 ], [ 113.206673823000074, -6.895551256999966, 0.0 ], [ 113.207006352, -6.89548367499998, 0.0 ], [ 113.207276029000013, -6.895412788999977, 0.0 ], [ 113.207560692000015, -6.895376275999979, 0.0 ], [ 113.207852953000042, -6.895360428999936, 0.0 ], [ 113.208090564000031, -6.895381070999974, 0.0 ], [ 113.208335774000034, -6.895422377999978, 0.0 ], [ 113.208573596000065, -6.895449977999931, 0.0 ], [ 113.208776599000089, -6.89547863599995, 0.0 ], [ 113.208930646000113, -6.895501816999968, 0.0 ], [ 113.209042276000105, -6.895505389999926, 0.0 ], [ 113.209250548000114, -6.89547816299995, 0.0 ], [ 113.209464726000078, -6.895415928999967, 0.0 ], [ 113.209600609000063, -6.895300349999957, 0.0 ], [ 113.209661760000017, -6.895175441999982, 0.0 ], [ 113.209704590000115, -6.89511833399996, 0.0 ], [ 113.20993377700006, -6.895025531999977, 0.0 ], [ 113.210147953000046, -6.894963297999936, 0.0 ], [ 113.210417626000094, -6.894892411999933, 0.0 ], [ 113.210514163000084, -6.894858132999957, 0.0 ], [ 113.21066113400002, -6.894725722999965, 0.0 ], [ 113.210803901000077, -6.894690030999925, 0.0 ], [ 113.211210081000104, -6.894708118999972, 0.0 ], [ 113.211331307000023, -6.894683537999981, 0.0 ], [ 113.21159443800002, -6.894626780999943, 0.0 ], [ 113.211849123000093, -6.89452152299998, 0.0 ], [ 113.212097903000085, -6.894451271999969, 0.0 ], [ 113.212297514000056, -6.894368583999949, 0.0 ], [ 113.212552834, -6.894284202999927, 0.0 ], [ 113.212737671000014, -6.894174102999955, 0.0 ], [ 113.212888749000058, -6.894099855999968, 0.0 ], [ 113.213068105000048, -6.894038680999927, 0.0 ], [ 113.213220877000026, -6.894020105999971, 0.0 ], [ 113.21344961200009, -6.893978325999967, 0.0 ], [ 113.213588881000078, -6.89397409299994, 0.0 ], [ 113.213754309000024, -6.893913340999973, 0.0 ], [ 113.213871205000032, -6.893861029999925, 0.0 ], [ 113.214009203000046, -6.893815041999972, 0.0 ], [ 113.21418265300008, -6.893788873999938, 0.0 ], [ 113.214328673000068, -6.893777469999975, 0.0 ], [ 113.21445337900002, -6.893752782999968, 0.0 ], [ 113.214627465000035, -6.893747490999942, 0.0 ], [ 113.214717565000115, -6.893730820999963, 0.0 ], [ 113.214913176000096, -6.893745770999942, 0.0 ], [ 113.215072699000075, -6.893720025999926, 0.0 ], [ 113.215161740000099, -6.89366856099997, 0.0 ], [ 113.215264920000095, -6.893623631999958, 0.0 ], [ 113.215458836000039, -6.893582909999964, 0.0 ], [ 113.21556328600002, -6.893579734999946, 0.0 ], [ 113.215716481000072, -6.893575077999969, 0.0 ], [ 113.215848149000067, -6.893550178999931, 0.0 ], [ 113.215979818000051, -6.893525280999938, 0.0 ], [ 113.216160018000096, -6.893491940999979, 0.0 ], [ 113.216262985000071, -6.893440052999949, 0.0 ], [ 113.216373764000082, -6.89341578899996, 0.0 ], [ 113.216478002000031, -6.893405654999981, 0.0 ], [ 113.216666648000114, -6.893420815999946, 0.0 ], [ 113.216897709000023, -6.89345558399998, 0.0 ], [ 113.217031495000015, -6.893500273999962, 0.0 ], [ 113.21712307700011, -6.893532315999948, 0.0 ], [ 113.217187018000118, -6.893572163999977, 0.0 ], [ 113.217306242000063, -6.893596400999968, 0.0 ], [ 113.217404364000117, -6.893614313999933, 0.0 ], [ 113.217522529, -6.893603755999948, 0.0 ], [ 113.217640270000061, -6.893579279999926, 0.0 ], [ 113.21774366000011, -6.893541309999932, 0.0 ], [ 113.21785507300001, -6.89353792299994, 0.0 ], [ 113.217966486000023, -6.893534534999958, 0.0 ], [ 113.218042447000016, -6.893511329999967, 0.0 ], [ 113.218180865000022, -6.893479259999935, 0.0 ], [ 113.21833257500009, -6.893425889999946, 0.0 ], [ 113.218489764000083, -6.893323595999959, 0.0 ], [ 113.218570993000071, -6.893244507999952, 0.0 ], [ 113.218651799000099, -6.893151502999956, 0.0 ], [ 113.218726700000047, -6.893093502999932, 0.0 ], [ 113.218815951000011, -6.893048997999927, 0.0 ], [ 113.218947830000047, -6.893031056999973, 0.0 ], [ 113.219128663000106, -6.893018593999955, 0.0 ], [ 113.219274891000055, -6.893014147999963, 0.0 ], [ 113.219484212000111, -6.893021713999929, 0.0 ], [ 113.219650906000084, -6.893002714999966, 0.0 ], [ 113.219755355000075, -6.892999538999959, 0.0 ], [ 113.219901583000023, -6.892995092999968, 0.0 ], [ 113.220054986000036, -6.892997393999963, 0.0 ], [ 113.22017251300008, -6.89296595899998, 0.0 ], [ 113.220282230000066, -6.892906900999947, 0.0 ], [ 113.220370421000098, -6.892827601999954, 0.0 ], [ 113.220466847000012, -6.892789842999946, 0.0 ], [ 113.2205921850001, -6.892786031999947, 0.0 ], [ 113.220710136000093, -6.892768514999943, 0.0 ], [ 113.220849823000094, -6.892778197999974, 0.0 ], [ 113.220983184000033, -6.89280896899993, 0.0 ], [ 113.22108194000009, -6.892847757999959, 0.0 ], [ 113.221173944000043, -6.892893715999946, 0.0 ], [ 113.221320807000097, -6.892910145999963, 0.0 ], [ 113.221411328000045, -6.892907392999973, 0.0 ], [ 113.221495310000023, -6.892918769999937, 0.0 ], [ 113.221621707000054, -6.892949751999936, 0.0 ], [ 113.221754855000086, -6.892973563999931, 0.0 ], [ 113.221859726000048, -6.89298430499997, 0.0 ], [ 113.221957423000049, -6.892988298999967, 0.0 ], [ 113.222047096000097, -6.892957711999941, 0.0 ], [ 113.222127476000082, -6.892850788999965, 0.0 ], [ 113.222174311000117, -6.892786677999936, 0.0 ], [ 113.22227010000006, -6.892728043999966, 0.0 ], [ 113.222346271000106, -6.892711796999947, 0.0 ], [ 113.222472032000042, -6.892721902999938, 0.0 ], [ 113.22248348100004, -6.892727564999973, 0.0 ], [ 113.22279, -6.893309969999962, 0.0 ], [ 113.223264120000067, -6.894344969999963, 0.0 ], [ 113.223471121000102, -6.895015021999939, 0.0 ], [ 113.223575880000112, -6.895663019999972, 0.0 ], [ 113.223673080000026, -6.896619, 0.0 ], [ 113.223727078000024, -6.897495960999947, 0.0 ], [ 113.223588840000048, -6.898493971999926, 0.0 ], [ 113.223516249000113, -6.898754166999936, 0.0 ], [ 113.223407205000058, -6.901000370999952, 0.0 ], [ 113.22313594600007, -6.902113958999962, 0.0 ], [ 113.222679089000053, -6.904797991999942, 0.0 ], [ 113.222593429000085, -6.905754533999925, 0.0 ], [ 113.222664814000041, -6.906140007999966, 0.0 ], [ 113.222679089000053, -6.906554032999964, 0.0 ], [ 113.222679089000053, -6.906853844999944, 0.0 ], [ 113.22265053600006, -6.907210765999935, 0.0 ], [ 113.221965252000018, -6.909338002999959, 0.0 ], [ 113.219994959000019, -6.908742989999951, 0.0 ], [ 113.220304921000093, -6.910407, 0.0 ], [ 113.220713880000062, -6.911886960999936, 0.0 ], [ 113.22121499900004, -6.913151011999958, 0.0 ], [ 113.221776961000046, -6.914351969999927, 0.0 ], [ 113.222680920000016, -6.915953969999975, 0.0 ], [ 113.223656161, -6.917515019999939, 0.0 ], [ 113.22435383800007, -6.918570001999967, 0.0 ], [ 113.224885921, -6.919238969999981, 0.0 ], [ 113.22540312700005, -6.919764390999944, 0.0 ], [ 113.225582880000047, -6.919946998999933, 0.0 ], [ 113.226441839000017, -6.920655028999931, 0.0 ], [ 113.227443001000097, -6.921342, 0.0 ], [ 113.228484840000078, -6.921968039999967, 0.0 ], [ 113.229855, -6.922979011999928, 0.0 ], [ 113.230428119000067, -6.923432969999965, 0.0 ], [ 113.230951921000042, -6.923939040999926, 0.0 ], [ 113.231337839000048, -6.924413969999932, 0.0 ], [ 113.231792160000055, -6.925536, 0.0 ], [ 113.232133078000061, -6.926564969999959, 0.0 ], [ 113.232359160000101, -6.927135030999978, 0.0 ], [ 113.232773881000071, -6.928194959999928, 0.0 ], [ 113.232751920000055, -6.928651979999927, 0.0 ], [ 113.232723840000062, -6.929220958999963, 0.0 ], [ 113.232687120000037, -6.929810009999926, 0.0 ], [ 113.232679918000031, -6.92981900999996, 0.0 ], [ 113.232610081000075, -6.930187018999959, 0.0 ], [ 113.232376081000098, -6.93077102999996, 0.0 ], [ 113.232267, -6.931242991999966, 0.0 ], [ 113.232157920000077, -6.931901971999935, 0.0 ], [ 113.232129840000084, -6.932615039999973, 0.0 ], [ 113.232102841000028, -6.933510989999945, 0.0 ], [ 113.232170881000116, -6.934776028999977, 0.0 ], [ 113.232393001000105, -6.935918039999933, 0.0 ], [ 113.232800160000011, -6.936996959999931, 0.0 ], [ 113.233735080000088, -6.938629019999951, 0.0 ], [ 113.234451121, -6.939705959999969, 0.0 ], [ 113.234838840000066, -6.940242988999955, 0.0 ], [ 113.235325920000037, -6.941585968999959, 0.0 ], [ 113.235951961000069, -6.943065029999957, 0.0 ], [ 113.23613988000011, -6.94371203999998, 0.0 ], [ 113.236297920000084, -6.944453009999961, 0.0 ], [ 113.23636704, -6.944961960999933, 0.0 ], [ 113.236329960000035, -6.945795989999965, 0.0 ], [ 113.23625112000002, -6.946386031999964, 0.0 ], [ 113.236111078000022, -6.946997039999928, 0.0 ], [ 113.235972121000032, -6.94758797999998, 0.0 ], [ 113.235671161000027, -6.948647009999945, 0.0 ], [ 113.235248880000086, -6.949991968999939, 0.0 ], [ 113.235229917000083, -6.950059076999935, 0.0 ], [ 113.234869081000056, -6.951336030999926, 0.0 ], [ 113.234599225000011, -6.952489138999965, 0.0 ], [ 113.234568840000065, -6.952618979999954, 0.0 ], [ 113.234240159000024, -6.953849010999932, 0.0 ], [ 113.234028839000075, -6.954962038999952, 0.0 ], [ 113.233848120000061, -6.956044019999979, 0.0 ], [ 113.233790158000033, -6.956754028999967, 0.0 ], [ 113.233854960000031, -6.95737098099994, 0.0 ], [ 113.234042880000061, -6.958050029999981, 0.0 ], [ 113.234707078000042, -6.959369968999965, 0.0 ], [ 113.235005880000017, -6.959972969999967, 0.0 ], [ 113.235603120000064, -6.960852, 0.0 ], [ 113.235987959000113, -6.961248988999955, 0.0 ], [ 113.236392960000103, -6.96159395899997, 0.0 ], [ 113.236648920000107, -6.96179798999998, 0.0 ], [ 113.236863119000077, -6.961734, 0.0 ], [ 113.236994160000108, -6.961758029999942, 0.0 ], [ 113.237148960000013, -6.96184200099998, 0.0 ], [ 113.237282880000066, -6.961983029999942, 0.0 ], [ 113.237397000000101, -6.962211000999957, 0.0 ], [ 113.23748592000004, -6.962326018999931, 0.0 ], [ 113.237520840000116, -6.962372010999957, 0.0 ], [ 113.237579880000112, -6.962406028999965, 0.0 ], [ 113.237669159, -6.962457960999927, 0.0 ], [ 113.238062999000022, -6.962540039999965, 0.0 ], [ 113.238182880000068, -6.962454989999969, 0.0 ], [ 113.238483840000072, -6.962243040999965, 0.0 ], [ 113.238622080000027, -6.962227019999943, 0.0 ], [ 113.239551960000085, -6.962317019999944, 0.0 ], [ 113.239900080000098, -6.96246803899993, 0.0 ], [ 113.23977084, -6.962532030999967, 0.0 ], [ 113.239432080000029, -6.962711040999977, 0.0 ], [ 113.239378080000051, -6.962807970999961, 0.0 ], [ 113.239418039000043, -6.962877989999981, 0.0 ], [ 113.239621078000027, -6.963055020999946, 0.0 ], [ 113.239820880000025, -6.963134039999943, 0.0 ], [ 113.239986120000026, -6.963140970999973, 0.0 ], [ 113.240131919000078, -6.963073020999957, 0.0 ], [ 113.240412000000106, -6.962948998999934, 0.0 ], [ 113.240666160000046, -6.962966009999946, 0.0 ], [ 113.240868120000073, -6.962958989999947, 0.0 ], [ 113.240931120000027, -6.96285801099998, 0.0 ], [ 113.240909880000117, -6.962756039999931, 0.0 ], [ 113.240818080000054, -6.962607989999981, 0.0 ], [ 113.24066004000008, -6.962326018999931, 0.0 ], [ 113.240556, -6.962174010999945, 0.0 ], [ 113.240409120000095, -6.961931009999944, 0.0 ], [ 113.240508118000093, -6.961852979999946, 0.0 ], [ 113.240657160000069, -6.961822018999953, 0.0 ], [ 113.240917080000031, -6.96186099099998, 0.0 ], [ 113.241611159000058, -6.961960979999958, 0.0 ], [ 113.242169160000117, -6.961929030999954, 0.0 ], [ 113.242955040000083, -6.961982038999963, 0.0 ], [ 113.243187960000114, -6.96215798999998, 0.0 ], [ 113.243554080000081, -6.962409000999969, 0.0 ], [ 113.244029998000087, -6.96251898099996, 0.0 ], [ 113.244141960000093, -6.962615998999979, 0.0 ], [ 113.244195958000091, -6.962760989999936, 0.0 ], [ 113.244220080000105, -6.962871959999973, 0.0 ], [ 113.244316920000074, -6.963329968999972, 0.0 ], [ 113.244449038000084, -6.963419969999961, 0.0 ], [ 113.244630840000013, -6.963474959999928, 0.0 ], [ 113.24482308000006, -6.963440039999966, 0.0 ], [ 113.24572415800003, -6.963164008999968, 0.0 ], [ 113.245968959000038, -6.962958, 0.0 ], [ 113.2460931600001, -6.962893017999932, 0.0 ], [ 113.2462429200001, -6.962943960999951, 0.0 ], [ 113.246285040000089, -6.962958989999947, 0.0 ], [ 113.246805960000074, -6.963163019999968, 0.0 ], [ 113.246925840000017, -6.963128009999934, 0.0 ], [ 113.246928, -6.963127017999966, 0.0 ], [ 113.247299160000011, -6.962992018999955, 0.0 ], [ 113.247807840000064, -6.96296898099996, 0.0 ], [ 113.248010880000038, -6.96301902099998, 0.0 ], [ 113.248672919000114, -6.963229979999937, 0.0 ], [ 113.249130840000021, -6.963256979999926, 0.0 ], [ 113.249454120000109, -6.963222959999939, 0.0 ], [ 113.249998800000071, -6.963128009999934, 0.0 ], [ 113.249999160000016, -6.963128009999934, 0.0 ], [ 113.25131604, -6.963450030999979, 0.0 ], [ 113.251746960000105, -6.963749008999969, 0.0 ], [ 113.252411160000065, -6.96396600099996, 0.0 ], [ 113.25289392000002, -6.964012978999961, 0.0 ], [ 113.253278040000055, -6.964047989999926, 0.0 ], [ 113.253958080000075, -6.964011, 0.0 ], [ 113.254230960000086, -6.963956009999947, 0.0 ], [ 113.255399880000027, -6.963868979999972, 0.0 ], [ 113.255579160000025, -6.963874020999981, 0.0 ], [ 113.255953920000024, -6.963810029999934, 0.0 ], [ 113.256317880000097, -6.963734969999962, 0.0 ], [ 113.256596880000075, -6.963651990999949, 0.0 ], [ 113.257248840000102, -6.963509970999951, 0.0 ], [ 113.25787992000005, -6.963396029999956, 0.0 ], [ 113.25819204000004, -6.963317009999969, 0.0 ], [ 113.258120039, -6.963675027999955, 0.0 ], [ 113.257884960000069, -6.964074988999926, 0.0 ], [ 113.25761495900008, -6.964439038999956, 0.0 ], [ 113.257271880000076, -6.964911989999962, 0.0 ], [ 113.25696516000005, -6.965295028999947, 0.0 ], [ 113.256639, -6.965622990999975, 0.0 ], [ 113.256295920000071, -6.96600504099996, 0.0 ], [ 113.2559888400001, -6.966351, 0.0 ], [ 113.255735040000104, -6.966569969999966, 0.0 ], [ 113.25551796000002, -6.966843030999939, 0.0 ], [ 113.255265960000088, -6.967188989999954, 0.0 ], [ 113.254976880000072, -6.967553039999927, 0.0 ], [ 113.254670160000046, -6.967953989999955, 0.0 ], [ 113.254453080000076, -6.968300038999928, 0.0 ], [ 113.254219080000098, -6.968627009999977, 0.0 ], [ 113.25402108000003, -6.968990970999926, 0.0 ], [ 113.253786000000105, -6.969391019999932, 0.0 ], [ 113.253587999000047, -6.969790979999971, 0.0 ], [ 113.253371999000024, -6.970173029999955, 0.0 ], [ 113.253137999000046, -6.970645978999926, 0.0 ], [ 113.252958, -6.971010028999956, 0.0 ], [ 113.25276, -6.971372998999925, 0.0 ], [ 113.252526000000103, -6.971810038999934, 0.0 ], [ 113.252346000000102, -6.972191998999961, 0.0 ], [ 113.252167080000049, -6.972663959999977, 0.0 ], [ 113.252077080000049, -6.972991019999938, 0.0 ], [ 113.251970880000044, -6.973442008999939, 0.0 ], [ 113.251788, -6.974009009999975, 0.0 ], [ 113.251745160000041, -6.97429601999994, 0.0 ], [ 113.251745879000055, -6.974663040999928, 0.0 ], [ 113.251967999000044, -6.975321029999975, 0.0 ], [ 113.25198816000011, -6.97559597999998, 0.0 ], [ 113.251980960000083, -6.97574402999993, 0.0 ], [ 113.251983120000091, -6.976112039999975, 0.0 ], [ 113.252004, -6.976619008999933, 0.0 ], [ 113.25204288000009, -6.977090969999949, 0.0 ], [ 113.252064120000114, -6.977853000999971, 0.0 ], [ 113.252104079000105, -6.978542039999979, 0.0 ], [ 113.25212604, -6.979248988999927, 0.0 ], [ 113.252148, -6.980047019999972, 0.0 ], [ 113.252056920000086, -6.980138010999951, 0.0 ], [ 113.251638960000037, -6.980139989999941, 0.0 ], [ 113.251185, -6.980214958999966, 0.0 ], [ 113.250567960000012, -6.980273010999952, 0.0 ], [ 113.250223080000069, -6.980292000999953, 0.0 ], [ 113.249999160000016, -6.980321970999967, 0.0 ], [ 113.248180080000111, -6.980513040999938, 0.0 ], [ 113.246741159000067, -6.980590977999952, 0.0 ], [ 113.245067160000076, -6.980740019999928, 0.0 ], [ 113.243888160000097, -6.980862959999968, 0.0 ], [ 113.24304, -6.981031979999955, 0.0 ], [ 113.242295880000029, -6.981247979999978, 0.0 ], [ 113.2414300800001, -6.981695010999942, 0.0 ], [ 113.240593080000053, -6.982291979999957, 0.0 ], [ 113.239982879000081, -6.982954019999966, 0.0 ], [ 113.239231919000076, -6.983875980999926, 0.0 ], [ 113.238693, -6.984561959999951, 0.0 ], [ 113.238060120000114, -6.985365029999969, 0.0 ], [ 113.237479079000082, -6.98617700899996, 0.0 ], [ 113.237169840000092, -6.986547, 0.0 ], [ 113.236202879000075, -6.987744989999953, 0.0 ], [ 113.236073999000041, -6.987834990999943, 0.0 ], [ 113.235481080000113, -6.988363018999962, 0.0 ], [ 113.235402959000112, -6.988534019999975, 0.0 ], [ 113.235222960000101, -6.989090038999962, 0.0 ], [ 113.235242040000117, -6.98952204099993, 0.0 ], [ 113.235377040000117, -6.990489989999958, 0.0 ], [ 113.235293159000094, -6.990626969999937, 0.0 ], [ 113.235167878000084, -6.990696988999957, 0.0 ], [ 113.234928840000066, -6.990728038999976, 0.0 ], [ 113.234591159000047, -6.990759, 0.0 ], [ 113.234481, -6.990858, 0.0 ], [ 113.233997160000058, -6.991376040999967, 0.0 ], [ 113.233003920000101, -6.992024039999933, 0.0 ], [ 113.232970079000097, -6.992055, 0.0 ], [ 113.23290203900001, -6.992117009999959, 0.0 ], [ 113.232818880000082, -6.992154, 0.0 ], [ 113.232683160000079, -6.992215019999946, 0.0 ], [ 113.232498840000062, -6.992334988999971, 0.0 ], [ 113.23222308000004, -6.992694989999961, 0.0 ], [ 113.232072960000096, -6.992669969999952, 0.0 ], [ 113.231811958000094, -6.992646029999946, 0.0 ], [ 113.231453040000019, -6.992690039999957, 0.0 ], [ 113.231379960000027, -6.992712990999962, 0.0 ], [ 113.231037960000094, -6.992819009999948, 0.0 ], [ 113.230725120000102, -6.993015029999981, 0.0 ], [ 113.230559160000098, -6.993199979999929, 0.0 ], [ 113.230457999, -6.993376018999925, 0.0 ], [ 113.229892079000024, -6.993761039999981, 0.0 ], [ 113.229353160000073, -6.994221030999938, 0.0 ], [ 113.228786160000027, -6.994681018999927, 0.0 ], [ 113.228205840000101, -6.995154958999933, 0.0 ], [ 113.227527960000089, -6.995754000999966, 0.0 ], [ 113.227058880000072, -6.996198959999958, 0.0 ], [ 113.226341040000079, -6.997020029999931, 0.0 ], [ 113.225844958000039, -6.997728958999971, 0.0 ], [ 113.225403960000108, -6.998355, 0.0 ], [ 113.225090040000055, -6.999285959999952, 0.0 ], [ 113.225217120000025, -6.999440039999968, 0.0 ], [ 113.225258160000067, -6.999622020999936, 0.0 ], [ 113.22530388000007, -6.999999029999969, 0.0 ], [ 113.225304600000072, -7.000002629999926, 0.0 ], [ 113.225329079000062, -7.000198018999981, 0.0 ], [ 113.225244840000073, -7.000473959999965, 0.0 ], [ 113.225111998000102, -7.00072001999996, 0.0 ], [ 113.224861079000107, -7.000998029999948, 0.0 ], [ 113.224772160000043, -7.001092980999942, 0.0 ], [ 113.224692959000095, -7.001177039999959, 0.0 ], [ 113.224673879000079, -7.00126298999993, 0.0 ], [ 113.224683960000107, -7.001496, 0.0 ], [ 113.224726080000096, -7.001712988999941, 0.0 ], [ 113.224834080000051, -7.002029970999956, 0.0 ], [ 113.225028120000047, -7.002603, 0.0 ], [ 113.225029920000111, -7.002605967999955, 0.0 ], [ 113.225042880000046, -7.002857968999933, 0.0 ], [ 113.22500184, -7.003058040999974, 0.0 ], [ 113.224951080000096, -7.00330895999997, 0.0 ], [ 113.224728960000107, -7.004387970999971, 0.0 ], [ 113.22474912000007, -7.004568959999972, 0.0 ], [ 113.224772878000067, -7.004705039999976, 0.0 ], [ 113.224822919000076, -7.004943989999958, 0.0 ], [ 113.224887, -7.005249990999971, 0.0 ], [ 113.224980960000039, -7.005454020999935, 0.0 ], [ 113.225121, -7.005705029999945, 0.0 ], [ 113.225163119000058, -7.005780989999948, 0.0 ], [ 113.225148000000104, -7.005911039999944, 0.0 ], [ 113.225173919000099, -7.00596, 0.0 ], [ 113.225337, -7.006370039999979, 0.0 ], [ 113.225561998000103, -7.007031989999973, 0.0 ], [ 113.225592959000096, -7.007893019999926, 0.0 ], [ 113.225666040000078, -7.007995980999965, 0.0 ], [ 113.22569807900004, -7.008206040999937, 0.0 ], [ 113.225673960000108, -7.008431039999948, 0.0 ], [ 113.225717880000047, -7.008651, 0.0 ], [ 113.225780880000116, -7.009182988999953, 0.0 ], [ 113.225717159000055, -7.00960202899995, 0.0 ], [ 113.225729039000043, -7.009783020999976, 0.0 ], [ 113.225689080000052, -7.010271989999978, 0.0 ], [ 113.225582159000055, -7.010654039999963, 0.0 ], [ 113.225546880000024, -7.010775989999956, 0.0 ], [ 113.22548388000007, -7.010892, 0.0 ], [ 113.225412960000085, -7.011048958999936, 0.0 ], [ 113.225227920000066, -7.011277018999976, 0.0 ], [ 113.225235840000096, -7.011666, 0.0 ], [ 113.22533412000007, -7.011925020999968, 0.0 ], [ 113.22542304000001, -7.012010970999938, 0.0 ], [ 113.225608080000029, -7.012062989999947, 0.0 ], [ 113.225870160000113, -7.012056959999938, 0.0 ], [ 113.226217920000067, -7.01196201099998, 0.0 ], [ 113.226444, -7.011909989999936, 0.0 ], [ 113.226558839000063, -7.012164960999939, 0.0 ], [ 113.226576838000028, -7.012532968999949, 0.0 ], [ 113.22653184, -7.012667968999949, 0.0 ], [ 113.226243120000049, -7.013395979999927, 0.0 ], [ 113.226081120000117, -7.01352296999994, 0.0 ], [ 113.225550840000096, -7.013871000999927, 0.0 ], [ 113.22538596000004, -7.014105990999951, 0.0 ], [ 113.225351040000078, -7.014321000999928, 0.0 ], [ 113.225411160000021, -7.014570029999959, 0.0 ], [ 113.225436, -7.014732028999958, 0.0 ], [ 113.225441040000078, -7.015230989999964, 0.0 ], [ 113.225374080000051, -7.015826968999932, 0.0 ], [ 113.225441040000078, -7.01603603999996, 0.0 ], [ 113.225056919000053, -7.01626202999995, 0.0 ], [ 113.224475880000114, -7.016382989999954, 0.0 ], [ 113.223572998, -7.016590977999954, 0.0 ], [ 113.222855880000111, -7.016743979999944, 0.0 ], [ 113.222233080000024, -7.016868989999978, 0.0 ], [ 113.221573920000083, -7.017038009999965, 0.0 ], [ 113.220569159000092, -7.017332040999975, 0.0 ], [ 113.220429120000063, -7.017410969999958, 0.0 ], [ 113.220290880000107, -7.017516, 0.0 ], [ 113.220239040000024, -7.017459029999941, 0.0 ], [ 113.219984159000091, -7.017182998999942, 0.0 ], [ 113.219911080000088, -7.016936038999972, 0.0 ], [ 113.219871120000107, -7.016697, 0.0 ], [ 113.219805960000031, -7.016562000999954, 0.0 ], [ 113.219723879000071, -7.016477040999973, 0.0 ], [ 113.219615160000103, -7.016478029999973, 0.0 ], [ 113.219289000000117, -7.01669303999995, 0.0 ], [ 113.219091, -7.016830019999929, 0.0 ], [ 113.218872120000015, -7.01691902999994, 0.0 ], [ 113.218764840000063, -7.016932979999979, 0.0 ], [ 113.218639918, -7.01684999899993, 0.0 ], [ 113.218576920000032, -7.016496029999928, 0.0 ], [ 113.218566120000105, -7.01621702999995, 0.0 ], [ 113.218171918000053, -7.015614030999927, 0.0 ], [ 113.218022160000032, -7.015463009999962, 0.0 ], [ 113.217545880000102, -7.015367970999932, 0.0 ], [ 113.217195960000026, -7.015141979999953, 0.0 ], [ 113.216973120000034, -7.015053960999978, 0.0 ], [ 113.216654880000078, -7.014942, 0.0 ], [ 113.216544000000113, -7.014701970999965, 0.0 ], [ 113.216594040000018, -7.014194009999926, 0.0 ], [ 113.216616, -7.01408700099995, 0.0 ], [ 113.216570998000066, -7.01400203999998, 0.0 ], [ 113.2164179990001, -7.013970989999962, 0.0 ], [ 113.216234040000018, -7.014006, 0.0 ], [ 113.215920120000078, -7.014039029999935, 0.0 ], [ 113.215453920000073, -7.014067018999981, 0.0 ], [ 113.215233960000091, -7.014079980999952, 0.0 ], [ 113.21504316000005, -7.013940030999947, 0.0 ], [ 113.215008960000091, -7.013907, 0.0 ], [ 113.214858839000044, -7.013922029999947, 0.0 ], [ 113.214825, -7.013943989999973, 0.0 ], [ 113.21428103900007, -7.014302010999927, 0.0 ], [ 113.214291120000098, -7.01424800999996, 0.0 ], [ 113.214224879000085, -7.014081959999942, 0.0 ], [ 113.214090960000021, -7.013903040999935, 0.0 ], [ 113.213904120000052, -7.013773979999939, 0.0 ], [ 113.2136168400001, -7.013660037999955, 0.0 ], [ 113.213221920000024, -7.013518018999946, 0.0 ], [ 113.21305596000002, -7.013381039999956, 0.0 ], [ 113.212632960000064, -7.013037958999973, 0.0 ], [ 113.211860039000044, -7.012647, 0.0 ], [ 113.211783, -7.012154969999926, 0.0 ], [ 113.21170488000007, -7.01188703899993, 0.0 ], [ 113.21160516000009, -7.011718019999932, 0.0 ], [ 113.211271080000074, -7.011471959999938, 0.0 ], [ 113.211034919000099, -7.011376018999954, 0.0 ], [ 113.210646120000092, -7.011318959999926, 0.0 ], [ 113.21021483800007, -7.011279989999935, 0.0 ], [ 113.209949880000067, -7.011208978999946, 0.0 ], [ 113.209837920000041, -7.011138959999926, 0.0 ], [ 113.209741080000072, -7.010955, 0.0 ], [ 113.20974, -7.010648998999955, 0.0 ], [ 113.209755119000079, -7.010480969999946, 0.0 ], [ 113.209719840000048, -7.010384037999927, 0.0 ], [ 113.209233120000022, -7.010183969999957, 0.0 ], [ 113.208855120000067, -7.010028990999956, 0.0 ], [ 113.208590880000088, -7.009954019999952, 0.0 ], [ 113.208099840000045, -7.009338960999969, 0.0 ], [ 113.207583960000079, -7.008581970999956, 0.0 ], [ 113.207565960000011, -7.008552, 0.0 ], [ 113.207380920000105, -7.008248970999944, 0.0 ], [ 113.207230079000055, -7.007912009999927, 0.0 ], [ 113.207126040000048, -7.007489009999972, 0.0 ], [ 113.207093998, -7.007360038999934, 0.0 ], [ 113.207041080000067, -7.007295959999965, 0.0 ], [ 113.207004, -7.006804019999947, 0.0 ], [ 113.207022, -7.005985019999969, 0.0 ], [ 113.207245920000105, -7.00507700999998, 0.0 ], [ 113.207322960000056, -7.004829959999938, 0.0 ], [ 113.20733916000006, -7.004664, 0.0 ], [ 113.207360040000026, -7.004432969999925, 0.0 ], [ 113.207247, -7.003995029999942, 0.0 ], [ 113.207126040000048, -7.003546019999931, 0.0 ], [ 113.20707599900004, -7.003290960999948, 0.0 ], [ 113.20707599900004, -7.00326296999998, 0.0 ], [ 113.207074918000103, -7.003033020999965, 0.0 ], [ 113.207111998000073, -7.002728009999942, 0.0 ], [ 113.207605920000105, -7.00228403999995, 0.0 ], [ 113.20816607900008, -7.001951039999938, 0.0 ], [ 113.208895080000048, -7.001350017999926, 0.0 ], [ 113.209094879000077, -7.001020979999964, 0.0 ], [ 113.209151038000073, -7.000792020999938, 0.0 ], [ 113.209306920000017, -7.000376039999935, 0.0 ], [ 113.20934904, -7.000233029999947, 0.0 ], [ 113.209377839000013, -7.000131960999965, 0.0 ], [ 113.209405920000108, -7.000003619999973, 0.0 ], [ 113.209407, -6.999999029999969, 0.0 ], [ 113.209832160000019, -6.999094979999938, 0.0 ], [ 113.210255880000091, -6.998198039999977, 0.0 ], [ 113.210557920000042, -6.997424040999931, 0.0 ], [ 113.210818918000086, -6.996690000999934, 0.0 ], [ 113.211160920000111, -6.995590019999952, 0.0 ], [ 113.21129987900008, -6.994816018999927, 0.0 ], [ 113.211438120000025, -6.993961018999926, 0.0 ], [ 113.211496080000074, -6.993309960999966, 0.0 ], [ 113.211510538000084, -6.992836089999969, 0.0 ], [ 113.210968156000035, -6.992778115999954, 0.0 ], [ 113.210577924000063, -6.992863776999968, 0.0 ], [ 113.209645175000105, -6.993254007999951, 0.0 ], [ 113.208760015000053, -6.993425328999933, 0.0 ], [ 113.208265088000076, -6.993463400999929, 0.0 ], [ 113.207560766000029, -6.99305413299993, 0.0 ], [ 113.206637535000027, -6.99245450899997, 0.0 ], [ 113.204762520000031, -6.99182633199996, 0.0 ], [ 113.203934468000057, -6.991607420999969, 0.0 ], [ 113.203125451, -6.991607420999969, 0.0 ], [ 113.201850061000073, -6.992016687999978, 0.0 ], [ 113.200945865000108, -6.992159455999968, 0.0 ], [ 113.2001273300001, -6.99206427799993, 0.0 ], [ 113.198357011000098, -6.991340921999949, 0.0 ], [ 113.197214870000039, -6.990960207999933, 0.0 ], [ 113.195872854000072, -6.990807923999967, 0.0 ], [ 113.194730713000013, -6.990931653999951, 0.0 ], [ 113.193550500000015, -6.991207671999973, 0.0 ], [ 113.19306509, -6.991369475999932, 0.0 ], [ 113.19230480300007, -6.991253575999963, 0.0 ], [ 113.19229633100008, -6.991252663999944, 0.0 ], [ 113.191751312000065, -6.991193968999937, 0.0 ], [ 113.191067482000108, -6.99112032599993, 0.0 ], [ 113.190357300000073, -6.991013797999926, 0.0 ], [ 113.189163914, -6.990834789999951, 0.0 ], [ 113.188306822000072, -6.99054909299997, 0.0 ], [ 113.187907559000109, -6.990416004999929, 0.0 ], [ 113.18761250700004, -6.990225647999978, 0.0 ], [ 113.187326970000072, -6.989987701999951, 0.0 ], [ 113.187069988000076, -6.989949630999945, 0.0 ], [ 113.186793972000032, -6.989968665999982, 0.0 ], [ 113.186479882000071, -6.989959150999937, 0.0 ], [ 113.185756526000091, -6.989692648999949, 0.0 ], [ 113.185588862000031, -6.989667609999969, 0.0 ], [ 113.184943940000039, -6.989571295999951, 0.0 ], [ 113.184765481000113, -6.989517758999966, 0.0 ], [ 113.184551329000101, -6.989333349999981, 0.0 ], [ 113.184325279000063, -6.989131095999937, 0.0 ], [ 113.183480571000018, -6.988750383999957, 0.0 ], [ 113.182005395000033, -6.988341892999927, 0.0 ], [ 113.181837316000042, -6.988295350999977, 0.0 ], [ 113.181600724000077, -6.988229836999949, 0.0 ], [ 113.180354371000021, -6.988373972999966, 0.0 ], [ 113.179963817000043, -6.988396506999948, 0.0 ], [ 113.179364514000099, -6.988431079999941, 0.0 ], [ 113.178479355000036, -6.988412044999961, 0.0 ], [ 113.178327069000034, -6.988412044999961, 0.0 ], [ 113.178155749000098, -6.988345421999952, 0.0 ], [ 113.177984427000069, -6.98821216999994, 0.0 ], [ 113.177803588000074, -6.988174098999934, 0.0 ], [ 113.177695419000088, -6.988180107999938, 0.0 ], [ 113.177386018000107, -6.988506012999949, 0.0 ], [ 113.177075150000064, -6.988787652999974, 0.0 ], [ 113.176690025000084, -6.989136568999925, 0.0 ], [ 113.176166544000012, -6.98929123399995, 0.0 ], [ 113.175225469000111, -6.989277195999932, 0.0 ], [ 113.174069050000071, -6.989053525999964, 0.0 ], [ 113.173863284000049, -6.989019545999952, 0.0 ], [ 113.173550328000033, -6.988967866999928, 0.0 ], [ 113.173559186000034, -6.98863954899997, 0.0 ], [ 113.173123188000091, -6.988707097999963, 0.0 ] ] ] ] } }
]
}
