{
"type": "FeatureCollection",
"name": "Kec_Sampang",
"crs": { "type": "name", "properties": { "name": "urn:ogc:def:crs:OGC:1.3:CRS84" } },
"features": [
{ "type": "Feature", "properties": { "OBJECTID": 9118.0, "NAMOBJ": "Aengsareh", "FCODE": "BA03070040", "METADATA": "TASWIL1000020221227_DATA_BATAS_DESAKELURAHAN", "SRS_ID": "SRGI 2013", "KDCPUM": "35.27.03", "KDEPUM": "35.27.03.2002", "KDPKAB": "35.27", "KDPPUM": "35", "LUASWH": 0.0, "TIPADM": 1.0, "WADMKC": "Sampang", "WADMKD": "Aengsareh", "WADMKK": "Sampang", "WADMPR": "Jawa Timur", "UUPP": "Hasil Delineasi Batas Desa 2019", "LUAS": 5.27306738 }, "geometry": { "type": "MultiPolygon", "coordinates": [ [ [ [ 113.266672927000059, -7.22173480999993, 0.0 ], [ 113.266597427000079, -7.22186729799995, 0.0 ], [ 113.266476554000064, -7.221917019999978, 0.0 ], [ 113.266432231000067, -7.22193525299997, 0.0 ], [ 113.266226349000021, -7.222039328999927, 0.0 ], [ 113.266104958000028, -7.222168564999947, 0.0 ], [ 113.26604041500002, -7.222330807999981, 0.0 ], [ 113.265975872000013, -7.222493049999969, 0.0 ], [ 113.265881457000091, -7.222593567999979, 0.0 ], [ 113.265772663, -7.222680614999945, 0.0 ], [ 113.26571871100009, -7.222738052999944, 0.0 ], [ 113.265587902000107, -7.222790981999935, 0.0 ], [ 113.265360450000117, -7.22287485499993, 0.0 ], [ 113.265214817000015, -7.222900398999968, 0.0 ], [ 113.265137960000061, -7.222895888999972, 0.0 ], [ 113.264992549000112, -7.222928390999925, 0.0 ], [ 113.264763759000061, -7.222970519999933, 0.0 ], [ 113.264680603000102, -7.222987104999959, 0.0 ], [ 113.264404880000029, -7.223058606999928, 0.0 ], [ 113.264403146000063, -7.223059056999944, 0.0 ], [ 113.26401691500007, -7.223168481999949, 0.0 ], [ 113.263853722000022, -7.223299053999938, 0.0 ], [ 113.263712543000111, -7.223463745999936, 0.0 ], [ 113.263585521000095, -7.223634949999962, 0.0 ], [ 113.263472209000042, -7.223798751999936, 0.0 ], [ 113.263350371000115, -7.223914074999925, 0.0 ], [ 113.263226082000074, -7.22395286699998, 0.0 ], [ 113.26297794900006, -7.224044364999941, 0.0 ], [ 113.26277317600011, -7.224183230999927, 0.0 ], [ 113.262602793000042, -7.224307068999963, 0.0 ], [ 113.262498290000053, -7.224310405999972, 0.0 ], [ 113.262295805, -7.22430294399993, 0.0 ], [ 113.26207331, -7.224323977999973, 0.0 ], [ 113.261888992000081, -7.224448261999953, 0.0 ], [ 113.261723123000024, -7.224495345999969, 0.0 ], [ 113.261542652000117, -7.224522002999947, 0.0 ], [ 113.261373887000104, -7.224478640999962, 0.0 ], [ 113.261183775000063, -7.22442203099996, 0.0 ], [ 113.260946232000038, -7.224408722999954, 0.0 ], [ 113.260723513000016, -7.224422799999957, 0.0 ], [ 113.260398963000057, -7.224523702999932, 0.0 ], [ 113.260211524000056, -7.224550581999949, 0.0 ], [ 113.260079152000117, -7.224554808999926, 0.0 ], [ 113.259909718000017, -7.224490573999958, 0.0 ], [ 113.259699150000074, -7.224448544999973, 0.0 ], [ 113.259503406000022, -7.224433900999941, 0.0 ], [ 113.259329678000086, -7.224453377999964, 0.0 ], [ 113.259225619000063, -7.224470629999928, 0.0 ], [ 113.259133711000118, -7.22443177599996, 0.0 ], [ 113.258986068000013, -7.224394702999973, 0.0 ], [ 113.25890943200011, -7.224397149999959, 0.0 ], [ 113.258804259000044, -7.224379613999929, 0.0 ], [ 113.258644909000054, -7.224412559999962, 0.0 ], [ 113.258478815000103, -7.22445268599995, 0.0 ], [ 113.258305976000088, -7.224499991999949, 0.0 ], [ 113.258145735000085, -7.224505108999949, 0.0 ], [ 113.258047306000094, -7.224480392999965, 0.0 ], [ 113.257803906000049, -7.224502092999955, 0.0 ], [ 113.257607048000068, -7.22445265999994, 0.0 ], [ 113.257375354000033, -7.224404339999978, 0.0 ], [ 113.25726076300009, -7.224310492999962, 0.0 ], [ 113.257172482000101, -7.224167052999974, 0.0 ], [ 113.257071157000041, -7.224051887999963, 0.0 ], [ 113.256915655000057, -7.223987204999958, 0.0 ], [ 113.256732731000056, -7.223937326999931, 0.0 ], [ 113.25652957300008, -7.223908988999938, 0.0 ], [ 113.256298769000068, -7.223888496999962, 0.0 ], [ 113.256180329000017, -7.223892277999937, 0.0 ], [ 113.255950416000019, -7.223899616999972, 0.0 ], [ 113.255694639000012, -7.223970463999933, 0.0 ], [ 113.255535287000043, -7.224003408999977, 0.0 ], [ 113.255361555000036, -7.224022883999965, 0.0 ], [ 113.255206052000062, -7.22395819999997, 0.0 ], [ 113.255078418000039, -7.223892625999952, 0.0 ], [ 113.254922692000036, -7.223820983999929, 0.0 ], [ 113.254767412000092, -7.223763257999963, 0.0 ], [ 113.254585154000097, -7.223734250999939, 0.0 ], [ 113.254432100000031, -7.223746099999971, 0.0 ], [ 113.254266893000022, -7.223814055999981, 0.0 ], [ 113.25413, -7.223895036999977, 0.0 ], [ 113.253991326, -7.22392035699994, 0.0 ], [ 113.25387940600001, -7.22391, 0.0 ], [ 113.253808399000036, -7.223870476999934, 0.0 ], [ 113.253730425000072, -7.223831176999965, 0.0 ], [ 113.253667275000112, -7.223819262999939, 0.0 ], [ 113.253583892000051, -7.223828888999947, 0.0 ], [ 113.253458038000076, -7.223818975999961, 0.0 ], [ 113.253325217000111, -7.223809284999959, 0.0 ], [ 113.253127020000079, -7.223718102999953, 0.0 ], [ 113.252971294000076, -7.223646458999951, 0.0 ], [ 113.252747232000047, -7.223618784999928, 0.0 ], [ 113.252467877000072, -7.223606804999974, 0.0 ], [ 113.252258862000076, -7.223613474999979, 0.0 ], [ 113.252028500000051, -7.223606895999978, 0.0 ], [ 113.251763524000012, -7.223608385999967, 0.0 ], [ 113.251540128000102, -7.223601584999926, 0.0 ], [ 113.251253137000049, -7.223568952999926, 0.0 ], [ 113.250931087000026, -7.223530473999972, 0.0 ], [ 113.250616672000092, -7.22351264699995, 0.0 ], [ 113.250384973000109, -7.223464319999948, 0.0 ], [ 113.250117769000099, -7.223396230999981, 0.0 ], [ 113.249816174000102, -7.223343168999975, 0.0 ], [ 113.24959929900001, -7.223322227999972, 0.0 ], [ 113.249361745000101, -7.223308911999936, 0.0 ], [ 113.249193418, -7.223279456999933, 0.0 ], [ 113.248660121000057, -7.223178065999946, 0.0 ], [ 113.248330211000052, -7.223111975999927, 0.0 ], [ 113.247531265000021, -7.222991195999953, 0.0 ], [ 113.247089208000034, -7.222907785999951, 0.0 ], [ 113.246780865, -7.222861899999941, 0.0 ], [ 113.246737658000029, -7.222853451999981, 0.0 ], [ 113.246443985000042, -7.222796028999937, 0.0 ], [ 113.246074048000082, -7.222786931999963, 0.0 ], [ 113.245870437, -7.22274467099993, 0.0 ], [ 113.245652447000111, -7.222688937999976, 0.0 ], [ 113.245379607000018, -7.222662812999943, 0.0 ], [ 113.245211055000027, -7.222626397999932, 0.0 ], [ 113.245056882000085, -7.222603453999966, 0.0 ], [ 113.244775739000033, -7.222535803999961, 0.0 ], [ 113.244551003000083, -7.222487249999972, 0.0 ], [ 113.244347391000019, -7.22244498699996, 0.0 ], [ 113.244179951000092, -7.222443360999932, 0.0 ], [ 113.244026, -7.222427373999949, 0.0 ], [ 113.243871827000021, -7.222404429999926, 0.0 ], [ 113.243702385, -7.222340181999925, 0.0 ], [ 113.243554067000105, -7.222282224999958, 0.0 ], [ 113.243329997000046, -7.222254543999952, 0.0 ], [ 113.24318323600005, -7.222245292999958, 0.0 ], [ 113.243049520000113, -7.222207764999951, 0.0 ], [ 113.242916026000103, -7.222177195999961, 0.0 ], [ 113.242789500000072, -7.222146403999943, 0.0 ], [ 113.242718491, -7.222106876999931, 0.0 ], [ 113.242674907000037, -7.222052545999929, 0.0 ], [ 113.242673350000018, -7.222003839999957, 0.0 ], [ 113.242553124000096, -7.221951951999927, 0.0 ], [ 113.242491084000108, -7.221974824999961, 0.0 ], [ 113.24240072900011, -7.221984670999973, 0.0 ], [ 113.242317120000052, -7.221987335999927, 0.0 ], [ 113.242232843000011, -7.221969126999966, 0.0 ], [ 113.242155089000107, -7.221936780999954, 0.0 ], [ 113.242029007000042, -7.221919904999936, 0.0 ], [ 113.241840885000101, -7.221925901999953, 0.0 ], [ 113.241708503000041, -7.221930121999947, 0.0 ], [ 113.241470719000063, -7.221909840999956, 0.0 ], [ 113.241189796000072, -7.221849143999975, 0.0 ], [ 113.240860766000083, -7.22181087599995, 0.0 ], [ 113.240595556000017, -7.221805399999937, 0.0 ], [ 113.240351026000098, -7.221792297999968, 0.0 ], [ 113.240086038000072, -7.221793778999938, 0.0 ], [ 113.239903992000109, -7.221771720999925, 0.0 ], [ 113.239735437000036, -7.221735301999956, 0.0 ], [ 113.23959586400008, -7.221732784999972, 0.0 ], [ 113.239382835000015, -7.221614200999966, 0.0 ], [ 113.239213390000032, -7.22154994999994, 0.0 ], [ 113.239009108, -7.221486807999952, 0.0 ], [ 113.238813127000071, -7.221465192999972, 0.0 ], [ 113.238590165, -7.221472297999981, 0.0 ], [ 113.238359790000118, -7.221465708999972, 0.0 ], [ 113.23819909100007, -7.221456899999964, 0.0 ], [ 113.238016822000077, -7.221427881999944, 0.0 ], [ 113.237819062000085, -7.221350600999926, 0.0 ], [ 113.237567117000026, -7.221323802999962, 0.0 ], [ 113.237406862000057, -7.221328909999954, 0.0 ], [ 113.237245940000093, -7.221313141999929, 0.0 ], [ 113.23711266600003, -7.221289527999943, 0.0 ], [ 113.237029055000107, -7.221292191999964, 0.0 ], [ 113.236877101, -7.221338824999975, 0.0 ], [ 113.236676151000097, -7.221380054999941, 0.0 ], [ 113.236529831000098, -7.221384716999978, 0.0 ], [ 113.236417682000024, -7.221367394999959, 0.0 ], [ 113.23627543900011, -7.221281377999958, 0.0 ], [ 113.236105104000103, -7.221189290999973, 0.0 ], [ 113.235907564000058, -7.221118965999949, 0.0 ], [ 113.235676298000044, -7.221084542999961, 0.0 ], [ 113.235543913000015, -7.221088760999976, 0.0 ], [ 113.235327915000084, -7.221095641999966, 0.0 ], [ 113.235153501000013, -7.221094233999963, 0.0 ], [ 113.235005624000109, -7.221050186999946, 0.0 ], [ 113.234844034000048, -7.22101354299997, 0.0 ], [ 113.23469052300004, -7.221011467999972, 0.0 ], [ 113.234523743000068, -7.221030711999958, 0.0 ], [ 113.234385056000065, -7.221056025999928, 0.0 ], [ 113.234196928000074, -7.221062019999977, 0.0 ], [ 113.234049939000101, -7.22104580599995, 0.0 ], [ 113.233909252000103, -7.221008495999968, 0.0 ], [ 113.233721124000112, -7.22101448799998, 0.0 ], [ 113.233512092000069, -7.221021146999931, 0.0 ], [ 113.23338293200004, -7.221025261999955, 0.0 ], [ 113.233303060000026, -7.221027805999938, 0.0 ], [ 113.233086616000037, -7.221020769999939, 0.0 ], [ 113.232911756000021, -7.221005442999967, 0.0 ], [ 113.232716659000062, -7.221011657999952, 0.0 ], [ 113.2325498780001, -7.221030900999949, 0.0 ], [ 113.232524977000026, -7.221031693999976, 0.0 ], [ 113.232424458000082, -7.221034895999935, 0.0 ], [ 113.232270057000051, -7.221004986999958, 0.0 ], [ 113.232122845000049, -7.22098181399997, 0.0 ], [ 113.231892908000077, -7.220989137999936, 0.0 ], [ 113.231649036000022, -7.220996904999936, 0.0 ], [ 113.231419100000039, -7.221004228999959, 0.0 ], [ 113.231118818000027, -7.220992895999927, 0.0 ], [ 113.230859898000062, -7.220966314999941, 0.0 ], [ 113.230848969000021, -7.22096501599998, 0.0 ], [ 113.230628850000016, -7.220938845999967, 0.0 ], [ 113.230370596000057, -7.220933139999943, 0.0 ], [ 113.230126945000052, -7.220947864999971, 0.0 ], [ 113.229876770000033, -7.220976728999972, 0.0 ], [ 113.229638974000068, -7.220956438999963, 0.0 ], [ 113.229484482000089, -7.220952290999946, 0.0 ], [ 113.229401623000058, -7.220950066999933, 0.0 ], [ 113.229254410000067, -7.220926892999955, 0.0 ], [ 113.22905886500007, -7.220919188999972, 0.0 ], [ 113.228813657000046, -7.220885203999956, 0.0 ], [ 113.228455630000099, -7.220813017999944, 0.0 ], [ 113.228216278000104, -7.220744018999937, 0.0 ], [ 113.227963213000066, -7.220682420999935, 0.0 ], [ 113.227802063000013, -7.220659689999934, 0.0 ], [ 113.227766335000069, -7.220632964999936, 0.0 ], [ 113.227729718000091, -7.220578406999948, 0.0 ], [ 113.227705482000033, -7.22047469499995, 0.0 ], [ 113.227703260000112, -7.220405109999945, 0.0 ], [ 113.227722387000085, -7.22034877699997, 0.0 ], [ 113.227712810000071, -7.220334689999959, 0.0 ], [ 113.227583333000098, -7.220144236999943, 0.0 ], [ 113.227292236000039, -7.220202263999965, 0.0 ], [ 113.22699328300007, -7.220232677999945, 0.0 ], [ 113.22672916800002, -7.220261982999943, 0.0 ], [ 113.226429547000066, -7.220271521999962, 0.0 ], [ 113.226064327000017, -7.220192594999958, 0.0 ], [ 113.225831942000013, -7.220123370999943, 0.0 ], [ 113.225629205000018, -7.220108927999945, 0.0 ], [ 113.225501783000027, -7.220050293999975, 0.0 ], [ 113.225338411000052, -7.219957974999943, 0.0 ], [ 113.225251242000013, -7.219849299999964, 0.0 ], [ 113.225186309000037, -7.219781710999939, 0.0 ], [ 113.225059775000091, -7.219750909999959, 0.0 ], [ 113.224977714000033, -7.219802280999943, 0.0 ], [ 113.224918334000108, -7.219908655999973, 0.0 ], [ 113.224851319000095, -7.219994376999978, 0.0 ], [ 113.224700023000082, -7.220061882999971, 0.0 ], [ 113.224512554000057, -7.220088746999977, 0.0 ], [ 113.224121458000013, -7.220073332999959, 0.0 ], [ 113.223863420000043, -7.220074579999959, 0.0 ], [ 113.223648522000076, -7.220116247999954, 0.0 ], [ 113.22335764200011, -7.220181231999959, 0.0 ], [ 113.223100935000048, -7.220224229999928, 0.0 ], [ 113.222641711000051, -7.220259742999929, 0.0 ], [ 113.222488414000054, -7.220264621999945, 0.0 ], [ 113.222361434000049, -7.220219902999929, 0.0 ], [ 113.222303691000093, -7.22015904899996, 0.0 ], [ 113.222271600000113, -7.220027721999941, 0.0 ], [ 113.222191843000019, -7.219932739999933, 0.0 ], [ 113.222072275000073, -7.219901716999971, 0.0 ], [ 113.221932914000035, -7.219906150999975, 0.0 ], [ 113.221732395000117, -7.219961292999926, 0.0 ], [ 113.221524907000116, -7.220016655999927, 0.0 ], [ 113.221263584000098, -7.220088119999957, 0.0 ], [ 113.221179440000014, -7.220116722999933, 0.0 ], [ 113.220903330000056, -7.220210578999968, 0.0 ], [ 113.220573079000019, -7.220353437999961, 0.0 ], [ 113.220372780000048, -7.220415537999941, 0.0 ], [ 113.220101690000092, -7.220445061999953, 0.0 ], [ 113.219780934000028, -7.220448301999966, 0.0 ], [ 113.219430972000055, -7.220410677999951, 0.0 ], [ 113.219206215000099, -7.220362102999957, 0.0 ], [ 113.218891538000094, -7.22033728599996, 0.0 ], [ 113.21862674800002, -7.220345710999936, 0.0 ], [ 113.218322146000105, -7.220418094999957, 0.0 ], [ 113.21795793800004, -7.220589896999968, 0.0 ], [ 113.217766602000097, -7.220714403999978, 0.0 ], [ 113.217572825000047, -7.220762364999928, 0.0 ], [ 113.217294762000051, -7.220792108999945, 0.0 ], [ 113.217059396000082, -7.220848357999955, 0.0 ], [ 113.216831665000086, -7.22092526299997, 0.0 ], [ 113.216623284000093, -7.220952789999956, 0.0 ], [ 113.216420982000045, -7.220952259999933, 0.0 ], [ 113.216267015000085, -7.220936260999963, 0.0 ], [ 113.216154857000106, -7.220918930999972, 0.0 ], [ 113.216109545000108, -7.220904089999976, 0.0 ], [ 113.216077318000089, -7.220893534999959, 0.0 ], [ 113.215989131000015, -7.220791826999971, 0.0 ], [ 113.215793482000095, -7.220742347999931, 0.0 ], [ 113.215584434000107, -7.220748998999966, 0.0 ], [ 113.215383686000109, -7.220797179999977, 0.0 ], [ 113.215161367000064, -7.220825149999939, 0.0 ], [ 113.214946237000049, -7.220859856999937, 0.0 ], [ 113.214777889000061, -7.220830382999964, 0.0 ], [ 113.214589744000023, -7.220836367999937, 0.0 ], [ 113.214397517000066, -7.220933039999977, 0.0 ], [ 113.214086606000023, -7.221026520999942, 0.0 ], [ 113.213843381000061, -7.221055155999977, 0.0 ], [ 113.213571616000081, -7.221063800999957, 0.0 ], [ 113.213204069000085, -7.221131218999972, 0.0 ], [ 113.213038604000076, -7.22119220999997, 0.0 ], [ 113.212836966000054, -7.221212555999955, 0.0 ], [ 113.212648376000061, -7.221204621999959, 0.0 ], [ 113.212479803000065, -7.221168187999979, 0.0 ], [ 113.212353263000068, -7.221137382999927, 0.0 ], [ 113.212185356000077, -7.221121824999955, 0.0 ], [ 113.212025305000111, -7.221133881999947, 0.0 ], [ 113.211856066000109, -7.22107656999998, 0.0 ], [ 113.211742796000067, -7.221024443999966, 0.0 ], [ 113.211574667000036, -7.221001926999975, 0.0 ], [ 113.211400235000042, -7.221000508999964, 0.0 ], [ 113.211212088000025, -7.221006491999958, 0.0 ], [ 113.211017194000078, -7.221019655999953, 0.0 ], [ 113.210864999000023, -7.221059326999978, 0.0 ], [ 113.210672546000069, -7.221149039999943, 0.0 ], [ 113.210493585000108, -7.221224391999954, 0.0 ], [ 113.210285642000031, -7.22126583499994, 0.0 ], [ 113.210105128, -7.221292473999938, 0.0 ], [ 113.209828609000056, -7.221370928999931, 0.0 ], [ 113.209586266000088, -7.221427397999946, 0.0 ], [ 113.20934347900004, -7.221469948999925, 0.0 ], [ 113.209046497000031, -7.221562985999981, 0.0 ], [ 113.208872728000074, -7.221582444999967, 0.0 ], [ 113.208648627000116, -7.221554739999931, 0.0 ], [ 113.208342013000106, -7.221564489999935, 0.0 ], [ 113.208079428000019, -7.221642500999963, 0.0 ], [ 113.207948801000043, -7.221702383999968, 0.0 ], [ 113.20781639900008, -7.221706593999954, 0.0 ], [ 113.207612537000045, -7.221657346999962, 0.0 ], [ 113.207360116000018, -7.221616609999955, 0.0 ], [ 113.206990340000061, -7.221614434999935, 0.0 ], [ 113.206655849000072, -7.221625069999959, 0.0 ], [ 113.20637991600006, -7.221681194999974, 0.0 ], [ 113.206371691000072, -7.221682867999959, 0.0 ], [ 113.20615091500008, -7.221759549999945, 0.0 ], [ 113.206011987000011, -7.22177789899996, 0.0 ], [ 113.205830804000016, -7.221783659999971, 0.0 ], [ 113.205551172000014, -7.221764684999926, 0.0 ], [ 113.205244554000046, -7.22177443299995, 0.0 ], [ 113.204953203000059, -7.221825492999926, 0.0 ], [ 113.204627452000068, -7.22189157899993, 0.0 ], [ 113.20432349500004, -7.22198483699998, 0.0 ], [ 113.204088557000091, -7.222055001999934, 0.0 ], [ 113.203901513, -7.222095779999961, 0.0 ], [ 113.203658275000066, -7.222124410999982, 0.0 ], [ 113.203484059000061, -7.222129949999953, 0.0 ], [ 113.203288048000104, -7.222108314999957, 0.0 ], [ 113.20311338800002, -7.22209993499996, 0.0 ], [ 113.2029668240001, -7.222097627999972, 0.0 ], [ 113.202823784000088, -7.222118118999958, 0.0 ], [ 113.20267353700001, -7.221643335999943, 0.0 ], [ 113.202315905000091, -7.221636368999953, 0.0 ], [ 113.201756733000025, -7.221562010999946, 0.0 ], [ 113.201741860000084, -7.221535241999959, 0.0 ], [ 113.201724013000103, -7.221398424999961, 0.0 ], [ 113.2017021690001, -7.220868682999935, 0.0 ], [ 113.201701314000047, -7.220847935999927, 0.0 ], [ 113.201700219000031, -7.220821403999935, 0.0 ], [ 113.20176565600002, -7.22046448499998, 0.0 ], [ 113.201795398000058, -7.220223565999959, 0.0 ], [ 113.201825141000086, -7.220202743999948, 0.0 ], [ 113.202513475000046, -7.220139957999947, 0.0 ], [ 113.202543000000105, -7.219927001999963, 0.0 ], [ 113.202482, -7.219818, 0.0 ], [ 113.202450000000113, -7.219548998999926, 0.0 ], [ 113.202474803000086, -7.219435361999956, 0.0 ], [ 113.202505, -7.219296998999937, 0.0 ], [ 113.202540789000068, -7.219125205999944, 0.0 ], [ 113.202555001000064, -7.219057, 0.0 ], [ 113.202504, -7.218748998999956, 0.0 ], [ 113.203300001000116, -7.218591998999955, 0.0 ], [ 113.203968, -7.218453, 0.0 ], [ 113.204368, -7.218373, 0.0 ], [ 113.204878001000111, -7.218215, 0.0 ], [ 113.205307001000051, -7.218095001999927, 0.0 ], [ 113.205333350000046, -7.218090702999973, 0.0 ], [ 113.205773001000011, -7.218019, 0.0 ], [ 113.206199159000107, -7.217996271999937, 0.0 ], [ 113.206223001000012, -7.217995000999963, 0.0 ], [ 113.20746, -7.217865, 0.0 ], [ 113.207494000000111, -7.217765, 0.0 ], [ 113.207858000000101, -7.21755, 0.0 ], [ 113.207929720000038, -7.217528923999964, 0.0 ], [ 113.208457187000022, -7.217373922999968, 0.0 ], [ 113.208542001000069, -7.217349, 0.0 ], [ 113.208842000000118, -7.217338, 0.0 ], [ 113.209402001000058, -7.217279, 0.0 ], [ 113.209432000000106, -7.217424998999945, 0.0 ], [ 113.2096679980001, -7.217441998999959, 0.0 ], [ 113.209726999000054, -7.217247998999937, 0.0 ], [ 113.209702000000107, -7.217068, 0.0 ], [ 113.209933, -7.216722998999956, 0.0 ], [ 113.210027001000071, -7.216571000999977, 0.0 ], [ 113.210183001000019, -7.216229, 0.0 ], [ 113.210215609000102, -7.216141361999973, 0.0 ], [ 113.210231, -7.2161, 0.0 ], [ 113.210287000000108, -7.216056998999932, 0.0 ], [ 113.210625999000058, -7.216133, 0.0 ], [ 113.210695000000101, -7.216103000999965, 0.0 ], [ 113.210720998000056, -7.216073, 0.0 ], [ 113.210739998, -7.216004, 0.0 ], [ 113.210923001000083, -7.215844998999955, 0.0 ], [ 113.210966, -7.215773001999935, 0.0 ], [ 113.211004000000116, -7.215638001999935, 0.0 ], [ 113.211111999000082, -7.215568, 0.0 ], [ 113.21124, -7.215465, 0.0 ], [ 113.211222046000103, -7.215336332999925, 0.0 ], [ 113.211216001000025, -7.215293, 0.0 ], [ 113.211493, -7.21528400099993, 0.0 ], [ 113.211820001000092, -7.215114, 0.0 ], [ 113.212093001000085, -7.215003998999975, 0.0 ], [ 113.212134001000095, -7.214445000999945, 0.0 ], [ 113.212141903000088, -7.214283637999927, 0.0 ], [ 113.212145999000086, -7.2142, 0.0 ], [ 113.212297, -7.214128998999968, 0.0 ], [ 113.212298999000041, -7.213919000999965, 0.0 ], [ 113.212236, -7.213828, 0.0 ], [ 113.212253, -7.21349300199995, 0.0 ], [ 113.212271000000101, -7.212941, 0.0 ], [ 113.212313000000108, -7.212843, 0.0 ], [ 113.212380999000061, -7.212669, 0.0 ], [ 113.212422, -7.212386, 0.0 ], [ 113.212429, -7.21211, 0.0 ], [ 113.212444001000108, -7.211814001999926, 0.0 ], [ 113.212452, -7.211610998999959, 0.0 ], [ 113.212445001000106, -7.211457998999947, 0.0 ], [ 113.212314000000106, -7.211123998999938, 0.0 ], [ 113.212260998000033, -7.211067998999965, 0.0 ], [ 113.212009999000088, -7.210627, 0.0 ], [ 113.211943, -7.210498998999981, 0.0 ], [ 113.211898001, -7.210347, 0.0 ], [ 113.211845847000063, -7.210143375999962, 0.0 ], [ 113.211783001000072, -7.209897998999963, 0.0 ], [ 113.211654, -7.209895998999968, 0.0 ], [ 113.211551879000012, -7.209403411999972, 0.0 ], [ 113.211518, -7.209240001999945, 0.0 ], [ 113.211499998000022, -7.209129, 0.0 ], [ 113.211561999000082, -7.20906, 0.0 ], [ 113.211628, -7.208703998999965, 0.0 ], [ 113.211662001000036, -7.208454998999969, 0.0 ], [ 113.211667, -7.208217998999942, 0.0 ], [ 113.211744001000056, -7.207988, 0.0 ], [ 113.211309, -7.207829998999955, 0.0 ], [ 113.211315001000116, -7.207767998999941, 0.0 ], [ 113.210823369000082, -7.207630666999933, 0.0 ], [ 113.210641998000028, -7.20758000099994, 0.0 ], [ 113.210437001000059, -7.207534998999961, 0.0 ], [ 113.210331999, -7.207486001999939, 0.0 ], [ 113.209866, -7.207267, 0.0 ], [ 113.209506, -7.20712599899997, 0.0 ], [ 113.209047, -7.206925, 0.0 ], [ 113.209281, -7.206307998999932, 0.0 ], [ 113.208859672000017, -7.206111590999967, 0.0 ], [ 113.208749, -7.206060000999969, 0.0 ], [ 113.208598366000047, -7.205968610999946, 0.0 ], [ 113.208544048000022, -7.205935654999962, 0.0 ], [ 113.20851, -7.205914998999958, 0.0 ], [ 113.208116118000021, -7.205806143999951, 0.0 ], [ 113.208407216000069, -7.20514596299995, 0.0 ], [ 113.208407325000053, -7.205145712999979, 0.0 ], [ 113.20834999300007, -7.205121347999977, 0.0 ], [ 113.208288, -7.205095, 0.0 ], [ 113.207783543, -7.204884044999972, 0.0 ], [ 113.2077820720001, -7.204883428999949, 0.0 ], [ 113.207737999000074, -7.204864998999938, 0.0 ], [ 113.20771, -7.203886998999963, 0.0 ], [ 113.207521772000064, -7.203367017999938, 0.0 ], [ 113.207470001000047, -7.203223998999931, 0.0 ], [ 113.207932999000036, -7.20236, 0.0 ], [ 113.20849, -7.202413000999968, 0.0 ], [ 113.209011001000022, -7.202569000999972, 0.0 ], [ 113.209101998000051, -7.203191, 0.0 ], [ 113.20965465200004, -7.203367017999938, 0.0 ], [ 113.209821, -7.203419998999948, 0.0 ], [ 113.209854541000027, -7.203367017999938, 0.0 ], [ 113.210073987000101, -7.203020377999962, 0.0 ], [ 113.210216887000115, -7.202794648999941, 0.0 ], [ 113.210291998000116, -7.202676, 0.0 ], [ 113.21030669400011, -7.202678684999967, 0.0 ], [ 113.210911, -7.202789, 0.0 ], [ 113.210947217000012, -7.202636183999971, 0.0 ], [ 113.211084, -7.202059, 0.0 ], [ 113.211122336000017, -7.201805690999947, 0.0 ], [ 113.211139561000095, -7.201691876999973, 0.0 ], [ 113.21119099900011, -7.201351998999939, 0.0 ], [ 113.211162, -7.200778001999936, 0.0 ], [ 113.211388, -7.200516998999944, 0.0 ], [ 113.211908999000116, -7.199878000999945, 0.0 ], [ 113.211983, -7.199766, 0.0 ], [ 113.212058, -7.199708, 0.0 ], [ 113.212115, -7.199641, 0.0 ], [ 113.212084, -7.199571, 0.0 ], [ 113.212006, -7.199398, 0.0 ], [ 113.211993741000015, -7.199379040999929, 0.0 ], [ 113.211810430000014, -7.19909557699998, 0.0 ], [ 113.211688935000097, -7.198929631999931, 0.0 ], [ 113.211566537000067, -7.198762451999926, 0.0 ], [ 113.211536791000071, -7.198607786999958, 0.0 ], [ 113.211435665000067, -7.198459070999945, 0.0 ], [ 113.211382127000093, -7.198393634999945, 0.0 ], [ 113.211322640000049, -7.198221126999954, 0.0 ], [ 113.211328589000118, -7.198143791999939, 0.0 ], [ 113.211453512000048, -7.198114050999948, 0.0 ], [ 113.211904000000118, -7.197938998999973, 0.0 ], [ 113.211947, -7.197808, 0.0 ], [ 113.21198, -7.19776399899996, 0.0 ], [ 113.212082, -7.197722, 0.0 ], [ 113.212140367000075, -7.197680405999961, 0.0 ], [ 113.212169, -7.19766, 0.0 ], [ 113.212209001000019, -7.197583, 0.0 ], [ 113.212218, -7.19738, 0.0 ], [ 113.212207, -7.197265000999948, 0.0 ], [ 113.212178000000108, -7.197221998999964, 0.0 ], [ 113.212123998000038, -7.197169001999953, 0.0 ], [ 113.212105998000084, -7.197138, 0.0 ], [ 113.212121, -7.197080998999979, 0.0 ], [ 113.212215, -7.196963, 0.0 ], [ 113.212266000000113, -7.196928998999965, 0.0 ], [ 113.212391, -7.196904, 0.0 ], [ 113.212533998000026, -7.196912, 0.0 ], [ 113.212698407000062, -7.196925217999933, 0.0 ], [ 113.212733, -7.196927998999968, 0.0 ], [ 113.212928, -7.196857001999945, 0.0 ], [ 113.212923998000065, -7.196816000999945, 0.0 ], [ 113.212912001000063, -7.196758000999978, 0.0 ], [ 113.212862, -7.196668, 0.0 ], [ 113.212811000000102, -7.196552, 0.0 ], [ 113.212848999000016, -7.196467001999963, 0.0 ], [ 113.212926999000047, -7.196378998999933, 0.0 ], [ 113.212932001000013, -7.196282998999948, 0.0 ], [ 113.21296299800008, -7.196239, 0.0 ], [ 113.213167001000102, -7.196153000999971, 0.0 ], [ 113.21324, -7.196128998999939, 0.0 ], [ 113.213238999000055, -7.196059, 0.0 ], [ 113.21319599900005, -7.195988998999951, 0.0 ], [ 113.213145001000044, -7.195905, 0.0 ], [ 113.213257999, -7.195807, 0.0 ], [ 113.213342001000115, -7.195679998999935, 0.0 ], [ 113.213394999000116, -7.195519, 0.0 ], [ 113.213373999000055, -7.195477, 0.0 ], [ 113.213302001000102, -7.195398, 0.0 ], [ 113.213392998000018, -7.195237000999953, 0.0 ], [ 113.213312999000095, -7.19521199899998, 0.0 ], [ 113.213378, -7.194967, 0.0 ], [ 113.213528998000015, -7.195049, 0.0 ], [ 113.213607999000033, -7.195074998999928, 0.0 ], [ 113.213683, -7.195078, 0.0 ], [ 113.213780999000051, -7.195071, 0.0 ], [ 113.213920999000038, -7.195056998999974, 0.0 ], [ 113.214091, -7.195128, 0.0 ], [ 113.214336001000106, -7.195019, 0.0 ], [ 113.214493001000051, -7.195051, 0.0 ], [ 113.214642999000034, -7.195013998999968, 0.0 ], [ 113.214754, -7.195066, 0.0 ], [ 113.214862001000029, -7.195124, 0.0 ], [ 113.214951, -7.195188998999981, 0.0 ], [ 113.215026, -7.195244, 0.0 ], [ 113.215127998000071, -7.195299, 0.0 ], [ 113.21518, -7.195305, 0.0 ], [ 113.215465001000098, -7.195239001999937, 0.0 ], [ 113.215504001000113, -7.195228998999937, 0.0 ], [ 113.215631, -7.195113998999943, 0.0 ], [ 113.215807, -7.195136, 0.0 ], [ 113.215849998000067, -7.195139000999973, 0.0 ], [ 113.215991, -7.195203, 0.0 ], [ 113.21604, -7.195200001999979, 0.0 ], [ 113.216154, -7.195062001999929, 0.0 ], [ 113.216173, -7.195052, 0.0 ], [ 113.216251, -7.195094998999934, 0.0 ], [ 113.216421001000072, -7.195191998999974, 0.0 ], [ 113.216611999000065, -7.195302, 0.0 ], [ 113.216755001000024, -7.195246, 0.0 ], [ 113.217020865000109, -7.19530502799995, 0.0 ], [ 113.217059999000071, -7.195313, 0.0 ], [ 113.217077421000113, -7.195317583999952, 0.0 ], [ 113.217309000000114, -7.195368998999925, 0.0 ], [ 113.217429998000057, -7.195478, 0.0 ], [ 113.217515001000038, -7.195481, 0.0 ], [ 113.21757, -7.19547100099993, 0.0 ], [ 113.217584602000102, -7.195433931999958, 0.0 ], [ 113.217596, -7.195404998999948, 0.0 ], [ 113.217619, -7.195379, 0.0 ], [ 113.21787899900005, -7.195412000999966, 0.0 ], [ 113.217914, -7.195403, 0.0 ], [ 113.217931, -7.195359, 0.0 ], [ 113.217946, -7.195269998999947, 0.0 ], [ 113.217963001000044, -7.195084, 0.0 ], [ 113.217975998000043, -7.194846000999974, 0.0 ], [ 113.21801399800006, -7.194802998999933, 0.0 ], [ 113.21803100000011, -7.194750001999978, 0.0 ], [ 113.217991, -7.194402, 0.0 ], [ 113.218014998000058, -7.194405, 0.0 ], [ 113.218067, -7.194428, 0.0 ], [ 113.218216001000087, -7.194507998999939, 0.0 ], [ 113.218408, -7.194496000999948, 0.0 ], [ 113.218451001000062, -7.194471998999973, 0.0 ], [ 113.218515, -7.194399001999955, 0.0 ], [ 113.218532, -7.194372998999938, 0.0 ], [ 113.218677998000089, -7.194309, 0.0 ], [ 113.218831999000031, -7.194227, 0.0 ], [ 113.218865836000077, -7.194224090999967, 0.0 ], [ 113.219053, -7.194208, 0.0 ], [ 113.219076001000076, -7.19419599899993, 0.0 ], [ 113.219091, -7.194153, 0.0 ], [ 113.219103, -7.194104, 0.0 ], [ 113.219149, -7.193987, 0.0 ], [ 113.219223998000075, -7.19388, 0.0 ], [ 113.219311, -7.193772, 0.0 ], [ 113.219420999000022, -7.19361700099995, 0.0 ], [ 113.219533, -7.193472, 0.0 ], [ 113.219553999000027, -7.193466, 0.0 ], [ 113.219748999000103, -7.193533998999953, 0.0 ], [ 113.219789999000113, -7.193485, 0.0 ], [ 113.219862, -7.19331, 0.0 ], [ 113.219925998, -7.193177, 0.0 ], [ 113.220003998000038, -7.193052000999955, 0.0 ], [ 113.220035, -7.192953, 0.0 ], [ 113.220040999000048, -7.192888998999933, 0.0 ], [ 113.220083999000053, -7.192846, 0.0 ], [ 113.220261, -7.192720000999941, 0.0 ], [ 113.220284001000095, -7.192705, 0.0 ], [ 113.220239999000114, -7.192592, 0.0 ], [ 113.220249, -7.192584000999943, 0.0 ], [ 113.220355999000049, -7.192531, 0.0 ], [ 113.220510998, -7.192436, 0.0 ], [ 113.220723, -7.192302998999935, 0.0 ], [ 113.220732001000101, -7.192276, 0.0 ], [ 113.220681, -7.192214000999968, 0.0 ], [ 113.220606999000097, -7.192134, 0.0 ], [ 113.220616001000053, -7.19210899899997, 0.0 ], [ 113.220675001000018, -7.192042, 0.0 ], [ 113.220749, -7.191981001999977, 0.0 ], [ 113.22084, -7.191868, 0.0 ], [ 113.220852, -7.191868, 0.0 ], [ 113.22088399900008, -7.1919, 0.0 ], [ 113.220926001000066, -7.191934998999955, 0.0 ], [ 113.220968001000074, -7.191954998999961, 0.0 ], [ 113.221028, -7.19195, 0.0 ], [ 113.22107599800006, -7.191948, 0.0 ], [ 113.22111699900006, -7.19193, 0.0 ], [ 113.22117900100011, -7.191886, 0.0 ], [ 113.221227000000113, -7.19187, 0.0 ], [ 113.221289, -7.191865001999929, 0.0 ], [ 113.221328, -7.191872, 0.0 ], [ 113.221377001000064, -7.191799998999954, 0.0 ], [ 113.221454001000097, -7.191702998999972, 0.0 ], [ 113.221477, -7.191700998999977, 0.0 ], [ 113.221521, -7.191744, 0.0 ], [ 113.221575, -7.191785000999971, 0.0 ], [ 113.221648001000062, -7.191787001999955, 0.0 ], [ 113.221734, -7.191773, 0.0 ], [ 113.221836998000072, -7.19175, 0.0 ], [ 113.221863001000088, -7.191758998999944, 0.0 ], [ 113.22187, -7.191791, 0.0 ], [ 113.221894998000039, -7.191869, 0.0 ], [ 113.221958, -7.191889, 0.0 ], [ 113.22199, -7.191885001999935, 0.0 ], [ 113.222029, -7.191834, 0.0 ], [ 113.222084000000109, -7.19174199899993, 0.0 ], [ 113.222097001000066, -7.191633, 0.0 ], [ 113.222110999000051, -7.191610001999948, 0.0 ], [ 113.222178, -7.191610001999948, 0.0 ], [ 113.222198, -7.191565998999977, 0.0 ], [ 113.222264000000109, -7.191458, 0.0 ], [ 113.222294001000023, -7.191384, 0.0 ], [ 113.222294001000023, -7.19134, 0.0 ], [ 113.222289, -7.191304, 0.0 ], [ 113.222259, -7.191276, 0.0 ], [ 113.22216, -7.191217, 0.0 ], [ 113.222031998000034, -7.191119, 0.0 ], [ 113.221967, -7.191058998999949, 0.0 ], [ 113.221965, -7.191013, 0.0 ], [ 113.221962001000065, -7.190902998999945, 0.0 ], [ 113.221989, -7.19077200199996, 0.0 ], [ 113.222010999000076, -7.190649998999959, 0.0 ], [ 113.222004, -7.190599, 0.0 ], [ 113.221973999000056, -7.190556000999948, 0.0 ], [ 113.22196000100007, -7.190503, 0.0 ], [ 113.221969, -7.19045499899994, 0.0 ], [ 113.221991998000021, -7.190409, 0.0 ], [ 113.222053999000082, -7.190323001999957, 0.0 ], [ 113.222145, -7.190235, 0.0 ], [ 113.2222, -7.190196, 0.0 ], [ 113.22223, -7.190160998999943, 0.0 ], [ 113.22227, -7.190082998999969, 0.0 ], [ 113.222348, -7.18992, 0.0 ], [ 113.222453, -7.189685, 0.0 ], [ 113.222482999000022, -7.189643, 0.0 ], [ 113.222535000000107, -7.189622001999965, 0.0 ], [ 113.222729, -7.189589, 0.0 ], [ 113.222826, -7.189582001999952, 0.0 ], [ 113.222867, -7.189516998999977, 0.0 ], [ 113.222954001000062, -7.189367000999937, 0.0 ], [ 113.222992, -7.189307000999975, 0.0 ], [ 113.223034001000087, -7.189238, 0.0 ], [ 113.223041, -7.189203998999972, 0.0 ], [ 113.22304, -7.189104998999937, 0.0 ], [ 113.22302799900001, -7.188997001999951, 0.0 ], [ 113.223004, -7.18887499899995, 0.0 ], [ 113.223018, -7.188769, 0.0 ], [ 113.223042, -7.188513, 0.0 ], [ 113.223069, -7.188328998999964, 0.0 ], [ 113.223132001000067, -7.188156, 0.0 ], [ 113.223198, -7.188004001999957, 0.0 ], [ 113.223272, -7.187873, 0.0 ], [ 113.223365001000047, -7.187680998999951, 0.0 ], [ 113.223381, -7.187649000999954, 0.0 ], [ 113.223363001000052, -7.187633001999927, 0.0 ], [ 113.223354, -7.187601, 0.0 ], [ 113.223393000000101, -7.187506998999936, 0.0 ], [ 113.223414, -7.187494000999948, 0.0 ], [ 113.223484001000088, -7.187515001999941, 0.0 ], [ 113.223493998000095, -7.187512, 0.0 ], [ 113.223512, -7.187455000999933, 0.0 ], [ 113.223542001000055, -7.187305, 0.0 ], [ 113.223609, -7.187108, 0.0 ], [ 113.223619001000088, -7.186995, 0.0 ], [ 113.223615000000109, -7.18686, 0.0 ], [ 113.223615000000109, -7.186829, 0.0 ], [ 113.223566, -7.18677, 0.0 ], [ 113.223558001000015, -7.186739, 0.0 ], [ 113.223567000000116, -7.186625, 0.0 ], [ 113.223571998000011, -7.186513998999942, 0.0 ], [ 113.223551, -7.186413, 0.0 ], [ 113.223508, -7.186232, 0.0 ], [ 113.223508, -7.186216, 0.0 ], [ 113.223537, -7.186198, 0.0 ], [ 113.223570999000117, -7.186168000999942, 0.0 ], [ 113.223593999000059, -7.186119, 0.0 ], [ 113.22359700100003, -7.186066998999934, 0.0 ], [ 113.223576, -7.186033001999931, 0.0 ], [ 113.223521001000108, -7.185997, 0.0 ], [ 113.223533998000107, -7.185977, 0.0 ], [ 113.223613999, -7.185886, 0.0 ], [ 113.223708998, -7.185784, 0.0 ], [ 113.223765999000079, -7.185704, 0.0 ], [ 113.223799, -7.185608, 0.0 ], [ 113.223811, -7.185457998999937, 0.0 ], [ 113.223814001000051, -7.185421998999971, 0.0 ], [ 113.223993, -7.185444, 0.0 ], [ 113.224215998000091, -7.185457998999937, 0.0 ], [ 113.224233999000035, -7.185460998999929, 0.0 ], [ 113.224242001000107, -7.18547899899994, 0.0 ], [ 113.22424, -7.185523, 0.0 ], [ 113.224234998000043, -7.185556998999971, 0.0 ], [ 113.224263001000054, -7.185558998999966, 0.0 ], [ 113.224328, -7.185543000999928, 0.0 ], [ 113.224389999000095, -7.185512, 0.0 ], [ 113.224449998000068, -7.185477998999943, 0.0 ], [ 113.224494, -7.185432, 0.0 ], [ 113.224506999000027, -7.185403998999959, 0.0 ], [ 113.224533, -7.185398, 0.0 ], [ 113.22455600100011, -7.185393, 0.0 ], [ 113.224574001000065, -7.18531300199993, 0.0 ], [ 113.224612001000082, -7.185113, 0.0 ], [ 113.224623999000073, -7.184999001999927, 0.0 ], [ 113.224623, -7.184888, 0.0 ], [ 113.224599, -7.184715, 0.0 ], [ 113.2245150010001, -7.184547, 0.0 ], [ 113.224451999000053, -7.184423998999932, 0.0 ], [ 113.224430998000116, -7.184359, 0.0 ], [ 113.224379001000102, -7.184285, 0.0 ], [ 113.224334999, -7.184254, 0.0 ], [ 113.224333999, -7.184166, 0.0 ], [ 113.224297, -7.184024001999944, 0.0 ], [ 113.224263001000054, -7.183803998999963, 0.0 ], [ 113.224251, -7.183641, 0.0 ], [ 113.224283001000117, -7.183483, 0.0 ], [ 113.224283001000117, -7.183442, 0.0 ], [ 113.224271, -7.183195, 0.0 ], [ 113.22423, -7.183179998999947, 0.0 ], [ 113.224108001000104, -7.183126000999948, 0.0 ], [ 113.223999999000057, -7.183049001999962, 0.0 ], [ 113.223874001000013, -7.182909, 0.0 ], [ 113.223768999000072, -7.182753, 0.0 ], [ 113.223708998, -7.182683, 0.0 ], [ 113.223676001000058, -7.182687, 0.0 ], [ 113.223612999000011, -7.182698001999938, 0.0 ], [ 113.223606, -7.182680001999927, 0.0 ], [ 113.223593999000059, -7.182521000999941, 0.0 ], [ 113.223566858000027, -7.182513085999972, 0.0 ], [ 113.223546, -7.182507, 0.0 ], [ 113.223533998000107, -7.182481, 0.0 ], [ 113.223541001000058, -7.182414, 0.0 ], [ 113.223545, -7.182340998999962, 0.0 ], [ 113.223500001000048, -7.182262998999931, 0.0 ], [ 113.223473998000031, -7.182193001999963, 0.0 ], [ 113.223377998000046, -7.182161, 0.0 ], [ 113.223289001000012, -7.182139, 0.0 ], [ 113.223237, -7.182095001999926, 0.0 ], [ 113.223122000000103, -7.181978001999937, 0.0 ], [ 113.223031000000105, -7.181832998999937, 0.0 ], [ 113.223026998000023, -7.181821001999936, 0.0 ], [ 113.223044998000091, -7.181805, 0.0 ], [ 113.223043, -7.181791, 0.0 ], [ 113.223022, -7.181752, 0.0 ], [ 113.222922, -7.181628, 0.0 ], [ 113.22281, -7.181441998999958, 0.0 ], [ 113.222772998000096, -7.181381998999939, 0.0 ], [ 113.222779001000049, -7.181359, 0.0 ], [ 113.222821001000057, -7.18128, 0.0 ], [ 113.222818001000064, -7.181247998999936, 0.0 ], [ 113.22279499900003, -7.181223, 0.0 ], [ 113.222751, -7.181202, 0.0 ], [ 113.222679, -7.18118, 0.0 ], [ 113.222575, -7.181164, 0.0 ], [ 113.222568, -7.181146, 0.0 ], [ 113.222586001000082, -7.181112998999936, 0.0 ], [ 113.222617999000022, -7.181049, 0.0 ], [ 113.222712000000115, -7.180955998999934, 0.0 ], [ 113.222729, -7.180929, 0.0 ], [ 113.22269699900005, -7.180858998999952, 0.0 ], [ 113.222691, -7.180812, 0.0 ], [ 113.222709, -7.180774, 0.0 ], [ 113.222815, -7.180614, 0.0 ], [ 113.222870998000076, -7.180505998999934, 0.0 ], [ 113.222889358000089, -7.180478247999929, 0.0 ], [ 113.222957001000054, -7.180376000999956, 0.0 ], [ 113.223005998000076, -7.180283, 0.0 ], [ 113.223026998000023, -7.180266, 0.0 ], [ 113.223054001000037, -7.180271998999956, 0.0 ], [ 113.223128, -7.180319001999976, 0.0 ], [ 113.223249001000113, -7.180395000999965, 0.0 ], [ 113.223267001000067, -7.180388998999945, 0.0 ], [ 113.223281999000051, -7.180362, 0.0 ], [ 113.223306001000083, -7.180233998999938, 0.0 ], [ 113.223338998000031, -7.180147, 0.0 ], [ 113.223367001000042, -7.180122000999972, 0.0 ], [ 113.223423001000015, -7.180113, 0.0 ], [ 113.223479000000111, -7.18012300099997, 0.0 ], [ 113.223541001000058, -7.18016400199997, 0.0 ], [ 113.223632999000074, -7.180224, 0.0 ], [ 113.223753001000091, -7.180298000999926, 0.0 ], [ 113.223829, -7.180334, 0.0 ], [ 113.223873001000015, -7.180355, 0.0 ], [ 113.223921809000103, -7.180363414999931, 0.0 ], [ 113.223931001000096, -7.180365, 0.0 ], [ 113.224055, -7.180367998999941, 0.0 ], [ 113.224185001000023, -7.180366, 0.0 ], [ 113.224348, -7.180368998999938, 0.0 ], [ 113.224475001000087, -7.180387, 0.0 ], [ 113.224591, -7.180429998999955, 0.0 ], [ 113.224601, -7.180429998999955, 0.0 ], [ 113.224619, -7.180357000999948, 0.0 ], [ 113.224642, -7.180248, 0.0 ], [ 113.22463, -7.180062, 0.0 ], [ 113.224642, -7.179899, 0.0 ], [ 113.22467000100005, -7.179756, 0.0 ], [ 113.224708, -7.179637001999936, 0.0 ], [ 113.224792, -7.179481001999932, 0.0 ], [ 113.224913, -7.179254, 0.0 ], [ 113.224994998000057, -7.179109000999972, 0.0 ], [ 113.225029, -7.178979, 0.0 ], [ 113.225052999000013, -7.178862, 0.0 ], [ 113.225059000000101, -7.178710998999975, 0.0 ], [ 113.225071, -7.178579, 0.0 ], [ 113.225085, -7.178473, 0.0 ], [ 113.225105, -7.178402998999957, 0.0 ], [ 113.225129, -7.178310001999932, 0.0 ], [ 113.225169999000059, -7.178222998999956, 0.0 ], [ 113.225222, -7.178133000999935, 0.0 ], [ 113.225346998000077, -7.177914998999938, 0.0 ], [ 113.225431001000061, -7.177744000999951, 0.0 ], [ 113.225520999000082, -7.17760900199994, 0.0 ], [ 113.225561998000103, -7.17752, 0.0 ], [ 113.225577, -7.177456, 0.0 ], [ 113.225529001000041, -7.177434001999927, 0.0 ], [ 113.22544399800006, -7.17743, 0.0 ], [ 113.225339, -7.177442998999936, 0.0 ], [ 113.225256001000048, -7.17746, 0.0 ], [ 113.225186, -7.177491001999954, 0.0 ], [ 113.22512000100005, -7.177613, 0.0 ], [ 113.225065, -7.177752, 0.0 ], [ 113.225052999000013, -7.177799, 0.0 ], [ 113.224962, -7.177992998999969, 0.0 ], [ 113.224838998000109, -7.178050998999936, 0.0 ], [ 113.224772, -7.178069998999945, 0.0 ], [ 113.224719, -7.178116001999967, 0.0 ], [ 113.224668, -7.178232001999959, 0.0 ], [ 113.224571, -7.178457998999932, 0.0 ], [ 113.224469998000018, -7.178527, 0.0 ], [ 113.22446, -7.178599, 0.0 ], [ 113.224448, -7.178680000999975, 0.0 ], [ 113.224292000000105, -7.178964998999959, 0.0 ], [ 113.22425699900009, -7.179021, 0.0 ], [ 113.224226, -7.179059, 0.0 ], [ 113.224176998000075, -7.179086, 0.0 ], [ 113.224089, -7.179114, 0.0 ], [ 113.224016, -7.179139, 0.0 ], [ 113.223979, -7.179164, 0.0 ], [ 113.223938, -7.179204, 0.0 ], [ 113.223921809000103, -7.179230871999948, 0.0 ], [ 113.223891001000084, -7.179282, 0.0 ], [ 113.223792001000106, -7.179412998999965, 0.0 ], [ 113.223748999, -7.179448, 0.0 ], [ 113.223709999000107, -7.179469, 0.0 ], [ 113.223649998000042, -7.179477, 0.0 ], [ 113.223615000000109, -7.179480001999934, 0.0 ], [ 113.223559001000012, -7.179459000999941, 0.0 ], [ 113.223473998000031, -7.179415998999957, 0.0 ], [ 113.223289001000012, -7.179314, 0.0 ], [ 113.223259998000117, -7.179285001999972, 0.0 ], [ 113.223259998000117, -7.179271, 0.0 ], [ 113.223286001000019, -7.179223, 0.0 ], [ 113.223284, -7.179209001999936, 0.0 ], [ 113.223251, -7.179185, 0.0 ], [ 113.223054001000037, -7.179058, 0.0 ], [ 113.223046999000076, -7.17905000099995, 0.0 ], [ 113.223053001000039, -7.179024998999978, 0.0 ], [ 113.223098, -7.178919, 0.0 ], [ 113.223171001000082, -7.178794, 0.0 ], [ 113.223240998000051, -7.178649, 0.0 ], [ 113.223355, -7.178441998999972, 0.0 ], [ 113.223483001000091, -7.178297, 0.0 ], [ 113.223596, -7.178175001999932, 0.0 ], [ 113.223621, -7.178128998999966, 0.0 ], [ 113.223629, -7.178085998999961, 0.0 ], [ 113.223625, -7.178048998999941, 0.0 ], [ 113.223583, -7.177981, 0.0 ], [ 113.223583, -7.177949998999964, 0.0 ], [ 113.223592999000061, -7.177919000999964, 0.0 ], [ 113.223609999000018, -7.177888, 0.0 ], [ 113.223655, -7.177844001999972, 0.0 ], [ 113.223696001, -7.177791, 0.0 ], [ 113.223733, -7.177704000999938, 0.0 ], [ 113.223792001000106, -7.177538, 0.0 ], [ 113.223870001000023, -7.177338, 0.0 ], [ 113.223909001000038, -7.177238001999967, 0.0 ], [ 113.223921809000103, -7.177187194999931, 0.0 ], [ 113.223939, -7.177119000999937, 0.0 ], [ 113.223950049000109, -7.176998146999949, 0.0 ], [ 113.223955, -7.176944000999981, 0.0 ], [ 113.224000998000065, -7.176742998999941, 0.0 ], [ 113.224052, -7.176497001999962, 0.0 ], [ 113.224105001000112, -7.176266, 0.0 ], [ 113.224147001, -7.176020998999945, 0.0 ], [ 113.224145001000011, -7.176012, 0.0 ], [ 113.224047001000031, -7.175970001999929, 0.0 ], [ 113.224057, -7.175912001999961, 0.0 ], [ 113.22408099900008, -7.175765, 0.0 ], [ 113.224122, -7.175567, 0.0 ], [ 113.224165001000074, -7.175493998999968, 0.0 ], [ 113.224251, -7.175364000999934, 0.0 ], [ 113.224358001000041, -7.175231001999975, 0.0 ], [ 113.224390998000104, -7.175220998999976, 0.0 ], [ 113.224504, -7.175250001999927, 0.0 ], [ 113.224744999000109, -7.175301998999942, 0.0 ], [ 113.225041001000022, -7.175375, 0.0 ], [ 113.225290999000094, -7.175423000999956, 0.0 ], [ 113.225523999000075, -7.175466, 0.0 ], [ 113.225645001000089, -7.175486, 0.0 ], [ 113.225755998000068, -7.175502001999973, 0.0 ], [ 113.22583299900009, -7.17551, 0.0 ], [ 113.225883, -7.175503001999971, 0.0 ], [ 113.225986, -7.175486, 0.0 ], [ 113.226058001000069, -7.175465001999953, 0.0 ], [ 113.226172001, -7.175427, 0.0 ], [ 113.226197, -7.175413, 0.0 ], [ 113.226231001000087, -7.175259998999934, 0.0 ], [ 113.226239, -7.175233, 0.0 ], [ 113.226323999000101, -7.175233, 0.0 ], [ 113.226573999000038, -7.175246000999948, 0.0 ], [ 113.226684, -7.175252, 0.0 ], [ 113.226731998000105, -7.175233, 0.0 ], [ 113.226841, -7.175195, 0.0 ], [ 113.226950000000102, -7.175139, 0.0 ], [ 113.227122999000017, -7.175089, 0.0 ], [ 113.227227001000074, -7.175049, 0.0 ], [ 113.227317999000093, -7.175018, 0.0 ], [ 113.227395999, -7.175003, 0.0 ], [ 113.227477, -7.174994000999959, 0.0 ], [ 113.227590999000086, -7.174981, 0.0 ], [ 113.227673001000085, -7.17496, 0.0 ], [ 113.227762, -7.174930998999969, 0.0 ], [ 113.22784, -7.174881, 0.0 ], [ 113.227913, -7.174827, 0.0 ], [ 113.227940998, -7.174785, 0.0 ], [ 113.227961999000058, -7.174693998999942, 0.0 ], [ 113.227984000000106, -7.174632, 0.0 ], [ 113.228007001000037, -7.174615998999968, 0.0 ], [ 113.228068, -7.174596998999959, 0.0 ], [ 113.228256000000101, -7.174556, 0.0 ], [ 113.228458, -7.174516, 0.0 ], [ 113.228531001000079, -7.174519998999926, 0.0 ], [ 113.228602998000042, -7.174526000999947, 0.0 ], [ 113.228720998000085, -7.174542, 0.0 ], [ 113.228872, -7.174553, 0.0 ], [ 113.228891, -7.174549, 0.0 ], [ 113.228942001000064, -7.174473, 0.0 ], [ 113.229057, -7.174332001999971, 0.0 ], [ 113.229114, -7.17426699899994, 0.0 ], [ 113.229178001000037, -7.174279, 0.0 ], [ 113.229343998000104, -7.17432, 0.0 ], [ 113.229421000000116, -7.17433000099993, 0.0 ], [ 113.2294680010001, -7.17427, 0.0 ], [ 113.229491, -7.174261, 0.0 ], [ 113.229526001000067, -7.174263, 0.0 ], [ 113.229625001000045, -7.174296, 0.0 ], [ 113.229836, -7.174345998999968, 0.0 ], [ 113.229923, -7.174362998999925, 0.0 ], [ 113.230023, -7.174368, 0.0 ], [ 113.2302, -7.174388000999954, 0.0 ], [ 113.23033, -7.174396, 0.0 ], [ 113.230593999, -7.174426, 0.0 ], [ 113.230640001000097, -7.174423998999941, 0.0 ], [ 113.230706, -7.174416, 0.0 ], [ 113.230797001000042, -7.17440199899994, 0.0 ], [ 113.230852001000017, -7.174396, 0.0 ], [ 113.230896, -7.174392001999934, 0.0 ], [ 113.230982998000059, -7.174390000999949, 0.0 ], [ 113.231093000000101, -7.174396, 0.0 ], [ 113.231242001000055, -7.174406, 0.0 ], [ 113.231308, -7.174403998999935, 0.0 ], [ 113.231335999000066, -7.174398, 0.0 ], [ 113.231380001000048, -7.174392001999934, 0.0 ], [ 113.231438001000015, -7.174364998999977, 0.0 ], [ 113.231505, -7.174335, 0.0 ], [ 113.231591, -7.174305998999955, 0.0 ], [ 113.231738, -7.174252000999957, 0.0 ], [ 113.231750001000023, -7.174247998999931, 0.0 ], [ 113.231778, -7.17425, 0.0 ], [ 113.231886001000021, -7.174255001999938, 0.0 ], [ 113.231972, -7.174257, 0.0 ], [ 113.232027, -7.174255001999938, 0.0 ], [ 113.232102001000044, -7.174241, 0.0 ], [ 113.232210998000028, -7.17423200099995, 0.0 ], [ 113.232328998000071, -7.174227998999982, 0.0 ], [ 113.232437, -7.17422, 0.0 ], [ 113.232556, -7.174218, 0.0 ], [ 113.232674, -7.174211, 0.0 ], [ 113.232722, -7.174205, 0.0 ], [ 113.232734, -7.174194000999933, 0.0 ], [ 113.232751, -7.174175000999981, 0.0 ], [ 113.232795998000029, -7.17401, 0.0 ], [ 113.23285, -7.173803000999953, 0.0 ], [ 113.232883001, -7.17369999899995, 0.0 ], [ 113.232898, -7.173663998999928, 0.0 ], [ 113.232915999000056, -7.173654, 0.0 ], [ 113.232940001000088, -7.173649001999934, 0.0 ], [ 113.233087, -7.173641998999926, 0.0 ], [ 113.233334, -7.173656, 0.0 ], [ 113.233598999000037, -7.173667000999956, 0.0 ], [ 113.233633, -7.173666, 0.0 ], [ 113.233644001000016, -7.173659998999938, 0.0 ], [ 113.233653998000023, -7.173624998999969, 0.0 ], [ 113.233682001000034, -7.173542, 0.0 ], [ 113.233709, -7.173461, 0.0 ], [ 113.233752999000103, -7.173342, 0.0 ], [ 113.233796, -7.173175998999966, 0.0 ], [ 113.233844, -7.173029, 0.0 ], [ 113.233850999000083, -7.173012, 0.0 ], [ 113.233895001000064, -7.173000998999953, 0.0 ], [ 113.234033001000057, -7.173013, 0.0 ], [ 113.234062999000116, -7.173008, 0.0 ], [ 113.234079, -7.172982, 0.0 ], [ 113.23411000100009, -7.172940998999934, 0.0 ], [ 113.234150001000103, -7.172868000999927, 0.0 ], [ 113.234218999000063, -7.172762998999929, 0.0 ], [ 113.234260999000071, -7.172715001999961, 0.0 ], [ 113.234303, -7.172654000999955, 0.0 ], [ 113.234342, -7.172605998999927, 0.0 ], [ 113.234382001000085, -7.172576000999925, 0.0 ], [ 113.234436999000081, -7.172549998999955, 0.0 ], [ 113.234512998000014, -7.172529998999948, 0.0 ], [ 113.234579001000043, -7.172524, 0.0 ], [ 113.234648998000011, -7.172524, 0.0 ], [ 113.234665, -7.172520001999942, 0.0 ], [ 113.234668998000075, -7.172512998999935, 0.0 ], [ 113.234670999000059, -7.172493998999926, 0.0 ], [ 113.234672, -7.172443, 0.0 ], [ 113.234675001000028, -7.172301, 0.0 ], [ 113.234665, -7.172156, 0.0 ], [ 113.234647999000117, -7.171924998999941, 0.0 ], [ 113.234645000000114, -7.171795000999964, 0.0 ], [ 113.234654, -7.171788998999943, 0.0 ], [ 113.234682, -7.171786998999949, 0.0 ], [ 113.234725999000034, -7.171785, 0.0 ], [ 113.234777, -7.171786998999949, 0.0 ], [ 113.23491700000011, -7.171784, 0.0 ], [ 113.235260001000029, -7.171789998999941, 0.0 ], [ 113.235667, -7.171781, 0.0 ], [ 113.2357, -7.171777001999942, 0.0 ], [ 113.235703999000066, -7.171766, 0.0 ], [ 113.235699, -7.17167399899995, 0.0 ], [ 113.235698, -7.171536998999954, 0.0 ], [ 113.235700999000073, -7.17148, 0.0 ], [ 113.235710001000029, -7.171474, 0.0 ], [ 113.235824, -7.171441, 0.0 ], [ 113.235994998000024, -7.17139, 0.0 ], [ 113.236271000000102, -7.171328000999949, 0.0 ], [ 113.236310000000117, -7.171315, 0.0 ], [ 113.236364998000113, -7.171313, 0.0 ], [ 113.236443998000027, -7.171318, 0.0 ], [ 113.236539000000107, -7.171322998999926, 0.0 ], [ 113.236668, -7.171330001999934, 0.0 ], [ 113.236796999000035, -7.171333, 0.0 ], [ 113.236887, -7.171325, 0.0 ], [ 113.236928, -7.171307000999946, 0.0 ], [ 113.236957001000064, -7.171275, 0.0 ], [ 113.236971999000048, -7.171209, 0.0 ], [ 113.236997001000077, -7.171105998999963, 0.0 ], [ 113.237015001000032, -7.171007998999926, 0.0 ], [ 113.237044, -7.170927, 0.0 ], [ 113.237084, -7.170876, 0.0 ], [ 113.237107999000045, -7.170851998999979, 0.0 ], [ 113.237124000000108, -7.17083299899997, 0.0 ], [ 113.23713, -7.170812998999963, 0.0 ], [ 113.237124000000108, -7.170798, 0.0 ], [ 113.237113001000012, -7.170789, 0.0 ], [ 113.237076001000105, -7.170753998999942, 0.0 ], [ 113.237052, -7.170688, 0.0 ], [ 113.237042, -7.170623, 0.0 ], [ 113.237044, -7.170587000999944, 0.0 ], [ 113.23706, -7.170544, 0.0 ], [ 113.2370820000001, -7.170516, 0.0 ], [ 113.23713500100007, -7.170487, 0.0 ], [ 113.237218, -7.17044, 0.0 ], [ 113.23724, -7.170412001999978, 0.0 ], [ 113.237253, -7.17037400199996, 0.0 ], [ 113.237249001, -7.170302, 0.0 ], [ 113.237236, -7.170229998999957, 0.0 ], [ 113.237231001000055, -7.170168, 0.0 ], [ 113.237232001000052, -7.170144, 0.0 ], [ 113.237256000000116, -7.170122, 0.0 ], [ 113.237319, -7.170107, 0.0 ], [ 113.237438999, -7.170106, 0.0 ], [ 113.237524001000111, -7.170104, 0.0 ], [ 113.237554998000064, -7.170097, 0.0 ], [ 113.237572000000114, -7.170074998999951, 0.0 ], [ 113.237608, -7.170004001999928, 0.0 ], [ 113.23763, -7.169903000999966, 0.0 ], [ 113.237661001000106, -7.169827001999977, 0.0 ], [ 113.237737001000028, -7.169669000999932, 0.0 ], [ 113.237785, -7.169534000999931, 0.0 ], [ 113.237817001000053, -7.169387, 0.0 ], [ 113.237833, -7.169229, 0.0 ], [ 113.237833, -7.16914400099995, 0.0 ], [ 113.237825, -7.16907, 0.0 ], [ 113.237807998000108, -7.16903, 0.0 ], [ 113.237775001000045, -7.168988000999946, 0.0 ], [ 113.237728, -7.168941998999969, 0.0 ], [ 113.237669, -7.168889000999968, 0.0 ], [ 113.237656, -7.168857, 0.0 ], [ 113.237658001000113, -7.168822, 0.0 ], [ 113.237676, -7.168778, 0.0 ], [ 113.237702, -7.168725998999946, 0.0 ], [ 113.237719001000073, -7.168655000999934, 0.0 ], [ 113.237709999000117, -7.168598000999964, 0.0 ], [ 113.237663000000111, -7.168508, 0.0 ], [ 113.237605, -7.16842, 0.0 ], [ 113.237533, -7.168335, 0.0 ], [ 113.237513, -7.168328, 0.0 ], [ 113.2375, -7.168328, 0.0 ], [ 113.23748, -7.168338998999957, 0.0 ], [ 113.23743699900001, -7.168355998999971, 0.0 ], [ 113.237398998000117, -7.168376998999975, 0.0 ], [ 113.237338999000031, -7.16837899899997, 0.0 ], [ 113.237303999, -7.16837499899998, 0.0 ], [ 113.23728, -7.168356998999968, 0.0 ], [ 113.237261998, -7.168302, 0.0 ], [ 113.237237, -7.16819000199996, 0.0 ], [ 113.237221999000099, -7.168138, 0.0 ], [ 113.237202, -7.168111001999932, 0.0 ], [ 113.237157, -7.1681, 0.0 ], [ 113.23709400100006, -7.168094, 0.0 ], [ 113.237063, -7.168098, 0.0 ], [ 113.237032000000113, -7.168113, 0.0 ], [ 113.237006, -7.168134, 0.0 ], [ 113.236929998000051, -7.16823, 0.0 ], [ 113.236881001000029, -7.16829, 0.0 ], [ 113.236765000000105, -7.168382000999941, 0.0 ], [ 113.236745001000031, -7.168403000999945, 0.0 ], [ 113.23671, -7.168460000999971, 0.0 ], [ 113.236656998000058, -7.168566, 0.0 ], [ 113.236603, -7.168625, 0.0 ], [ 113.236537000000112, -7.168697001999931, 0.0 ], [ 113.236483999000029, -7.168751, 0.0 ], [ 113.236429, -7.16878, 0.0 ], [ 113.236401000000114, -7.16878799899996, 0.0 ], [ 113.236335001000043, -7.168792000999929, 0.0 ], [ 113.236261, -7.168792000999929, 0.0 ], [ 113.236198001000048, -7.168793000999926, 0.0 ], [ 113.236094999000102, -7.168793000999926, 0.0 ], [ 113.236012999000081, -7.168789, 0.0 ], [ 113.235934, -7.168772000999979, 0.0 ], [ 113.235869, -7.168752000999973, 0.0 ], [ 113.235817000000111, -7.168721, 0.0 ], [ 113.235779998000112, -7.168686998999931, 0.0 ], [ 113.235748001000047, -7.168627998999966, 0.0 ], [ 113.235721265000052, -7.168575481999937, 0.0 ], [ 113.23572, -7.168572998999934, 0.0 ], [ 113.235709001000032, -7.168506, 0.0 ], [ 113.235709001000032, -7.168456998999943, 0.0 ], [ 113.235725000000116, -7.16838500199998, 0.0 ], [ 113.235740998000097, -7.168328, 0.0 ], [ 113.235752, -7.168254, 0.0 ], [ 113.235767001000113, -7.168197, 0.0 ], [ 113.235787001000062, -7.168132001999936, 0.0 ], [ 113.235807001000012, -7.168079, 0.0 ], [ 113.235836, -7.168023, 0.0 ], [ 113.235867001000088, -7.167981, 0.0 ], [ 113.235895, -7.167944, 0.0 ], [ 113.236000000000104, -7.167899, 0.0 ], [ 113.23605, -7.167873, 0.0 ], [ 113.236071998000057, -7.167853, 0.0 ], [ 113.23611900100002, -7.167779000999928, 0.0 ], [ 113.236185, -7.167626, 0.0 ], [ 113.236242, -7.167481998999961, 0.0 ], [ 113.236256952000076, -7.167432357999928, 0.0 ], [ 113.236266998000019, -7.167399, 0.0 ], [ 113.236276001000078, -7.167354, 0.0 ], [ 113.236266998000019, -7.167322998999964, 0.0 ], [ 113.236244, -7.167295, 0.0 ], [ 113.236194, -7.16726, 0.0 ], [ 113.236129999000013, -7.167222, 0.0 ], [ 113.236076, -7.167191, 0.0 ], [ 113.236041001000103, -7.167141, 0.0 ], [ 113.236037, -7.167105, 0.0 ], [ 113.236037, -7.167036000999929, 0.0 ], [ 113.236033998000039, -7.166985, 0.0 ], [ 113.236027, -7.166957, 0.0 ], [ 113.236012999000081, -7.166911, 0.0 ], [ 113.236004103000027, -7.166878151999981, 0.0 ], [ 113.236000000000104, -7.166863001999957, 0.0 ], [ 113.23599, -7.166814998999939, 0.0 ], [ 113.23598400100002, -7.166771, 0.0 ], [ 113.23599, -7.166725000999975, 0.0 ], [ 113.235998000000109, -7.166676, 0.0 ], [ 113.236002001000088, -7.166633, 0.0 ], [ 113.236009, -7.166611001999968, 0.0 ], [ 113.236083, -7.166536, 0.0 ], [ 113.236121001000015, -7.166502998999931, 0.0 ], [ 113.236159001000033, -7.166476, 0.0 ], [ 113.236168090000092, -7.166468929999951, 0.0 ], [ 113.236177001000101, -7.166462, 0.0 ], [ 113.236202, -7.16643400199996, 0.0 ], [ 113.236226000000102, -7.166415001999951, 0.0 ], [ 113.236259, -7.166401, 0.0 ], [ 113.23629500100003, -7.166392, 0.0 ], [ 113.23634, -7.166384, 0.0 ], [ 113.236385999000049, -7.166379, 0.0 ], [ 113.236417, -7.166376001999936, 0.0 ], [ 113.236447000000112, -7.166368998999928, 0.0 ], [ 113.236470001000043, -7.166354000999945, 0.0 ], [ 113.236497, -7.166334000999939, 0.0 ], [ 113.236512, -7.166305, 0.0 ], [ 113.236521998000057, -7.166274, 0.0 ], [ 113.236530001, -7.166248, 0.0 ], [ 113.236532, -7.166224, 0.0 ], [ 113.236519, -7.166171998999971, 0.0 ], [ 113.236514, -7.166125, 0.0 ], [ 113.236507, -7.16608200099995, 0.0 ], [ 113.236491001000104, -7.166056998999977, 0.0 ], [ 113.236481998000045, -7.16604, 0.0 ], [ 113.236461998000095, -7.166018998999959, 0.0 ], [ 113.236443998000027, -7.166, 0.0 ], [ 113.236415, -7.165977998999949, 0.0 ], [ 113.236391001000015, -7.165966001999948, 0.0 ], [ 113.236371001000066, -7.165954, 0.0 ], [ 113.236353001000111, -7.165949, 0.0 ], [ 113.236335001000043, -7.165948001999936, 0.0 ], [ 113.236312000000112, -7.165949, 0.0 ], [ 113.236266000000114, -7.165954, 0.0 ], [ 113.236213, -7.165967001999945, 0.0 ], [ 113.236161, -7.165971, 0.0 ], [ 113.236125, -7.165967001999945, 0.0 ], [ 113.236090999000112, -7.16595899899994, 0.0 ], [ 113.236069, -7.165951, 0.0 ], [ 113.236048, -7.165945000999955, 0.0 ], [ 113.236026, -7.165939998999932, 0.0 ], [ 113.236009, -7.165940998999929, 0.0 ], [ 113.235998000000109, -7.165944000999957, 0.0 ], [ 113.235959, -7.165962, 0.0 ], [ 113.235918999000091, -7.165974, 0.0 ], [ 113.235884001000045, -7.165979998999944, 0.0 ], [ 113.235858998000026, -7.165978998999947, 0.0 ], [ 113.235842, -7.165975998999954, 0.0 ], [ 113.235804, -7.165955, 0.0 ], [ 113.235767001000113, -7.165926000999946, 0.0 ], [ 113.235725000000116, -7.165906000999939, 0.0 ], [ 113.235681998000018, -7.165896, 0.0 ], [ 113.23564900100007, -7.165895, 0.0 ], [ 113.235574001000032, -7.165906000999939, 0.0 ], [ 113.235512, -7.165920998999979, 0.0 ], [ 113.235483, -7.165935, 0.0 ], [ 113.235449911000046, -7.165951543999938, 0.0 ], [ 113.235445, -7.165954, 0.0 ], [ 113.23541099900001, -7.165975998999954, 0.0 ], [ 113.235392999000055, -7.165998998999953, 0.0 ], [ 113.235378001000072, -7.166016998999964, 0.0 ], [ 113.235362, -7.16603, 0.0 ], [ 113.235346, -7.166036998999971, 0.0 ], [ 113.235331998000106, -7.166042000999937, 0.0 ], [ 113.235313999000027, -7.166045001999976, 0.0 ], [ 113.235299001000044, -7.166045001999976, 0.0 ], [ 113.235286, -7.166043000999935, 0.0 ], [ 113.235271, -7.166039, 0.0 ], [ 113.235261001000026, -7.166033998999978, 0.0 ], [ 113.235254999000063, -7.166025001999969, 0.0 ], [ 113.235239, -7.165994998999963, 0.0 ], [ 113.235232999, -7.165936998999939, 0.0 ], [ 113.235231000000113, -7.165886000999933, 0.0 ], [ 113.235225516000014, -7.16586899899994, 0.0 ], [ 113.235221001000014, -7.165855, 0.0 ], [ 113.235194998000111, -7.165820998999948, 0.0 ], [ 113.235145001000092, -7.165780998999935, 0.0 ], [ 113.235086001000013, -7.165750000999935, 0.0 ], [ 113.235017, -7.165721, 0.0 ], [ 113.234962999000118, -7.165711000999977, 0.0 ], [ 113.234915000000115, -7.165710000999979, 0.0 ], [ 113.23484299900008, -7.165716, 0.0 ], [ 113.234792445000039, -7.165723119999939, 0.0 ], [ 113.23477200100001, -7.16572599899996, 0.0 ], [ 113.23467800100002, -7.165749000999938, 0.0 ], [ 113.234588, -7.165771001999929, 0.0 ], [ 113.234504, -7.165789000999951, 0.0 ], [ 113.234480001000065, -7.165791001999935, 0.0 ], [ 113.234459, -7.165784998999925, 0.0 ], [ 113.2344339980001, -7.165774, 0.0 ], [ 113.234419000000116, -7.165761998999926, 0.0 ], [ 113.234405001000027, -7.165741998999977, 0.0 ], [ 113.234397999000066, -7.165712001999964, 0.0 ], [ 113.234396999000069, -7.165683998999953, 0.0 ], [ 113.234419000000116, -7.165643, 0.0 ], [ 113.234446, -7.165612, 0.0 ], [ 113.234481001000063, -7.165563, 0.0 ], [ 113.234490025000014, -7.165554491999956, 0.0 ], [ 113.234516, -7.165529998999943, 0.0 ], [ 113.234532998000077, -7.16551500099996, 0.0 ], [ 113.234547, -7.165494, 0.0 ], [ 113.234550998000032, -7.165460001999975, 0.0 ], [ 113.234559001000093, -7.165431998999964, 0.0 ], [ 113.234566, -7.165402001999951, 0.0 ], [ 113.234565, -7.165372998999942, 0.0 ], [ 113.234550998000032, -7.16531299899998, 0.0 ], [ 113.23453, -7.165241, 0.0 ], [ 113.234513999000114, -7.165187001999925, 0.0 ], [ 113.234492998000064, -7.165132, 0.0 ], [ 113.234479001000068, -7.165111, 0.0 ], [ 113.234471691000067, -7.165102361999971, 0.0 ], [ 113.234468000000106, -7.165097998999954, 0.0 ], [ 113.234448, -7.165085, 0.0 ], [ 113.234426, -7.165071, 0.0 ], [ 113.234409, -7.165058, 0.0 ], [ 113.2344, -7.165045, 0.0 ], [ 113.2344, -7.165021998999975, 0.0 ], [ 113.234403001000032, -7.164991001999965, 0.0 ], [ 113.234413999000026, -7.164958, 0.0 ], [ 113.23443, -7.16490499899993, 0.0 ], [ 113.234453998000049, -7.164838, 0.0 ], [ 113.234488, -7.164774000999955, 0.0 ], [ 113.234512998000014, -7.164727, 0.0 ], [ 113.234529684000108, -7.16469901499994, 0.0 ], [ 113.234544, -7.164675, 0.0 ], [ 113.234550998000032, -7.164651998999943, 0.0 ], [ 113.234557001000098, -7.164613998999926, 0.0 ], [ 113.234558001000096, -7.164578, 0.0 ], [ 113.234551998000029, -7.164544001999957, 0.0 ], [ 113.234543, -7.164493998999944, 0.0 ], [ 113.234542, -7.164463000999945, 0.0 ], [ 113.234545, -7.164425001999973, 0.0 ], [ 113.234550998000032, -7.164392, 0.0 ], [ 113.234555000000114, -7.16437, 0.0 ], [ 113.234558001000096, -7.164357998999947, 0.0 ], [ 113.234557001000098, -7.164344, 0.0 ], [ 113.234552999000016, -7.164336, 0.0 ], [ 113.23453900100003, -7.16433, 0.0 ], [ 113.234513999000114, -7.164327000999947, 0.0 ], [ 113.234478, -7.164326000999949, 0.0 ], [ 113.234443001000045, -7.164325, 0.0 ], [ 113.234408115000065, -7.164322446999961, 0.0 ], [ 113.234402001000035, -7.164321998999981, 0.0 ], [ 113.234393, -7.164317, 0.0 ], [ 113.234332000000109, -7.164279998999973, 0.0 ], [ 113.234309, -7.164271001999964, 0.0 ], [ 113.234293, -7.164270001999967, 0.0 ], [ 113.234272, -7.164270001999967, 0.0 ], [ 113.234239998000021, -7.164274, 0.0 ], [ 113.234210001000065, -7.164284, 0.0 ], [ 113.234172, -7.164291, 0.0 ], [ 113.234153000000106, -7.164299998999979, 0.0 ], [ 113.234131001000037, -7.164309001999925, 0.0 ], [ 113.234103999000013, -7.164313, 0.0 ], [ 113.234082998000076, -7.164312, 0.0 ], [ 113.234068, -7.164308001999927, 0.0 ], [ 113.234025999000096, -7.164293, 0.0 ], [ 113.233993001000044, -7.164275, 0.0 ], [ 113.233962, -7.164254, 0.0 ], [ 113.233910999000045, -7.16422, 0.0 ], [ 113.233886, -7.164196, 0.0 ], [ 113.233870999000032, -7.164174, 0.0 ], [ 113.233859001000042, -7.164144998999973, 0.0 ], [ 113.233847, -7.16411500199996, 0.0 ], [ 113.233834000000115, -7.164087998999946, 0.0 ], [ 113.233828999000025, -7.164081, 0.0 ], [ 113.233818001000031, -7.164076001999945, 0.0 ], [ 113.233807, -7.164072000999965, 0.0 ], [ 113.233796, -7.16407, 0.0 ], [ 113.23377399900005, -7.16406799899994, 0.0 ], [ 113.233757, -7.16406799899994, 0.0 ], [ 113.233731, -7.164064, 0.0 ], [ 113.23371, -7.16406, 0.0 ], [ 113.233687, -7.164048998999931, 0.0 ], [ 113.233669, -7.164039, 0.0 ], [ 113.233646, -7.164023, 0.0 ], [ 113.233632, -7.164013, 0.0 ], [ 113.23362, -7.164003, 0.0 ], [ 113.233606, -7.163988998999969, 0.0 ], [ 113.233593, -7.163974, 0.0 ], [ 113.233581, -7.163953, 0.0 ], [ 113.233574, -7.163943, 0.0 ], [ 113.233571, -7.163927998999952, 0.0 ], [ 113.233569000000102, -7.163909998999941, 0.0 ], [ 113.233568000000105, -7.163883, 0.0 ], [ 113.233566001000099, -7.163858000999937, 0.0 ], [ 113.233571, -7.163833998999962, 0.0 ], [ 113.23357799900009, -7.163811998999961, 0.0 ], [ 113.233586001000049, -7.16379, 0.0 ], [ 113.233595998000055, -7.163773998999943, 0.0 ], [ 113.233610000000112, -7.163753998999937, 0.0 ], [ 113.23363499800007, -7.163727, 0.0 ], [ 113.233660001000089, -7.163707, 0.0 ], [ 113.233689, -7.163684001999968, 0.0 ], [ 113.233715999000083, -7.163669, 0.0 ], [ 113.233753999000101, -7.163645001999953, 0.0 ], [ 113.233768, -7.163635998999951, 0.0 ], [ 113.233780001000014, -7.163628, 0.0 ], [ 113.233789000000115, -7.16361, 0.0 ], [ 113.233796, -7.163580998999976, 0.0 ], [ 113.233800001000077, -7.163560998999969, 0.0 ], [ 113.233793999000113, -7.163518, 0.0 ], [ 113.233789000000115, -7.163479, 0.0 ], [ 113.233784, -7.16342900099994, 0.0 ], [ 113.233785, -7.163374001999955, 0.0 ], [ 113.233787, -7.163342, 0.0 ], [ 113.233793133000063, -7.163306069999976, 0.0 ], [ 113.233793999000113, -7.163301, 0.0 ], [ 113.233807, -7.163273000999936, 0.0 ], [ 113.233838001000095, -7.163223, 0.0 ], [ 113.233883000000105, -7.16316, 0.0 ], [ 113.233923000000118, -7.163108998999974, 0.0 ], [ 113.233966998000028, -7.163052998999945, 0.0 ], [ 113.234003, -7.163002001999928, 0.0 ], [ 113.234021, -7.162952, 0.0 ], [ 113.234039, -7.162904001999948, 0.0 ], [ 113.234052001, -7.16286600199993, 0.0 ], [ 113.234056, -7.162839998999971, 0.0 ], [ 113.234049, -7.162807001999965, 0.0 ], [ 113.23404, -7.162755, 0.0 ], [ 113.234033001000057, -7.162738, 0.0 ], [ 113.234024998000109, -7.162722998999925, 0.0 ], [ 113.234002, -7.162710001999926, 0.0 ], [ 113.233974001000092, -7.162699998999926, 0.0 ], [ 113.233926998000015, -7.162683998999967, 0.0 ], [ 113.233870999000032, -7.162660998999968, 0.0 ], [ 113.233819001000029, -7.162637, 0.0 ], [ 113.233787, -7.162614, 0.0 ], [ 113.233764, -7.16258599899993, 0.0 ], [ 113.233737, -7.162552000999938, 0.0 ], [ 113.23373299800005, -7.162543, 0.0 ], [ 113.233733999000037, -7.162533000999929, 0.0 ], [ 113.233740001000115, -7.162522, 0.0 ], [ 113.2337500000001, -7.162512000999925, 0.0 ], [ 113.233762, -7.16249400099997, 0.0 ], [ 113.233770998000068, -7.162475001999951, 0.0 ], [ 113.23378999900001, -7.162443, 0.0 ], [ 113.233810998000081, -7.162406998999927, 0.0 ], [ 113.233825, -7.162387998999975, 0.0 ], [ 113.233844, -7.162363, 0.0 ], [ 113.233861, -7.162335, 0.0 ], [ 113.233878001000107, -7.162305, 0.0 ], [ 113.233904, -7.162270998999929, 0.0 ], [ 113.233909999000048, -7.162248, 0.0 ], [ 113.233918, -7.162211998999965, 0.0 ], [ 113.23392600000011, -7.162165, 0.0 ], [ 113.233929999000111, -7.162126, 0.0 ], [ 113.233936001000075, -7.162096998999971, 0.0 ], [ 113.233942, -7.162062, 0.0 ], [ 113.233948999000063, -7.162024000999963, 0.0 ], [ 113.233962, -7.16199, 0.0 ], [ 113.233972001000097, -7.161956, 0.0 ], [ 113.233982, -7.161923998999953, 0.0 ], [ 113.233991, -7.161901998999952, 0.0 ], [ 113.233999, -7.161888000999966, 0.0 ], [ 113.234007999000028, -7.161876, 0.0 ], [ 113.2340200000001, -7.161868000999959, 0.0 ], [ 113.234041, -7.16186, 0.0 ], [ 113.234061000000111, -7.161858, 0.0 ], [ 113.234095, -7.161855, 0.0 ], [ 113.234144999000023, -7.161858, 0.0 ], [ 113.234218999000063, -7.161857, 0.0 ], [ 113.234287001000098, -7.161856, 0.0 ], [ 113.234312, -7.161856, 0.0 ], [ 113.234328, -7.161854, 0.0 ], [ 113.234335999000109, -7.161850000999948, 0.0 ], [ 113.23434300100007, -7.16184299899993, 0.0 ], [ 113.234349, -7.16183300199998, 0.0 ], [ 113.234355998000069, -7.161796, 0.0 ], [ 113.234361, -7.161731, 0.0 ], [ 113.234365001000015, -7.161678, 0.0 ], [ 113.234372, -7.161615000999973, 0.0 ], [ 113.234376998000016, -7.161581, 0.0 ], [ 113.234378999000114, -7.161539001999927, 0.0 ], [ 113.234378022000101, -7.161533136999935, 0.0 ], [ 113.234374000000116, -7.161509, 0.0 ], [ 113.234367, -7.161488, 0.0 ], [ 113.23436, -7.161468, 0.0 ], [ 113.234345001000065, -7.161447, 0.0 ], [ 113.234335000000101, -7.161429, 0.0 ], [ 113.234335999000109, -7.161373998999977, 0.0 ], [ 113.234337998000115, -7.161314, 0.0 ], [ 113.234332000000109, -7.161278998999933, 0.0 ], [ 113.234330000000114, -7.161217, 0.0 ], [ 113.234332000000109, -7.161131001999934, 0.0 ], [ 113.234334000000104, -7.161070000999928, 0.0 ], [ 113.234337998000115, -7.161048, 0.0 ], [ 113.234338999000101, -7.161034, 0.0 ], [ 113.234342, -7.161025998999946, 0.0 ], [ 113.234375998000019, -7.16099, 0.0 ], [ 113.234407, -7.160954001999926, 0.0 ], [ 113.23445, -7.160906998999963, 0.0 ], [ 113.234506, -7.160839, 0.0 ], [ 113.234552999000016, -7.160791998999969, 0.0 ], [ 113.234603000000106, -7.160747, 0.0 ], [ 113.234642, -7.160700001999942, 0.0 ], [ 113.234676001000025, -7.160655998999971, 0.0 ], [ 113.234688649000077, -7.160638383999981, 0.0 ], [ 113.234704, -7.160616998999956, 0.0 ], [ 113.234739000000104, -7.160567, 0.0 ], [ 113.234764999000049, -7.160533, 0.0 ], [ 113.234773001, -7.160508, 0.0 ], [ 113.234784000000104, -7.16047, 0.0 ], [ 113.234787999000105, -7.160431, 0.0 ], [ 113.234795001000066, -7.160407000999953, 0.0 ], [ 113.234791001000076, -7.160387000999947, 0.0 ], [ 113.23477, -7.160367000999941, 0.0 ], [ 113.234754001000056, -7.160350001999973, 0.0 ], [ 113.234737000000109, -7.160334, 0.0 ], [ 113.234733001000109, -7.160318, 0.0 ], [ 113.234735001000104, -7.160296, 0.0 ], [ 113.234741, -7.160275, 0.0 ], [ 113.23476, -7.16026299899994, 0.0 ], [ 113.234795001000066, -7.160241, 0.0 ], [ 113.234814001000018, -7.160223998999925, 0.0 ], [ 113.234823998000024, -7.1602, 0.0 ], [ 113.234824998000022, -7.160174001999962, 0.0 ], [ 113.234824671000069, -7.160159244999932, 0.0 ], [ 113.234823998000024, -7.160128998999937, 0.0 ], [ 113.234811001000025, -7.160064, 0.0 ], [ 113.234789, -7.159981, 0.0 ], [ 113.23477200100001, -7.159909, 0.0 ], [ 113.234766998000055, -7.159851998999955, 0.0 ], [ 113.234763737000094, -7.159803048999947, 0.0 ], [ 113.234763, -7.159792, 0.0 ], [ 113.234759, -7.159753, 0.0 ], [ 113.234755001000053, -7.159736998999961, 0.0 ], [ 113.234747999000092, -7.159726001999957, 0.0 ], [ 113.234737000000109, -7.159715998999957, 0.0 ], [ 113.234721, -7.159711, 0.0 ], [ 113.234706, -7.159709, 0.0 ], [ 113.234668998000075, -7.159707001999948, 0.0 ], [ 113.234652618000041, -7.159706137999933, 0.0 ], [ 113.234630999000046, -7.159705000999963, 0.0 ], [ 113.234599001000106, -7.159703, 0.0 ], [ 113.234571998000092, -7.159691, 0.0 ], [ 113.23453199800008, -7.159665000999951, 0.0 ], [ 113.23448200100006, -7.159623, 0.0 ], [ 113.234456999000031, -7.159597, 0.0 ], [ 113.2344339980001, -7.159556, 0.0 ], [ 113.23443, -7.159531001999937, 0.0 ], [ 113.23443, -7.159522202999938, 0.0 ], [ 113.234430192000104, -7.159508366999944, 0.0 ], [ 113.234432, -7.159493001999977, 0.0 ], [ 113.234446, -7.159461998999973, 0.0 ], [ 113.234475999000097, -7.159405998999944, 0.0 ], [ 113.234499009000046, -7.159359982999945, 0.0 ], [ 113.234503, -7.159352, 0.0 ], [ 113.234510000000114, -7.159334000999934, 0.0 ], [ 113.234513999000114, -7.159314000999927, 0.0 ], [ 113.234512998000014, -7.159286, 0.0 ], [ 113.234512998000014, -7.159267998999951, 0.0 ], [ 113.234511998000016, -7.159242, 0.0 ], [ 113.23451499600003, -7.159214288999976, 0.0 ], [ 113.234516, -7.159205, 0.0 ], [ 113.234516, -7.159149998999965, 0.0 ], [ 113.234513015000061, -7.159105208999961, 0.0 ], [ 113.234511000000111, -7.159074998999927, 0.0 ], [ 113.234508, -7.159059, 0.0 ], [ 113.234499001000017, -7.159039, 0.0 ], [ 113.234478, -7.158999, 0.0 ], [ 113.23447452500011, -7.158990977999963, 0.0 ], [ 113.234465000000114, -7.158969, 0.0 ], [ 113.234447, -7.158921, 0.0 ], [ 113.234439, -7.158880998999962, 0.0 ], [ 113.234436999000081, -7.158845, 0.0 ], [ 113.234434998000097, -7.158824, 0.0 ], [ 113.234425000000101, -7.158816, 0.0 ], [ 113.234422582000093, -7.158815322999942, 0.0 ], [ 113.2344, -7.158809001999941, 0.0 ], [ 113.23437, -7.158806, 0.0 ], [ 113.234334000000104, -7.158798, 0.0 ], [ 113.23430600100005, -7.158786, 0.0 ], [ 113.234284001000105, -7.158770001999926, 0.0 ], [ 113.234267001000035, -7.158750001999977, 0.0 ], [ 113.234260999000071, -7.158729000999926, 0.0 ], [ 113.234251, -7.158691000999966, 0.0 ], [ 113.234233, -7.158607998999969, 0.0 ], [ 113.234218999000063, -7.158513, 0.0 ], [ 113.23420800100007, -7.158423, 0.0 ], [ 113.234206675000109, -7.158413841999959, 0.0 ], [ 113.234197000000108, -7.158347, 0.0 ], [ 113.234194000000116, -7.15833, 0.0 ], [ 113.234188001, -7.158294998999963, 0.0 ], [ 113.234185393000075, -7.158290435999959, 0.0 ], [ 113.234172, -7.158267, 0.0 ], [ 113.234155000000101, -7.158228, 0.0 ], [ 113.234131001000037, -7.158176998999977, 0.0 ], [ 113.234116, -7.158141, 0.0 ], [ 113.234113, -7.158132, 0.0 ], [ 113.234112001000085, -7.158124000999976, 0.0 ], [ 113.234112001000085, -7.158115, 0.0 ], [ 113.234119, -7.158093, 0.0 ], [ 113.234126, -7.158072, 0.0 ], [ 113.234132001000035, -7.158041998999977, 0.0 ], [ 113.23414, -7.158008000999928, 0.0 ], [ 113.23414412000011, -7.157972289999975, 0.0 ], [ 113.234146, -7.157956, 0.0 ], [ 113.234149001000105, -7.157923998999934, 0.0 ], [ 113.234152000000108, -7.157895, 0.0 ], [ 113.234153000000106, -7.157870000999935, 0.0 ], [ 113.234159, -7.15785, 0.0 ], [ 113.234162212000115, -7.157834582999953, 0.0 ], [ 113.234162985000012, -7.157830866999973, 0.0 ], [ 113.234163999000089, -7.157826, 0.0 ], [ 113.234173, -7.15781, 0.0 ], [ 113.234187001, -7.157791, 0.0 ], [ 113.234200998, -7.157775001999937, 0.0 ], [ 113.234210001000065, -7.157761, 0.0 ], [ 113.234221999000056, -7.157749998999975, 0.0 ], [ 113.234236, -7.157743, 0.0 ], [ 113.23425, -7.157729998999969, 0.0 ], [ 113.234260999000071, -7.157716000999926, 0.0 ], [ 113.234266001000037, -7.157688998999959, 0.0 ], [ 113.234267001000035, -7.157661, 0.0 ], [ 113.234266001000037, -7.157634, 0.0 ], [ 113.234254, -7.157549, 0.0 ], [ 113.234239998000021, -7.157478, 0.0 ], [ 113.23422800100002, -7.157395998999959, 0.0 ], [ 113.234224120000022, -7.15735875799993, 0.0 ], [ 113.234222999000053, -7.157348001999935, 0.0 ], [ 113.234215, -7.157303, 0.0 ], [ 113.234205, -7.157240998999953, 0.0 ], [ 113.234205, -7.157215, 0.0 ], [ 113.234205, -7.157194, 0.0 ], [ 113.23420800100007, -7.15717000099994, 0.0 ], [ 113.23421246800001, -7.157154678999973, 0.0 ], [ 113.234215, -7.157145998999965, 0.0 ], [ 113.234227001000022, -7.157094001999951, 0.0 ], [ 113.234231, -7.157033000999945, 0.0 ], [ 113.234229001000017, -7.156964, 0.0 ], [ 113.234221999000056, -7.156888998999932, 0.0 ], [ 113.234212, -7.156796, 0.0 ], [ 113.234207001000073, -7.156741000999943, 0.0 ], [ 113.234202999000104, -7.156699, 0.0 ], [ 113.234197000000108, -7.156625001999942, 0.0 ], [ 113.234204, -7.156574, 0.0 ], [ 113.234207001000073, -7.156516, 0.0 ], [ 113.234211, -7.156481998999936, 0.0 ], [ 113.234215, -7.156471, 0.0 ], [ 113.234216, -7.156441998999981, 0.0 ], [ 113.234224, -7.156397, 0.0 ], [ 113.234227001000022, -7.156361998999955, 0.0 ], [ 113.234219998000071, -7.156334, 0.0 ], [ 113.234217, -7.156316, 0.0 ], [ 113.23420800100007, -7.156304998999929, 0.0 ], [ 113.234191, -7.156298, 0.0 ], [ 113.234170001000052, -7.15629200099994, 0.0 ], [ 113.234146, -7.156289, 0.0 ], [ 113.234115, -7.156283998999982, 0.0 ], [ 113.23408, -7.156277, 0.0 ], [ 113.234062952000045, -7.156271753999931, 0.0 ], [ 113.234054001000118, -7.156269, 0.0 ], [ 113.234031001000062, -7.156257, 0.0 ], [ 113.234018000000106, -7.156244998999966, 0.0 ], [ 113.234015001000103, -7.156226998999955, 0.0 ], [ 113.234011001000113, -7.156196001999945, 0.0 ], [ 113.234011001000113, -7.156158001999927, 0.0 ], [ 113.2340200000001, -7.15612, 0.0 ], [ 113.234025999000096, -7.156110998999964, 0.0 ], [ 113.234043, -7.156098001999965, 0.0 ], [ 113.234063998000011, -7.156077000999971, 0.0 ], [ 113.234089001000029, -7.156056, 0.0 ], [ 113.2341071190001, -7.15604485199998, 0.0 ], [ 113.234115, -7.156040001999941, 0.0 ], [ 113.234133, -7.15601800099995, 0.0 ], [ 113.234141998000041, -7.155999000999941, 0.0 ], [ 113.2341510010001, -7.155979000999935, 0.0 ], [ 113.234153000000106, -7.155949, 0.0 ], [ 113.2341510010001, -7.155913998999949, 0.0 ], [ 113.234150001000103, -7.155879, 0.0 ], [ 113.234154000000103, -7.15584, 0.0 ], [ 113.234158, -7.155813, 0.0 ], [ 113.23416700100006, -7.155773, 0.0 ], [ 113.234185, -7.155736, 0.0 ], [ 113.234196000000111, -7.155702998999971, 0.0 ], [ 113.234201999000106, -7.155659, 0.0 ], [ 113.234199998, -7.155635, 0.0 ], [ 113.234195000000113, -7.155621998999948, 0.0 ], [ 113.234187001, -7.155611001999944, 0.0 ], [ 113.234175, -7.155609000999959, 0.0 ], [ 113.234158, -7.155608000999962, 0.0 ], [ 113.234140999000033, -7.155610001999946, 0.0 ], [ 113.234123999000076, -7.155612001999941, 0.0 ], [ 113.2341, -7.155612001999941, 0.0 ], [ 113.23408, -7.155606, 0.0 ], [ 113.234064999000111, -7.155592001999935, 0.0 ], [ 113.234043, -7.155571001999931, 0.0 ], [ 113.234017000000108, -7.155555, 0.0 ], [ 113.234, -7.155550000999938, 0.0 ], [ 113.23398, -7.155548, 0.0 ], [ 113.233964, -7.155546998999966, 0.0 ], [ 113.233945, -7.155548, 0.0 ], [ 113.233924000000115, -7.155556, 0.0 ], [ 113.233895001000064, -7.155564998999978, 0.0 ], [ 113.23385199900008, -7.155578, 0.0 ], [ 113.233806, -7.155591001999937, 0.0 ], [ 113.233775, -7.155595, 0.0 ], [ 113.233743000000118, -7.155596, 0.0 ], [ 113.233706, -7.155594, 0.0 ], [ 113.23367599900007, -7.155589000999953, 0.0 ], [ 113.233651, -7.155577, 0.0 ], [ 113.233623001000069, -7.15556, 0.0 ], [ 113.233593, -7.15554, 0.0 ], [ 113.233571, -7.15552299899997, 0.0 ], [ 113.233520999, -7.155492000999971, 0.0 ], [ 113.233481999000105, -7.155471, 0.0 ], [ 113.233449001000054, -7.15545500199994, 0.0 ], [ 113.233414, -7.155441, 0.0 ], [ 113.233390001000089, -7.155438, 0.0 ], [ 113.233368001000031, -7.155436001999931, 0.0 ], [ 113.233343999000112, -7.155438, 0.0 ], [ 113.233311001000061, -7.155445998999937, 0.0 ], [ 113.233289789000082, -7.155452305999972, 0.0 ], [ 113.233274001000041, -7.155457, 0.0 ], [ 113.233246999000016, -7.155471, 0.0 ], [ 113.233214001000078, -7.155482, 0.0 ], [ 113.233187999000052, -7.155491000999973, 0.0 ], [ 113.233160000000112, -7.155495001999952, 0.0 ], [ 113.233128999000087, -7.155498, 0.0 ], [ 113.233107998000037, -7.155498, 0.0 ], [ 113.233082, -7.155498, 0.0 ], [ 113.233062, -7.155494001999955, 0.0 ], [ 113.233047, -7.155487998999945, 0.0 ], [ 113.233041, -7.155479, 0.0 ], [ 113.233039001000066, -7.155463, 0.0 ], [ 113.233039001000066, -7.155442, 0.0 ], [ 113.233041, -7.15541400099994, 0.0 ], [ 113.233048999000061, -7.155366998999966, 0.0 ], [ 113.233051114000091, -7.155357837999929, 0.0 ], [ 113.233058001000018, -7.155327998999951, 0.0 ], [ 113.233070999, -7.155299001999936, 0.0 ], [ 113.233077001000083, -7.155276, 0.0 ], [ 113.233074000000101, -7.155251998999972, 0.0 ], [ 113.233070999, -7.155234998999958, 0.0 ], [ 113.233067, -7.155219000999978, 0.0 ], [ 113.233056001000023, -7.155206, 0.0 ], [ 113.233029998, -7.155192998999951, 0.0 ], [ 113.232996, -7.155184, 0.0 ], [ 113.232963, -7.155174998999939, 0.0 ], [ 113.232937000000106, -7.15516200199994, 0.0 ], [ 113.232918684000083, -7.15515100999994, 0.0 ], [ 113.232917, -7.15515, 0.0 ], [ 113.232899, -7.15514000099995, 0.0 ], [ 113.232892999000114, -7.155122000999938, 0.0 ], [ 113.232892000000106, -7.155094998999971, 0.0 ], [ 113.232896695000022, -7.155061553999928, 0.0 ], [ 113.232900001000075, -7.155037998999944, 0.0 ], [ 113.232904, -7.155000998999981, 0.0 ], [ 113.23292200100002, -7.154960998999968, 0.0 ], [ 113.232956, -7.154914, 0.0 ], [ 113.232993999000087, -7.154871001999936, 0.0 ], [ 113.233010998000054, -7.154844998999977, 0.0 ], [ 113.233021, -7.154833, 0.0 ], [ 113.233024000000114, -7.154818, 0.0 ], [ 113.233024000000114, -7.15481000099993, 0.0 ], [ 113.233011999000041, -7.154797, 0.0 ], [ 113.232980001000101, -7.154764998999951, 0.0 ], [ 113.232921001000022, -7.154709, 0.0 ], [ 113.232915999000056, -7.1547, 0.0 ], [ 113.232911, -7.15467, 0.0 ], [ 113.232907, -7.154623, 0.0 ], [ 113.232905, -7.154578001999937, 0.0 ], [ 113.232901001000073, -7.154547, 0.0 ], [ 113.232896690000075, -7.154519299999947, 0.0 ], [ 113.232893998, -7.154502, 0.0 ], [ 113.232887, -7.154476, 0.0 ], [ 113.232879, -7.154452998999943, 0.0 ], [ 113.232874998000057, -7.154425, 0.0 ], [ 113.232871, -7.154402001999927, 0.0 ], [ 113.232871, -7.154385, 0.0 ], [ 113.232873998000059, -7.15437, 0.0 ], [ 113.232892999000114, -7.154348, 0.0 ], [ 113.232909, -7.154331, 0.0 ], [ 113.232925730000034, -7.154306345999942, 0.0 ], [ 113.232928, -7.15430300099996, 0.0 ], [ 113.232947, -7.154274998999938, 0.0 ], [ 113.23295900100004, -7.154236998999977, 0.0 ], [ 113.232968, -7.154209, 0.0 ], [ 113.232971596000084, -7.154193629999952, 0.0 ], [ 113.232979001000103, -7.154161998999939, 0.0 ], [ 113.232983000000104, -7.154132, 0.0 ], [ 113.232993999000087, -7.154093, 0.0 ], [ 113.233003, -7.154063998999959, 0.0 ], [ 113.233011999000041, -7.154036, 0.0 ], [ 113.233027000000106, -7.154011001999947, 0.0 ], [ 113.233040001000063, -7.153985998999929, 0.0 ], [ 113.23304999800007, -7.153963998999927, 0.0 ], [ 113.233064, -7.153949, 0.0 ], [ 113.233093, -7.153922, 0.0 ], [ 113.233095881000054, -7.153919783999982, 0.0 ], [ 113.233119000000102, -7.153902, 0.0 ], [ 113.233136001000048, -7.153884998999956, 0.0 ], [ 113.233156001000111, -7.153858, 0.0 ], [ 113.233165, -7.153825998999935, 0.0 ], [ 113.233176001000061, -7.153796000999932, 0.0 ], [ 113.23318, -7.153773, 0.0 ], [ 113.233179, -7.153755, 0.0 ], [ 113.233174751000092, -7.153746500999944, 0.0 ], [ 113.233165999000107, -7.153728998999952, 0.0 ], [ 113.233151, -7.153719001999946, 0.0 ], [ 113.233130999000082, -7.153707, 0.0 ], [ 113.233108998000034, -7.153704, 0.0 ], [ 113.233084, -7.153688, 0.0 ], [ 113.233066, -7.153666, 0.0 ], [ 113.233037001000071, -7.15364200199997, 0.0 ], [ 113.233026236000114, -7.153630255999929, 0.0 ], [ 113.233015, -7.153618, 0.0 ], [ 113.232976, -7.153588, 0.0 ], [ 113.232961001000035, -7.153578, 0.0 ], [ 113.232939001000091, -7.153571, 0.0 ], [ 113.232906, -7.153564001999939, 0.0 ], [ 113.232878, -7.15356, 0.0 ], [ 113.232854998000107, -7.153555998999934, 0.0 ], [ 113.232828, -7.153549, 0.0 ], [ 113.232778999000061, -7.153533998999933, 0.0 ], [ 113.23275, -7.153527, 0.0 ], [ 113.23273, -7.153522000999942, 0.0 ], [ 113.232709000000114, -7.153512, 0.0 ], [ 113.232680999000081, -7.153501, 0.0 ], [ 113.232647001000032, -7.153484000999981, 0.0 ], [ 113.232620998000016, -7.153474, 0.0 ], [ 113.232598, -7.15347, 0.0 ], [ 113.232584999000096, -7.15347, 0.0 ], [ 113.232570001000113, -7.153471, 0.0 ], [ 113.232544999000083, -7.153471, 0.0 ], [ 113.232519, -7.153471, 0.0 ], [ 113.232486999000116, -7.153461, 0.0 ], [ 113.232481931000052, -7.153458887999932, 0.0 ], [ 113.232475, -7.153455998999959, 0.0 ], [ 113.232445998000117, -7.153442, 0.0 ], [ 113.232440000000111, -7.15343699899995, 0.0 ], [ 113.232438110000089, -7.153432459999976, 0.0 ], [ 113.232435001000113, -7.15342500099996, 0.0 ], [ 113.232431, -7.153404, 0.0 ], [ 113.232424999000045, -7.153385000999947, 0.0 ], [ 113.23242, -7.153360998999972, 0.0 ], [ 113.232415001000049, -7.153354, 0.0 ], [ 113.232404999000096, -7.153346000999932, 0.0 ], [ 113.232396001000097, -7.153341998999963, 0.0 ], [ 113.23238, -7.153335, 0.0 ], [ 113.232347998000023, -7.153322998999954, 0.0 ], [ 113.232307000000105, -7.153307000999973, 0.0 ], [ 113.232276001000059, -7.153295, 0.0 ], [ 113.232235, -7.153278, 0.0 ], [ 113.232187, -7.15326, 0.0 ], [ 113.232149, -7.153248, 0.0 ], [ 113.23211599900003, -7.15324, 0.0 ], [ 113.232111752000037, -7.153238158999955, 0.0 ], [ 113.232086, -7.153227, 0.0 ], [ 113.232041, -7.153204998999968, 0.0 ], [ 113.232014999000057, -7.153186998999956, 0.0 ], [ 113.231991000000107, -7.15317, 0.0 ], [ 113.231985001000112, -7.15316299899996, 0.0 ], [ 113.231985001000112, -7.153145998999946, 0.0 ], [ 113.231978999000034, -7.153116001999933, 0.0 ], [ 113.231975, -7.15306899899997, 0.0 ], [ 113.231975, -7.153056083999957, 0.0 ], [ 113.231975, -7.153028998999957, 0.0 ], [ 113.231968, -7.152970998999933, 0.0 ], [ 113.231964001000051, -7.152944, 0.0 ], [ 113.231952, -7.152913998999963, 0.0 ], [ 113.231942000000117, -7.152889998999967, 0.0 ], [ 113.231931, -7.152868, 0.0 ], [ 113.231924, -7.152852998999947, 0.0 ], [ 113.231900999000118, -7.152841001999946, 0.0 ], [ 113.231878, -7.152829, 0.0 ], [ 113.231861999000103, -7.15282100099995, 0.0 ], [ 113.231849294000085, -7.152818009999976, 0.0 ], [ 113.231828001000054, -7.152812998999934, 0.0 ], [ 113.231820998000103, -7.152811998999937, 0.0 ], [ 113.231808001000104, -7.15281, 0.0 ], [ 113.2318, -7.152808, 0.0 ], [ 113.231791001000033, -7.152803001999928, 0.0 ], [ 113.231777, -7.152793998999925, 0.0 ], [ 113.231769001000089, -7.152782000999935, 0.0 ], [ 113.231766000000107, -7.152765001999967, 0.0 ], [ 113.231769001000089, -7.152741, 0.0 ], [ 113.231774, -7.152724001999957, 0.0 ], [ 113.231797067000116, -7.152694010999937, 0.0 ], [ 113.231803999000022, -7.152685001999942, 0.0 ], [ 113.231837, -7.152651, 0.0 ], [ 113.231888001000016, -7.152597, 0.0 ], [ 113.23193, -7.15255899899995, 0.0 ], [ 113.23195699900009, -7.152531001999932, 0.0 ], [ 113.231986001000109, -7.152494, 0.0 ], [ 113.231995999000105, -7.152474, 0.0 ], [ 113.2319940000001, -7.152438, 0.0 ], [ 113.231987000000117, -7.152410000999964, 0.0 ], [ 113.231987000000117, -7.152395, 0.0 ], [ 113.231984001000114, -7.152363, 0.0 ], [ 113.231985001000112, -7.15233, 0.0 ], [ 113.231983001000117, -7.152308998999956, 0.0 ], [ 113.231973, -7.152291, 0.0 ], [ 113.231965001000049, -7.152282, 0.0 ], [ 113.231948000000102, -7.152276001999951, 0.0 ], [ 113.231929, -7.152271, 0.0 ], [ 113.231912, -7.152268998999944, 0.0 ], [ 113.231883, -7.152268998999944, 0.0 ], [ 113.23185500000011, -7.152268998999944, 0.0 ], [ 113.231827001000056, -7.152268998999944, 0.0 ], [ 113.231795, -7.152271, 0.0 ], [ 113.231766000000107, -7.152271, 0.0 ], [ 113.231748, -7.152267998999946, 0.0 ], [ 113.231729, -7.152262, 0.0 ], [ 113.231723887000044, -7.152260622999961, 0.0 ], [ 113.231702999000049, -7.152255000999958, 0.0 ], [ 113.231689, -7.15224799899994, 0.0 ], [ 113.231672001000106, -7.152233, 0.0 ], [ 113.23166, -7.152226998999936, 0.0 ], [ 113.231647999000074, -7.152211998999974, 0.0 ], [ 113.231641, -7.1522, 0.0 ], [ 113.231638, -7.152174, 0.0 ], [ 113.231634001000089, -7.152155, 0.0 ], [ 113.23164, -7.152133998999943, 0.0 ], [ 113.231644, -7.152117, 0.0 ], [ 113.231663999000034, -7.152088, 0.0 ], [ 113.231698, -7.152061001999925, 0.0 ], [ 113.231704801000092, -7.152053831999979, 0.0 ], [ 113.231735, -7.152022001999967, 0.0 ], [ 113.231744999000057, -7.152007, 0.0 ], [ 113.231753, -7.151986, 0.0 ], [ 113.231754, -7.151964001999943, 0.0 ], [ 113.231754, -7.151931, 0.0 ], [ 113.231751001000021, -7.151896998999973, 0.0 ], [ 113.231753, -7.15187, 0.0 ], [ 113.231753, -7.151844000999972, 0.0 ], [ 113.231749001000026, -7.15181999899994, 0.0 ], [ 113.231742998000072, -7.151796, 0.0 ], [ 113.231731001000071, -7.151776, 0.0 ], [ 113.231703998000057, -7.151750001999972, 0.0 ], [ 113.231683, -7.151737, 0.0 ], [ 113.231674910000038, -7.151729987999943, 0.0 ], [ 113.231667999000024, -7.151723998999955, 0.0 ], [ 113.231644999000082, -7.151713, 0.0 ], [ 113.231624999000019, -7.151695, 0.0 ], [ 113.231605999000067, -7.15168, 0.0 ], [ 113.231586998000012, -7.151668, 0.0 ], [ 113.231585000000109, -7.15164399899993, 0.0 ], [ 113.23158899900011, -7.151622998999926, 0.0 ], [ 113.231599, -7.151608, 0.0 ], [ 113.231612, -7.151595001999965, 0.0 ], [ 113.231624999000019, -7.151583998999968, 0.0 ], [ 113.231639, -7.151576, 0.0 ], [ 113.231653001000041, -7.151567998999951, 0.0 ], [ 113.231659450000052, -7.151562472999956, 0.0 ], [ 113.23166, -7.151562, 0.0 ], [ 113.23166599800004, -7.151554001999955, 0.0 ], [ 113.231666999000026, -7.151533000999962, 0.0 ], [ 113.231654001000038, -7.151498, 0.0 ], [ 113.231652582000038, -7.151488069999971, 0.0 ], [ 113.231644999000082, -7.151435000999925, 0.0 ], [ 113.231647999000074, -7.151409998999952, 0.0 ], [ 113.231657140000038, -7.151387800999942, 0.0 ], [ 113.231676000000107, -7.151342, 0.0 ], [ 113.231708, -7.151285, 0.0 ], [ 113.231738, -7.151232, 0.0 ], [ 113.23176, -7.151182000999938, 0.0 ], [ 113.231768000000102, -7.15115, 0.0 ], [ 113.231771001000084, -7.151123000999974, 0.0 ], [ 113.231770001000086, -7.151098998999942, 0.0 ], [ 113.23174399800007, -7.151037998999925, 0.0 ], [ 113.231716, -7.150997, 0.0 ], [ 113.231713502000048, -7.15099321799994, 0.0 ], [ 113.231679, -7.150940998999943, 0.0 ], [ 113.231664998000042, -7.150914, 0.0 ], [ 113.231661, -7.150893001999975, 0.0 ], [ 113.2316631220001, -7.150882922999926, 0.0 ], [ 113.231664998000042, -7.150874, 0.0 ], [ 113.231674001000101, -7.150851000999978, 0.0 ], [ 113.231682, -7.150825998999949, 0.0 ], [ 113.231714, -7.15077200099995, 0.0 ], [ 113.231741999000064, -7.150712, 0.0 ], [ 113.231778, -7.150663, 0.0 ], [ 113.231792, -7.150608998999928, 0.0 ], [ 113.231793, -7.150564, 0.0 ], [ 113.231793, -7.150549, 0.0 ], [ 113.231790001000036, -7.150537, 0.0 ], [ 113.231787, -7.150517, 0.0 ], [ 113.231792, -7.150494998999932, 0.0 ], [ 113.23179545500011, -7.150490470999955, 0.0 ], [ 113.231820998000103, -7.150456998999971, 0.0 ], [ 113.231841999000039, -7.150433998999972, 0.0 ], [ 113.231865, -7.15041, 0.0 ], [ 113.231887001000018, -7.150381, 0.0 ], [ 113.231897000000117, -7.150364000999957, 0.0 ], [ 113.231896, -7.150326001999929, 0.0 ], [ 113.231888001000016, -7.150284000999932, 0.0 ], [ 113.231861999000103, -7.150245000999973, 0.0 ], [ 113.231830001000048, -7.150193, 0.0 ], [ 113.231802999000024, -7.150159, 0.0 ], [ 113.23178099900008, -7.150116, 0.0 ], [ 113.231761999000014, -7.15008, 0.0 ], [ 113.23174, -7.150053001999936, 0.0 ], [ 113.231711001, -7.150018, 0.0 ], [ 113.231691001000058, -7.14999200099993, 0.0 ], [ 113.231672070000059, -7.149976448999951, 0.0 ], [ 113.231663, -7.149968998999952, 0.0 ], [ 113.231628999, -7.149937001999945, 0.0 ], [ 113.231595001000073, -7.149903, 0.0 ], [ 113.231576001, -7.149884, 0.0 ], [ 113.231556001000058, -7.14985700099993, 0.0 ], [ 113.231549999000094, -7.149831998999957, 0.0 ], [ 113.231552, -7.149814, 0.0 ], [ 113.231556001000058, -7.149795, 0.0 ], [ 113.231566999000052, -7.14975900099995, 0.0 ], [ 113.231574001000013, -7.149722001999976, 0.0 ], [ 113.231576001, -7.14969599899996, 0.0 ], [ 113.231574001000013, -7.149680000999979, 0.0 ], [ 113.231566, -7.149666, 0.0 ], [ 113.231557001000056, -7.14965, 0.0 ], [ 113.231544, -7.14964, 0.0 ], [ 113.231530999000029, -7.149628, 0.0 ], [ 113.231493000000114, -7.14960500199993, 0.0 ], [ 113.231462, -7.149591, 0.0 ], [ 113.231429999000056, -7.149581, 0.0 ], [ 113.231402000000116, -7.149571, 0.0 ], [ 113.231360001000098, -7.149559998999962, 0.0 ], [ 113.23132200100008, -7.149556998999969, 0.0 ], [ 113.231289, -7.14955, 0.0 ], [ 113.231241, -7.149548, 0.0 ], [ 113.231157998000072, -7.149537998999961, 0.0 ], [ 113.231136000000106, -7.149536998999963, 0.0 ], [ 113.231124, -7.149535998999966, 0.0 ], [ 113.231117999000048, -7.149531, 0.0 ], [ 113.231115, -7.149526001999959, 0.0 ], [ 113.231117999000048, -7.149516998999957, 0.0 ], [ 113.231132000000116, -7.149493, 0.0 ], [ 113.231152, -7.149464, 0.0 ], [ 113.231165001000022, -7.149434, 0.0 ], [ 113.231178999, -7.149383998999951, 0.0 ], [ 113.231194, -7.14932499899993, 0.0 ], [ 113.231197998000084, -7.149296, 0.0 ], [ 113.231205001000035, -7.149257, 0.0 ], [ 113.231215, -7.149204, 0.0 ], [ 113.231224001000101, -7.149165, 0.0 ], [ 113.231233, -7.149117001999969, 0.0 ], [ 113.231246, -7.149068998999951, 0.0 ], [ 113.23126, -7.149029998999936, 0.0 ], [ 113.231273000000101, -7.149005, 0.0 ], [ 113.231285, -7.148983, 0.0 ], [ 113.231299, -7.148960001999967, 0.0 ], [ 113.231320001000086, -7.148933998999951, 0.0 ], [ 113.231346, -7.148914998999942, 0.0 ], [ 113.231377, -7.148892, 0.0 ], [ 113.231393999000034, -7.148885, 0.0 ], [ 113.231407000000104, -7.148878, 0.0 ], [ 113.231450998000014, -7.148873998999932, 0.0 ], [ 113.231516001000045, -7.148872, 0.0 ], [ 113.231568999000046, -7.148868, 0.0 ], [ 113.231603, -7.148855998999977, 0.0 ], [ 113.231659, -7.148829, 0.0 ], [ 113.231676000000107, -7.148822000999928, 0.0 ], [ 113.231702, -7.148815998999964, 0.0 ], [ 113.231741999000064, -7.148811, 0.0 ], [ 113.231770001000086, -7.148804001999963, 0.0 ], [ 113.231794, -7.148791, 0.0 ], [ 113.231813000000102, -7.148779998999942, 0.0 ], [ 113.231827001000056, -7.148766001999945, 0.0 ], [ 113.231836, -7.148746001999939, 0.0 ], [ 113.231846, -7.148711, 0.0 ], [ 113.231857083000023, -7.148681159999967, 0.0 ], [ 113.23185899900011, -7.148676, 0.0 ], [ 113.231869001000064, -7.148658, 0.0 ], [ 113.231874, -7.148638998999957, 0.0 ], [ 113.231923, -7.148612, 0.0 ], [ 113.231945001000099, -7.148599998999941, 0.0 ], [ 113.23197699800005, -7.148583998999925, 0.0 ], [ 113.232004001000064, -7.148559, 0.0 ], [ 113.232036999000115, -7.148517, 0.0 ], [ 113.232073, -7.148462998999946, 0.0 ], [ 113.232092, -7.148418, 0.0 ], [ 113.232106, -7.14838, 0.0 ], [ 113.232112999000037, -7.148343, 0.0 ], [ 113.232113998000045, -7.148246, 0.0 ], [ 113.23211599900003, -7.148153998999931, 0.0 ], [ 113.232126000000108, -7.148094998999966, 0.0 ], [ 113.232148, -7.148052, 0.0 ], [ 113.232160001000011, -7.148033, 0.0 ], [ 113.232168000000115, -7.148017998999933, 0.0 ], [ 113.23211599900003, -7.147971, 0.0 ], [ 113.232057999000062, -7.147935, 0.0 ], [ 113.232014, -7.147891, 0.0 ], [ 113.231973, -7.147842998999977, 0.0 ], [ 113.231929, -7.147797, 0.0 ], [ 113.231884, -7.147749000999966, 0.0 ], [ 113.231820998000103, -7.147712001999935, 0.0 ], [ 113.231738, -7.147673001999976, 0.0 ], [ 113.231694001000051, -7.147641, 0.0 ], [ 113.231638, -7.147611, 0.0 ], [ 113.231584000000112, -7.147582, 0.0 ], [ 113.231566, -7.147572, 0.0 ], [ 113.231545, -7.147539, 0.0 ], [ 113.231494000000112, -7.147490998999956, 0.0 ], [ 113.23142000100006, -7.147435, 0.0 ], [ 113.231389, -7.147418000999949, 0.0 ], [ 113.231380001000048, -7.147412998999926, 0.0 ], [ 113.231378, -7.147408, 0.0 ], [ 113.231378, -7.147404, 0.0 ], [ 113.231384, -7.147392998999976, 0.0 ], [ 113.231394999000031, -7.147364, 0.0 ], [ 113.231418001000065, -7.147316998999941, 0.0 ], [ 113.231425, -7.147272, 0.0 ], [ 113.231428, -7.147234, 0.0 ], [ 113.231431998000062, -7.147213, 0.0 ], [ 113.231428, -7.147197998999957, 0.0 ], [ 113.231422, -7.14719, 0.0 ], [ 113.231398001000116, -7.147171, 0.0 ], [ 113.231371, -7.147154, 0.0 ], [ 113.231308, -7.147119998999926, 0.0 ], [ 113.231268000000114, -7.147097998999925, 0.0 ], [ 113.231213, -7.147076, 0.0 ], [ 113.231179999, -7.147052, 0.0 ], [ 113.231152, -7.147013, 0.0 ], [ 113.231126001, -7.146980998999936, 0.0 ], [ 113.231115, -7.146947, 0.0 ], [ 113.231115, -7.14692, 0.0 ], [ 113.231123, -7.14689, 0.0 ], [ 113.231131, -7.146857, 0.0 ], [ 113.231138998, -7.146815001999926, 0.0 ], [ 113.23114600100007, -7.146769998999957, 0.0 ], [ 113.23115, -7.146734, 0.0 ], [ 113.23114600100007, -7.146698001999937, 0.0 ], [ 113.231129, -7.146649998999976, 0.0 ], [ 113.231124, -7.146635, 0.0 ], [ 113.231108001000052, -7.146622001999958, 0.0 ], [ 113.231095, -7.146614998999951, 0.0 ], [ 113.231081999000025, -7.146611998999958, 0.0 ], [ 113.231057, -7.146611998999958, 0.0 ], [ 113.231030001000022, -7.146612998999956, 0.0 ], [ 113.231008001000077, -7.146616, 0.0 ], [ 113.230971001000057, -7.146616, 0.0 ], [ 113.230958299, -7.146616940999934, 0.0 ], [ 113.230943998000043, -7.146618000999979, 0.0 ], [ 113.230916, -7.146621001999961, 0.0 ], [ 113.230893001000027, -7.146620001999963, 0.0 ], [ 113.230871, -7.146610998999961, 0.0 ], [ 113.230857, -7.146602001999952, 0.0 ], [ 113.230848999000045, -7.146592998999949, 0.0 ], [ 113.230841, -7.14657, 0.0 ], [ 113.230825, -7.146546, 0.0 ], [ 113.23080999900003, -7.146524001999978, 0.0 ], [ 113.2308, -7.1465, 0.0 ], [ 113.2308, -7.146458998999947, 0.0 ], [ 113.230804, -7.146436998999945, 0.0 ], [ 113.230814001000113, -7.146425001999944, 0.0 ], [ 113.230838, -7.146409, 0.0 ], [ 113.230848999000045, -7.146402, 0.0 ], [ 113.230852001000017, -7.146386001999929, 0.0 ], [ 113.230854001000012, -7.146356, 0.0 ], [ 113.230851, -7.146337998999968, 0.0 ], [ 113.230844, -7.14633, 0.0 ], [ 113.230834001000062, -7.146325, 0.0 ], [ 113.230818000000113, -7.146319998999957, 0.0 ], [ 113.230802, -7.146314, 0.0 ], [ 113.230786998000099, -7.146308001999955, 0.0 ], [ 113.230777001000092, -7.146295, 0.0 ], [ 113.2307780000001, -7.146287000999962, 0.0 ], [ 113.230786, -7.146273, 0.0 ], [ 113.230802, -7.146260998999935, 0.0 ], [ 113.230847999000048, -7.146248000999947, 0.0 ], [ 113.230903998000031, -7.146238, 0.0 ], [ 113.230963998000107, -7.14622800099994, 0.0 ], [ 113.231010891000096, -7.146229644999949, 0.0 ], [ 113.231020998000076, -7.146230001999925, 0.0 ], [ 113.231078999000033, -7.146231001999979, 0.0 ], [ 113.231117999000048, -7.146231001999979, 0.0 ], [ 113.231137000000103, -7.146223998999972, 0.0 ], [ 113.231149, -7.146200998999973, 0.0 ], [ 113.23115, -7.146175, 0.0 ], [ 113.231148001000065, -7.146119, 0.0 ], [ 113.231148001000065, -7.14607, 0.0 ], [ 113.23114978000001, -7.146045963999939, 0.0 ], [ 113.23115, -7.146043, 0.0 ], [ 113.231162, -7.146027998999955, 0.0 ], [ 113.231181000000106, -7.146006998999951, 0.0 ], [ 113.231194, -7.145994000999963, 0.0 ], [ 113.23121, -7.145975000999954, 0.0 ], [ 113.231218999000021, -7.145953, 0.0 ], [ 113.231218999000021, -7.145933, 0.0 ], [ 113.231216998000036, -7.145914, 0.0 ], [ 113.231211, -7.145895, 0.0 ], [ 113.231201, -7.145858000999965, 0.0 ], [ 113.231198999000071, -7.145836, 0.0 ], [ 113.231199999000069, -7.145825, 0.0 ], [ 113.231204001000037, -7.145816, 0.0 ], [ 113.231216998000036, -7.145800000999941, 0.0 ], [ 113.231235998000102, -7.145788, 0.0 ], [ 113.23128, -7.14577, 0.0 ], [ 113.231328, -7.14575, 0.0 ], [ 113.231381001000045, -7.145717998999942, 0.0 ], [ 113.231390758000089, -7.145711495999933, 0.0 ], [ 113.23142000100006, -7.145692, 0.0 ], [ 113.231454, -7.145673, 0.0 ], [ 113.231483, -7.145655998999928, 0.0 ], [ 113.231506, -7.145633, 0.0 ], [ 113.231515001000048, -7.145609, 0.0 ], [ 113.231515001000048, -7.145579998999949, 0.0 ], [ 113.231511999000077, -7.145537998999941, 0.0 ], [ 113.231506, -7.145509001999926, 0.0 ], [ 113.231499001000088, -7.145465, 0.0 ], [ 113.231487, -7.145438, 0.0 ], [ 113.231472999000061, -7.145411001999946, 0.0 ], [ 113.231454, -7.145390000999953, 0.0 ], [ 113.231423, -7.145365998999978, 0.0 ], [ 113.231407000000104, -7.145357, 0.0 ], [ 113.231367526000099, -7.145332929999938, 0.0 ], [ 113.231366, -7.145332000999929, 0.0 ], [ 113.231318000000101, -7.145291, 0.0 ], [ 113.231284001000063, -7.145254000999955, 0.0 ], [ 113.231270000000109, -7.145213, 0.0 ], [ 113.231262001, -7.145204, 0.0 ], [ 113.231215998000039, -7.145203, 0.0 ], [ 113.231196998000087, -7.145201, 0.0 ], [ 113.231183000000101, -7.1452, 0.0 ], [ 113.23116600100002, -7.1452, 0.0 ], [ 113.231143, -7.145199, 0.0 ], [ 113.231119998000054, -7.145193, 0.0 ], [ 113.231078, -7.145166, 0.0 ], [ 113.231010001000072, -7.145115, 0.0 ], [ 113.230942998000046, -7.14506000199998, 0.0 ], [ 113.230896, -7.145015998999952, 0.0 ], [ 113.230853001000014, -7.144965, 0.0 ], [ 113.230827999000098, -7.144922000999941, 0.0 ], [ 113.230797001000042, -7.144873, 0.0 ], [ 113.230776001000095, -7.144835, 0.0 ], [ 113.230759, -7.144799998999929, 0.0 ], [ 113.230744, -7.144760998999971, 0.0 ], [ 113.230742, -7.144726000999981, 0.0 ], [ 113.230747, -7.144701998999949, 0.0 ], [ 113.230758001000027, -7.144675, 0.0 ], [ 113.230773000000113, -7.14464800099995, 0.0 ], [ 113.230797001000042, -7.144616, 0.0 ], [ 113.230818000000113, -7.144607, 0.0 ], [ 113.230828999000096, -7.144599, 0.0 ], [ 113.230828999000096, -7.144593001999965, 0.0 ], [ 113.230821000000105, -7.144585998999958, 0.0 ], [ 113.230799, -7.144581, 0.0 ], [ 113.230764, -7.144568, 0.0 ], [ 113.230727000000115, -7.144556, 0.0 ], [ 113.230670998000051, -7.144545998999945, 0.0 ], [ 113.230647, -7.14454399899995, 0.0 ], [ 113.230627, -7.144545998999945, 0.0 ], [ 113.230614999000068, -7.14455400199995, 0.0 ], [ 113.2305980000001, -7.144556, 0.0 ], [ 113.230585, -7.144562, 0.0 ], [ 113.230573998000068, -7.144568, 0.0 ], [ 113.230559, -7.144581, 0.0 ], [ 113.230546000000118, -7.144590000999926, 0.0 ], [ 113.230536999000037, -7.144594001999963, 0.0 ], [ 113.230532, -7.144589, 0.0 ], [ 113.230531, -7.144579, 0.0 ], [ 113.23053, -7.144563998999956, 0.0 ], [ 113.230527, -7.14455, 0.0 ], [ 113.230527, -7.144534001999943, 0.0 ], [ 113.230523001000051, -7.144523, 0.0 ], [ 113.230497999000022, -7.144507998999927, 0.0 ], [ 113.230453, -7.144498, 0.0 ], [ 113.230426001000069, -7.14449, 0.0 ], [ 113.23039, -7.144482, 0.0 ], [ 113.230358998000042, -7.144474000999935, 0.0 ], [ 113.230343, -7.144475001999979, 0.0 ], [ 113.230333, -7.144483, 0.0 ], [ 113.230320999000014, -7.14449, 0.0 ], [ 113.230309001000023, -7.14448699899998, 0.0 ], [ 113.230300998000075, -7.144482, 0.0 ], [ 113.230281999000113, -7.144467998999971, 0.0 ], [ 113.230257, -7.144455000999926, 0.0 ], [ 113.230216, -7.144430998999951, 0.0 ], [ 113.230182998000032, -7.144417001999955, 0.0 ], [ 113.230152001000079, -7.144393, 0.0 ], [ 113.230115, -7.144364, 0.0 ], [ 113.230086999000036, -7.144341, 0.0 ], [ 113.230077, -7.144325, 0.0 ], [ 113.230077, -7.144311998999967, 0.0 ], [ 113.230083, -7.14423900099996, 0.0 ], [ 113.230089, -7.144167, 0.0 ], [ 113.230087999000034, -7.144149, 0.0 ], [ 113.230075001000046, -7.144127, 0.0 ], [ 113.230057000000102, -7.144112, 0.0 ], [ 113.230038, -7.144097998999939, 0.0 ], [ 113.23003600100003, -7.144086001999938, 0.0 ], [ 113.23004, -7.144042, 0.0 ], [ 113.230045, -7.143978998999955, 0.0 ], [ 113.230045998000037, -7.143912, 0.0 ], [ 113.230038, -7.143833001999951, 0.0 ], [ 113.230006998000022, -7.143784998999934, 0.0 ], [ 113.229955001, -7.143732000999933, 0.0 ], [ 113.229928, -7.143696001999956, 0.0 ], [ 113.229917001000103, -7.143688998999949, 0.0 ], [ 113.229906, -7.143691, 0.0 ], [ 113.229898001000038, -7.1437, 0.0 ], [ 113.229889, -7.143716001999962, 0.0 ], [ 113.229879001000086, -7.14374, 0.0 ], [ 113.229869, -7.14375, 0.0 ], [ 113.229852999000059, -7.143752000999939, 0.0 ], [ 113.229844, -7.14374799899997, 0.0 ], [ 113.229830999000114, -7.143731, 0.0 ], [ 113.229821001, -7.143725998999969, 0.0 ], [ 113.22981, -7.143723, 0.0 ], [ 113.229788, -7.143726998999966, 0.0 ], [ 113.229742001000091, -7.143742, 0.0 ], [ 113.229686, -7.143749, 0.0 ], [ 113.229644001000111, -7.143757, 0.0 ], [ 113.229635999000038, -7.14376399899993, 0.0 ], [ 113.229616, -7.143793001999938, 0.0 ], [ 113.229605001000095, -7.14381100099996, 0.0 ], [ 113.229592, -7.143818, 0.0 ], [ 113.229569, -7.143819, 0.0 ], [ 113.229535, -7.143814, 0.0 ], [ 113.229506001000118, -7.143808, 0.0 ], [ 113.229474, -7.143802, 0.0 ], [ 113.229447, -7.143789, 0.0 ], [ 113.229413, -7.143776, 0.0 ], [ 113.229382998, -7.14377, 0.0 ], [ 113.229345999000088, -7.143763, 0.0 ], [ 113.229313001000037, -7.14376, 0.0 ], [ 113.229265998000074, -7.143756, 0.0 ], [ 113.229256001000067, -7.143756, 0.0 ], [ 113.229210999000088, -7.143773001999932, 0.0 ], [ 113.229182, -7.143789, 0.0 ], [ 113.229137001000026, -7.143813001999945, 0.0 ], [ 113.229082, -7.143839, 0.0 ], [ 113.22903399900008, -7.143847, 0.0 ], [ 113.229004, -7.14384, 0.0 ], [ 113.228951, -7.143831000999967, 0.0 ], [ 113.228895998000098, -7.143821, 0.0 ], [ 113.228831, -7.143815, 0.0 ], [ 113.228777, -7.143809, 0.0 ], [ 113.228712, -7.143802998999945, 0.0 ], [ 113.228611001000104, -7.143783998999936, 0.0 ], [ 113.228545998000072, -7.143769, 0.0 ], [ 113.228479000000107, -7.143751000999941, 0.0 ], [ 113.228429999000014, -7.143724, 0.0 ], [ 113.228383, -7.143694000999972, 0.0 ], [ 113.228330998000047, -7.143650998999931, 0.0 ], [ 113.228261001000078, -7.143597001999979, 0.0 ], [ 113.22821900100007, -7.143584, 0.0 ], [ 113.228168, -7.143567, 0.0 ], [ 113.228107, -7.143539001999955, 0.0 ], [ 113.228045001000055, -7.143510998999943, 0.0 ], [ 113.227978998000026, -7.143489, 0.0 ], [ 113.227926, -7.143470998999931, 0.0 ], [ 113.227864999000076, -7.143449, 0.0 ], [ 113.227809, -7.143431998999972, 0.0 ], [ 113.227766999000096, -7.143421000999979, 0.0 ], [ 113.227745998000046, -7.143419, 0.0 ], [ 113.227722, -7.143429, 0.0 ], [ 113.227685999000073, -7.143441001999975, 0.0 ], [ 113.227655001000016, -7.143452998999976, 0.0 ], [ 113.22762200000011, -7.143464, 0.0 ], [ 113.227603, -7.143492998999932, 0.0 ], [ 113.227589998000099, -7.143520001999946, 0.0 ], [ 113.227568999000027, -7.143559001999961, 0.0 ], [ 113.227558001000034, -7.143586, 0.0 ], [ 113.227543, -7.143613, 0.0 ], [ 113.227529999000012, -7.143624, 0.0 ], [ 113.22748700000011, -7.143639, 0.0 ], [ 113.227408, -7.143643, 0.0 ], [ 113.227357999000105, -7.143645, 0.0 ], [ 113.227327, -7.143644, 0.0 ], [ 113.227281, -7.143644, 0.0 ], [ 113.227233, -7.143639, 0.0 ], [ 113.227178999000103, -7.143625, 0.0 ], [ 113.227131001000089, -7.143605, 0.0 ], [ 113.227071001000013, -7.143583, 0.0 ], [ 113.227035000000114, -7.143567, 0.0 ], [ 113.227003, -7.143548, 0.0 ], [ 113.226996, -7.143533998999942, 0.0 ], [ 113.226993001000096, -7.143494998999927, 0.0 ], [ 113.226994001000094, -7.143445, 0.0 ], [ 113.226996, -7.143406, 0.0 ], [ 113.226999, -7.143362000999957, 0.0 ], [ 113.226995000000102, -7.143329, 0.0 ], [ 113.226989000000117, -7.143307, 0.0 ], [ 113.226976, -7.143267001999959, 0.0 ], [ 113.22697, -7.143244000999971, 0.0 ], [ 113.226952001000086, -7.143205000999956, 0.0 ], [ 113.226932001000023, -7.143170001999977, 0.0 ], [ 113.226927999000054, -7.143158998999979, 0.0 ], [ 113.226900000000114, -7.143138, 0.0 ], [ 113.226861, -7.143113, 0.0 ], [ 113.226857001000099, -7.143083998999941, 0.0 ], [ 113.226856001000101, -7.143018, 0.0 ], [ 113.226857001000099, -7.142965998999955, 0.0 ], [ 113.226852, -7.142912, 0.0 ], [ 113.226849999000024, -7.142893000999948, 0.0 ], [ 113.226841, -7.142884, 0.0 ], [ 113.226804, -7.142862, 0.0 ], [ 113.226782, -7.14284, 0.0 ], [ 113.226753999000039, -7.142817001999958, 0.0 ], [ 113.226724000000104, -7.142783, 0.0 ], [ 113.226719001000106, -7.142766, 0.0 ], [ 113.226721001000101, -7.142729, 0.0 ], [ 113.226727, -7.142706, 0.0 ], [ 113.226733999000089, -7.142683, 0.0 ], [ 113.226742, -7.142649, 0.0 ], [ 113.226750998000057, -7.142629, 0.0 ], [ 113.226771999000107, -7.142601000999946, 0.0 ], [ 113.226795, -7.142566, 0.0 ], [ 113.226824, -7.142534998999963, 0.0 ], [ 113.226849999000024, -7.142495, 0.0 ], [ 113.226903000000107, -7.14247, 0.0 ], [ 113.226908999000102, -7.142458998999928, 0.0 ], [ 113.226926998000067, -7.142388001999961, 0.0 ], [ 113.226955001000078, -7.142292001999976, 0.0 ], [ 113.226956, -7.142277, 0.0 ], [ 113.22694, -7.142267, 0.0 ], [ 113.226922, -7.142243998999959, 0.0 ], [ 113.226900000000114, -7.142217, 0.0 ], [ 113.226875001000053, -7.142181, 0.0 ], [ 113.226874001000056, -7.142156001999979, 0.0 ], [ 113.226875001000053, -7.142081, 0.0 ], [ 113.226888999000039, -7.14199800199998, 0.0 ], [ 113.226899000000117, -7.141905, 0.0 ], [ 113.226907999000105, -7.141826, 0.0 ], [ 113.2269099990001, -7.141719998999974, 0.0 ], [ 113.226904000000104, -7.141677998999967, 0.0 ], [ 113.226903000000107, -7.141625, 0.0 ], [ 113.226912, -7.141569001999926, 0.0 ], [ 113.226908999000102, -7.141506, 0.0 ], [ 113.2269099990001, -7.141450000999953, 0.0 ], [ 113.226901000000112, -7.141418, 0.0 ], [ 113.226883, -7.14138799899996, 0.0 ], [ 113.226865, -7.141364, 0.0 ], [ 113.226853, -7.141345998999952, 0.0 ], [ 113.226852, -7.14131600199994, 0.0 ], [ 113.226850999000021, -7.141264, 0.0 ], [ 113.226855001000104, -7.14121199899995, 0.0 ], [ 113.226855001000104, -7.141173998999932, 0.0 ], [ 113.226858001000096, -7.141168, 0.0 ], [ 113.226866999000094, -7.141167, 0.0 ], [ 113.226885, -7.141169, 0.0 ], [ 113.226905000000102, -7.141172998999934, 0.0 ], [ 113.226931, -7.141181001999939, 0.0 ], [ 113.226938, -7.141182, 0.0 ], [ 113.226952001000086, -7.141163, 0.0 ], [ 113.226962, -7.141147, 0.0 ], [ 113.226977, -7.14113, 0.0 ], [ 113.22698, -7.141109, 0.0 ], [ 113.22698, -7.141094998999961, 0.0 ], [ 113.226979, -7.141067, 0.0 ], [ 113.226977, -7.141009, 0.0 ], [ 113.226983, -7.140971, 0.0 ], [ 113.226993001000096, -7.140929, 0.0 ], [ 113.227011001000051, -7.14088800199994, 0.0 ], [ 113.227026999000032, -7.140851, 0.0 ], [ 113.227033001000109, -7.140824, 0.0 ], [ 113.227031001000114, -7.14077999899996, 0.0 ], [ 113.227022999000042, -7.14068199899998, 0.0 ], [ 113.227018, -7.140636, 0.0 ], [ 113.227022999000042, -7.140601, 0.0 ], [ 113.227042, -7.140524, 0.0 ], [ 113.227049001000069, -7.140476000999968, 0.0 ], [ 113.227051001000063, -7.140434, 0.0 ], [ 113.227051001000063, -7.140404, 0.0 ], [ 113.227040000000102, -7.140377, 0.0 ], [ 113.22702, -7.140354998999953, 0.0 ], [ 113.226994001000094, -7.140326, 0.0 ], [ 113.226972001000036, -7.140309, 0.0 ], [ 113.226965998000082, -7.140291, 0.0 ], [ 113.226974001000031, -7.140271, 0.0 ], [ 113.226977, -7.140231, 0.0 ], [ 113.226986999000019, -7.140166001999944, 0.0 ], [ 113.226990000000114, -7.140057, 0.0 ], [ 113.226991939000072, -7.13992215199994, 0.0 ], [ 113.226992001000099, -7.139918, 0.0 ], [ 113.226992001000099, -7.139863998999942, 0.0 ], [ 113.226988393000056, -7.139775012999962, 0.0 ], [ 113.226985999000021, -7.139716000999954, 0.0 ], [ 113.226985999000021, -7.139626, 0.0 ], [ 113.226999, -7.13957, 0.0 ], [ 113.227015, -7.139509, 0.0 ], [ 113.227034000000117, -7.139428, 0.0 ], [ 113.227061999000057, -7.139332, 0.0 ], [ 113.227090001000079, -7.139251, 0.0 ], [ 113.227100999000072, -7.13918, 0.0 ], [ 113.227113, -7.139076, 0.0 ], [ 113.227119, -7.139, 0.0 ], [ 113.22712, -7.138971, 0.0 ], [ 113.227134, -7.138932, 0.0 ], [ 113.227157, -7.138869998999951, 0.0 ], [ 113.227185, -7.138819000999945, 0.0 ], [ 113.22722099900011, -7.13875, 0.0 ], [ 113.227264001000094, -7.138679, 0.0 ], [ 113.227296998000043, -7.138616998999964, 0.0 ], [ 113.227324001000056, -7.138563, 0.0 ], [ 113.227355998, -7.138506000999939, 0.0 ], [ 113.227371, -7.138479998999969, 0.0 ], [ 113.227383001000021, -7.138435, 0.0 ], [ 113.227399000000105, -7.138368, 0.0 ], [ 113.227423001000034, -7.138263998999946, 0.0 ], [ 113.227420001000041, -7.138237, 0.0 ], [ 113.227406, -7.138193000999934, 0.0 ], [ 113.227393998000025, -7.138142, 0.0 ], [ 113.227403001000084, -7.138091998999926, 0.0 ], [ 113.227408, -7.138021001999959, 0.0 ], [ 113.227402001000087, -7.137974998999937, 0.0 ], [ 113.227396999, -7.137957, 0.0 ], [ 113.227354000000105, -7.137868, 0.0 ], [ 113.227351000000112, -7.137854, 0.0 ], [ 113.227354000000105, -7.137802, 0.0 ], [ 113.22736, -7.137756, 0.0 ], [ 113.227371, -7.137717, 0.0 ], [ 113.227377999000055, -7.137679998999943, 0.0 ], [ 113.227365001000067, -7.13765000199993, 0.0 ], [ 113.227354000000105, -7.137614, 0.0 ], [ 113.227343001, -7.137604998999961, 0.0 ], [ 113.2273110000001, -7.137592001999963, 0.0 ], [ 113.227255, -7.137583998999958, 0.0 ], [ 113.227248001000021, -7.137578, 0.0 ], [ 113.227249, -7.137567, 0.0 ], [ 113.227256, -7.13751, 0.0 ], [ 113.227187001000061, -7.137491000999944, 0.0 ], [ 113.227129001000094, -7.137487998999973, 0.0 ], [ 113.22712199800003, -7.137483, 0.0 ], [ 113.227120998000032, -7.137466998999969, 0.0 ], [ 113.227122999000017, -7.137427998999954, 0.0 ], [ 113.227120998000032, -7.137415001999955, 0.0 ], [ 113.227107, -7.137405, 0.0 ], [ 113.227033001000109, -7.137366, 0.0 ], [ 113.227009, -7.137357001999931, 0.0 ], [ 113.226997, -7.13734999899998, 0.0 ], [ 113.226998, -7.137324, 0.0 ], [ 113.227010001000053, -7.137281, 0.0 ], [ 113.227006999000082, -7.137272998999947, 0.0 ], [ 113.226951, -7.137242, 0.0 ], [ 113.226938, -7.137228, 0.0 ], [ 113.22693300100002, -7.137204, 0.0 ], [ 113.226926998000067, -7.137152, 0.0 ], [ 113.226915001000066, -7.137078998999925, 0.0 ], [ 113.226887998000052, -7.136975, 0.0 ], [ 113.226872, -7.136886, 0.0 ], [ 113.226876001000051, -7.136879, 0.0 ], [ 113.226891, -7.136853, 0.0 ], [ 113.226916001000063, -7.136801998999942, 0.0 ], [ 113.226925, -7.13677200199993, 0.0 ], [ 113.22692599800007, -7.136749, 0.0 ], [ 113.226912, -7.136676001999945, 0.0 ], [ 113.226897001000111, -7.136601, 0.0 ], [ 113.226897001000111, -7.136577001999967, 0.0 ], [ 113.226911, -7.136488, 0.0 ], [ 113.226919, -7.136394998999947, 0.0 ], [ 113.226915001000066, -7.13633399899993, 0.0 ], [ 113.226911, -7.136324001999981, 0.0 ], [ 113.226862, -7.13627, 0.0 ], [ 113.226768999000114, -7.136209, 0.0 ], [ 113.226752999000041, -7.136193, 0.0 ], [ 113.226750998000057, -7.136147000999927, 0.0 ], [ 113.226758001, -7.136111, 0.0 ], [ 113.226725000000101, -7.136023998999974, 0.0 ], [ 113.226708, -7.135998, 0.0 ], [ 113.226701001000038, -7.13598, 0.0 ], [ 113.226703, -7.13597200199996, 0.0 ], [ 113.226743, -7.135962998999958, 0.0 ], [ 113.226761, -7.135955, 0.0 ], [ 113.22673700100006, -7.135916, 0.0 ], [ 113.226719001000106, -7.135886998999979, 0.0 ], [ 113.226720001000103, -7.135881, 0.0 ], [ 113.226743, -7.135882, 0.0 ], [ 113.226760001000116, -7.135884998999927, 0.0 ], [ 113.226785, -7.135886998999979, 0.0 ], [ 113.226813000000107, -7.135892000999945, 0.0 ], [ 113.226830999000072, -7.135892000999945, 0.0 ], [ 113.226874001000056, -7.135897, 0.0 ], [ 113.226884, -7.135859, 0.0 ], [ 113.226878, -7.135845, 0.0 ], [ 113.226843, -7.135810998999943, 0.0 ], [ 113.226836001000038, -7.135799, 0.0 ], [ 113.22684, -7.135787998999945, 0.0 ], [ 113.226866, -7.135781, 0.0 ], [ 113.226866999000094, -7.135773, 0.0 ], [ 113.226844, -7.135745, 0.0 ], [ 113.226789998000072, -7.135696, 0.0 ], [ 113.226778001000071, -7.135685, 0.0 ], [ 113.226783, -7.135659000999965, 0.0 ], [ 113.226790999000059, -7.135623001999932, 0.0 ], [ 113.226796001000025, -7.13561, 0.0 ], [ 113.226810999, -7.135588, 0.0 ], [ 113.226817001000086, -7.135569, 0.0 ], [ 113.226811999, -7.135552, 0.0 ], [ 113.226794, -7.135547, 0.0 ], [ 113.226765000000114, -7.135539, 0.0 ], [ 113.226750998000057, -7.135533, 0.0 ], [ 113.226752999000041, -7.135523000999967, 0.0 ], [ 113.226763, -7.135512, 0.0 ], [ 113.226776001000076, -7.13549699899994, 0.0 ], [ 113.226779001000068, -7.135487, 0.0 ], [ 113.226758001, -7.135469, 0.0 ], [ 113.22669, -7.13543, 0.0 ], [ 113.22665900100003, -7.135391, 0.0 ], [ 113.226644, -7.135341998999934, 0.0 ], [ 113.226624001, -7.135290001999977, 0.0 ], [ 113.226579, -7.135231001999955, 0.0 ], [ 113.226553, -7.135203998999941, 0.0 ], [ 113.226522, -7.135181, 0.0 ], [ 113.226515, -7.135164998999926, 0.0 ], [ 113.226515, -7.135122, 0.0 ], [ 113.226508, -7.135062, 0.0 ], [ 113.226506001000075, -7.134999001999972, 0.0 ], [ 113.22650400100008, -7.134942, 0.0 ], [ 113.226494000000116, -7.134885, 0.0 ], [ 113.226498999000114, -7.134839000999932, 0.0 ], [ 113.226507001000073, -7.13476400199994, 0.0 ], [ 113.226501, -7.134723000999941, 0.0 ], [ 113.226497998000013, -7.134657998999955, 0.0 ], [ 113.226466001000063, -7.13461899899994, 0.0 ], [ 113.226448001000108, -7.134600998999929, 0.0 ], [ 113.226441999000031, -7.134583, 0.0 ], [ 113.226445001000116, -7.134519, 0.0 ], [ 113.226453000000106, -7.134480998999948, 0.0 ], [ 113.226452000000108, -7.134467, 0.0 ], [ 113.226438998000049, -7.134467, 0.0 ], [ 113.226417999000091, -7.134463998999934, 0.0 ], [ 113.226416, -7.134445998999979, 0.0 ], [ 113.226410000000101, -7.134404998999969, 0.0 ], [ 113.226386001000037, -7.13433, 0.0 ], [ 113.226376, -7.13424, 0.0 ], [ 113.226374, -7.134211998999945, 0.0 ], [ 113.226395, -7.134182, 0.0 ], [ 113.226428001000045, -7.134141001999978, 0.0 ], [ 113.226459999000099, -7.134055998999941, 0.0 ], [ 113.226477998000064, -7.133992, 0.0 ], [ 113.226486001000012, -7.13393, 0.0 ], [ 113.226486001000012, -7.133862, 0.0 ], [ 113.226483, -7.133720998999934, 0.0 ], [ 113.226474, -7.133586998999931, 0.0 ], [ 113.226469, -7.133517001999962, 0.0 ], [ 113.226464001000068, -7.133417000999941, 0.0 ], [ 113.226449000000116, -7.133347, 0.0 ], [ 113.226431, -7.133319000999961, 0.0 ], [ 113.226393535000057, -7.133268718999943, 0.0 ], [ 113.226393, -7.133268, 0.0 ], [ 113.226365000000101, -7.133220000999927, 0.0 ], [ 113.226337, -7.133104000999936, 0.0 ], [ 113.226351, -7.133031, 0.0 ], [ 113.226359000000116, -7.132930001999966, 0.0 ], [ 113.226365000000101, -7.132835, 0.0 ], [ 113.226362999000116, -7.132746998999949, 0.0 ], [ 113.226356, -7.132645, 0.0 ], [ 113.226343999000051, -7.132504, 0.0 ], [ 113.226335, -7.132381, 0.0 ], [ 113.226336, -7.132355998999969, 0.0 ], [ 113.226353, -7.132268001999932, 0.0 ], [ 113.226366, -7.132159998999953, 0.0 ], [ 113.226377, -7.132081, 0.0 ], [ 113.226386001000037, -7.132018, 0.0 ], [ 113.226402999000015, -7.131951, 0.0 ], [ 113.226417, -7.131910998999956, 0.0 ], [ 113.226459999000099, -7.131859001999942, 0.0 ], [ 113.226492, -7.131811998999979, 0.0 ], [ 113.226505001000078, -7.131736, 0.0 ], [ 113.226512, -7.131678, 0.0 ], [ 113.226516998000079, -7.131619, 0.0 ], [ 113.226527, -7.131525000999943, 0.0 ], [ 113.226548, -7.131457998999963, 0.0 ], [ 113.226568, -7.131385, 0.0 ], [ 113.226572, -7.131370001999926, 0.0 ], [ 113.226591, -7.131351001999974, 0.0 ], [ 113.226628, -7.131341998999972, 0.0 ], [ 113.226644, -7.131327, 0.0 ], [ 113.226639, -7.131262998999944, 0.0 ], [ 113.226644, -7.131130998999936, 0.0 ], [ 113.226647, -7.131016, 0.0 ], [ 113.226651999000069, -7.130933998999978, 0.0 ], [ 113.226678000000106, -7.13089, 0.0 ], [ 113.226696, -7.130879, 0.0 ], [ 113.226722000000109, -7.130867, 0.0 ], [ 113.226730998000107, -7.130855998999948, 0.0 ], [ 113.226727, -7.130846, 0.0 ], [ 113.226714999000023, -7.130836998999939, 0.0 ], [ 113.226697, -7.130831, 0.0 ], [ 113.226679001000093, -7.130825001999938, 0.0 ], [ 113.226657, -7.130816998999933, 0.0 ], [ 113.226644, -7.130794998999932, 0.0 ], [ 113.226629000000116, -7.130776998999977, 0.0 ], [ 113.226604001000055, -7.130722, 0.0 ], [ 113.226568, -7.130649001999927, 0.0 ], [ 113.226528, -7.130539, 0.0 ], [ 113.22651, -7.130434001999959, 0.0 ], [ 113.226513, -7.130416001999947, 0.0 ], [ 113.226569, -7.130381, 0.0 ], [ 113.226671, -7.130325, 0.0 ], [ 113.226729999000099, -7.130314, 0.0 ], [ 113.226770998, -7.130311998999957, 0.0 ], [ 113.226784, -7.130302, 0.0 ], [ 113.226787, -7.130282, 0.0 ], [ 113.226782, -7.130260001999943, 0.0 ], [ 113.226772999000104, -7.130207, 0.0 ], [ 113.226753999000039, -7.130107, 0.0 ], [ 113.226721001000101, -7.129986001999953, 0.0 ], [ 113.226699001000043, -7.12991, 0.0 ], [ 113.226697, -7.129806, 0.0 ], [ 113.226699001000043, -7.129741, 0.0 ], [ 113.226720001000103, -7.129676, 0.0 ], [ 113.226743, -7.129604, 0.0 ], [ 113.226771999000107, -7.129541, 0.0 ], [ 113.226797001000023, -7.129493, 0.0 ], [ 113.226805, -7.129456, 0.0 ], [ 113.226831999000069, -7.129428, 0.0 ], [ 113.226865, -7.129392998999947, 0.0 ], [ 113.226896001000114, -7.129353998999932, 0.0 ], [ 113.226900000000114, -7.129324001999976, 0.0 ], [ 113.226893001, -7.129286, 0.0 ], [ 113.226900000000114, -7.129271, 0.0 ], [ 113.226919, -7.129271, 0.0 ], [ 113.226944000000117, -7.12928, 0.0 ], [ 113.226956, -7.129287, 0.0 ], [ 113.226978, -7.12929, 0.0 ], [ 113.227009, -7.12928, 0.0 ], [ 113.227036000000112, -7.129257998999947, 0.0 ], [ 113.22706, -7.129224000999955, 0.0 ], [ 113.227083999000115, -7.129175, 0.0 ], [ 113.227108001000033, -7.129155, 0.0 ], [ 113.227127001000099, -7.129134, 0.0 ], [ 113.227146, -7.12913, 0.0 ], [ 113.227175000000102, -7.129127001999962, 0.0 ], [ 113.227205001000016, -7.129126000999975, 0.0 ], [ 113.227218998000012, -7.129123, 0.0 ], [ 113.227229, -7.129113, 0.0 ], [ 113.227231, -7.129097998999953, 0.0 ], [ 113.227231, -7.129072, 0.0 ], [ 113.227226001000076, -7.129043998999975, 0.0 ], [ 113.227235, -7.129028000999938, 0.0 ], [ 113.227260999, -7.129023998999969, 0.0 ], [ 113.227283001000046, -7.129032, 0.0 ], [ 113.227301, -7.129051001999926, 0.0 ], [ 113.227313, -7.129057, 0.0 ], [ 113.227316998000106, -7.129047000999947, 0.0 ], [ 113.227315998000108, -7.129019998999979, 0.0 ], [ 113.227316998000106, -7.128990000999977, 0.0 ], [ 113.227317999000093, -7.128941, 0.0 ], [ 113.227331, -7.128894001999981, 0.0 ], [ 113.227372, -7.128836001999957, 0.0 ], [ 113.22741699900007, -7.128785998999945, 0.0 ], [ 113.227437131000102, -7.128771403999963, 0.0 ], [ 113.227457, -7.128757001999929, 0.0 ], [ 113.227480001000117, -7.128707, 0.0 ], [ 113.227480001000117, -7.128663, 0.0 ], [ 113.227477, -7.12861, 0.0 ], [ 113.227482001000112, -7.128540000999976, 0.0 ], [ 113.227490999000111, -7.128502000999958, 0.0 ], [ 113.227508, -7.128461, 0.0 ], [ 113.227541, -7.128414, 0.0 ], [ 113.227597001000049, -7.12828800099993, 0.0 ], [ 113.227638001000059, -7.128178, 0.0 ], [ 113.227677001000075, -7.128083998999955, 0.0 ], [ 113.227743, -7.128031, 0.0 ], [ 113.227774001000057, -7.12802, 0.0 ], [ 113.227790001000017, -7.128001, 0.0 ], [ 113.227783998000064, -7.127992, 0.0 ], [ 113.227760000000103, -7.12798799899997, 0.0 ], [ 113.22775, -7.127984, 0.0 ], [ 113.227745998000046, -7.127973, 0.0 ], [ 113.22775300100011, -7.12795700199996, 0.0 ], [ 113.227778, -7.127938001999951, 0.0 ], [ 113.227821, -7.127895, 0.0 ], [ 113.227870001000042, -7.127857000999938, 0.0 ], [ 113.227903999000091, -7.127819000999978, 0.0 ], [ 113.227962999000056, -7.127744001999929, 0.0 ], [ 113.228009, -7.127681, 0.0 ], [ 113.228057998000054, -7.127592, 0.0 ], [ 113.22808400100007, -7.127530001999958, 0.0 ], [ 113.228098999000053, -7.127482998999938, 0.0 ], [ 113.228114, -7.127422998999975, 0.0 ], [ 113.228128, -7.127382998999963, 0.0 ], [ 113.228164001000096, -7.127309, 0.0 ], [ 113.228185, -7.127232, 0.0 ], [ 113.228200001, -7.127173, 0.0 ], [ 113.228200001, -7.127118000999928, 0.0 ], [ 113.228183001000048, -7.127063, 0.0 ], [ 113.228169, -7.12702300199993, 0.0 ], [ 113.228165000000104, -7.127005, 0.0 ], [ 113.228167, -7.126991, 0.0 ], [ 113.228176999000084, -7.126962000999981, 0.0 ], [ 113.228200001, -7.126906001999942, 0.0 ], [ 113.228226, -7.126853, 0.0 ], [ 113.228251998000019, -7.126808001999962, 0.0 ], [ 113.22829, -7.126760998999941, 0.0 ], [ 113.228332999000031, -7.126728000999947, 0.0 ], [ 113.228362, -7.126711001999979, 0.0 ], [ 113.228384, -7.126699, 0.0 ], [ 113.228408998000077, -7.126691001999973, 0.0 ], [ 113.228416001000028, -7.126682998999968, 0.0 ], [ 113.228418001000023, -7.126671001999966, 0.0 ], [ 113.228399, -7.126646, 0.0 ], [ 113.22838, -7.126598, 0.0 ], [ 113.228367, -7.126571000999945, 0.0 ], [ 113.228346000000101, -7.126545998999973, 0.0 ], [ 113.228319001000045, -7.12653200099993, 0.0 ], [ 113.228289, -7.126508998999952, 0.0 ], [ 113.228268, -7.126487998999949, 0.0 ], [ 113.228251998000019, -7.126453000999959, 0.0 ], [ 113.228253999000117, -7.12642799899993, 0.0 ], [ 113.228232998000067, -7.126399001999971, 0.0 ], [ 113.228202001000113, -7.126376000999926, 0.0 ], [ 113.228157999000018, -7.126348998999958, 0.0 ], [ 113.228128, -7.126322, 0.0 ], [ 113.228114999000013, -7.126287, 0.0 ], [ 113.228128, -7.126249, 0.0 ], [ 113.228148, -7.12617599899994, 0.0 ], [ 113.228156999000021, -7.126113, 0.0 ], [ 113.228155999000023, -7.126039998999943, 0.0 ], [ 113.228155999000023, -7.12599, 0.0 ], [ 113.228147, -7.125960998999972, 0.0 ], [ 113.228124001000083, -7.125930001999961, 0.0 ], [ 113.22808400100007, -7.125900998999953, 0.0 ], [ 113.228034, -7.125881998999944, 0.0 ], [ 113.227984000000106, -7.125878, 0.0 ], [ 113.227910001000055, -7.125878, 0.0 ], [ 113.227824999000063, -7.125866, 0.0 ], [ 113.227799, -7.125856, 0.0 ], [ 113.227739, -7.12584, 0.0 ], [ 113.227706998000031, -7.125831000999938, 0.0 ], [ 113.22768, -7.125827, 0.0 ], [ 113.227646, -7.125824998999974, 0.0 ], [ 113.227617001000112, -7.125828, 0.0 ], [ 113.227570999000022, -7.12583000099994, 0.0 ], [ 113.227517001000024, -7.125823998999977, 0.0 ], [ 113.227466, -7.125814, 0.0 ], [ 113.227420001000041, -7.12580399899997, 0.0 ], [ 113.227387, -7.125797, 0.0 ], [ 113.227359, -7.125805998999965, 0.0 ], [ 113.22733, -7.125808, 0.0 ], [ 113.227267001000087, -7.125796, 0.0 ], [ 113.227227001000074, -7.125769, 0.0 ], [ 113.227198, -7.125731, 0.0 ], [ 113.227147001000048, -7.125676001999977, 0.0 ], [ 113.227107, -7.125636001999965, 0.0 ], [ 113.227067, -7.125574, 0.0 ], [ 113.227031001000114, -7.125526, 0.0 ], [ 113.227008, -7.125501001999965, 0.0 ], [ 113.226983, -7.125466, 0.0 ], [ 113.226974001000031, -7.12544300199994, 0.0 ], [ 113.226974001000031, -7.125418, 0.0 ], [ 113.226982, -7.125392998999928, 0.0 ], [ 113.226983999000026, -7.125359, 0.0 ], [ 113.226985999000021, -7.125311, 0.0 ], [ 113.226977, -7.12525699899993, 0.0 ], [ 113.226958, -7.125218998999969, 0.0 ], [ 113.226950000000102, -7.125178, 0.0 ], [ 113.226967999000067, -7.125139998999941, 0.0 ], [ 113.226984998000034, -7.125115, 0.0 ], [ 113.226986999000019, -7.125073, 0.0 ], [ 113.22698, -7.125033001999952, 0.0 ], [ 113.226959, -7.124998, 0.0 ], [ 113.22693, -7.124969, 0.0 ], [ 113.226896001000114, -7.124944, 0.0 ], [ 113.226854001000106, -7.12493600199997, 0.0 ], [ 113.226821, -7.12494, 0.0 ], [ 113.226794, -7.12494, 0.0 ], [ 113.226783, -7.124934001999975, 0.0 ], [ 113.226760001000116, -7.124903, 0.0 ], [ 113.226718001000108, -7.124861, 0.0 ], [ 113.226705465, -7.124850644999981, 0.0 ], [ 113.226694999000074, -7.124842, 0.0 ], [ 113.226638, -7.12484, 0.0 ], [ 113.22656500100004, -7.124845, 0.0 ], [ 113.226513, -7.124848998999937, 0.0 ], [ 113.226444, -7.124856001999945, 0.0 ], [ 113.226378999000076, -7.124861, 0.0 ], [ 113.226347001000022, -7.124857001999942, 0.0 ], [ 113.226312, -7.124842, 0.0 ], [ 113.22628, -7.124838001999933, 0.0 ], [ 113.226234, -7.12484, 0.0 ], [ 113.226192001000072, -7.12483199899998, 0.0 ], [ 113.226105999000083, -7.124816000999942, 0.0 ], [ 113.226006, -7.124788, 0.0 ], [ 113.225949, -7.124777000999927, 0.0 ], [ 113.225892998000063, -7.124768998999969, 0.0 ], [ 113.225832, -7.124755, 0.0 ], [ 113.225756998000065, -7.124728, 0.0 ], [ 113.225713, -7.124713998999937, 0.0 ], [ 113.225631, -7.124653998999975, 0.0 ], [ 113.225578, -7.124625, 0.0 ], [ 113.225498, -7.124571, 0.0 ], [ 113.225437, -7.124506001999976, 0.0 ], [ 113.225383, -7.124452, 0.0 ], [ 113.225284000000102, -7.124324998999953, 0.0 ], [ 113.225225, -7.124245998999982, 0.0 ], [ 113.225178001000018, -7.124206998999966, 0.0 ], [ 113.225152999000102, -7.1242, 0.0 ], [ 113.225107, -7.124201, 0.0 ], [ 113.225069, -7.124202998999976, 0.0 ], [ 113.225056999000117, -7.124185998999963, 0.0 ], [ 113.22505, -7.124161, 0.0 ], [ 113.225048, -7.124129998999933, 0.0 ], [ 113.225031, -7.124089998999978, 0.0 ], [ 113.225015998000117, -7.124055000999931, 0.0 ], [ 113.225012000000106, -7.124005, 0.0 ], [ 113.225006, -7.123959001999935, 0.0 ], [ 113.225023001000068, -7.123919000999933, 0.0 ], [ 113.225029, -7.123869, 0.0 ], [ 113.225028, -7.123846, 0.0 ], [ 113.225039, -7.123844001999942, 0.0 ], [ 113.225066, -7.123842001999947, 0.0 ], [ 113.225094999000021, -7.123821000999953, 0.0 ], [ 113.225116, -7.123779, 0.0 ], [ 113.225143000000116, -7.123678998999935, 0.0 ], [ 113.225188000000117, -7.123523998999929, 0.0 ], [ 113.225206, -7.123394001999941, 0.0 ], [ 113.225207407000084, -7.123380378999968, 0.0 ], [ 113.225222, -7.123239001999934, 0.0 ], [ 113.225238001000093, -7.123081000999946, 0.0 ], [ 113.225233000000117, -7.122868001999962, 0.0 ], [ 113.225219001000028, -7.12267000099996, 0.0 ], [ 113.225214, -7.122447998999974, 0.0 ], [ 113.225205, -7.122248, 0.0 ], [ 113.225194000000101, -7.122102, 0.0 ], [ 113.225188000000117, -7.121895, 0.0 ], [ 113.225191999000117, -7.121878, 0.0 ], [ 113.225224, -7.121844998999961, 0.0 ], [ 113.225263, -7.12179600199994, 0.0 ], [ 113.225284000000102, -7.12172899899997, 0.0 ], [ 113.2253, -7.121664, 0.0 ], [ 113.225313, -7.121572998999966, 0.0 ], [ 113.225312, -7.121534998999948, 0.0 ], [ 113.225302, -7.121527, 0.0 ], [ 113.225264, -7.121521000999962, 0.0 ], [ 113.225208, -7.121508, 0.0 ], [ 113.225126, -7.12149, 0.0 ], [ 113.225119001000053, -7.121488, 0.0 ], [ 113.225124, -7.121479, 0.0 ], [ 113.22513, -7.121465001999979, 0.0 ], [ 113.225178001000018, -7.121413, 0.0 ], [ 113.22524, -7.121308001999978, 0.0 ], [ 113.225280000000112, -7.121235, 0.0 ], [ 113.225304, -7.121141, 0.0 ], [ 113.2253, -7.12112, 0.0 ], [ 113.225273, -7.121093001999952, 0.0 ], [ 113.225235000000112, -7.121084998999947, 0.0 ], [ 113.225183, -7.121091000999968, 0.0 ], [ 113.225137, -7.121105998999951, 0.0 ], [ 113.225084, -7.121133001999965, 0.0 ], [ 113.225049, -7.121171001999926, 0.0 ], [ 113.225005001000113, -7.121217, 0.0 ], [ 113.224988, -7.121226, 0.0 ], [ 113.224974, -7.121228000999963, 0.0 ], [ 113.22494400100004, -7.121219998999948, 0.0 ], [ 113.224915, -7.121205, 0.0 ], [ 113.224883, -7.121162998999978, 0.0 ], [ 113.224843, -7.121097, 0.0 ], [ 113.224833000000103, -7.121036001999926, 0.0 ], [ 113.224821999000028, -7.120982, 0.0 ], [ 113.224824, -7.120907, 0.0 ], [ 113.224836, -7.120838000999981, 0.0 ], [ 113.224839998000107, -7.120825, 0.0 ], [ 113.224867001, -7.120802001999948, 0.0 ], [ 113.224882741000101, -7.120780674999935, 0.0 ], [ 113.224897998000074, -7.120760000999951, 0.0 ], [ 113.224948, -7.12071, 0.0 ], [ 113.225017999000102, -7.120621, 0.0 ], [ 113.225043001000017, -7.12056800199997, 0.0 ], [ 113.225073998000084, -7.120499998999946, 0.0 ], [ 113.225089, -7.120427000999939, 0.0 ], [ 113.22511, -7.120391001999963, 0.0 ], [ 113.225164, -7.120329, 0.0 ], [ 113.225206, -7.120293001999926, 0.0 ], [ 113.225251999000079, -7.120247998999957, 0.0 ], [ 113.225295001000063, -7.120177001999934, 0.0 ], [ 113.225317001, -7.120108998999967, 0.0 ], [ 113.225328999000112, -7.120029998999939, 0.0 ], [ 113.225332, -7.119957, 0.0 ], [ 113.225318, -7.11983, 0.0 ], [ 113.225306, -7.119759998999939, 0.0 ], [ 113.225314001000015, -7.119700998999974, 0.0 ], [ 113.225346998000077, -7.119646, 0.0 ], [ 113.225414001000104, -7.119570000999943, 0.0 ], [ 113.225456, -7.119541, 0.0 ], [ 113.225487, -7.119491000999972, 0.0 ], [ 113.225522998000088, -7.119424, 0.0 ], [ 113.225539, -7.119344, 0.0 ], [ 113.225561998000103, -7.119180000999961, 0.0 ], [ 113.225561998000103, -7.119128, 0.0 ], [ 113.225549001000104, -7.119002, 0.0 ], [ 113.225515, -7.118754001999946, 0.0 ], [ 113.225498, -7.118594000999963, 0.0 ], [ 113.225459000000114, -7.118328, 0.0 ], [ 113.225418000000104, -7.118176, 0.0 ], [ 113.22541, -7.118043998999951, 0.0 ], [ 113.225431001000061, -7.117912000999979, 0.0 ], [ 113.225461000000109, -7.117732998999941, 0.0 ], [ 113.225474, -7.11763900099993, 0.0 ], [ 113.225504999, -7.117571, 0.0 ], [ 113.225560998000105, -7.117429, 0.0 ], [ 113.225620999000057, -7.117169, 0.0 ], [ 113.225665001000039, -7.116989998999941, 0.0 ], [ 113.225704001000054, -7.116802001999929, 0.0 ], [ 113.225741, -7.116616, 0.0 ], [ 113.225808, -7.116359, 0.0 ], [ 113.225831, -7.116291, 0.0 ], [ 113.225841001000049, -7.116285998999956, 0.0 ], [ 113.225857, -7.116285998999956, 0.0 ], [ 113.225945, -7.116327998999964, 0.0 ], [ 113.225961, -7.116327998999964, 0.0 ], [ 113.225982, -7.116271, 0.0 ], [ 113.225996400000099, -7.116210366999951, 0.0 ], [ 113.225751, -7.11549198199998, 0.0 ], [ 113.225576041000068, -7.114883039999938, 0.0 ], [ 113.225208121000037, -7.11410498999993, 0.0 ], [ 113.224889160000089, -7.113488038999947, 0.0 ], [ 113.224466881000012, -7.11277397899994, 0.0 ], [ 113.223831840000116, -7.111853011999926, 0.0 ], [ 113.224497841000016, -7.111680031999981, 0.0 ], [ 113.225517, -7.111575000999949, 0.0 ], [ 113.226563161000058, -7.111538010999936, 0.0 ], [ 113.22711526, -7.111559082999975, 0.0 ], [ 113.228003880000074, -7.11159300099996, 0.0 ], [ 113.228254133000064, -7.111611062999941, 0.0 ], [ 113.228710921000015, -7.111644029999979, 0.0 ], [ 113.229637918000094, -7.111817009999982, 0.0 ], [ 113.229878691000067, -7.111881204999975, 0.0 ], [ 113.230357920000074, -7.112008979999928, 0.0 ], [ 113.230923840000059, -7.112268, 0.0 ], [ 113.231486160000031, -7.112608018999936, 0.0 ], [ 113.232047039, -7.113149008999926, 0.0 ], [ 113.232611160000033, -7.113764968999931, 0.0 ], [ 113.233205881000117, -7.114367969999932, 0.0 ], [ 113.233669920000011, -7.115018041999974, 0.0 ], [ 113.234244840000088, -7.11578996999998, 0.0 ], [ 113.234671080000112, -7.116423029999964, 0.0 ], [ 113.234996160000037, -7.11680795999996, 0.0 ], [ 113.235414840000089, -7.117197030999932, 0.0 ], [ 113.235838920000106, -7.117346969999971, 0.0 ], [ 113.236630920000039, -7.117386028999931, 0.0 ], [ 113.237772839000058, -7.117408979999936, 0.0 ], [ 113.238662041000111, -7.117370011999981, 0.0 ], [ 113.240217958000017, -7.117199009999979, 0.0 ], [ 113.241327841000043, -7.117198021999968, 0.0 ], [ 113.242385880000029, -7.117135019999978, 0.0 ], [ 113.243282111000099, -7.117045362999932, 0.0 ], [ 113.243263012000057, -7.116914071999929, 0.0 ], [ 113.243263, -7.116913998999962, 0.0 ], [ 113.243343764000088, -7.116921275999971, 0.0 ], [ 113.243374001, -7.116924, 0.0 ], [ 113.243473001000098, -7.116944, 0.0 ], [ 113.243513, -7.116934, 0.0 ], [ 113.24360199900002, -7.116932998999971, 0.0 ], [ 113.243697998000016, -7.116936, 0.0 ], [ 113.243857, -7.116956000999949, 0.0 ], [ 113.243928, -7.116934, 0.0 ], [ 113.244024, -7.116908, 0.0 ], [ 113.244144, -7.116896, 0.0 ], [ 113.244350300000065, -7.116892061999977, 0.0 ], [ 113.244528959000036, -7.116866009999967, 0.0 ], [ 113.244667201000084, -7.116825011999936, 0.0 ], [ 113.244723, -7.116775998999969, 0.0 ], [ 113.24477299900002, -7.116721, 0.0 ], [ 113.244879, -7.116658998999981, 0.0 ], [ 113.245128001000012, -7.116622, 0.0 ], [ 113.245334999000079, -7.116596, 0.0 ], [ 113.245537001000116, -7.116545, 0.0 ], [ 113.245543881000117, -7.116543105999938, 0.0 ], [ 113.246012879000091, -7.116377038999929, 0.0 ], [ 113.246728921000113, -7.116199019999954, 0.0 ], [ 113.247641161000047, -7.115659019999953, 0.0 ], [ 113.248472041000014, -7.115334029999929, 0.0 ], [ 113.248938430000067, -7.115162848999944, 0.0 ], [ 113.249033, -7.11511, 0.0 ], [ 113.249121999000067, -7.11506800199993, 0.0 ], [ 113.249195999000108, -7.115040998999973, 0.0 ], [ 113.24929, -7.114986000999977, 0.0 ], [ 113.249435, -7.114904998999975, 0.0 ], [ 113.24961, -7.114822, 0.0 ], [ 113.249761, -7.114733000999934, 0.0 ], [ 113.249872, -7.114678001999948, 0.0 ], [ 113.249946001000012, -7.114634, 0.0 ], [ 113.250095999000109, -7.114594, 0.0 ], [ 113.250213999000039, -7.114555, 0.0 ], [ 113.250315001000104, -7.11452000099996, 0.0 ], [ 113.250446999000019, -7.114468, 0.0 ], [ 113.250590001000091, -7.114444001999971, 0.0 ], [ 113.250658999000052, -7.114431, 0.0 ], [ 113.250723000000107, -7.114402000999974, 0.0 ], [ 113.250794, -7.114362000999961, 0.0 ], [ 113.250899000000118, -7.114314, 0.0 ], [ 113.25105299900008, -7.114209001999939, 0.0 ], [ 113.251155001000029, -7.114139, 0.0 ], [ 113.251263998000013, -7.114063998999939, 0.0 ], [ 113.251330539000037, -7.114043946999971, 0.0 ], [ 113.251337, -7.114042, 0.0 ], [ 113.251338617000101, -7.114040575999979, 0.0 ], [ 113.251396000000113, -7.11399, 0.0 ], [ 113.25147, -7.113935000999959, 0.0 ], [ 113.251572, -7.113865, 0.0 ], [ 113.251661001000116, -7.113819001999957, 0.0 ], [ 113.251771998000095, -7.113783, 0.0 ], [ 113.251913, -7.113756, 0.0 ], [ 113.252033001000086, -7.113717, 0.0 ], [ 113.252202999000019, -7.113649, 0.0 ], [ 113.252300999000113, -7.113593, 0.0 ], [ 113.252373, -7.113548, 0.0 ], [ 113.252426, -7.113494, 0.0 ], [ 113.252491, -7.113441998999974, 0.0 ], [ 113.252594, -7.113376, 0.0 ], [ 113.252669999000091, -7.113321998999936, 0.0 ], [ 113.252721, -7.113298, 0.0 ], [ 113.252781, -7.11329200199998, 0.0 ], [ 113.252885999000114, -7.113274001999969, 0.0 ], [ 113.253037, -7.113205998999945, 0.0 ], [ 113.253213998000092, -7.113142, 0.0 ], [ 113.253358001000038, -7.113071998999942, 0.0 ], [ 113.253633001000026, -7.112939000999972, 0.0 ], [ 113.253820999000027, -7.112866, 0.0 ], [ 113.254010000000108, -7.112792, 0.0 ], [ 113.254177001000016, -7.112761, 0.0 ], [ 113.254249999000081, -7.112755998999944, 0.0 ], [ 113.254286998000111, -7.11275, 0.0 ], [ 113.254515, -7.112684, 0.0 ], [ 113.254731000000106, -7.112602998999932, 0.0 ], [ 113.254956001000096, -7.11254299899997, 0.0 ], [ 113.255157, -7.112473001999945, 0.0 ], [ 113.255373, -7.112421, 0.0 ], [ 113.255474320000076, -7.112387869999964, 0.0 ], [ 113.255953921000014, -7.112219039999957, 0.0 ], [ 113.256579958000088, -7.111996019999935, 0.0 ], [ 113.257298997000021, -7.111865183999953, 0.0 ], [ 113.257388159000016, -7.111848959999975, 0.0 ], [ 113.257403587000113, -7.11184884499994, 0.0 ], [ 113.257412, -7.111904, 0.0 ], [ 113.257421, -7.111939998999958, 0.0 ], [ 113.25745, -7.112035998999943, 0.0 ], [ 113.257495, -7.112180000999956, 0.0 ], [ 113.257522000000108, -7.112282, 0.0 ], [ 113.257535, -7.112333, 0.0 ], [ 113.257529, -7.112374000999978, 0.0 ], [ 113.257516, -7.112432000999945, 0.0 ], [ 113.257478000000106, -7.112537, 0.0 ], [ 113.257467358000099, -7.112566912999966, 0.0 ], [ 113.257479960000069, -7.113126960999978, 0.0 ], [ 113.257495422000034, -7.113232640999968, 0.0 ], [ 113.257548, -7.113591989999975, 0.0 ], [ 113.257757158000118, -7.114337009999929, 0.0 ], [ 113.257801080000036, -7.114620958999978, 0.0 ], [ 113.257780919000083, -7.114934968999933, 0.0 ], [ 113.257688040000062, -7.115375969999945, 0.0 ], [ 113.257550880000053, -7.115781959999936, 0.0 ], [ 113.257389960000069, -7.11617696999997, 0.0 ], [ 113.257148040000061, -7.116630029999953, 0.0 ], [ 113.256929160000027, -7.116978958999937, 0.0 ], [ 113.256618119000109, -7.11735201099998, 0.0 ], [ 113.256433079000089, -7.117595998999946, 0.0 ], [ 113.256317880000097, -7.11782900999998, 0.0 ], [ 113.25624912, -7.118037989999948, 0.0 ], [ 113.256135, -7.118386020999935, 0.0 ], [ 113.256082079000066, -7.11873602999998, 0.0 ], [ 113.25602412, -7.119395009999948, 0.0 ], [ 113.256002880000096, -7.120009978999974, 0.0 ], [ 113.255973, -7.120845, 0.0 ], [ 113.255952120000075, -7.121366010999964, 0.0 ], [ 113.255942040000036, -7.121772, 0.0 ], [ 113.255957879000107, -7.122526019999952, 0.0 ], [ 113.255984159000036, -7.123116959999948, 0.0 ], [ 113.255975160000048, -7.123638960999926, 0.0 ], [ 113.255966160000071, -7.124172028999965, 0.0 ], [ 113.255898120000097, -7.12462401099998, 0.0 ], [ 113.255817118000095, -7.124999039999977, 0.0 ], [ 113.255816400000072, -7.12500074999997, 0.0 ], [ 113.255728920000024, -7.125270029999967, 0.0 ], [ 113.25561984, -7.12559798999996, 0.0 ], [ 113.255539920000047, -7.126070039999945, 0.0 ], [ 113.255461080000032, -7.126643970999964, 0.0 ], [ 113.255362079000065, -7.127321040999959, 0.0 ], [ 113.255241120000051, -7.127937000999964, 0.0 ], [ 113.255101080000031, -7.12865501899995, 0.0 ], [ 113.25489984, -7.129578958999957, 0.0 ], [ 113.254759080000099, -7.130174039999929, 0.0 ], [ 113.25461112000005, -7.130665979999947, 0.0 ], [ 113.254506732000095, -7.131001466999976, 0.0 ], [ 113.254527, -7.131023, 0.0 ], [ 113.254554, -7.131059000999926, 0.0 ], [ 113.25457, -7.13112, 0.0 ], [ 113.254617, -7.131217, 0.0 ], [ 113.254640999000117, -7.131239, 0.0 ], [ 113.254686000000106, -7.131289, 0.0 ], [ 113.254689, -7.131303998999954, 0.0 ], [ 113.254683000000114, -7.131356, 0.0 ], [ 113.254666, -7.131463, 0.0 ], [ 113.254644, -7.131561, 0.0 ], [ 113.254639999, -7.131621000999928, 0.0 ], [ 113.254639999, -7.131643000999929, 0.0 ], [ 113.254657998000084, -7.131708, 0.0 ], [ 113.254681, -7.131771998999966, 0.0 ], [ 113.254695998000102, -7.131825, 0.0 ], [ 113.254696998000099, -7.131865, 0.0 ], [ 113.254668, -7.131938, 0.0 ], [ 113.254628, -7.132024998999952, 0.0 ], [ 113.254594000000111, -7.13208900099994, 0.0 ], [ 113.254577, -7.132153, 0.0 ], [ 113.254574, -7.13220199899996, 0.0 ], [ 113.254579276000072, -7.132239457999958, 0.0 ], [ 113.254637040000034, -7.132370039999955, 0.0 ], [ 113.254639342000019, -7.132372613999962, 0.0 ], [ 113.254669, -7.13239, 0.0 ], [ 113.254742, -7.13242, 0.0 ], [ 113.254787, -7.132432, 0.0 ], [ 113.254809, -7.132468, 0.0 ], [ 113.254842, -7.132500000999926, 0.0 ], [ 113.254892999000049, -7.132541000999936, 0.0 ], [ 113.254936, -7.132583, 0.0 ], [ 113.254966, -7.132628998999962, 0.0 ], [ 113.254993, -7.132694000999948, 0.0 ], [ 113.255023, -7.132746998999949, 0.0 ], [ 113.255082, -7.132801, 0.0 ], [ 113.255083, -7.132818, 0.0 ], [ 113.255081, -7.132858, 0.0 ], [ 113.255069999000057, -7.132901998999955, 0.0 ], [ 113.255065116000083, -7.132910369999934, 0.0 ], [ 113.255056, -7.132926, 0.0 ], [ 113.255035, -7.132941998999968, 0.0 ], [ 113.255045000000109, -7.133004, 0.0 ], [ 113.255117, -7.133106000999931, 0.0 ], [ 113.255129, -7.133129, 0.0 ], [ 113.255141, -7.133169, 0.0 ], [ 113.255147861000069, -7.133174336999957, 0.0 ], [ 113.255168, -7.13319, 0.0 ], [ 113.255181000000107, -7.133193, 0.0 ], [ 113.255198, -7.133185000999958, 0.0 ], [ 113.255212, -7.133196998999949, 0.0 ], [ 113.255235, -7.133196998999949, 0.0 ], [ 113.255241998000088, -7.1332, 0.0 ], [ 113.255258, -7.133216998999956, 0.0 ], [ 113.255263999000022, -7.133231, 0.0 ], [ 113.255263999000022, -7.133243000999926, 0.0 ], [ 113.25525, -7.13327199899993, 0.0 ], [ 113.255254, -7.133298000999957, 0.0 ], [ 113.255243999000072, -7.133318000999964, 0.0 ], [ 113.255231, -7.133343, 0.0 ], [ 113.255204961000118, -7.133354259999976, 0.0 ], [ 113.255194, -7.133359000999974, 0.0 ], [ 113.255188, -7.13337900099998, 0.0 ], [ 113.255172, -7.133388, 0.0 ], [ 113.255161, -7.133396000999937, 0.0 ], [ 113.25515, -7.133406, 0.0 ], [ 113.255134000000112, -7.133416000999944, 0.0 ], [ 113.255121, -7.133434, 0.0 ], [ 113.255104999000082, -7.133442, 0.0 ], [ 113.255091000000107, -7.133452, 0.0 ], [ 113.255085, -7.133467998999947, 0.0 ], [ 113.255073, -7.133474000999968, 0.0 ], [ 113.255053, -7.133485998999959, 0.0 ], [ 113.255045000000109, -7.133492, 0.0 ], [ 113.25504899900011, -7.133506998999962, 0.0 ], [ 113.255064, -7.13352, 0.0 ], [ 113.255075, -7.133528998999964, 0.0 ], [ 113.255081, -7.13354, 0.0 ], [ 113.255091000000107, -7.133545998999978, 0.0 ], [ 113.255095, -7.133553000999939, 0.0 ], [ 113.255098, -7.133562, 0.0 ], [ 113.255099, -7.13357100099995, 0.0 ], [ 113.255106998000088, -7.133579, 0.0 ], [ 113.255116, -7.133583, 0.0 ], [ 113.255121, -7.133583998999939, 0.0 ], [ 113.255127999000024, -7.133595000999946, 0.0 ], [ 113.255127999000024, -7.133608, 0.0 ], [ 113.255135000000109, -7.133617, 0.0 ], [ 113.255144998000105, -7.133618, 0.0 ], [ 113.255153, -7.133621, 0.0 ], [ 113.255155, -7.133630000999972, 0.0 ], [ 113.255158, -7.133643998999958, 0.0 ], [ 113.255162, -7.133656, 0.0 ], [ 113.255169, -7.133661998999969, 0.0 ], [ 113.255176, -7.133668, 0.0 ], [ 113.255177000000117, -7.133679, 0.0 ], [ 113.255178000000114, -7.133689000999937, 0.0 ], [ 113.255178000000114, -7.133698, 0.0 ], [ 113.255181000000107, -7.133703998999977, 0.0 ], [ 113.255185999000105, -7.133708000999945, 0.0 ], [ 113.255197, -7.133711000999938, 0.0 ], [ 113.2552, -7.133721998999931, 0.0 ], [ 113.255202998000073, -7.133737, 0.0 ], [ 113.255204999000057, -7.133753, 0.0 ], [ 113.255201, -7.133762998999941, 0.0 ], [ 113.255194, -7.133769000999962, 0.0 ], [ 113.255184998000118, -7.133772, 0.0 ], [ 113.255174, -7.133773, 0.0 ], [ 113.255163998000057, -7.133780998999953, 0.0 ], [ 113.255157, -7.133787000999973, 0.0 ], [ 113.255142, -7.133791, 0.0 ], [ 113.255134000000112, -7.133794, 0.0 ], [ 113.255127999000024, -7.133803, 0.0 ], [ 113.25512, -7.133808000999977, 0.0 ], [ 113.255112, -7.133815, 0.0 ], [ 113.255102, -7.133817998999973, 0.0 ], [ 113.255094, -7.133827000999929, 0.0 ], [ 113.255088999, -7.133839998999974, 0.0 ], [ 113.255075, -7.133837998999979, 0.0 ], [ 113.255068999000059, -7.133837998999979, 0.0 ], [ 113.255056, -7.133839998999974, 0.0 ], [ 113.255045000000109, -7.133848000999933, 0.0 ], [ 113.255039, -7.133858998999926, 0.0 ], [ 113.255030999000041, -7.133865000999947, 0.0 ], [ 113.255017, -7.133865000999947, 0.0 ], [ 113.255003000000102, -7.133865000999947, 0.0 ], [ 113.254996, -7.133872, 0.0 ], [ 113.254988998000044, -7.133881, 0.0 ], [ 113.254978, -7.133884000999956, 0.0 ], [ 113.254968, -7.133885000999953, 0.0 ], [ 113.25496, -7.133892, 0.0 ], [ 113.254952999000011, -7.133898998999939, 0.0 ], [ 113.254942, -7.133904000999962, 0.0 ], [ 113.254936, -7.133902, 0.0 ], [ 113.254928, -7.133907000999955, 0.0 ], [ 113.254923, -7.13391, 0.0 ], [ 113.254913999000109, -7.133915998999953, 0.0 ], [ 113.254906, -7.133914, 0.0 ], [ 113.2549, -7.133911, 0.0 ], [ 113.254890998000064, -7.133912, 0.0 ], [ 113.254885, -7.133914998999956, 0.0 ], [ 113.254883, -7.13392, 0.0 ], [ 113.254877, -7.133938998999952, 0.0 ], [ 113.254878, -7.133943000999977, 0.0 ], [ 113.254895, -7.133957998999961, 0.0 ], [ 113.254903, -7.133965000999979, 0.0 ], [ 113.254922, -7.133971, 0.0 ], [ 113.254927, -7.133972, 0.0 ], [ 113.254931999000064, -7.133982000999936, 0.0 ], [ 113.25494, -7.133994998999981, 0.0 ], [ 113.254947, -7.133996998999976, 0.0 ], [ 113.25496, -7.134, 0.0 ], [ 113.254973, -7.13401, 0.0 ], [ 113.254983, -7.134023000999946, 0.0 ], [ 113.254994, -7.134028, 0.0 ], [ 113.255004, -7.134028, 0.0 ], [ 113.255012, -7.134027, 0.0 ], [ 113.255018, -7.134031998999944, 0.0 ], [ 113.255023, -7.134039, 0.0 ], [ 113.255028998000057, -7.134045, 0.0 ], [ 113.255035, -7.134051998999951, 0.0 ], [ 113.255042000000117, -7.134055998999941, 0.0 ], [ 113.255051, -7.134055998999941, 0.0 ], [ 113.255062, -7.134055998999941, 0.0 ], [ 113.255069999000057, -7.134062000999961, 0.0 ], [ 113.255073, -7.134069, 0.0 ], [ 113.255079, -7.134074998999949, 0.0 ], [ 113.255087999000011, -7.134082000999967, 0.0 ], [ 113.255095, -7.134082000999967, 0.0 ], [ 113.255101, -7.134082000999967, 0.0 ], [ 113.255107999000074, -7.134087, 0.0 ], [ 113.255113, -7.134098000999927, 0.0 ], [ 113.255116, -7.134105, 0.0 ], [ 113.255122, -7.134109998999975, 0.0 ], [ 113.255134000000112, -7.134109998999975, 0.0 ], [ 113.255143, -7.134109998999975, 0.0 ], [ 113.255149, -7.134110998999972, 0.0 ], [ 113.255159, -7.134121000999926, 0.0 ], [ 113.255164998000055, -7.134128, 0.0 ], [ 113.255183998, -7.134148, 0.0 ], [ 113.255198, -7.134155, 0.0 ], [ 113.25521, -7.134156, 0.0 ], [ 113.25522, -7.134164, 0.0 ], [ 113.25523, -7.134176000999958, 0.0 ], [ 113.25524, -7.13417900099995, 0.0 ], [ 113.255255, -7.134181, 0.0 ], [ 113.255261998000037, -7.134188998999946, 0.0 ], [ 113.255268000000115, -7.134205, 0.0 ], [ 113.255272000000105, -7.134214, 0.0 ], [ 113.25528, -7.134221, 0.0 ], [ 113.255292, -7.134221, 0.0 ], [ 113.255299, -7.134226, 0.0 ], [ 113.255307, -7.134239, 0.0 ], [ 113.25531500000011, -7.134244, 0.0 ], [ 113.255324, -7.134244, 0.0 ], [ 113.255336, -7.134254000999931, 0.0 ], [ 113.25533899900006, -7.134264, 0.0 ], [ 113.255348, -7.134271, 0.0 ], [ 113.255355, -7.134275000999935, 0.0 ], [ 113.255360999000118, -7.134282, 0.0 ], [ 113.255369, -7.134291, 0.0 ], [ 113.255377, -7.134296000999939, 0.0 ], [ 113.25539, -7.134304998999937, 0.0 ], [ 113.255402000000117, -7.134315000999948, 0.0 ], [ 113.255414, -7.134324, 0.0 ], [ 113.255418998000096, -7.134325998999941, 0.0 ], [ 113.255427, -7.134325998999941, 0.0 ], [ 113.255432, -7.134325998999941, 0.0 ], [ 113.255437998000048, -7.134321, 0.0 ], [ 113.255444, -7.134315000999948, 0.0 ], [ 113.255449000000112, -7.134311, 0.0 ], [ 113.255457998000111, -7.134313000999953, 0.0 ], [ 113.255471, -7.134311, 0.0 ], [ 113.255476998000063, -7.134304, 0.0 ], [ 113.255481, -7.134301, 0.0 ], [ 113.255486, -7.134303, 0.0 ], [ 113.255494999, -7.134308998999927, 0.0 ], [ 113.25551, -7.13431400099995, 0.0 ], [ 113.25552, -7.134311, 0.0 ], [ 113.255528, -7.134318, 0.0 ], [ 113.255532, -7.134324, 0.0 ], [ 113.255537999000012, -7.134325998999941, 0.0 ], [ 113.255545, -7.134324, 0.0 ], [ 113.25555, -7.134324, 0.0 ], [ 113.255553999000085, -7.134325998999941, 0.0 ], [ 113.255558, -7.134331, 0.0 ], [ 113.255562, -7.134339, 0.0 ], [ 113.255568, -7.13435, 0.0 ], [ 113.255573998000045, -7.13436, 0.0 ], [ 113.255579, -7.134363998999959, 0.0 ], [ 113.255583000000115, -7.134365998999954, 0.0 ], [ 113.2555890000001, -7.134365998999954, 0.0 ], [ 113.255593998000109, -7.134365998999954, 0.0 ], [ 113.255599, -7.134372000999974, 0.0 ], [ 113.255604, -7.134379, 0.0 ], [ 113.255608, -7.13438599899996, 0.0 ], [ 113.255618, -7.134393000999978, 0.0 ], [ 113.255625, -7.134396, 0.0 ], [ 113.255628000000115, -7.134402998999974, 0.0 ], [ 113.255631000000108, -7.134413000999928, 0.0 ], [ 113.255639, -7.134419, 0.0 ], [ 113.255645, -7.13442, 0.0 ], [ 113.255650999000068, -7.134421998999926, 0.0 ], [ 113.255654999000058, -7.134430000999942, 0.0 ], [ 113.255658, -7.13444, 0.0 ], [ 113.255665, -7.134447, 0.0 ], [ 113.255672999000012, -7.134450000999948, 0.0 ], [ 113.2556790000001, -7.134455, 0.0 ], [ 113.255681, -7.134462998999936, 0.0 ], [ 113.255687, -7.134471000999952, 0.0 ], [ 113.255691998000088, -7.134472000999949, 0.0 ], [ 113.255703, -7.134474, 0.0 ], [ 113.255711999000027, -7.13448, 0.0 ], [ 113.255715, -7.134484998999937, 0.0 ], [ 113.255718000000115, -7.134496, 0.0 ], [ 113.255722000000105, -7.134502998999949, 0.0 ], [ 113.255731999000091, -7.134505, 0.0 ], [ 113.255742, -7.134507, 0.0 ], [ 113.255748, -7.134517, 0.0 ], [ 113.255754, -7.134526, 0.0 ], [ 113.25576, -7.134531000999971, 0.0 ], [ 113.25576500000011, -7.134537, 0.0 ], [ 113.255770999000106, -7.134539998999969, 0.0 ], [ 113.255779, -7.134540998999967, 0.0 ], [ 113.255785, -7.134542998999962, 0.0 ], [ 113.255793, -7.134549000999925, 0.0 ], [ 113.255794, -7.134557, 0.0 ], [ 113.255797, -7.134572, 0.0 ], [ 113.255804, -7.134576, 0.0 ], [ 113.255815, -7.134579998999925, 0.0 ], [ 113.255826, -7.134580998999979, 0.0 ], [ 113.255831, -7.134588000999941, 0.0 ], [ 113.255834, -7.134598998999934, 0.0 ], [ 113.255839, -7.134606000999952, 0.0 ], [ 113.255845, -7.134614, 0.0 ], [ 113.255855000000111, -7.134616, 0.0 ], [ 113.255861, -7.134616998999945, 0.0 ], [ 113.255866998000101, -7.134623, 0.0 ], [ 113.255872, -7.134629, 0.0 ], [ 113.25588, -7.134633, 0.0 ], [ 113.255888999000035, -7.134635, 0.0 ], [ 113.255896, -7.134636, 0.0 ], [ 113.255905998000117, -7.134638998999947, 0.0 ], [ 113.25591, -7.134645000999967, 0.0 ], [ 113.25591, -7.134654, 0.0 ], [ 113.255909, -7.134663, 0.0 ], [ 113.255899000000113, -7.134673, 0.0 ], [ 113.255896, -7.134687000999975, 0.0 ], [ 113.255895, -7.134696998999971, 0.0 ], [ 113.255893, -7.134707, 0.0 ], [ 113.255884, -7.134718998999972, 0.0 ], [ 113.25588, -7.134729, 0.0 ], [ 113.255879, -7.134743000999947, 0.0 ], [ 113.255878, -7.134753, 0.0 ], [ 113.255868999000086, -7.134763000999953, 0.0 ], [ 113.255865, -7.134771, 0.0 ], [ 113.255863, -7.134779, 0.0 ], [ 113.255864, -7.134787, 0.0 ], [ 113.255864, -7.134795998999948, 0.0 ], [ 113.255862, -7.134805, 0.0 ], [ 113.255857000000105, -7.134811, 0.0 ], [ 113.255852, -7.134822000999975, 0.0 ], [ 113.255854000000113, -7.134827, 0.0 ], [ 113.255857000000105, -7.13483, 0.0 ], [ 113.255865999000093, -7.134831, 0.0 ], [ 113.255872, -7.134832998999968, 0.0 ], [ 113.255879, -7.134834998999963, 0.0 ], [ 113.255887999000038, -7.134833998999966, 0.0 ], [ 113.255894, -7.134828, 0.0 ], [ 113.255900000000111, -7.134826, 0.0 ], [ 113.255909, -7.134825, 0.0 ], [ 113.255914, -7.134828, 0.0 ], [ 113.255921, -7.134829, 0.0 ], [ 113.255929, -7.134828, 0.0 ], [ 113.255939, -7.134828, 0.0 ], [ 113.25594399900001, -7.134824, 0.0 ], [ 113.255949000000101, -7.134821000999978, 0.0 ], [ 113.255955, -7.134818, 0.0 ], [ 113.255975, -7.134819, 0.0 ], [ 113.255993000000103, -7.134818, 0.0 ], [ 113.256001999000091, -7.134812998999962, 0.0 ], [ 113.25601, -7.134805, 0.0 ], [ 113.256022998000049, -7.134803000999966, 0.0 ], [ 113.256035000000111, -7.134803000999966, 0.0 ], [ 113.256044999000096, -7.134804000999964, 0.0 ], [ 113.256065, -7.134803000999966, 0.0 ], [ 113.256071, -7.134794998999951, 0.0 ], [ 113.256081998000013, -7.134792, 0.0 ], [ 113.256095, -7.134792998999956, 0.0 ], [ 113.256114, -7.134788, 0.0 ], [ 113.256122999000013, -7.134773998999947, 0.0 ], [ 113.256133, -7.134771, 0.0 ], [ 113.256155, -7.134768, 0.0 ], [ 113.256169000000114, -7.134759, 0.0 ], [ 113.256181999000091, -7.13475, 0.0 ], [ 113.256199999000046, -7.134746, 0.0 ], [ 113.256214000000114, -7.134741, 0.0 ], [ 113.256222, -7.134726000999933, 0.0 ], [ 113.25623, -7.134716998999977, 0.0 ], [ 113.256241, -7.13471599899998, 0.0 ], [ 113.256264000000101, -7.134717998999974, 0.0 ], [ 113.256275998000092, -7.134707, 0.0 ], [ 113.256284, -7.134697998999968, 0.0 ], [ 113.256294999000033, -7.134694998999976, 0.0 ], [ 113.256317999000089, -7.13469, 0.0 ], [ 113.25633, -7.134678998999959, 0.0 ], [ 113.256334998000057, -7.134652, 0.0 ], [ 113.256349000000114, -7.134638998999947, 0.0 ], [ 113.256365, -7.134632, 0.0 ], [ 113.256371, -7.134620998999935, 0.0 ], [ 113.256372999000064, -7.134604, 0.0 ], [ 113.25639, -7.134592, 0.0 ], [ 113.256402, -7.134580998999979, 0.0 ], [ 113.256408, -7.134567000999937, 0.0 ], [ 113.256408, -7.13455000099998, 0.0 ], [ 113.25641, -7.134530000999973, 0.0 ], [ 113.256421, -7.134522998999955, 0.0 ], [ 113.256433999000024, -7.134518, 0.0 ], [ 113.256440000000111, -7.134506, 0.0 ], [ 113.256439000000114, -7.13448, 0.0 ], [ 113.256446, -7.134460998999941, 0.0 ], [ 113.256449, -7.134447, 0.0 ], [ 113.256457, -7.134439, 0.0 ], [ 113.256464, -7.134436, 0.0 ], [ 113.256470998000054, -7.134441, 0.0 ], [ 113.256492999000102, -7.134466, 0.0 ], [ 113.256510998000067, -7.134492000999956, 0.0 ], [ 113.256549998000082, -7.134535, 0.0 ], [ 113.256581, -7.134585, 0.0 ], [ 113.256621000000109, -7.134642, 0.0 ], [ 113.256646998000065, -7.134675998999967, 0.0 ], [ 113.256694, -7.134744000999945, 0.0 ], [ 113.25672, -7.134792998999956, 0.0 ], [ 113.256746999000029, -7.134849, 0.0 ], [ 113.256766999000092, -7.134897, 0.0 ], [ 113.256795, -7.134944, 0.0 ], [ 113.256826, -7.134997000999931, 0.0 ], [ 113.256848000000105, -7.135038000999941, 0.0 ], [ 113.256865, -7.135068998999941, 0.0 ], [ 113.256876, -7.13509400099997, 0.0 ], [ 113.256893000000105, -7.135113000999979, 0.0 ], [ 113.256899998000108, -7.135116000999972, 0.0 ], [ 113.256922999000039, -7.13512, 0.0 ], [ 113.256973, -7.135119, 0.0 ], [ 113.257027000000107, -7.135133000999929, 0.0 ], [ 113.25707499900011, -7.135156, 0.0 ], [ 113.2571200000001, -7.135188, 0.0 ], [ 113.257154999000022, -7.135216, 0.0 ], [ 113.257191, -7.135239, 0.0 ], [ 113.257228, -7.135270000999981, 0.0 ], [ 113.257245, -7.135303998999973, 0.0 ], [ 113.257263, -7.135355, 0.0 ], [ 113.257276, -7.135402, 0.0 ], [ 113.257291999000017, -7.135462, 0.0 ], [ 113.257303, -7.135505000999956, 0.0 ], [ 113.257312999000078, -7.135546, 0.0 ], [ 113.25732, -7.135622000999945, 0.0 ], [ 113.257329998000046, -7.135697000999926, 0.0 ], [ 113.2573450000001, -7.13575900099994, 0.0 ], [ 113.257351999000093, -7.135817000999964, 0.0 ], [ 113.257359, -7.135859, 0.0 ], [ 113.257374, -7.13592, 0.0 ], [ 113.257399, -7.135974000999965, 0.0 ], [ 113.257408999000063, -7.136015, 0.0 ], [ 113.257437, -7.13607000099995, 0.0 ], [ 113.257448999000076, -7.13610099899995, 0.0 ], [ 113.257464999000035, -7.136139998999965, 0.0 ], [ 113.257472, -7.136177998999926, 0.0 ], [ 113.257471, -7.136191, 0.0 ], [ 113.257464, -7.136216998999942, 0.0 ], [ 113.257444, -7.136234, 0.0 ], [ 113.257419, -7.136249, 0.0 ], [ 113.257399, -7.13626500099997, 0.0 ], [ 113.257379, -7.136282000999927, 0.0 ], [ 113.257367, -7.13629, 0.0 ], [ 113.257361, -7.136331, 0.0 ], [ 113.257351999000093, -7.136354998999934, 0.0 ], [ 113.25734100000011, -7.136373998999943, 0.0 ], [ 113.257333, -7.136393998999949, 0.0 ], [ 113.257325, -7.136411998999961, 0.0 ], [ 113.257302, -7.136465, 0.0 ], [ 113.257289, -7.136501, 0.0 ], [ 113.257272999000065, -7.136538000999963, 0.0 ], [ 113.257259, -7.136577000999978, 0.0 ], [ 113.257232999000053, -7.13663700099994, 0.0 ], [ 113.257212998000114, -7.136685998999951, 0.0 ], [ 113.257193999000037, -7.136714000999973, 0.0 ], [ 113.257175999000083, -7.136733000999925, 0.0 ], [ 113.257158000000118, -7.136742998999978, 0.0 ], [ 113.257141, -7.136757, 0.0 ], [ 113.257125, -7.136769, 0.0 ], [ 113.257119000000102, -7.136778, 0.0 ], [ 113.257111, -7.136835, 0.0 ], [ 113.257103, -7.136885, 0.0 ], [ 113.257097999000052, -7.136943, 0.0 ], [ 113.257096999000055, -7.136994, 0.0 ], [ 113.257099, -7.137012, 0.0 ], [ 113.257102, -7.137024000999929, 0.0 ], [ 113.25711499800002, -7.137026000999981, 0.0 ], [ 113.257133, -7.137028, 0.0 ], [ 113.257159000000115, -7.137033, 0.0 ], [ 113.257179, -7.137039998999967, 0.0 ], [ 113.257197, -7.137044000999936, 0.0 ], [ 113.25722, -7.137054, 0.0 ], [ 113.257229, -7.137063000999945, 0.0 ], [ 113.257230999000058, -7.13710200099996, 0.0 ], [ 113.257224, -7.137144000999967, 0.0 ], [ 113.2572100000001, -7.137194998999973, 0.0 ], [ 113.257199, -7.137209, 0.0 ], [ 113.257169, -7.137247, 0.0 ], [ 113.257152999000027, -7.137264, 0.0 ], [ 113.257149, -7.137298000999976, 0.0 ], [ 113.257139, -7.137351998999975, 0.0 ], [ 113.25713, -7.137405, 0.0 ], [ 113.257129, -7.137467998999966, 0.0 ], [ 113.257125, -7.137570000999972, 0.0 ], [ 113.25711499800002, -7.137697, 0.0 ], [ 113.257099, -7.137812, 0.0 ], [ 113.257083, -7.13795, 0.0 ], [ 113.257075998, -7.138017, 0.0 ], [ 113.25707499900011, -7.13809299899998, 0.0 ], [ 113.257068000000118, -7.138175000999979, 0.0 ], [ 113.257065, -7.138206998999976, 0.0 ], [ 113.257065, -7.138232000999949, 0.0 ], [ 113.25713599900007, -7.13822799899998, 0.0 ], [ 113.257181, -7.138224998999931, 0.0 ], [ 113.257249000000115, -7.138218, 0.0 ], [ 113.257324, -7.138211, 0.0 ], [ 113.257398, -7.138204, 0.0 ], [ 113.257473, -7.138198, 0.0 ], [ 113.257517, -7.138193000999934, 0.0 ], [ 113.257555, -7.138192, 0.0 ], [ 113.257575, -7.138193000999934, 0.0 ], [ 113.257609000000116, -7.138202, 0.0 ], [ 113.257643999000038, -7.138217, 0.0 ], [ 113.257684, -7.138234000999944, 0.0 ], [ 113.257702999000117, -7.13825400099995, 0.0 ], [ 113.257736, -7.13828, 0.0 ], [ 113.257760999000084, -7.1383, 0.0 ], [ 113.25777, -7.138305998999954, 0.0 ], [ 113.257811, -7.138311000999977, 0.0 ], [ 113.257837999000117, -7.138311000999977, 0.0 ], [ 113.257868, -7.13832, 0.0 ], [ 113.257885000000101, -7.138330000999929, 0.0 ], [ 113.257911, -7.138358, 0.0 ], [ 113.257927000000109, -7.138399, 0.0 ], [ 113.257968, -7.138443998999946, 0.0 ], [ 113.25799, -7.138479998999969, 0.0 ], [ 113.258021, -7.138519998999925, 0.0 ], [ 113.258041, -7.138540998999929, 0.0 ], [ 113.258177, -7.138602, 0.0 ], [ 113.258251, -7.138627, 0.0 ], [ 113.258332000000109, -7.138656998999977, 0.0 ], [ 113.258353, -7.13866, 0.0 ], [ 113.258369, -7.138651, 0.0 ], [ 113.258380000000102, -7.138647, 0.0 ], [ 113.258417, -7.138646000999927, 0.0 ], [ 113.25846700000011, -7.13865, 0.0 ], [ 113.258549, -7.138653998999928, 0.0 ], [ 113.258616998000093, -7.138659, 0.0 ], [ 113.258669, -7.138642000999937, 0.0 ], [ 113.258688, -7.138631, 0.0 ], [ 113.25867499800006, -7.138624000999926, 0.0 ], [ 113.258657999000093, -7.138614, 0.0 ], [ 113.258644000000118, -7.138604000999976, 0.0 ], [ 113.258646000000113, -7.138598998999953, 0.0 ], [ 113.258665, -7.138577998999949, 0.0 ], [ 113.258701, -7.138563, 0.0 ], [ 113.258708011000067, -7.138559393999969, 0.0 ], [ 113.25873599900001, -7.138545000999954, 0.0 ], [ 113.25877299800004, -7.138538998999934, 0.0 ], [ 113.258836, -7.138533, 0.0 ], [ 113.258879, -7.138536, 0.0 ], [ 113.258927, -7.138536, 0.0 ], [ 113.258968999000103, -7.138534, 0.0 ], [ 113.259004, -7.138523, 0.0 ], [ 113.25903, -7.138525000999948, 0.0 ], [ 113.259096000000113, -7.13853, 0.0 ], [ 113.259141000000113, -7.138536998999939, 0.0 ], [ 113.259176, -7.138540998999929, 0.0 ], [ 113.259190000000103, -7.138548000999947, 0.0 ], [ 113.259190000000103, -7.138556998999945, 0.0 ], [ 113.259164999000063, -7.138575, 0.0 ], [ 113.259156, -7.138588, 0.0 ], [ 113.259151, -7.138595998999961, 0.0 ], [ 113.259166, -7.138598998999953, 0.0 ], [ 113.259232000000111, -7.13859, 0.0 ], [ 113.259248, -7.138586000999965, 0.0 ], [ 113.259305, -7.138576998999952, 0.0 ], [ 113.259356, -7.138572, 0.0 ], [ 113.259405, -7.138572, 0.0 ], [ 113.259445, -7.138582, 0.0 ], [ 113.259513998000102, -7.138606000999971, 0.0 ], [ 113.2596, -7.138642000999937, 0.0 ], [ 113.259673, -7.13868, 0.0 ], [ 113.259726999, -7.138707, 0.0 ], [ 113.259743, -7.138709, 0.0 ], [ 113.259804, -7.138699, 0.0 ], [ 113.259849, -7.138693998999941, 0.0 ], [ 113.259893, -7.138691, 0.0 ], [ 113.259927, -7.138698, 0.0 ], [ 113.259951000000115, -7.13871, 0.0 ], [ 113.259971, -7.138713998999947, 0.0 ], [ 113.25998, -7.138709, 0.0 ], [ 113.260097, -7.138613, 0.0 ], [ 113.260158999000055, -7.138566000999958, 0.0 ], [ 113.26021, -7.138534, 0.0 ], [ 113.260245, -7.138517, 0.0 ], [ 113.260265000000118, -7.138519998999925, 0.0 ], [ 113.260292998000068, -7.13853, 0.0 ], [ 113.260322, -7.138534, 0.0 ], [ 113.260334999000065, -7.138534, 0.0 ], [ 113.260375, -7.138523, 0.0 ], [ 113.260416, -7.138517, 0.0 ], [ 113.260454, -7.138514, 0.0 ], [ 113.260484, -7.138507000999937, 0.0 ], [ 113.260509999000078, -7.138472, 0.0 ], [ 113.26052, -7.138441998999951, 0.0 ], [ 113.260549999000091, -7.138393, 0.0 ], [ 113.260584000000108, -7.138324998999963, 0.0 ], [ 113.260633, -7.138212, 0.0 ], [ 113.26069, -7.138124, 0.0 ], [ 113.260707, -7.138104, 0.0 ], [ 113.260721000000103, -7.138101, 0.0 ], [ 113.260754, -7.138106, 0.0 ], [ 113.260763999, -7.138113, 0.0 ], [ 113.260763999, -7.138145, 0.0 ], [ 113.26076, -7.138185, 0.0 ], [ 113.260761998000021, -7.138217, 0.0 ], [ 113.260763999, -7.138222, 0.0 ], [ 113.260778, -7.138223, 0.0 ], [ 113.26083, -7.138217, 0.0 ], [ 113.260938999000018, -7.138174000999925, 0.0 ], [ 113.260986000000116, -7.138158000999965, 0.0 ], [ 113.260993, -7.138146, 0.0 ], [ 113.260994, -7.138113, 0.0 ], [ 113.260999, -7.138103, 0.0 ], [ 113.261031000000116, -7.138102, 0.0 ], [ 113.261133999000094, -7.138079000999937, 0.0 ], [ 113.261153999000044, -7.13807800099994, 0.0 ], [ 113.261157, -7.138049998999975, 0.0 ], [ 113.261161, -7.138042, 0.0 ], [ 113.261184, -7.138042, 0.0 ], [ 113.261203, -7.138048, 0.0 ], [ 113.261222, -7.138049, 0.0 ], [ 113.261225, -7.138029, 0.0 ], [ 113.261234, -7.138011998999957, 0.0 ], [ 113.261243, -7.138007, 0.0 ], [ 113.261262000000102, -7.138009, 0.0 ], [ 113.261286, -7.138033998999958, 0.0 ], [ 113.261311, -7.138066, 0.0 ], [ 113.261325, -7.138067, 0.0 ], [ 113.261346998000022, -7.138060000999928, 0.0 ], [ 113.261379, -7.138045, 0.0 ], [ 113.261399, -7.138012998999955, 0.0 ], [ 113.261426999000037, -7.137985, 0.0 ], [ 113.261458, -7.137973998999939, 0.0 ], [ 113.261483998000017, -7.137961000999951, 0.0 ], [ 113.26151, -7.137953998999933, 0.0 ], [ 113.261516, -7.137952998999936, 0.0 ], [ 113.26152, -7.137944, 0.0 ], [ 113.26152, -7.137919, 0.0 ], [ 113.261511, -7.137873998999964, 0.0 ], [ 113.261501999000075, -7.137848, 0.0 ], [ 113.261499, -7.137841, 0.0 ], [ 113.261509, -7.137837998999942, 0.0 ], [ 113.261579, -7.137838998999939, 0.0 ], [ 113.26165, -7.137836998999944, 0.0 ], [ 113.26169, -7.137834998999949, 0.0 ], [ 113.261702, -7.137841, 0.0 ], [ 113.261704, -7.137864000999969, 0.0 ], [ 113.261710000000107, -7.137883000999977, 0.0 ], [ 113.261738999000045, -7.137883000999977, 0.0 ], [ 113.261866, -7.137901000999932, 0.0 ], [ 113.261957, -7.137919, 0.0 ], [ 113.262038, -7.137924000999931, 0.0 ], [ 113.262093, -7.137925, 0.0 ], [ 113.262136, -7.137922000999936, 0.0 ], [ 113.262164, -7.137908, 0.0 ], [ 113.26219, -7.137875998999959, 0.0 ], [ 113.262211, -7.137854998999956, 0.0 ], [ 113.262246999000013, -7.137822, 0.0 ], [ 113.262277, -7.137809, 0.0 ], [ 113.262328, -7.137795998999934, 0.0 ], [ 113.262356, -7.137776998999925, 0.0 ], [ 113.262378, -7.137753, 0.0 ], [ 113.262398, -7.137731, 0.0 ], [ 113.262418998000044, -7.137696, 0.0 ], [ 113.262444, -7.137657, 0.0 ], [ 113.262449, -7.137629000999937, 0.0 ], [ 113.262469, -7.1376, 0.0 ], [ 113.262476999000114, -7.137575, 0.0 ], [ 113.262487, -7.13756, 0.0 ], [ 113.262495, -7.137553000999958, 0.0 ], [ 113.262525, -7.137518, 0.0 ], [ 113.262569, -7.137485998999978, 0.0 ], [ 113.262606, -7.137453000999926, 0.0 ], [ 113.262657000000104, -7.13742, 0.0 ], [ 113.262702000000104, -7.137383, 0.0 ], [ 113.262748000000101, -7.137347, 0.0 ], [ 113.262777, -7.137321, 0.0 ], [ 113.262784, -7.137314, 0.0 ], [ 113.262788000000114, -7.137292998999953, 0.0 ], [ 113.262818, -7.137146, 0.0 ], [ 113.262819, -7.137099, 0.0 ], [ 113.26282, -7.137016998999968, 0.0 ], [ 113.262821, -7.136965000999965, 0.0 ], [ 113.26282, -7.136946000999956, 0.0 ], [ 113.262822, -7.136925, 0.0 ], [ 113.262831999000014, -7.136918998999931, 0.0 ], [ 113.262856, -7.136910000999933, 0.0 ], [ 113.262893, -7.136901998999974, 0.0 ], [ 113.262923000000114, -7.136898, 0.0 ], [ 113.262951, -7.136893, 0.0 ], [ 113.262969000000112, -7.136890000999927, 0.0 ], [ 113.26298, -7.136878, 0.0 ], [ 113.263005999000029, -7.136848000999976, 0.0 ], [ 113.263009, -7.136815, 0.0 ], [ 113.263008, -7.13678, 0.0 ], [ 113.263009, -7.136750000999939, 0.0 ], [ 113.26303, -7.13672, 0.0 ], [ 113.263075, -7.136684, 0.0 ], [ 113.26309, -7.136663, 0.0 ], [ 113.263087, -7.136628998999981, 0.0 ], [ 113.263081, -7.136602, 0.0 ], [ 113.26308399900006, -7.136566998999967, 0.0 ], [ 113.26309, -7.136538000999963, 0.0 ], [ 113.263112, -7.136489998999934, 0.0 ], [ 113.263136, -7.136459000999935, 0.0 ], [ 113.26316199900009, -7.13643499899996, 0.0 ], [ 113.263167, -7.136408, 0.0 ], [ 113.263168, -7.136369, 0.0 ], [ 113.263171, -7.136352998999939, 0.0 ], [ 113.263191, -7.136332, 0.0 ], [ 113.263203, -7.136321000999942, 0.0 ], [ 113.263282000000117, -7.136243000999968, 0.0 ], [ 113.263312, -7.136197998999933, 0.0 ], [ 113.263353, -7.136140998999963, 0.0 ], [ 113.263368, -7.136119998999959, 0.0 ], [ 113.263392, -7.136077, 0.0 ], [ 113.263412999000025, -7.13604, 0.0 ], [ 113.263441, -7.136005998999963, 0.0 ], [ 113.263454999000032, -7.135993000999974, 0.0 ], [ 113.26349, -7.135969, 0.0 ], [ 113.26352, -7.135964998999953, 0.0 ], [ 113.263562, -7.13596599899995, 0.0 ], [ 113.263597000000118, -7.135973000999968, 0.0 ], [ 113.263636, -7.135989, 0.0 ], [ 113.263682, -7.136013000999981, 0.0 ], [ 113.263758, -7.136056, 0.0 ], [ 113.263812, -7.13610099899995, 0.0 ], [ 113.26386, -7.136140998999963, 0.0 ], [ 113.263871000000108, -7.136155, 0.0 ], [ 113.263869000000113, -7.136183, 0.0 ], [ 113.263870000000111, -7.136213, 0.0 ], [ 113.26386499900002, -7.136235, 0.0 ], [ 113.263858, -7.136304000999928, 0.0 ], [ 113.263843999000073, -7.13637, 0.0 ], [ 113.263831, -7.136404, 0.0 ], [ 113.26382, -7.136417, 0.0 ], [ 113.263783998, -7.136448, 0.0 ], [ 113.263754, -7.13646100099993, 0.0 ], [ 113.263713, -7.136481000999936, 0.0 ], [ 113.263672, -7.136499000999947, 0.0 ], [ 113.263623, -7.136526, 0.0 ], [ 113.263591999000027, -7.136553, 0.0 ], [ 113.263564, -7.136593, 0.0 ], [ 113.263554000000113, -7.136634000999948, 0.0 ], [ 113.263549, -7.13669, 0.0 ], [ 113.263545, -7.136732000999928, 0.0 ], [ 113.263543, -7.136770000999945, 0.0 ], [ 113.263542, -7.136813, 0.0 ], [ 113.263549, -7.136844998999948, 0.0 ], [ 113.263556000000108, -7.136861998999962, 0.0 ], [ 113.263632, -7.136865, 0.0 ], [ 113.263685999000018, -7.136870000999977, 0.0 ], [ 113.263756, -7.136883998999963, 0.0 ], [ 113.263827000000106, -7.136899998999979, 0.0 ], [ 113.263873000000103, -7.136908000999938, 0.0 ], [ 113.263889, -7.136911, 0.0 ], [ 113.263989, -7.136913, 0.0 ], [ 113.264062, -7.136929000999942, 0.0 ], [ 113.264122, -7.136936, 0.0 ], [ 113.264176999000028, -7.136945000999958, 0.0 ], [ 113.26421, -7.136948000999951, 0.0 ], [ 113.264222, -7.13695, 0.0 ], [ 113.264234999000109, -7.13694199899993, 0.0 ], [ 113.264267, -7.136911, 0.0 ], [ 113.264311999000029, -7.136897, 0.0 ], [ 113.264347, -7.136890000999927, 0.0 ], [ 113.264396, -7.136889000999929, 0.0 ], [ 113.264462, -7.136895, 0.0 ], [ 113.264519, -7.136905, 0.0 ], [ 113.264561, -7.136910000999933, 0.0 ], [ 113.264589000000115, -7.13690700099994, 0.0 ], [ 113.264691, -7.13686900099998, 0.0 ], [ 113.264778998000111, -7.136833, 0.0 ], [ 113.264907000000107, -7.136778, 0.0 ], [ 113.2650000000001, -7.136743998999975, 0.0 ], [ 113.265058, -7.136724998999966, 0.0 ], [ 113.265090998, -7.136722, 0.0 ], [ 113.265104, -7.136725998999964, 0.0 ], [ 113.265199, -7.136789000999954, 0.0 ], [ 113.265251, -7.136809000999961, 0.0 ], [ 113.265315000000101, -7.136842998999953, 0.0 ], [ 113.265391, -7.136878, 0.0 ], [ 113.265433, -7.136909000999935, 0.0 ], [ 113.265479, -7.136910000999933, 0.0 ], [ 113.26555, -7.136917, 0.0 ], [ 113.265625000000114, -7.136920998999926, 0.0 ], [ 113.265694998000072, -7.136921998999981, 0.0 ], [ 113.265722, -7.136921998999981, 0.0 ], [ 113.265755999000021, -7.136906000999943, 0.0 ], [ 113.265779, -7.136882998999965, 0.0 ], [ 113.265822, -7.136818, 0.0 ], [ 113.265869999000074, -7.136763998999925, 0.0 ], [ 113.265887, -7.136753000999931, 0.0 ], [ 113.265908999000089, -7.136742, 0.0 ], [ 113.266023, -7.136736, 0.0 ], [ 113.266068999000026, -7.136739, 0.0 ], [ 113.266091, -7.136748, 0.0 ], [ 113.266151, -7.136798, 0.0 ], [ 113.266187, -7.13684, 0.0 ], [ 113.266216, -7.136868000999925, 0.0 ], [ 113.266259000000105, -7.136877, 0.0 ], [ 113.266276, -7.136874, 0.0 ], [ 113.266307, -7.136863998999956, 0.0 ], [ 113.266329, -7.136857, 0.0 ], [ 113.266343, -7.136858, 0.0 ], [ 113.266391000000112, -7.136883998999963, 0.0 ], [ 113.266477999000017, -7.136939998999935, 0.0 ], [ 113.266572998000015, -7.137005000999977, 0.0 ], [ 113.266667, -7.137062000999947, 0.0 ], [ 113.266722, -7.137097998999934, 0.0 ], [ 113.267056, -7.137308, 0.0 ], [ 113.267153, -7.137379, 0.0 ], [ 113.267176, -7.137393, 0.0 ], [ 113.267202000000111, -7.137404, 0.0 ], [ 113.26723, -7.137416000999963, 0.0 ], [ 113.26724, -7.137414000999968, 0.0 ], [ 113.267241, -7.137388998999938, 0.0 ], [ 113.267242, -7.137336000999937, 0.0 ], [ 113.267246000000114, -7.137302, 0.0 ], [ 113.267254998000112, -7.137269, 0.0 ], [ 113.267266, -7.137244, 0.0 ], [ 113.267286, -7.137222000999941, 0.0 ], [ 113.267312999000069, -7.137207, 0.0 ], [ 113.267340000000104, -7.137195998999971, 0.0 ], [ 113.267365, -7.137189, 0.0 ], [ 113.267387, -7.137184, 0.0 ], [ 113.267421, -7.137184, 0.0 ], [ 113.267445, -7.137185, 0.0 ], [ 113.267479, -7.137185, 0.0 ], [ 113.267513, -7.137191998999981, 0.0 ], [ 113.267543, -7.137203, 0.0 ], [ 113.267592, -7.137219000999949, 0.0 ], [ 113.267674, -7.137249998999948, 0.0 ], [ 113.267719, -7.137276, 0.0 ], [ 113.267745999000113, -7.137300000999971, 0.0 ], [ 113.267776, -7.13733500099994, 0.0 ], [ 113.267787000000112, -7.137355000999946, 0.0 ], [ 113.267799, -7.137385, 0.0 ], [ 113.267805, -7.137445998999965, 0.0 ], [ 113.267818, -7.137522, 0.0 ], [ 113.267819999000039, -7.137564998999949, 0.0 ], [ 113.267983, -7.137599, 0.0 ], [ 113.268069, -7.137613, 0.0 ], [ 113.268127, -7.137628000999939, 0.0 ], [ 113.268157, -7.137635, 0.0 ], [ 113.268162, -7.137638, 0.0 ], [ 113.268170999000063, -7.137698, 0.0 ], [ 113.268179, -7.137748000999977, 0.0 ], [ 113.268176, -7.137778998999977, 0.0 ], [ 113.268269998000051, -7.137780998999972, 0.0 ], [ 113.26832699900001, -7.137780998999972, 0.0 ], [ 113.268356, -7.137778998999977, 0.0 ], [ 113.268421000000103, -7.137753, 0.0 ], [ 113.268478, -7.13771, 0.0 ], [ 113.268523998000092, -7.137685, 0.0 ], [ 113.268576, -7.137666, 0.0 ], [ 113.268634, -7.137655, 0.0 ], [ 113.268725, -7.137645, 0.0 ], [ 113.268825000000106, -7.137630000999934, 0.0 ], [ 113.268873, -7.137627, 0.0 ], [ 113.268915999000114, -7.137631000999932, 0.0 ], [ 113.268933999000069, -7.137634, 0.0 ], [ 113.26897, -7.137648000999945, 0.0 ], [ 113.26898, -7.137654, 0.0 ], [ 113.269022, -7.137671, 0.0 ], [ 113.269048999, -7.137562998999954, 0.0 ], [ 113.270522, -7.137772, 0.0 ], [ 113.270990919000042, -7.137905082999964, 0.0 ], [ 113.271645999000043, -7.138090998999928, 0.0 ], [ 113.274911, -7.139112000999944, 0.0 ], [ 113.277643, -7.139122998999937, 0.0 ], [ 113.278586998000037, -7.138823, 0.0 ], [ 113.279236, -7.138820000999942, 0.0 ], [ 113.280181, -7.138933, 0.0 ], [ 113.281302, -7.138633, 0.0 ], [ 113.2822460000001, -7.13851, 0.0 ], [ 113.282712157000105, -7.138611042999969, 0.0 ], [ 113.283343998000078, -7.138748, 0.0 ], [ 113.28391099800001, -7.140860998999926, 0.0 ], [ 113.284567, -7.142332, 0.0 ], [ 113.284869, -7.143627998999932, 0.0 ], [ 113.285619000000111, -7.145983, 0.0 ], [ 113.286363508000022, -7.147590946999969, 0.0 ], [ 113.286403080000014, -7.147605960999954, 0.0 ], [ 113.286814920000097, -7.147746990999963, 0.0 ], [ 113.287185, -7.147908989999962, 0.0 ], [ 113.287392, -7.148071978999951, 0.0 ], [ 113.287515840000083, -7.14825602999997, 0.0 ], [ 113.287578838000059, -7.148543039999936, 0.0 ], [ 113.28756012000008, -7.148972970999978, 0.0 ], [ 113.287501080000084, -7.149445018999927, 0.0 ], [ 113.287483124, -7.149594638999929, 0.0 ], [ 113.288477, -7.150893000999929, 0.0 ], [ 113.288669999000035, -7.151097998999944, 0.0 ], [ 113.288939, -7.151641998999935, 0.0 ], [ 113.289117998000052, -7.152202, 0.0 ], [ 113.289625999, -7.152811998999937, 0.0 ], [ 113.289615, -7.152829, 0.0 ], [ 113.289603, -7.15285199899995, 0.0 ], [ 113.289583999000115, -7.152889998999967, 0.0 ], [ 113.289565998000057, -7.152938000999939, 0.0 ], [ 113.289554, -7.152962, 0.0 ], [ 113.289551137000103, -7.152974750999931, 0.0 ], [ 113.289470999000059, -7.152954029999933, 0.0 ], [ 113.289235919000021, -7.152977969999938, 0.0 ], [ 113.289134040000022, -7.153056989999925, 0.0 ], [ 113.289075, -7.153207018999979, 0.0 ], [ 113.289014160000079, -7.153602028999956, 0.0 ], [ 113.28887592000001, -7.153808040999934, 0.0 ], [ 113.288582160000033, -7.154004959999952, 0.0 ], [ 113.288537880000035, -7.154775, 0.0 ], [ 113.288521668000044, -7.154805901999964, 0.0 ], [ 113.288565, -7.154838, 0.0 ], [ 113.288664, -7.155161000999954, 0.0 ], [ 113.288753, -7.155241000999979, 0.0 ], [ 113.288898, -7.155168, 0.0 ], [ 113.289026, -7.154852, 0.0 ], [ 113.289113, -7.154553, 0.0 ], [ 113.289291, -7.154488, 0.0 ], [ 113.289396, -7.154487, 0.0 ], [ 113.289365, -7.15466499799993, 0.0 ], [ 113.289713, -7.154865, 0.0 ], [ 113.289759000000117, -7.154880997999953, 0.0 ], [ 113.289741998000068, -7.15490099799996, 0.0 ], [ 113.289739, -7.154921998999953, 0.0 ], [ 113.289742999000055, -7.154957, 0.0 ], [ 113.289755, -7.155000998999981, 0.0 ], [ 113.289776, -7.155039998999939, 0.0 ], [ 113.289789, -7.155066000999966, 0.0 ], [ 113.289789, -7.155095997999979, 0.0 ], [ 113.289787, -7.155131, 0.0 ], [ 113.289782999000067, -7.155173997999952, 0.0 ], [ 113.289778, -7.155202000999964, 0.0 ], [ 113.289775, -7.155212997999968, 0.0 ], [ 113.289777, -7.155219000999978, 0.0 ], [ 113.289797, -7.155240000999981, 0.0 ], [ 113.2898110000001, -7.155249997999931, 0.0 ], [ 113.289837998000053, -7.155264, 0.0 ], [ 113.289885, -7.155285, 0.0 ], [ 113.289916998000081, -7.155299000999946, 0.0 ], [ 113.289971, -7.155327997999962, 0.0 ], [ 113.290015999000047, -7.155359, 0.0 ], [ 113.290062, -7.155405997999935, 0.0 ], [ 113.290088, -7.155443, 0.0 ], [ 113.290099, -7.155467998999939, 0.0 ], [ 113.290099, -7.155486998999947, 0.0 ], [ 113.29007700000011, -7.155536, 0.0 ], [ 113.290049, -7.155627, 0.0 ], [ 113.290030000000115, -7.155692, 0.0 ], [ 113.290028, -7.155736, 0.0 ], [ 113.290038, -7.155757997999956, 0.0 ], [ 113.290042, -7.155792, 0.0 ], [ 113.290048, -7.155855997999936, 0.0 ], [ 113.290063, -7.155876998999929, 0.0 ], [ 113.290078000000108, -7.155879, 0.0 ], [ 113.290108, -7.155873, 0.0 ], [ 113.290144, -7.155866, 0.0 ], [ 113.290188998000076, -7.155864000999941, 0.0 ], [ 113.290206, -7.155864000999941, 0.0 ], [ 113.290217, -7.155867, 0.0 ], [ 113.2902160000001, -7.155881000999955, 0.0 ], [ 113.290207999000017, -7.155891, 0.0 ], [ 113.290185, -7.155914997999957, 0.0 ], [ 113.290168999000116, -7.155943000999969, 0.0 ], [ 113.290164000000118, -7.155952997999975, 0.0 ], [ 113.290168999000116, -7.155985, 0.0 ], [ 113.290182, -7.156028, 0.0 ], [ 113.290175, -7.156051998999942, 0.0 ], [ 113.290171999000108, -7.156077000999971, 0.0 ], [ 113.290174, -7.156088, 0.0 ], [ 113.290191999000058, -7.1561, 0.0 ], [ 113.290206, -7.156119000999979, 0.0 ], [ 113.290227998000091, -7.15614699799994, 0.0 ], [ 113.290247998000041, -7.156176000999949, 0.0 ], [ 113.290265, -7.156199, 0.0 ], [ 113.290276, -7.156226997999966, 0.0 ], [ 113.290285999000048, -7.156242, 0.0 ], [ 113.290295, -7.15625, 0.0 ], [ 113.29031, -7.156247998999959, 0.0 ], [ 113.290328999000053, -7.156236000999968, 0.0 ], [ 113.290350000000103, -7.156219, 0.0 ], [ 113.290364998000086, -7.156203, 0.0 ], [ 113.290374, -7.156188998999937, 0.0 ], [ 113.29038699900002, -7.156183, 0.0 ], [ 113.290398, -7.15618799799995, 0.0 ], [ 113.290404998000099, -7.156199, 0.0 ], [ 113.290405999000086, -7.156217, 0.0 ], [ 113.290411, -7.156231, 0.0 ], [ 113.290415, -7.15624, 0.0 ], [ 113.290432, -7.156243, 0.0 ], [ 113.290454, -7.156242, 0.0 ], [ 113.290479, -7.156243, 0.0 ], [ 113.29049, -7.156251, 0.0 ], [ 113.290517, -7.156289, 0.0 ], [ 113.290525821000074, -7.156302231999973, 0.0 ], [ 113.290533, -7.156313000999944, 0.0 ], [ 113.290544, -7.156321, 0.0 ], [ 113.290573000000109, -7.15632699899993, 0.0 ], [ 113.290607, -7.156337, 0.0 ], [ 113.290634, -7.156341, 0.0 ], [ 113.290669, -7.156359, 0.0 ], [ 113.290698999000028, -7.15638900099998, 0.0 ], [ 113.290716998000107, -7.156402997999976, 0.0 ], [ 113.290725, -7.156433, 0.0 ], [ 113.29072, -7.156457, 0.0 ], [ 113.290718999000092, -7.156482998999934, 0.0 ], [ 113.290714, -7.156498997999961, 0.0 ], [ 113.290713, -7.156514, 0.0 ], [ 113.290722, -7.156519997999965, 0.0 ], [ 113.290741, -7.156527000999972, 0.0 ], [ 113.290767, -7.156538997999974, 0.0 ], [ 113.290782, -7.156545000999927, 0.0 ], [ 113.29081, -7.156563, 0.0 ], [ 113.290841000000114, -7.156576997999935, 0.0 ], [ 113.290865, -7.156581, 0.0 ], [ 113.290931999, -7.156576997999935, 0.0 ], [ 113.290975525000022, -7.156574058999979, 0.0 ], [ 113.291421839, -7.157067029999951, 0.0 ], [ 113.29159499900004, -7.157275019999929, 0.0 ], [ 113.291596079000101, -7.157277, 0.0 ], [ 113.291709840000067, -7.157475989999966, 0.0 ], [ 113.291784, -7.157672007999963, 0.0 ], [ 113.291945999000063, -7.157886029999929, 0.0 ], [ 113.292296999000087, -7.158376980999947, 0.0 ], [ 113.292395999000064, -7.158535018999942, 0.0 ], [ 113.292291960000057, -7.159618979999948, 0.0 ], [ 113.292285936000098, -7.159714343999951, 0.0 ], [ 113.292458643000032, -7.159764167999981, 0.0 ], [ 113.292631154000105, -7.159793910999952, 0.0 ], [ 113.29268469200008, -7.159808781999971, 0.0 ], [ 113.292773922000038, -7.159716577999973, 0.0 ], [ 113.292863151, -7.159621400999981, 0.0 ], [ 113.293026739000084, -7.159701705999964, 0.0 ], [ 113.293083251000098, -7.159782013999973, 0.0 ], [ 113.29309812300005, -7.159829602999935, 0.0 ], [ 113.293133815000033, -7.15987421799997, 0.0 ], [ 113.293178429000022, -7.159871242999941, 0.0 ], [ 113.293240891000096, -7.159880165999937, 0.0 ], [ 113.29340447900006, -7.159871242999941, 0.0 ], [ 113.293431248000047, -7.159895037999945, 0.0 ], [ 113.293505605000064, -7.159951550999949, 0.0 ], [ 113.293514529000049, -7.160040779999974, 0.0 ], [ 113.293553690000067, -7.160058184999968, 0.0 ], [ 113.293553, -7.16006, 0.0 ], [ 113.29354, -7.160081, 0.0 ], [ 113.293532, -7.1601, 0.0 ], [ 113.293519, -7.16012799899994, 0.0 ], [ 113.29351, -7.160151, 0.0 ], [ 113.293500000000108, -7.160198, 0.0 ], [ 113.293491, -7.160235, 0.0 ], [ 113.293485998000051, -7.160259998999948, 0.0 ], [ 113.293479, -7.160285998999939, 0.0 ], [ 113.293478, -7.160297998999965, 0.0 ], [ 113.293479, -7.160335, 0.0 ], [ 113.293479, -7.160363998999969, 0.0 ], [ 113.293482999000048, -7.160387000999947, 0.0 ], [ 113.293489, -7.160414998999954, 0.0 ], [ 113.293494, -7.16043, 0.0 ], [ 113.293517, -7.160448000999963, 0.0 ], [ 113.293545999000116, -7.160471, 0.0 ], [ 113.293567, -7.160486000999981, 0.0 ], [ 113.293596, -7.160505000999933, 0.0 ], [ 113.293620998000051, -7.160518998999976, 0.0 ], [ 113.293641998000112, -7.160531998999943, 0.0 ], [ 113.293660998000064, -7.160552998999947, 0.0 ], [ 113.293662999000048, -7.160561, 0.0 ], [ 113.293668, -7.160584000999961, 0.0 ], [ 113.29367799900001, -7.160604000999967, 0.0 ], [ 113.293685, -7.160619, 0.0 ], [ 113.293687, -7.160635998999965, 0.0 ], [ 113.293687, -7.160648998999932, 0.0 ], [ 113.293687, -7.160654998999973, 0.0 ], [ 113.293685, -7.160659000999942, 0.0 ], [ 113.293681999000114, -7.16066000099994, 0.0 ], [ 113.293666, -7.160659000999942, 0.0 ], [ 113.293646, -7.160657, 0.0 ], [ 113.293617, -7.160641000999931, 0.0 ], [ 113.293591000000106, -7.160616998999956, 0.0 ], [ 113.293553, -7.160579, 0.0 ], [ 113.293540999000015, -7.160573997999961, 0.0 ], [ 113.293522999000061, -7.160575997999956, 0.0 ], [ 113.293491, -7.16058, 0.0 ], [ 113.293462, -7.160596998999949, 0.0 ], [ 113.293439, -7.160618, 0.0 ], [ 113.293424999000081, -7.160642000999928, 0.0 ], [ 113.293415, -7.160661000999937, 0.0 ], [ 113.293402, -7.160696, 0.0 ], [ 113.293393, -7.160719000999961, 0.0 ], [ 113.293389999000055, -7.160744, 0.0 ], [ 113.293389999000055, -7.160780000999978, 0.0 ], [ 113.293388999000058, -7.16082, 0.0 ], [ 113.293384, -7.160869998999942, 0.0 ], [ 113.293370999000103, -7.160942998999928, 0.0 ], [ 113.293364000000111, -7.16097500099994, 0.0 ], [ 113.29335099900004, -7.161011000999963, 0.0 ], [ 113.293337, -7.161047, 0.0 ], [ 113.293324, -7.161073, 0.0 ], [ 113.293322000000103, -7.161089000999937, 0.0 ], [ 113.293320000000108, -7.161116998999944, 0.0 ], [ 113.293319489000055, -7.16112047699994, 0.0 ], [ 113.293315, -7.161151, 0.0 ], [ 113.293321000000105, -7.161169000999962, 0.0 ], [ 113.293329998000104, -7.161194998999974, 0.0 ], [ 113.293349999000043, -7.161220998999966, 0.0 ], [ 113.293373, -7.161246000999938, 0.0 ], [ 113.293406998000023, -7.16127999899993, 0.0 ], [ 113.293451, -7.161329, 0.0 ], [ 113.293473, -7.16135, 0.0 ], [ 113.293487999000035, -7.161368, 0.0 ], [ 113.293497000000116, -7.16138, 0.0 ], [ 113.293496, -7.161389998999937, 0.0 ], [ 113.29348, -7.161420000999954, 0.0 ], [ 113.293466999000088, -7.161445, 0.0 ], [ 113.293451, -7.161452997999959, 0.0 ], [ 113.293429999000068, -7.161462000999961, 0.0 ], [ 113.293388999000058, -7.16147099799997, 0.0 ], [ 113.293372, -7.16148100099997, 0.0 ], [ 113.293353, -7.161494998999956, 0.0 ], [ 113.293343, -7.161521000999926, 0.0 ], [ 113.293331999000088, -7.161559000999944, 0.0 ], [ 113.293325999000103, -7.16158, 0.0 ], [ 113.293328998000106, -7.161597000999961, 0.0 ], [ 113.293331999000088, -7.161617000999968, 0.0 ], [ 113.29334, -7.16164, 0.0 ], [ 113.293343, -7.161656000999926, 0.0 ], [ 113.29334, -7.161672, 0.0 ], [ 113.293326999000101, -7.161695000999941, 0.0 ], [ 113.293309998000041, -7.161718, 0.0 ], [ 113.293271999000012, -7.16178199899997, 0.0 ], [ 113.293228999, -7.161858998999946, 0.0 ], [ 113.29322, -7.161876998999958, 0.0 ], [ 113.293204, -7.161892, 0.0 ], [ 113.2931880000001, -7.161903998999946, 0.0 ], [ 113.293178, -7.161915, 0.0 ], [ 113.293169, -7.161933, 0.0 ], [ 113.293162, -7.16195000099998, 0.0 ], [ 113.293158, -7.161962998999968, 0.0 ], [ 113.293162, -7.161976998999933, 0.0 ], [ 113.29317099900004, -7.162001998999926, 0.0 ], [ 113.293179, -7.162026000999958, 0.0 ], [ 113.293189, -7.162045000999967, 0.0 ], [ 113.293199, -7.162056997999969, 0.0 ], [ 113.293223, -7.162064000999976, 0.0 ], [ 113.293281, -7.162071998999977, 0.0 ], [ 113.29335099900004, -7.162091998999927, 0.0 ], [ 113.293402, -7.162105000999929, 0.0 ], [ 113.29344499900003, -7.162128, 0.0 ], [ 113.293501000000106, -7.162146, 0.0 ], [ 113.29352, -7.162153997999951, 0.0 ], [ 113.293528, -7.162159, 0.0 ], [ 113.293545999000116, -7.16215799899993, 0.0 ], [ 113.293559999000081, -7.162146, 0.0 ], [ 113.293574, -7.162118998999972, 0.0 ], [ 113.293579, -7.162105000999929, 0.0 ], [ 113.293585999000015, -7.1621, 0.0 ], [ 113.293598, -7.162104000999932, 0.0 ], [ 113.293613, -7.16211, 0.0 ], [ 113.293622999000036, -7.162117998999975, 0.0 ], [ 113.293628, -7.162132998999937, 0.0 ], [ 113.293609, -7.162169, 0.0 ], [ 113.293578, -7.162227, 0.0 ], [ 113.29355, -7.162277, 0.0 ], [ 113.293520999000066, -7.162326998999959, 0.0 ], [ 113.293511, -7.162379000999977, 0.0 ], [ 113.293503998, -7.162408997999933, 0.0 ], [ 113.293507706000014, -7.162420121999958, 0.0 ], [ 113.293445040000051, -7.162453979999952, 0.0 ], [ 113.293257119000032, -7.162533000999929, 0.0 ], [ 113.293140840000092, -7.162643970999966, 0.0 ], [ 113.293104118000088, -7.162812988999974, 0.0 ], [ 113.293114919000118, -7.163060038999959, 0.0 ], [ 113.293302840000024, -7.163526958999967, 0.0 ], [ 113.293455118000111, -7.163875980999933, 0.0 ], [ 113.293568160000063, -7.164395998999964, 0.0 ], [ 113.293656, -7.164766979999968, 0.0 ], [ 113.293752840000025, -7.165005028999929, 0.0 ], [ 113.293764, -7.165148037999927, 0.0 ], [ 113.293830960000037, -7.165559967999968, 0.0 ], [ 113.293895040000052, -7.165927979999935, 0.0 ], [ 113.293896838000023, -7.166318037999929, 0.0 ], [ 113.293940039000063, -7.166809978999936, 0.0 ], [ 113.293942920000063, -7.167281040999967, 0.0 ], [ 113.293945080000071, -7.167814018999934, 0.0 ], [ 113.293937880000044, -7.16840495799994, 0.0 ], [ 113.294010960000037, -7.168694038999945, 0.0 ], [ 113.294217958000104, -7.16889896999993, 0.0 ], [ 113.29453813900011, -7.168954011999972, 0.0 ], [ 113.294518998000058, -7.16902099899994, 0.0 ], [ 113.29449000000011, -7.169127000999936, 0.0 ], [ 113.29449000000011, -7.169137998999929, 0.0 ], [ 113.294509, -7.169196998999951, 0.0 ], [ 113.294567, -7.169352998999955, 0.0 ], [ 113.294582000000105, -7.169406, 0.0 ], [ 113.294585, -7.169428998999933, 0.0 ], [ 113.294582000000105, -7.169447998999942, 0.0 ], [ 113.294577998000022, -7.169466998999951, 0.0 ], [ 113.294556999000065, -7.169585998999935, 0.0 ], [ 113.294538998, -7.169682998999974, 0.0 ], [ 113.294523, -7.169766000999971, 0.0 ], [ 113.294504, -7.16988300099996, 0.0 ], [ 113.294496, -7.16995499899997, 0.0 ], [ 113.294479998000043, -7.170057, 0.0 ], [ 113.294466, -7.170141000999934, 0.0 ], [ 113.294435, -7.170232, 0.0 ], [ 113.294426, -7.17026599899998, 0.0 ], [ 113.294365999000092, -7.17046199899994, 0.0 ], [ 113.294334, -7.170580998999981, 0.0 ], [ 113.29428499800008, -7.170733, 0.0 ], [ 113.294242, -7.170804000999965, 0.0 ], [ 113.294207999000037, -7.170868, 0.0 ], [ 113.294170999000016, -7.170943, 0.0 ], [ 113.294155, -7.171001, 0.0 ], [ 113.294115, -7.171156, 0.0 ], [ 113.294085000000109, -7.171272000999977, 0.0 ], [ 113.294070998000052, -7.171327000999952, 0.0 ], [ 113.294049999000094, -7.171364, 0.0 ], [ 113.294029, -7.171385000999976, 0.0 ], [ 113.293997000000104, -7.171394, 0.0 ], [ 113.293939, -7.171405000999926, 0.0 ], [ 113.293908000000101, -7.171404, 0.0 ], [ 113.293891, -7.171427000999927, 0.0 ], [ 113.293873, -7.171448, 0.0 ], [ 113.293852, -7.171462, 0.0 ], [ 113.293823, -7.171473, 0.0 ], [ 113.293785, -7.171489, 0.0 ], [ 113.293772000000104, -7.171506000999955, 0.0 ], [ 113.293741999000076, -7.17156, 0.0 ], [ 113.293727000000104, -7.171586, 0.0 ], [ 113.293709, -7.171603000999937, 0.0 ], [ 113.293689, -7.171615998999926, 0.0 ], [ 113.293654, -7.171627, 0.0 ], [ 113.293611, -7.17163, 0.0 ], [ 113.293573, -7.171629, 0.0 ], [ 113.293553, -7.171630998999944, 0.0 ], [ 113.293541, -7.171633998999937, 0.0 ], [ 113.293517, -7.171653998999943, 0.0 ], [ 113.293481, -7.171698000999982, 0.0 ], [ 113.293459, -7.171712998999965, 0.0 ], [ 113.293432, -7.171721, 0.0 ], [ 113.293386, -7.171728998999981, 0.0 ], [ 113.293345, -7.171734, 0.0 ], [ 113.293330999000091, -7.171748998999931, 0.0 ], [ 113.293307, -7.17178, 0.0 ], [ 113.293289, -7.171802, 0.0 ], [ 113.293271999000012, -7.171824, 0.0 ], [ 113.293262, -7.171847998999965, 0.0 ], [ 113.293230000000108, -7.171874000999935, 0.0 ], [ 113.293199, -7.171893000999944, 0.0 ], [ 113.293164, -7.171916, 0.0 ], [ 113.293122, -7.171942, 0.0 ], [ 113.293096999000113, -7.17196, 0.0 ], [ 113.293073, -7.171991000999981, 0.0 ], [ 113.293042, -7.172032000999934, 0.0 ], [ 113.292995, -7.172106, 0.0 ], [ 113.292943, -7.172177998999928, 0.0 ], [ 113.292898, -7.172242, 0.0 ], [ 113.292857, -7.172303000999932, 0.0 ], [ 113.292835162000074, -7.172334542999977, 0.0 ], [ 113.29280299800007, -7.172381000999962, 0.0 ], [ 113.292764999000042, -7.172436, 0.0 ], [ 113.292716, -7.172502, 0.0 ], [ 113.292654, -7.172595000999934, 0.0 ], [ 113.29261099900009, -7.172664, 0.0 ], [ 113.292576, -7.172709, 0.0 ], [ 113.292551999000011, -7.172749, 0.0 ], [ 113.292530999000064, -7.172765998999978, 0.0 ], [ 113.292499, -7.172781, 0.0 ], [ 113.292421000000104, -7.172795, 0.0 ], [ 113.2922959980001, -7.172813, 0.0 ], [ 113.292186, -7.172832000999961, 0.0 ], [ 113.292132, -7.172847, 0.0 ], [ 113.292069, -7.172879, 0.0 ], [ 113.292021, -7.172912, 0.0 ], [ 113.29201, -7.172924, 0.0 ], [ 113.292001999000036, -7.172941998999931, 0.0 ], [ 113.292002998000044, -7.172992, 0.0 ], [ 113.292014000000108, -7.173093998999946, 0.0 ], [ 113.29202, -7.17316200099998, 0.0 ], [ 113.292028, -7.173181000999932, 0.0 ], [ 113.292079999000066, -7.173271998999951, 0.0 ], [ 113.292102999, -7.173328998999978, 0.0 ], [ 113.292118999000081, -7.173366, 0.0 ], [ 113.292116, -7.173378000999946, 0.0 ], [ 113.292097, -7.173378000999946, 0.0 ], [ 113.292078, -7.173377000999949, 0.0 ], [ 113.292067, -7.173383, 0.0 ], [ 113.292035, -7.173456000999977, 0.0 ], [ 113.292004999000028, -7.173511000999952, 0.0 ], [ 113.29199, -7.173517, 0.0 ], [ 113.291816, -7.173514000999944, 0.0 ], [ 113.291602, -7.173515, 0.0 ], [ 113.291491, -7.173517, 0.0 ], [ 113.291386000000102, -7.173529, 0.0 ], [ 113.291315, -7.173536, 0.0 ], [ 113.291282999000032, -7.17354, 0.0 ], [ 113.291267, -7.173552000999962, 0.0 ], [ 113.291207, -7.173612000999981, 0.0 ], [ 113.291173, -7.173623998999972, 0.0 ], [ 113.291124, -7.173633, 0.0 ], [ 113.29108, -7.173637, 0.0 ], [ 113.291042, -7.173670000999948, 0.0 ], [ 113.291004, -7.173709000999963, 0.0 ], [ 113.290965, -7.173758998999972, 0.0 ], [ 113.290929, -7.173812, 0.0 ], [ 113.290897, -7.173883000999979, 0.0 ], [ 113.290862, -7.173977, 0.0 ], [ 113.290840000000117, -7.174038000999928, 0.0 ], [ 113.29081399800009, -7.174082, 0.0 ], [ 113.290769, -7.174163, 0.0 ], [ 113.290736999000046, -7.174198, 0.0 ], [ 113.290702, -7.174208998999973, 0.0 ], [ 113.290684, -7.17422, 0.0 ], [ 113.290686, -7.174263998999947, 0.0 ], [ 113.290688, -7.174308, 0.0 ], [ 113.290689, -7.174343998999973, 0.0 ], [ 113.290686, -7.174362998999925, 0.0 ], [ 113.290685, -7.174378, 0.0 ], [ 113.290681998000082, -7.174378545999957, 0.0 ], [ 113.290674, -7.17438, 0.0 ], [ 113.290596, -7.174351000999934, 0.0 ], [ 113.290492, -7.174315, 0.0 ], [ 113.290361, -7.174256, 0.0 ], [ 113.290317, -7.174231, 0.0 ], [ 113.290278, -7.174214000999939, 0.0 ], [ 113.290236, -7.174196000999927, 0.0 ], [ 113.290226, -7.174207998999975, 0.0 ], [ 113.290213000000108, -7.174245998999936, 0.0 ], [ 113.290193, -7.174278, 0.0 ], [ 113.290188998000076, -7.174295, 0.0 ], [ 113.290175, -7.174295, 0.0 ], [ 113.290099, -7.174283, 0.0 ], [ 113.290059, -7.174275000999955, 0.0 ], [ 113.290022, -7.174269, 0.0 ], [ 113.289995999000098, -7.17427, 0.0 ], [ 113.289932, -7.174285998999949, 0.0 ], [ 113.289864, -7.174315, 0.0 ], [ 113.289795, -7.174342998999975, 0.0 ], [ 113.289756, -7.174362998999925, 0.0 ], [ 113.289720998, -7.174383998999929, 0.0 ], [ 113.289700999000047, -7.174392000999944, 0.0 ], [ 113.289671000000112, -7.174400998999943, 0.0 ], [ 113.289628000000107, -7.174406, 0.0 ], [ 113.289616, -7.174408000999961, 0.0 ], [ 113.289611, -7.1744, 0.0 ], [ 113.289614, -7.174382998999931, 0.0 ], [ 113.289622999000017, -7.174367, 0.0 ], [ 113.289639, -7.17434499899997, 0.0 ], [ 113.289648, -7.17433300099998, 0.0 ], [ 113.289643998000088, -7.174323998999967, 0.0 ], [ 113.289603, -7.174322998999969, 0.0 ], [ 113.289498, -7.174324998999964, 0.0 ], [ 113.289425, -7.174336, 0.0 ], [ 113.28933199800008, -7.174358, 0.0 ], [ 113.289263, -7.174376, 0.0 ], [ 113.289205, -7.174390000999949, 0.0 ], [ 113.289134000000104, -7.174398, 0.0 ], [ 113.289083, -7.174400998999943, 0.0 ], [ 113.289074, -7.174403998999935, 0.0 ], [ 113.288994000000116, -7.174443998999948, 0.0 ], [ 113.288959999000099, -7.174457, 0.0 ], [ 113.288945, -7.174462998999957, 0.0 ], [ 113.288803, -7.174445, 0.0 ], [ 113.288721, -7.174435, 0.0 ], [ 113.288647, -7.174429000999965, 0.0 ], [ 113.288608999000076, -7.174421998999946, 0.0 ], [ 113.288605, -7.174414, 0.0 ], [ 113.288617, -7.174398, 0.0 ], [ 113.288662, -7.174322998999969, 0.0 ], [ 113.288701, -7.174254000999952, 0.0 ], [ 113.288704, -7.174237, 0.0 ], [ 113.288724000000116, -7.174179, 0.0 ], [ 113.288737, -7.17413800099996, 0.0 ], [ 113.288747999000066, -7.174099000999945, 0.0 ], [ 113.288757, -7.174052998999969, 0.0 ], [ 113.288762, -7.173993998999947, 0.0 ], [ 113.288774000000103, -7.17393, 0.0 ], [ 113.28878, -7.173871, 0.0 ], [ 113.288772000000108, -7.173856998999952, 0.0 ], [ 113.288687998000114, -7.17381, 0.0 ], [ 113.288608999000076, -7.173760998999967, 0.0 ], [ 113.288558, -7.17373, 0.0 ], [ 113.288518, -7.173708000999966, 0.0 ], [ 113.28848, -7.173712, 0.0 ], [ 113.288413000000105, -7.173734, 0.0 ], [ 113.288343, -7.173747000999981, 0.0 ], [ 113.288285, -7.173757998999974, 0.0 ], [ 113.288253, -7.173760998999967, 0.0 ], [ 113.288218, -7.173744, 0.0 ], [ 113.288206, -7.173732, 0.0 ], [ 113.288197, -7.173704, 0.0 ], [ 113.288202999000077, -7.173678, 0.0 ], [ 113.288211, -7.173651000999939, 0.0 ], [ 113.2882350000001, -7.173600998999973, 0.0 ], [ 113.288259999000047, -7.173531000999958, 0.0 ], [ 113.288275000000112, -7.173497, 0.0 ], [ 113.288284, -7.17347, 0.0 ], [ 113.288298999000062, -7.173414000999969, 0.0 ], [ 113.288296, -7.173375000999954, 0.0 ], [ 113.288280999000108, -7.173342, 0.0 ], [ 113.288257, -7.173312998999961, 0.0 ], [ 113.288234000000102, -7.173287, 0.0 ], [ 113.288211, -7.173285, 0.0 ], [ 113.288182999000014, -7.173285, 0.0 ], [ 113.288107, -7.173307, 0.0 ], [ 113.288041, -7.173337000999936, 0.0 ], [ 113.287977, -7.173362, 0.0 ], [ 113.287944, -7.173398, 0.0 ], [ 113.287925, -7.173421, 0.0 ], [ 113.287902, -7.173442, 0.0 ], [ 113.287876, -7.173487998999974, 0.0 ], [ 113.287851999000054, -7.173526998999932, 0.0 ], [ 113.287839, -7.173553000999959, 0.0 ], [ 113.287826000000109, -7.173592000999975, 0.0 ], [ 113.287822, -7.173612000999981, 0.0 ], [ 113.287824000000114, -7.173630000999935, 0.0 ], [ 113.287854, -7.173666, 0.0 ], [ 113.287917000000107, -7.173728000999972, 0.0 ], [ 113.287943, -7.173757998999974, 0.0 ], [ 113.287971, -7.173775, 0.0 ], [ 113.288006999000118, -7.173792, 0.0 ], [ 113.288039, -7.173798998999928, 0.0 ], [ 113.28807, -7.173804000999951, 0.0 ], [ 113.288102998000113, -7.173814, 0.0 ], [ 113.288121, -7.173815998999942, 0.0 ], [ 113.288137, -7.173809, 0.0 ], [ 113.288149, -7.173794, 0.0 ], [ 113.288154, -7.173785000999942, 0.0 ], [ 113.288166, -7.173779998999976, 0.0 ], [ 113.28818099800003, -7.173780998999973, 0.0 ], [ 113.288211, -7.173802, 0.0 ], [ 113.288233000000105, -7.173834998999951, 0.0 ], [ 113.288266, -7.1739, 0.0 ], [ 113.288296, -7.173957, 0.0 ], [ 113.288307, -7.17399299899995, 0.0 ], [ 113.288313, -7.174023, 0.0 ], [ 113.288312, -7.174042, 0.0 ], [ 113.288304, -7.174057000999937, 0.0 ], [ 113.288232000000107, -7.174134, 0.0 ], [ 113.288179999000022, -7.174191, 0.0 ], [ 113.288138000000117, -7.174226998999927, 0.0 ], [ 113.288079, -7.174281, 0.0 ], [ 113.288012, -7.17433300099998, 0.0 ], [ 113.287936, -7.174384998999926, 0.0 ], [ 113.287905, -7.174402998999938, 0.0 ], [ 113.287878, -7.174407, 0.0 ], [ 113.287843, -7.174411000999953, 0.0 ], [ 113.287759, -7.174412000999951, 0.0 ], [ 113.28773, -7.174412000999951, 0.0 ], [ 113.287684, -7.174395, 0.0 ], [ 113.287597999000013, -7.174354, 0.0 ], [ 113.287571, -7.174345998999968, 0.0 ], [ 113.287527, -7.174337, 0.0 ], [ 113.287426, -7.174323998999967, 0.0 ], [ 113.287368, -7.174318, 0.0 ], [ 113.287294, -7.174311000999978, 0.0 ], [ 113.287257, -7.174309, 0.0 ], [ 113.287235, -7.174310000999981, 0.0 ], [ 113.287205998000104, -7.174322998999969, 0.0 ], [ 113.287153000000103, -7.174347, 0.0 ], [ 113.287129999000058, -7.174355, 0.0 ], [ 113.287093, -7.174364998999977, 0.0 ], [ 113.28706000000011, -7.174373, 0.0 ], [ 113.287038, -7.174387, 0.0 ], [ 113.28702, -7.174409000999958, 0.0 ], [ 113.287006, -7.174434, 0.0 ], [ 113.286985, -7.174485, 0.0 ], [ 113.286985, -7.174505000999943, 0.0 ], [ 113.286989, -7.174543, 0.0 ], [ 113.286999, -7.174602, 0.0 ], [ 113.286998, -7.174628, 0.0 ], [ 113.286974999000108, -7.174665000999937, 0.0 ], [ 113.286957, -7.174695998999937, 0.0 ], [ 113.286918, -7.174733998999955, 0.0 ], [ 113.286857999000063, -7.174809998999933, 0.0 ], [ 113.286847, -7.17482999899994, 0.0 ], [ 113.286826, -7.174879000999965, 0.0 ], [ 113.286811, -7.174927998999976, 0.0 ], [ 113.286807489000012, -7.174932913999953, 0.0 ], [ 113.286795998000116, -7.17494899899998, 0.0 ], [ 113.286758999000085, -7.174985, 0.0 ], [ 113.286735, -7.17501200099997, 0.0 ], [ 113.286699999, -7.175045998999963, 0.0 ], [ 113.286688, -7.175058, 0.0 ], [ 113.286676, -7.175059, 0.0 ], [ 113.286636, -7.174991, 0.0 ], [ 113.286610927000083, -7.174932913999953, 0.0 ], [ 113.286576, -7.174851998999941, 0.0 ], [ 113.286560999000017, -7.174812998999926, 0.0 ], [ 113.286527, -7.174762000999976, 0.0 ], [ 113.286494, -7.174743000999968, 0.0 ], [ 113.286443999000085, -7.174725, 0.0 ], [ 113.286364, -7.174709, 0.0 ], [ 113.286328998000045, -7.17470100099996, 0.0 ], [ 113.286307, -7.174705, 0.0 ], [ 113.286291999000014, -7.174719, 0.0 ], [ 113.286279, -7.174751, 0.0 ], [ 113.286245, -7.174796, 0.0 ], [ 113.286229, -7.174823, 0.0 ], [ 113.286213999000097, -7.174838000999955, 0.0 ], [ 113.286187, -7.174860000999956, 0.0 ], [ 113.286155999000016, -7.174876000999973, 0.0 ], [ 113.286118000000101, -7.174896000999979, 0.0 ], [ 113.286076999000102, -7.174921, 0.0 ], [ 113.286062, -7.174932, 0.0 ], [ 113.286061881000023, -7.174932913999953, 0.0 ], [ 113.286054998000054, -7.174985998999944, 0.0 ], [ 113.286034, -7.175055000999976, 0.0 ], [ 113.286025000000109, -7.175079, 0.0 ], [ 113.285973, -7.175112000999945, 0.0 ], [ 113.28595, -7.175131000999954, 0.0 ], [ 113.285920999000041, -7.175154, 0.0 ], [ 113.285908, -7.175161998999954, 0.0 ], [ 113.285899998000104, -7.175190000999976, 0.0 ], [ 113.285885, -7.175230000999932, 0.0 ], [ 113.285873, -7.175258998999936, 0.0 ], [ 113.285859998000092, -7.175280998999938, 0.0 ], [ 113.28584299900001, -7.175306000999967, 0.0 ], [ 113.285826, -7.175322, 0.0 ], [ 113.285802999000111, -7.175334, 0.0 ], [ 113.285771, -7.175359998999966, 0.0 ], [ 113.285756000000106, -7.175396998999929, 0.0 ], [ 113.285741999000038, -7.17543, 0.0 ], [ 113.285737, -7.175455998999951, 0.0 ], [ 113.285737, -7.175489, 0.0 ], [ 113.28574, -7.175506, 0.0 ], [ 113.28575, -7.175525, 0.0 ], [ 113.285792, -7.175580000999958, 0.0 ], [ 113.285800000000108, -7.17561399899995, 0.0 ], [ 113.285800000000108, -7.175640000999977, 0.0 ], [ 113.28579, -7.175661, 0.0 ], [ 113.285774, -7.175699000999941, 0.0 ], [ 113.28576, -7.175719, 0.0 ], [ 113.285713000000101, -7.175778, 0.0 ], [ 113.285684998000079, -7.175814000999935, 0.0 ], [ 113.285641, -7.175870000999964, 0.0 ], [ 113.285619000000111, -7.175902998999959, 0.0 ], [ 113.285606998000048, -7.175927, 0.0 ], [ 113.285596, -7.175950000999933, 0.0 ], [ 113.285595, -7.175976, 0.0 ], [ 113.285595, -7.176019998999948, 0.0 ], [ 113.285602, -7.176076, 0.0 ], [ 113.285591, -7.176128000999938, 0.0 ], [ 113.285577000000103, -7.176155998999945, 0.0 ], [ 113.285542, -7.176206000999969, 0.0 ], [ 113.285517, -7.176235998999971, 0.0 ], [ 113.285491999000101, -7.176256998999975, 0.0 ], [ 113.285463, -7.176273998999932, 0.0 ], [ 113.285419, -7.176278, 0.0 ], [ 113.285346000000118, -7.176282000999947, 0.0 ], [ 113.285283, -7.176283000999945, 0.0 ], [ 113.285222, -7.176279, 0.0 ], [ 113.285117, -7.176269, 0.0 ], [ 113.285096, -7.176269, 0.0 ], [ 113.285084, -7.176272998999934, 0.0 ], [ 113.285071, -7.176289, 0.0 ], [ 113.28506823500004, -7.176296345999958, 0.0 ], [ 113.285039, -7.176373998999964, 0.0 ], [ 113.284975, -7.176523, 0.0 ], [ 113.284968667000044, -7.176537341999961, 0.0 ], [ 113.284949855000036, -7.176579945999947, 0.0 ], [ 113.284941000000117, -7.1766, 0.0 ], [ 113.284922999000059, -7.17665, 0.0 ], [ 113.284909, -7.176664998999968, 0.0 ], [ 113.284889, -7.176674000999981, 0.0 ], [ 113.284821, -7.176679, 0.0 ], [ 113.284739, -7.176684998999974, 0.0 ], [ 113.284718000000112, -7.176696, 0.0 ], [ 113.284675000000107, -7.176738, 0.0 ], [ 113.284653999000057, -7.176754, 0.0 ], [ 113.284628000000112, -7.176772, 0.0 ], [ 113.284622176000084, -7.176779375999956, 0.0 ], [ 113.284612998000057, -7.17679100099997, 0.0 ], [ 113.284592998000107, -7.176832, 0.0 ], [ 113.28457, -7.176904000999969, 0.0 ], [ 113.284553998000092, -7.17693, 0.0 ], [ 113.284526, -7.17695, 0.0 ], [ 113.284484, -7.17697, 0.0 ], [ 113.284442, -7.177, 0.0 ], [ 113.284422, -7.177016998999932, 0.0 ], [ 113.284415999000089, -7.177032998999948, 0.0 ], [ 113.284421, -7.17709599899996, 0.0 ], [ 113.284422206000045, -7.17710298399993, 0.0 ], [ 113.284435, -7.177177000999961, 0.0 ], [ 113.284446000000116, -7.177206, 0.0 ], [ 113.284489, -7.177244, 0.0 ], [ 113.28452, -7.177270998999973, 0.0 ], [ 113.284564, -7.177302, 0.0 ], [ 113.284582000000114, -7.177311, 0.0 ], [ 113.284588, -7.177318, 0.0 ], [ 113.284586000000104, -7.177326998999945, 0.0 ], [ 113.284567, -7.177381, 0.0 ], [ 113.284533998000029, -7.177461998999945, 0.0 ], [ 113.2845, -7.177560998999979, 0.0 ], [ 113.284467, -7.177656998999964, 0.0 ], [ 113.284432, -7.17774, 0.0 ], [ 113.284424, -7.177771, 0.0 ], [ 113.284427, -7.177809, 0.0 ], [ 113.284415, -7.177844000999926, 0.0 ], [ 113.284398591000013, -7.177892407999934, 0.0 ], [ 113.284395, -7.177903, 0.0 ], [ 113.284371, -7.177951998999959, 0.0 ], [ 113.284371, -7.178002, 0.0 ], [ 113.284368, -7.178044, 0.0 ], [ 113.284375, -7.178076000999965, 0.0 ], [ 113.284389, -7.178106998999965, 0.0 ], [ 113.284404000000109, -7.178171, 0.0 ], [ 113.28440652900008, -7.178183496999964, 0.0 ], [ 113.284421, -7.178255, 0.0 ], [ 113.284427, -7.178306, 0.0 ], [ 113.284426, -7.178375, 0.0 ], [ 113.284427, -7.178429000999927, 0.0 ], [ 113.284425, -7.178460998999981, 0.0 ], [ 113.284416998000097, -7.178475, 0.0 ], [ 113.284395, -7.178466000999947, 0.0 ], [ 113.284364, -7.178455, 0.0 ], [ 113.284332, -7.178433, 0.0 ], [ 113.284298, -7.178425000999937, 0.0 ], [ 113.284239, -7.178392, 0.0 ], [ 113.284182998, -7.178369000999965, 0.0 ], [ 113.284165999000038, -7.178376, 0.0 ], [ 113.284124998000038, -7.178421998999966, 0.0 ], [ 113.284097, -7.178453, 0.0 ], [ 113.284085998000023, -7.178473, 0.0 ], [ 113.284095, -7.178532, 0.0 ], [ 113.284116, -7.178591, 0.0 ], [ 113.284141, -7.178613998999936, 0.0 ], [ 113.284177258000113, -7.178623457999947, 0.0 ], [ 113.284187, -7.178626, 0.0 ], [ 113.284294, -7.178651998999953, 0.0 ], [ 113.284354, -7.178667, 0.0 ], [ 113.284357998000019, -7.178714998999965, 0.0 ], [ 113.284349, -7.178823, 0.0 ], [ 113.284351, -7.178864, 0.0 ], [ 113.284351, -7.178886998999928, 0.0 ], [ 113.284391, -7.178889998999978, 0.0 ], [ 113.284441, -7.178896000999941, 0.0 ], [ 113.284445644000016, -7.178898785999934, 0.0 ], [ 113.284561, -7.178967998999951, 0.0 ], [ 113.284627000000114, -7.178976, 0.0 ], [ 113.28494, -7.178978, 0.0 ], [ 113.285055, -7.17898699899996, 0.0 ], [ 113.285186, -7.179002, 0.0 ], [ 113.285269, -7.178999, 0.0 ], [ 113.285348000000113, -7.179002998999977, 0.0 ], [ 113.285374999000055, -7.179001, 0.0 ], [ 113.285407, -7.178983, 0.0 ], [ 113.285457, -7.178937, 0.0 ], [ 113.285508998000068, -7.178891, 0.0 ], [ 113.28552799900001, -7.178868998999974, 0.0 ], [ 113.285548998000081, -7.178852, 0.0 ], [ 113.285562, -7.178844, 0.0 ], [ 113.285585, -7.178856000999929, 0.0 ], [ 113.285637, -7.17893, 0.0 ], [ 113.285692, -7.179009, 0.0 ], [ 113.285706999000013, -7.179016, 0.0 ], [ 113.285927, -7.179100998999957, 0.0 ], [ 113.286031, -7.179142998999964, 0.0 ], [ 113.286071000000106, -7.179159998999978, 0.0 ], [ 113.286087, -7.179154, 0.0 ], [ 113.286127, -7.179116, 0.0 ], [ 113.286153999000021, -7.179103998999949, 0.0 ], [ 113.286165, -7.179103998999949, 0.0 ], [ 113.286256, -7.179175, 0.0 ], [ 113.286504999000044, -7.179392, 0.0 ], [ 113.286667, -7.179541, 0.0 ], [ 113.286802, -7.1796, 0.0 ], [ 113.286864, -7.179632, 0.0 ], [ 113.28687499800003, -7.179635000999951, 0.0 ], [ 113.286908, -7.179626, 0.0 ], [ 113.286974999000108, -7.179588998999975, 0.0 ], [ 113.286991998000076, -7.179577000999927, 0.0 ], [ 113.287012999000012, -7.179588998999975, 0.0 ], [ 113.287087, -7.179646, 0.0 ], [ 113.287114, -7.179655000999958, 0.0 ], [ 113.28725, -7.179701, 0.0 ], [ 113.287275, -7.179714000999979, 0.0 ], [ 113.287303998000084, -7.179754000999935, 0.0 ], [ 113.287378000000103, -7.179871000999981, 0.0 ], [ 113.287427, -7.179953, 0.0 ], [ 113.287429, -7.179984, 0.0 ], [ 113.287387, -7.180072, 0.0 ], [ 113.287368, -7.180117998999947, 0.0 ], [ 113.28737, -7.180137998999953, 0.0 ], [ 113.287455, -7.180179, 0.0 ], [ 113.287466000000109, -7.180198, 0.0 ], [ 113.287445, -7.18025800099997, 0.0 ], [ 113.287433, -7.180308, 0.0 ], [ 113.287435, -7.180327, 0.0 ], [ 113.287473, -7.180351998999981, 0.0 ], [ 113.287533, -7.180374, 0.0 ], [ 113.287639, -7.180414000999974, 0.0 ], [ 113.287750999000082, -7.180463, 0.0 ], [ 113.287797, -7.180498, 0.0 ], [ 113.28782, -7.180538, 0.0 ], [ 113.287853, -7.18056299899996, 0.0 ], [ 113.287946998000052, -7.180601, 0.0 ], [ 113.287953126000048, -7.180604359999961, 0.0 ], [ 113.287978, -7.180618, 0.0 ], [ 113.288023999000075, -7.180619, 0.0 ], [ 113.288069, -7.180612000999929, 0.0 ], [ 113.288093828000115, -7.180604359999961, 0.0 ], [ 113.288095000000112, -7.18060399899997, 0.0 ], [ 113.288126, -7.180590000999928, 0.0 ], [ 113.28816, -7.180571000999976, 0.0 ], [ 113.288153, -7.180557, 0.0 ], [ 113.288150868000116, -7.180537385999969, 0.0 ], [ 113.288148, -7.180511, 0.0 ], [ 113.288173, -7.180406998999956, 0.0 ], [ 113.288200998000093, -7.180344, 0.0 ], [ 113.288256, -7.180273998999951, 0.0 ], [ 113.288274000000115, -7.18025, 0.0 ], [ 113.288303, -7.180227, 0.0 ], [ 113.288316, -7.18023, 0.0 ], [ 113.288352, -7.180249, 0.0 ], [ 113.288416999000106, -7.180257, 0.0 ], [ 113.288446, -7.180257, 0.0 ], [ 113.288516, -7.180226, 0.0 ], [ 113.288551998000116, -7.180213998999932, 0.0 ], [ 113.288584, -7.180205, 0.0 ], [ 113.288628998000036, -7.180203000999938, 0.0 ], [ 113.288663, -7.180212998999934, 0.0 ], [ 113.288686999000106, -7.180220000999952, 0.0 ], [ 113.28872, -7.180247, 0.0 ], [ 113.288763, -7.180289998999967, 0.0 ], [ 113.288803999000038, -7.180328998999926, 0.0 ], [ 113.288842, -7.180385, 0.0 ], [ 113.288863998000011, -7.180432, 0.0 ], [ 113.288892, -7.180483, 0.0 ], [ 113.288907000000108, -7.180521, 0.0 ], [ 113.28893, -7.180545998999946, 0.0 ], [ 113.288961998000104, -7.180547998999941, 0.0 ], [ 113.288979269000038, -7.180540745999963, 0.0 ], [ 113.289012, -7.180526998999937, 0.0 ], [ 113.289092, -7.180477000999929, 0.0 ], [ 113.289194998000085, -7.18039700099996, 0.0 ], [ 113.289298, -7.180342, 0.0 ], [ 113.289408, -7.180291998999962, 0.0 ], [ 113.289576, -7.180222000999947, 0.0 ], [ 113.289704999000037, -7.180181000999937, 0.0 ], [ 113.289761999, -7.18015799899996, 0.0 ], [ 113.289816, -7.180146, 0.0 ], [ 113.289839999000037, -7.180146, 0.0 ], [ 113.289862, -7.180149, 0.0 ], [ 113.289881, -7.180155998999965, 0.0 ], [ 113.2899010000001, -7.18016400099998, 0.0 ], [ 113.289922, -7.180181000999937, 0.0 ], [ 113.289938999000015, -7.180198, 0.0 ], [ 113.289944000000105, -7.180224, 0.0 ], [ 113.289953, -7.180252998999947, 0.0 ], [ 113.289956999000083, -7.180285, 0.0 ], [ 113.289962, -7.180332998999972, 0.0 ], [ 113.289962, -7.180365, 0.0 ], [ 113.289962, -7.180404, 0.0 ], [ 113.289954, -7.180446998999969, 0.0 ], [ 113.2899460000001, -7.180507998999929, 0.0 ], [ 113.289941000000113, -7.180558, 0.0 ], [ 113.289941000000113, -7.180609000999937, 0.0 ], [ 113.289953, -7.180646, 0.0 ], [ 113.289983, -7.180718998999964, 0.0 ], [ 113.290007, -7.180751, 0.0 ], [ 113.290054999000063, -7.180811, 0.0 ], [ 113.290098, -7.180851, 0.0 ], [ 113.290138, -7.180889, 0.0 ], [ 113.290194, -7.180958, 0.0 ], [ 113.290217, -7.180982000999961, 0.0 ], [ 113.290230999000073, -7.180997, 0.0 ], [ 113.290256000000113, -7.181004, 0.0 ], [ 113.290282, -7.181006, 0.0 ], [ 113.290316, -7.181004, 0.0 ], [ 113.290333, -7.181002000999968, 0.0 ], [ 113.290354, -7.181002000999968, 0.0 ], [ 113.290381, -7.181007, 0.0 ], [ 113.290393000000108, -7.181013998999958, 0.0 ], [ 113.290396000000101, -7.181017, 0.0 ], [ 113.290406999000083, -7.18103199899997, 0.0 ], [ 113.290402999000094, -7.18105800099994, 0.0 ], [ 113.290390000000116, -7.18109900099995, 0.0 ], [ 113.290364998000086, -7.181143, 0.0 ], [ 113.290342, -7.181178000999978, 0.0 ], [ 113.290344, -7.181202, 0.0 ], [ 113.290353, -7.181222, 0.0 ], [ 113.290398, -7.181271, 0.0 ], [ 113.290436000000113, -7.181296000999964, 0.0 ], [ 113.290472, -7.181327998999961, 0.0 ], [ 113.290474, -7.18134699899997, 0.0 ], [ 113.290475, -7.18137300099994, 0.0 ], [ 113.29047, -7.181396, 0.0 ], [ 113.290471, -7.181421998999951, 0.0 ], [ 113.290541999000084, -7.181456, 0.0 ], [ 113.290649, -7.181481998999971, 0.0 ], [ 113.290716998000107, -7.181498, 0.0 ], [ 113.290726877000111, -7.18149860799997, 0.0 ], [ 113.290782, -7.181501998999977, 0.0 ], [ 113.29082, -7.181499998999925, 0.0 ], [ 113.290834999000026, -7.181524, 0.0 ], [ 113.290847, -7.181540998999935, 0.0 ], [ 113.290926, -7.181552, 0.0 ], [ 113.290952999000069, -7.181553, 0.0 ], [ 113.290952999000069, -7.18157, 0.0 ], [ 113.290939, -7.181582, 0.0 ], [ 113.290943, -7.181594, 0.0 ], [ 113.290965, -7.181608000999972, 0.0 ], [ 113.291018, -7.181623000999934, 0.0 ], [ 113.291066998000019, -7.181621, 0.0 ], [ 113.291106998000032, -7.181615998999973, 0.0 ], [ 113.2911659990001, -7.181614, 0.0 ], [ 113.291184998000062, -7.181616998999971, 0.0 ], [ 113.291336000000115, -7.181678998999928, 0.0 ], [ 113.291348, -7.181693, 0.0 ], [ 113.291348, -7.181829, 0.0 ], [ 113.291355, -7.181846, 0.0 ], [ 113.291505, -7.181890998999961, 0.0 ], [ 113.291531, -7.181908, 0.0 ], [ 113.291528, -7.181937000999937, 0.0 ], [ 113.291501, -7.182045998999968, 0.0 ], [ 113.291494999000065, -7.182092000999944, 0.0 ], [ 113.291508, -7.182141, 0.0 ], [ 113.291546, -7.182270000999949, 0.0 ], [ 113.291553, -7.182289000999958, 0.0 ], [ 113.291565000000105, -7.182292, 0.0 ], [ 113.291654999000116, -7.182288000999961, 0.0 ], [ 113.291669, -7.182293, 0.0 ], [ 113.291649, -7.182375, 0.0 ], [ 113.29163199900006, -7.182436998999947, 0.0 ], [ 113.291633999000055, -7.182471, 0.0 ], [ 113.291632998000068, -7.182602000999964, 0.0 ], [ 113.291612998, -7.182695, 0.0 ], [ 113.291593998000053, -7.182785998999975, 0.0 ], [ 113.291591, -7.182821, 0.0 ], [ 113.291581, -7.182826998999928, 0.0 ], [ 113.291517999, -7.182852000999958, 0.0 ], [ 113.291465, -7.182878, 0.0 ], [ 113.29145, -7.182887998999945, 0.0 ], [ 113.291426000000115, -7.182970000999944, 0.0 ], [ 113.291425573000083, -7.182971073999965, 0.0 ], [ 113.291425454000091, -7.182971376999944, 0.0 ], [ 113.291377999000019, -7.183091, 0.0 ], [ 113.291306, -7.183268, 0.0 ], [ 113.291286, -7.183301000999961, 0.0 ], [ 113.29126, -7.18333, 0.0 ], [ 113.291191001000016, -7.183420001999934, 0.0 ], [ 113.291163998000115, -7.183465, 0.0 ], [ 113.291147999000032, -7.183497000999978, 0.0 ], [ 113.291135001000043, -7.18354, 0.0 ], [ 113.291133001000048, -7.183555000999945, 0.0 ], [ 113.291113001000099, -7.18362499899996, 0.0 ], [ 113.291093001000036, -7.183679, 0.0 ], [ 113.291064, -7.183732001999942, 0.0 ], [ 113.291019, -7.183803998999963, 0.0 ], [ 113.290991999000084, -7.183857, 0.0 ], [ 113.290966, -7.183876, 0.0 ], [ 113.290946, -7.183876, 0.0 ], [ 113.290931999, -7.183877998999947, 0.0 ], [ 113.290927, -7.183897998999953, 0.0 ], [ 113.290930998000022, -7.184029, 0.0 ], [ 113.290932999, -7.184036998999943, 0.0 ], [ 113.291023000000109, -7.184072998999966, 0.0 ], [ 113.291058, -7.184108, 0.0 ], [ 113.29109, -7.184157, 0.0 ], [ 113.291114001000096, -7.184170998999946, 0.0 ], [ 113.291136, -7.184188, 0.0 ], [ 113.291152001000114, -7.184190998999952, 0.0 ], [ 113.291178, -7.184201001999952, 0.0 ], [ 113.291184998000062, -7.184242, 0.0 ], [ 113.291192001000013, -7.184306998999944, 0.0 ], [ 113.291199, -7.18432, 0.0 ], [ 113.291212001000076, -7.18433700199995, 0.0 ], [ 113.291269001000046, -7.184365998999965, 0.0 ], [ 113.29134099800001, -7.184403, 0.0 ], [ 113.29137, -7.18441500199998, 0.0 ], [ 113.291425001000107, -7.184433000999945, 0.0 ], [ 113.291452, -7.184438, 0.0 ], [ 113.291469, -7.18445, 0.0 ], [ 113.291477999000108, -7.184466998999937, 0.0 ], [ 113.291475000000105, -7.184509, 0.0 ], [ 113.291453, -7.184530000999928, 0.0 ], [ 113.291369001000021, -7.184584998999981, 0.0 ], [ 113.291349001000071, -7.184626, 0.0 ], [ 113.291317, -7.184735, 0.0 ], [ 113.291301998000108, -7.18482200099993, 0.0 ], [ 113.291300998000111, -7.184920000999966, 0.0 ], [ 113.291290001000107, -7.184989, 0.0 ], [ 113.291254, -7.185087998999961, 0.0 ], [ 113.291230001000031, -7.185172, 0.0 ], [ 113.291229170000065, -7.185194113999955, 0.0 ], [ 113.291227, -7.185252000999981, 0.0 ], [ 113.291223998000078, -7.185316, 0.0 ], [ 113.291213001000074, -7.185352001999945, 0.0 ], [ 113.291155000000117, -7.185464, 0.0 ], [ 113.291116000000102, -7.185548, 0.0 ], [ 113.291096001000028, -7.185582000999943, 0.0 ], [ 113.291085998000085, -7.185594, 0.0 ], [ 113.291068999000117, -7.185595998999929, 0.0 ], [ 113.291046, -7.185598998999978, 0.0 ], [ 113.291036001000066, -7.185608, 0.0 ], [ 113.291016001000116, -7.18570000099993, 0.0 ], [ 113.291004, -7.185730998999929, 0.0 ], [ 113.290986, -7.185746, 0.0 ], [ 113.290962, -7.185752998999931, 0.0 ], [ 113.290945, -7.185761001999936, 0.0 ], [ 113.290935000000104, -7.185768, 0.0 ], [ 113.29087800100001, -7.185925, 0.0 ], [ 113.290871998000057, -7.185946998999952, 0.0 ], [ 113.290904, -7.186056, 0.0 ], [ 113.29091900100002, -7.186084998999945, 0.0 ], [ 113.290942, -7.186114, 0.0 ], [ 113.290967, -7.186119, 0.0 ], [ 113.29102699900011, -7.186163998999973, 0.0 ], [ 113.291044, -7.186189001999935, 0.0 ], [ 113.291047998000067, -7.18622199899994, 0.0 ], [ 113.291062, -7.186371, 0.0 ], [ 113.291072, -7.186516, 0.0 ], [ 113.291065000000117, -7.186540001999958, 0.0 ], [ 113.291007, -7.186647, 0.0 ], [ 113.290981866000038, -7.18668800699993, 0.0 ], [ 113.290949998000087, -7.18674, 0.0 ], [ 113.290891998, -7.186835, 0.0 ], [ 113.290856, -7.186874, 0.0 ], [ 113.290835999000024, -7.186890000999938, 0.0 ], [ 113.290807, -7.186893001999977, 0.0 ], [ 113.290781001000028, -7.186904998999978, 0.0 ], [ 113.290748, -7.186968000999968, 0.0 ], [ 113.290727, -7.187023, 0.0 ], [ 113.290731, -7.187059998999928, 0.0 ], [ 113.290735998000059, -7.187111, 0.0 ], [ 113.290769, -7.187208, 0.0 ], [ 113.29078, -7.187232, 0.0 ], [ 113.290864, -7.187366, 0.0 ], [ 113.290890000000104, -7.187400001999947, 0.0 ], [ 113.290994, -7.187542, 0.0 ], [ 113.291048999000054, -7.18760599899997, 0.0 ], [ 113.291101, -7.18767300199994, 0.0 ], [ 113.291151001000117, -7.187722998999959, 0.0 ], [ 113.291156000000115, -7.187749001999975, 0.0 ], [ 113.291160000000104, -7.188008, 0.0 ], [ 113.291151001000117, -7.188190998999971, 0.0 ], [ 113.291147999000032, -7.188284, 0.0 ], [ 113.291138, -7.188369, 0.0 ], [ 113.291122, -7.188432001999956, 0.0 ], [ 113.291093001000036, -7.188481998999976, 0.0 ], [ 113.291076001000079, -7.188525, 0.0 ], [ 113.291141, -7.188559998999949, 0.0 ], [ 113.291250001000094, -7.188599998999962, 0.0 ], [ 113.291398998000091, -7.188652, 0.0 ], [ 113.29153799900007, -7.188701, 0.0 ], [ 113.291579, -7.188708, 0.0 ], [ 113.291705, -7.188716998999951, 0.0 ], [ 113.291719001000047, -7.188725001999956, 0.0 ], [ 113.291757001000065, -7.18875, 0.0 ], [ 113.291834001000097, -7.188799, 0.0 ], [ 113.291902, -7.188841001999947, 0.0 ], [ 113.291935, -7.188856, 0.0 ], [ 113.292015000000106, -7.18887499899995, 0.0 ], [ 113.292116, -7.188898000999927, 0.0 ], [ 113.292178998000054, -7.188912998999967, 0.0 ], [ 113.292200999000102, -7.188925, 0.0 ], [ 113.292197998, -7.188932998999974, 0.0 ], [ 113.29216800100005, -7.18906, 0.0 ], [ 113.292138, -7.189195, 0.0 ], [ 113.292111, -7.189285, 0.0 ], [ 113.292069001000073, -7.189425000999961, 0.0 ], [ 113.292149001000098, -7.189437998999949, 0.0 ], [ 113.292322001000116, -7.189473, 0.0 ], [ 113.292518001000076, -7.189517998999975, 0.0 ], [ 113.292717, -7.189603001999956, 0.0 ], [ 113.29304900000011, -7.189695, 0.0 ], [ 113.293257001000029, -7.189755, 0.0 ], [ 113.293541, -7.189832, 0.0 ], [ 113.293939, -7.189923998999973, 0.0 ], [ 113.294001001000083, -7.189939, 0.0 ], [ 113.294025, -7.189949, 0.0 ], [ 113.294339, -7.190086, 0.0 ], [ 113.294417, -7.190152, 0.0 ], [ 113.294537000000105, -7.19024400099994, 0.0 ], [ 113.294628000000102, -7.190323001999957, 0.0 ], [ 113.294449001000089, -7.19059600199995, 0.0 ], [ 113.294377, -7.190722, 0.0 ], [ 113.294264000000112, -7.190882998999939, 0.0 ], [ 113.294183, -7.191016998999942, 0.0 ], [ 113.294095, -7.191162001999942, 0.0 ], [ 113.294032999000024, -7.191283, 0.0 ], [ 113.293989839, -7.191393392999942, 0.0 ], [ 113.29398100100002, -7.191416001999926, 0.0 ], [ 113.293959001000076, -7.191491000999974, 0.0 ], [ 113.293874, -7.191771, 0.0 ], [ 113.293843001000027, -7.191856998999981, 0.0 ], [ 113.29385, -7.191884001999938, 0.0 ], [ 113.29388300100004, -7.191911, 0.0 ], [ 113.293881001000045, -7.191940000999978, 0.0 ], [ 113.293824001000075, -7.192122, 0.0 ], [ 113.293823001000078, -7.192131998999969, 0.0 ], [ 113.293893999000034, -7.192150998999978, 0.0 ], [ 113.29423, -7.192246998999963, 0.0 ], [ 113.294420998000078, -7.192313001999935, 0.0 ], [ 113.294448001000092, -7.192322998999941, 0.0 ], [ 113.294472, -7.192339, 0.0 ], [ 113.294505001000061, -7.192375, 0.0 ], [ 113.294536000000107, -7.192411001999972, 0.0 ], [ 113.294568, -7.192431001999978, 0.0 ], [ 113.29465699900004, -7.192481998999938, 0.0 ], [ 113.294728, -7.192532, 0.0 ], [ 113.294743001000029, -7.192548001999967, 0.0 ], [ 113.294776, -7.19262, 0.0 ], [ 113.294864, -7.192811998999957, 0.0 ], [ 113.294948998000109, -7.192954000999976, 0.0 ], [ 113.295031000000108, -7.19308, 0.0 ], [ 113.295083, -7.193162998999981, 0.0 ], [ 113.295102, -7.193187, 0.0 ], [ 113.295176975000118, -7.193261267999958, 0.0 ], [ 113.295208001000105, -7.193292, 0.0 ], [ 113.2952100010001, -7.193304, 0.0 ], [ 113.295159, -7.193382, 0.0 ], [ 113.295123998, -7.193453998999928, 0.0 ], [ 113.295081, -7.193533998999953, 0.0 ], [ 113.295037, -7.193613998999979, 0.0 ], [ 113.295004, -7.19372, 0.0 ], [ 113.29496, -7.193854001999966, 0.0 ], [ 113.294933, -7.193974, 0.0 ], [ 113.294906, -7.194072, 0.0 ], [ 113.294898001000092, -7.194106000999966, 0.0 ], [ 113.294789, -7.194149, 0.0 ], [ 113.294728, -7.19420600199993, 0.0 ], [ 113.294606001000034, -7.194304, 0.0 ], [ 113.294472, -7.194427, 0.0 ], [ 113.294370001000061, -7.194537001999947, 0.0 ], [ 113.29429, -7.194623, 0.0 ], [ 113.294274001000076, -7.19466, 0.0 ], [ 113.29423, -7.194738, 0.0 ], [ 113.294189999000082, -7.194818998999949, 0.0 ], [ 113.294149999000069, -7.19489, 0.0 ], [ 113.294114, -7.194933, 0.0 ], [ 113.294067, -7.194974, 0.0 ], [ 113.294030998000039, -7.195008, 0.0 ], [ 113.294011998000087, -7.195032998999977, 0.0 ], [ 113.293992998000022, -7.195103001999939, 0.0 ], [ 113.293973999000059, -7.195207, 0.0 ], [ 113.293963001000066, -7.19526899899995, 0.0 ], [ 113.293949000000111, -7.195339, 0.0 ], [ 113.293936999000039, -7.195418, 0.0 ], [ 113.293942001, -7.195538, 0.0 ], [ 113.293959001000076, -7.195728, 0.0 ], [ 113.293957, -7.195881001999965, 0.0 ], [ 113.293954623000104, -7.195936874999973, 0.0 ], [ 113.293952998, -7.195975, 0.0 ], [ 113.293938, -7.196070998999971, 0.0 ], [ 113.293925, -7.196166998999956, 0.0 ], [ 113.293913998000107, -7.196205998999972, 0.0 ], [ 113.293909, -7.196211000999938, 0.0 ], [ 113.293749, -7.196287, 0.0 ], [ 113.293671, -7.196330001999968, 0.0 ], [ 113.293661999000051, -7.196341998999969, 0.0 ], [ 113.293656, -7.196367000999942, 0.0 ], [ 113.293638000000101, -7.196467001999963, 0.0 ], [ 113.293601998000099, -7.196655998999972, 0.0 ], [ 113.293596, -7.196785, 0.0 ], [ 113.293567, -7.197029, 0.0 ], [ 113.293562, -7.197067, 0.0 ], [ 113.293548000000101, -7.197088000999941, 0.0 ], [ 113.293505999000104, -7.197160998999948, 0.0 ], [ 113.293491001, -7.197189001999959, 0.0 ], [ 113.293484, -7.197209001999965, 0.0 ], [ 113.293483, -7.197223, 0.0 ], [ 113.293448344000012, -7.197405082999978, 0.0 ], [ 113.29342, -7.197554, 0.0 ], [ 113.293392, -7.197708998999929, 0.0 ], [ 113.293358001000115, -7.197882998999944, 0.0 ], [ 113.293349999000043, -7.197914, 0.0 ], [ 113.293338001000052, -7.197938, 0.0 ], [ 113.293321816000116, -7.197960703999968, 0.0 ], [ 113.293266, -7.198038998999948, 0.0 ], [ 113.293162001000042, -7.198186, 0.0 ], [ 113.293092000000115, -7.198257, 0.0 ], [ 113.293052587000034, -7.198300790999951, 0.0 ], [ 113.292928001000064, -7.198394, 0.0 ], [ 113.292862999000022, -7.19844, 0.0 ], [ 113.292837, -7.19846999899994, 0.0 ], [ 113.292783998, -7.19854, 0.0 ], [ 113.292717, -7.198657, 0.0 ], [ 113.292665998000075, -7.198736, 0.0 ], [ 113.29263400100001, -7.198803, 0.0 ], [ 113.29262699800006, -7.198831, 0.0 ], [ 113.292625, -7.198841, 0.0 ], [ 113.292613, -7.199125, 0.0 ], [ 113.292602000000102, -7.199251, 0.0 ], [ 113.292585, -7.199294001999931, 0.0 ], [ 113.292530999000064, -7.199414, 0.0 ], [ 113.292472999000097, -7.199553, 0.0 ], [ 113.292436, -7.199658998999951, 0.0 ], [ 113.292391999000074, -7.199713998999925, 0.0 ], [ 113.292364, -7.199759, 0.0 ], [ 113.29231, -7.199825, 0.0 ], [ 113.292274, -7.199869, 0.0 ], [ 113.292252, -7.199908, 0.0 ], [ 113.292215, -7.199947, 0.0 ], [ 113.292154, -7.199989998999968, 0.0 ], [ 113.292066, -7.200053000999958, 0.0 ], [ 113.291935, -7.200149, 0.0 ], [ 113.291846998000096, -7.20022199899995, 0.0 ], [ 113.291806, -7.200252, 0.0 ], [ 113.291768998000066, -7.200285, 0.0 ], [ 113.291723, -7.200337998999942, 0.0 ], [ 113.291708, -7.200353, 0.0 ], [ 113.291692581, -7.200373755999976, 0.0 ], [ 113.291656000000103, -7.200423000999933, 0.0 ], [ 113.291613998000116, -7.200484001999939, 0.0 ], [ 113.291602001000115, -7.200486, 0.0 ], [ 113.291308001000061, -7.200475998999934, 0.0 ], [ 113.291302999000095, -7.200549, 0.0 ], [ 113.291279, -7.200756000999945, 0.0 ], [ 113.291260999000087, -7.200847998999961, 0.0 ], [ 113.291237, -7.200953001999949, 0.0 ], [ 113.291200000000117, -7.201015, 0.0 ], [ 113.291153001000112, -7.201107000999968, 0.0 ], [ 113.29110860600008, -7.201185170999963, 0.0 ], [ 113.291061, -7.201269, 0.0 ], [ 113.290975941000056, -7.201411220999944, 0.0 ], [ 113.290936000000102, -7.201478001999931, 0.0 ], [ 113.290895, -7.20154, 0.0 ], [ 113.290888000000109, -7.201557001999959, 0.0 ], [ 113.290870999000049, -7.2016, 0.0 ], [ 113.290826, -7.201732001999972, 0.0 ], [ 113.290786, -7.201841998999953, 0.0 ], [ 113.290749, -7.201951, 0.0 ], [ 113.290726, -7.201997998999957, 0.0 ], [ 113.290538, -7.201955, 0.0 ], [ 113.290204, -7.201877998999976, 0.0 ], [ 113.290109, -7.201856, 0.0 ], [ 113.290093999000078, -7.201858998999967, 0.0 ], [ 113.289962001000049, -7.201933, 0.0 ], [ 113.289875, -7.201994, 0.0 ], [ 113.289857998000116, -7.202011, 0.0 ], [ 113.289829, -7.20208, 0.0 ], [ 113.289858998000113, -7.202134998999952, 0.0 ], [ 113.289729001000069, -7.20236, 0.0 ], [ 113.289596, -7.202577, 0.0 ], [ 113.289467998000077, -7.202783000999943, 0.0 ], [ 113.289297, -7.203055, 0.0 ], [ 113.289142001000073, -7.203233001999934, 0.0 ], [ 113.288963999000089, -7.203431, 0.0 ], [ 113.288836, -7.203572, 0.0 ], [ 113.288792001000047, -7.203628, 0.0 ], [ 113.288725999, -7.203695998999933, 0.0 ], [ 113.288525, -7.203652, 0.0 ], [ 113.288165, -7.203564000999961, 0.0 ], [ 113.288098000000105, -7.203548, 0.0 ], [ 113.287846, -7.203451, 0.0 ], [ 113.287768, -7.203436, 0.0 ], [ 113.287467001000095, -7.203405, 0.0 ], [ 113.287217, -7.203382998999928, 0.0 ], [ 113.287068998000109, -7.203379, 0.0 ], [ 113.287062000000105, -7.203628, 0.0 ], [ 113.287049998000043, -7.203829998999936, 0.0 ], [ 113.287042137000071, -7.204040523999936, 0.0 ], [ 113.287041, -7.204071000999932, 0.0 ], [ 113.287039187, -7.204100009999934, 0.0 ], [ 113.287036001000047, -7.204151001999946, 0.0 ], [ 113.287023, -7.204180998999959, 0.0 ], [ 113.286965, -7.20435, 0.0 ], [ 113.286868, -7.204622, 0.0 ], [ 113.286813, -7.204783, 0.0 ], [ 113.286795, -7.204835, 0.0 ], [ 113.286767001000044, -7.204874, 0.0 ], [ 113.28662199900009, -7.204855, 0.0 ], [ 113.28632, -7.204809, 0.0 ], [ 113.286144, -7.204773000999978, 0.0 ], [ 113.285996998000087, -7.204731, 0.0 ], [ 113.285973, -7.204708998999934, 0.0 ], [ 113.285869001000037, -7.20458999899995, 0.0 ], [ 113.285835, -7.204584, 0.0 ], [ 113.285621000000106, -7.204571998999938, 0.0 ], [ 113.285437001000105, -7.20455299899993, 0.0 ], [ 113.285293998000043, -7.204549, 0.0 ], [ 113.285287, -7.204555, 0.0 ], [ 113.285284001000036, -7.204571998999938, 0.0 ], [ 113.28529499800004, -7.204744998999956, 0.0 ], [ 113.285312, -7.205001998999933, 0.0 ], [ 113.285296999000025, -7.204999998999938, 0.0 ], [ 113.285128001000089, -7.204991, 0.0 ], [ 113.285109001000023, -7.204986000999952, 0.0 ], [ 113.285078000000112, -7.204926, 0.0 ], [ 113.285065, -7.204919, 0.0 ], [ 113.285006, -7.204916, 0.0 ], [ 113.284809999000117, -7.204914, 0.0 ], [ 113.284651998000072, -7.204907, 0.0 ], [ 113.284600134000016, -7.204897611999968, 0.0 ], [ 113.284535999000013, -7.204885998999941, 0.0 ], [ 113.284491717000037, -7.204883355999925, 0.0 ], [ 113.284402000000114, -7.204878, 0.0 ], [ 113.284245, -7.204871000999958, 0.0 ], [ 113.2842399970001, -7.204870670999981, 0.0 ], [ 113.284092945000111, -7.204861002999962, 0.0 ], [ 113.283958025000061, -7.204852132999974, 0.0 ], [ 113.283956001000092, -7.204852001999939, 0.0 ], [ 113.28390800000011, -7.204849, 0.0 ], [ 113.283868, -7.205058998999959, 0.0 ], [ 113.283821001000092, -7.205215998999961, 0.0 ], [ 113.28379879900001, -7.205270895999945, 0.0 ], [ 113.283766, -7.205351998999959, 0.0 ], [ 113.283734998000114, -7.205388998999979, 0.0 ], [ 113.283716999000035, -7.205449998999939, 0.0 ], [ 113.283712, -7.205492, 0.0 ], [ 113.283713, -7.20557200099995, 0.0 ], [ 113.283715998000048, -7.205623998999954, 0.0 ], [ 113.283731000000103, -7.205675, 0.0 ], [ 113.283740299000101, -7.205709715999944, 0.0 ], [ 113.283746, -7.205731001999936, 0.0 ], [ 113.283783001000074, -7.205800998999962, 0.0 ], [ 113.28385399900003, -7.205907001999947, 0.0 ], [ 113.283894, -7.205989, 0.0 ], [ 113.283906000000115, -7.206023001999938, 0.0 ], [ 113.283913639000048, -7.206098759999975, 0.0 ], [ 113.283918001000075, -7.206142, 0.0 ], [ 113.283923, -7.206266998999979, 0.0 ], [ 113.283917001000077, -7.206439, 0.0 ], [ 113.283916680000061, -7.206463846999952, 0.0 ], [ 113.283915818000082, -7.206530629999975, 0.0 ], [ 113.283915, -7.206594, 0.0 ], [ 113.283899001, -7.206666001999963, 0.0 ], [ 113.283884, -7.206727, 0.0 ], [ 113.283845, -7.206795998999951, 0.0 ], [ 113.283816000000115, -7.20683, 0.0 ], [ 113.283772000000113, -7.20687, 0.0 ], [ 113.283727000000113, -7.20691900199995, 0.0 ], [ 113.283683001000099, -7.206968998999969, 0.0 ], [ 113.283608, -7.20705400099996, 0.0 ], [ 113.283551000000102, -7.207122, 0.0 ], [ 113.283520998000085, -7.207147998999972, 0.0 ], [ 113.283501999, -7.207164998999929, 0.0 ], [ 113.283451001000117, -7.20718, 0.0 ], [ 113.283321000000115, -7.207205998999939, 0.0 ], [ 113.28330599800006, -7.207215, 0.0 ], [ 113.283265998000047, -7.207279998999979, 0.0 ], [ 113.283245999000087, -7.207313, 0.0 ], [ 113.283238, -7.207331, 0.0 ], [ 113.283159001000058, -7.207332, 0.0 ], [ 113.28290400100002, -7.20732199899993, 0.0 ], [ 113.282816, -7.20732199899993, 0.0 ], [ 113.282794, -7.207348001999947, 0.0 ], [ 113.282777999000018, -7.207373, 0.0 ], [ 113.282773, -7.20741899899997, 0.0 ], [ 113.282761999000058, -7.20743, 0.0 ], [ 113.282667, -7.207472, 0.0 ], [ 113.282649001000095, -7.207487, 0.0 ], [ 113.282634, -7.207508, 0.0 ], [ 113.282602998000016, -7.207597, 0.0 ], [ 113.282559965000019, -7.207699550999962, 0.0 ], [ 113.282556000000113, -7.207708998999976, 0.0 ], [ 113.282521, -7.20778699899995, 0.0 ], [ 113.282505998000033, -7.207805, 0.0 ], [ 113.282472782000013, -7.20781672499993, 0.0 ], [ 113.282472, -7.207817001999956, 0.0 ], [ 113.282424000000105, -7.207815000999972, 0.0 ], [ 113.282387999000093, -7.207819, 0.0 ], [ 113.282357001000037, -7.207857001999969, 0.0 ], [ 113.282339001000082, -7.20788, 0.0 ], [ 113.282315, -7.207887998999979, 0.0 ], [ 113.282265, -7.207891, 0.0 ], [ 113.282219001000044, -7.207886998999925, 0.0 ], [ 113.282180001000029, -7.207877, 0.0 ], [ 113.282173, -7.207866998999975, 0.0 ], [ 113.282145001000117, -7.207836001999965, 0.0 ], [ 113.282116999000095, -7.20782, 0.0 ], [ 113.282088, -7.20782, 0.0 ], [ 113.281977, -7.207808998999951, 0.0 ], [ 113.281925000000115, -7.207793, 0.0 ], [ 113.281890001000079, -7.207775000999959, 0.0 ], [ 113.281880000000115, -7.207767, 0.0 ], [ 113.281888001000084, -7.207742, 0.0 ], [ 113.281890001000079, -7.207716, 0.0 ], [ 113.281887, -7.207701001999965, 0.0 ], [ 113.281873, -7.207691998999962, 0.0 ], [ 113.2818449990001, -7.207687, 0.0 ], [ 113.281821, -7.207689, 0.0 ], [ 113.281757, -7.207693998999957, 0.0 ], [ 113.281698, -7.207698000999926, 0.0 ], [ 113.281646999000031, -7.207701001999965, 0.0 ], [ 113.281369, -7.207689, 0.0 ], [ 113.28119, -7.207680001999961, 0.0 ], [ 113.281147001000022, -7.207669998999961, 0.0 ], [ 113.281129001000068, -7.207657, 0.0 ], [ 113.281123999000101, -7.207636, 0.0 ], [ 113.281108001, -7.207626, 0.0 ], [ 113.281086, -7.207626, 0.0 ], [ 113.28106199900003, -7.207628, 0.0 ], [ 113.280867998000076, -7.207747998999935, 0.0 ], [ 113.280852, -7.207751998999981, 0.0 ], [ 113.280817001000059, -7.207748998999932, 0.0 ], [ 113.280812903000083, -7.207747782999945, 0.0 ], [ 113.280551, -7.207669998999961, 0.0 ], [ 113.280533000000105, -7.20765199899995, 0.0 ], [ 113.280528000000118, -7.207631998999943, 0.0 ], [ 113.280523001, -7.207617, 0.0 ], [ 113.280371, -7.207556998999962, 0.0 ], [ 113.280345, -7.207551, 0.0 ], [ 113.280335, -7.207494, 0.0 ], [ 113.280339, -7.207464000999948, 0.0 ], [ 113.280354000000102, -7.207448, 0.0 ], [ 113.28037899900005, -7.207417998999972, 0.0 ], [ 113.280379998000058, -7.207407001999968, 0.0 ], [ 113.280356, -7.207408001999966, 0.0 ], [ 113.280272001000071, -7.207427001999974, 0.0 ], [ 113.280173001000094, -7.20745, 0.0 ], [ 113.280126998000014, -7.207447001999981, 0.0 ], [ 113.279883, -7.207432, 0.0 ], [ 113.279871068000034, -7.207432, 0.0 ], [ 113.279869880000092, -7.207432, 0.0 ], [ 113.27983, -7.207432, 0.0 ], [ 113.279810000000111, -7.207434, 0.0 ], [ 113.279795998000054, -7.207449, 0.0 ], [ 113.279755998000041, -7.207501, 0.0 ], [ 113.279748, -7.207505001999948, 0.0 ], [ 113.279621999000028, -7.207504001999951, 0.0 ], [ 113.279601999000079, -7.207511, 0.0 ], [ 113.279517, -7.207556998999962, 0.0 ], [ 113.279497000000106, -7.207567, 0.0 ], [ 113.279461, -7.207579, 0.0 ], [ 113.279091177000055, -7.207643627999971, 0.0 ], [ 113.2790490000001, -7.207650998999952, 0.0 ], [ 113.278798, -7.207689, 0.0 ], [ 113.27869423900006, -7.207697718999952, 0.0 ], [ 113.27856, -7.207708998999976, 0.0 ], [ 113.278425546000108, -7.20772908999993, 0.0 ], [ 113.278420717000017, -7.207729810999979, 0.0 ], [ 113.278299, -7.207747998999935, 0.0 ], [ 113.278254939000021, -7.207757511999944, 0.0 ], [ 113.278123, -7.207786, 0.0 ], [ 113.278094686000031, -7.207795206999947, 0.0 ], [ 113.278032882000048, -7.207815305999929, 0.0 ], [ 113.277999999000031, -7.207825998999965, 0.0 ], [ 113.277959, -7.207845998999971, 0.0 ], [ 113.277960403000066, -7.207811612999933, 0.0 ], [ 113.277960999000015, -7.20779700199995, 0.0 ], [ 113.277967000000103, -7.207750998999927, 0.0 ], [ 113.27793100100007, -7.207744, 0.0 ], [ 113.277769529000011, -7.207726651999963, 0.0 ], [ 113.277688998000031, -7.207718000999932, 0.0 ], [ 113.2774769990001, -7.207691998999962, 0.0 ], [ 113.277466000000118, -7.207696, 0.0 ], [ 113.277359548000049, -7.207756134999954, 0.0 ], [ 113.277335000000107, -7.207769998999936, 0.0 ], [ 113.277313, -7.207785, 0.0 ], [ 113.27727999800004, -7.20778699899995, 0.0 ], [ 113.277278408000029, -7.20778719499998, 0.0 ], [ 113.277215, -7.207795000999965, 0.0 ], [ 113.276987162000069, -7.207860470999947, 0.0 ], [ 113.276954001000036, -7.20787, 0.0 ], [ 113.276903742000059, -7.207893733999981, 0.0 ], [ 113.276882000000114, -7.207903998999939, 0.0 ], [ 113.276832999000021, -7.207923998999945, 0.0 ], [ 113.276823, -7.207926998999937, 0.0 ], [ 113.276839001000099, -7.208078, 0.0 ], [ 113.276837001000104, -7.208091001999946, 0.0 ], [ 113.276829, -7.208108000999971, 0.0 ], [ 113.276813999000069, -7.208121998999957, 0.0 ], [ 113.276760001000071, -7.208133, 0.0 ], [ 113.27648600100008, -7.20815799899998, 0.0 ], [ 113.276446262000036, -7.208162552999966, 0.0 ], [ 113.276390001000095, -7.208169001999977, 0.0 ], [ 113.276336, -7.208176, 0.0 ], [ 113.276222132000044, -7.20817928799994, 0.0 ], [ 113.276145309000071, -7.208181507999939, 0.0 ], [ 113.276059001000021, -7.208184, 0.0 ], [ 113.275721999000098, -7.208184, 0.0 ], [ 113.275682742000072, -7.20818436199994, 0.0 ], [ 113.275672977000113, -7.208184451999955, 0.0 ], [ 113.275504998000088, -7.208186000999945, 0.0 ], [ 113.275185, -7.208242, 0.0 ], [ 113.275119, -7.208248, 0.0 ], [ 113.274964834000116, -7.208245807999958, 0.0 ], [ 113.274908001000085, -7.208245001999956, 0.0 ], [ 113.27478235500007, -7.208248262999973, 0.0 ], [ 113.274523, -7.208254998999962, 0.0 ], [ 113.274413245, -7.208267861999957, 0.0 ], [ 113.274394999000037, -7.20827, 0.0 ], [ 113.274349, -7.208281, 0.0 ], [ 113.274228306000055, -7.208326717999967, 0.0 ], [ 113.274216999000032, -7.208331, 0.0 ], [ 113.274118, -7.208376998999938, 0.0 ], [ 113.273988, -7.208427, 0.0 ], [ 113.273963819000073, -7.208439207999959, 0.0 ], [ 113.273884999000074, -7.208479001999933, 0.0 ], [ 113.273770356000114, -7.20853881499994, 0.0 ], [ 113.273747, -7.208550998999954, 0.0 ], [ 113.273720426000068, -7.208562959999938, 0.0 ], [ 113.273687000000109, -7.208578001999967, 0.0 ], [ 113.273668, -7.208586998999976, 0.0 ], [ 113.273637, -7.208590998999966, 0.0 ], [ 113.273505001000103, -7.208605998999928, 0.0 ], [ 113.273398998000062, -7.208617001999926, 0.0 ], [ 113.273292, -7.208652, 0.0 ], [ 113.273243999000101, -7.208663, 0.0 ], [ 113.273176, -7.208663, 0.0 ], [ 113.273081, -7.208662, 0.0 ], [ 113.273064, -7.208672000999968, 0.0 ], [ 113.273034001000042, -7.20872, 0.0 ], [ 113.273013000000105, -7.208744998999975, 0.0 ], [ 113.273005, -7.208751000999939, 0.0 ], [ 113.272982, -7.20872, 0.0 ], [ 113.272957001, -7.208718, 0.0 ], [ 113.272827, -7.208696, 0.0 ], [ 113.272753999000088, -7.208698, 0.0 ], [ 113.272632, -7.208704998999963, 0.0 ], [ 113.272579998000083, -7.208693000999972, 0.0 ], [ 113.272441, -7.208603, 0.0 ], [ 113.272419, -7.208595000999935, 0.0 ], [ 113.272305, -7.208575000999929, 0.0 ], [ 113.272207, -7.208557001999964, 0.0 ], [ 113.272168, -7.208548998999959, 0.0 ], [ 113.272034999000084, -7.208475, 0.0 ], [ 113.27199, -7.208456, 0.0 ], [ 113.271965001000012, -7.208448, 0.0 ], [ 113.271873, -7.208586998999976, 0.0 ], [ 113.27185, -7.208601, 0.0 ], [ 113.271829, -7.208597001999976, 0.0 ], [ 113.27149600100006, -7.208527, 0.0 ], [ 113.27127, -7.208485, 0.0 ], [ 113.271067001, -7.208457, 0.0 ], [ 113.27097999800003, -7.208449, 0.0 ], [ 113.270940998000015, -7.208449, 0.0 ], [ 113.270921998000063, -7.208454998999969, 0.0 ], [ 113.270855, -7.208617001999926, 0.0 ], [ 113.270709999000019, -7.208576000999926, 0.0 ], [ 113.270540001000086, -7.208521, 0.0 ], [ 113.270381, -7.208485, 0.0 ], [ 113.270234, -7.208449998999981, 0.0 ], [ 113.270186, -7.208448, 0.0 ], [ 113.270153, -7.208454998999969, 0.0 ], [ 113.270050001000072, -7.208482, 0.0 ], [ 113.270011001000057, -7.208490998999935, 0.0 ], [ 113.269867999000098, -7.208479001999933, 0.0 ], [ 113.269729, -7.208475, 0.0 ], [ 113.269613, -7.208468, 0.0 ], [ 113.269574, -7.208468, 0.0 ], [ 113.269562, -7.208476, 0.0 ], [ 113.269499999000118, -7.208617001999926, 0.0 ], [ 113.269494, -7.208623, 0.0 ], [ 113.269299, -7.208528998999952, 0.0 ], [ 113.269136001000106, -7.208453998999971, 0.0 ], [ 113.269063, -7.208438000999934, 0.0 ], [ 113.268989, -7.208428, 0.0 ], [ 113.268924, -7.20843199899997, 0.0 ], [ 113.268492001000027, -7.208459000999937, 0.0 ], [ 113.268186, -7.208481001999928, 0.0 ], [ 113.268, -7.20849299899993, 0.0 ], [ 113.267942, -7.208490998999935, 0.0 ], [ 113.267602, -7.208457, 0.0 ], [ 113.267286, -7.208423, 0.0 ], [ 113.267269, -7.208414998999956, 0.0 ], [ 113.267279, -7.208312, 0.0 ], [ 113.267267, -7.208306, 0.0 ], [ 113.267033, -7.20833799899998, 0.0 ], [ 113.266996, -7.208335998999928, 0.0 ], [ 113.266836001000115, -7.208332998999936, 0.0 ], [ 113.266324, -7.208469998999931, 0.0 ], [ 113.26631, -7.208480001999931, 0.0 ], [ 113.266261998, -7.208549998999956, 0.0 ], [ 113.266254000000117, -7.208551998999951, 0.0 ], [ 113.26596, -7.208405, 0.0 ], [ 113.265714998000021, -7.208294998999975, 0.0 ], [ 113.26569, -7.208383001999948, 0.0 ], [ 113.265653, -7.208476, 0.0 ], [ 113.265614, -7.208573, 0.0 ], [ 113.265609, -7.208590998999966, 0.0 ], [ 113.265594, -7.20874, 0.0 ], [ 113.265583225000114, -7.208921214999975, 0.0 ], [ 113.265583000000106, -7.208925, 0.0 ], [ 113.265586001000088, -7.209015998999973, 0.0 ], [ 113.265596, -7.209099, 0.0 ], [ 113.26566, -7.209356000999946, 0.0 ], [ 113.265694998000072, -7.209453000999929, 0.0 ], [ 113.265694998000072, -7.20948599899998, 0.0 ], [ 113.265651, -7.209561998999959, 0.0 ], [ 113.265549001000068, -7.209671, 0.0 ], [ 113.265533, -7.209685, 0.0 ], [ 113.265531, -7.209698998999954, 0.0 ], [ 113.265561999000056, -7.209785000999943, 0.0 ], [ 113.265573, -7.209796998999934, 0.0 ], [ 113.265629000000104, -7.209808, 0.0 ], [ 113.265808000000106, -7.209828, 0.0 ], [ 113.265904, -7.209844000999965, 0.0 ], [ 113.265936001000114, -7.209864001999961, 0.0 ], [ 113.265964, -7.209901000999935, 0.0 ], [ 113.265968998000062, -7.209938, 0.0 ], [ 113.265967, -7.209972998999945, 0.0 ], [ 113.265923, -7.210082, 0.0 ], [ 113.265884, -7.210154000999978, 0.0 ], [ 113.265869999000074, -7.210161, 0.0 ], [ 113.265829, -7.210186998999973, 0.0 ], [ 113.265604001000042, -7.210276, 0.0 ], [ 113.265529001, -7.210309, 0.0 ], [ 113.265411001000075, -7.210379, 0.0 ], [ 113.265295001000027, -7.210460998999963, 0.0 ], [ 113.265261, -7.210499998999978, 0.0 ], [ 113.265254001000017, -7.210514, 0.0 ], [ 113.265254001000017, -7.210533, 0.0 ], [ 113.265261, -7.210549, 0.0 ], [ 113.265418, -7.210714998999947, 0.0 ], [ 113.265551, -7.210854, 0.0 ], [ 113.265559998000072, -7.210890998999957, 0.0 ], [ 113.265557999000066, -7.21094, 0.0 ], [ 113.265558998000074, -7.211037, 0.0 ], [ 113.265524, -7.211164998999948, 0.0 ], [ 113.265472, -7.211327001999962, 0.0 ], [ 113.265474, -7.211362, 0.0 ], [ 113.265475, -7.211459, 0.0 ], [ 113.265466, -7.211529, 0.0 ], [ 113.265457, -7.211580001999948, 0.0 ], [ 113.265416, -7.211675000999946, 0.0 ], [ 113.265362999000104, -7.21178, 0.0 ], [ 113.265325998000094, -7.211856, 0.0 ], [ 113.265303, -7.211931001999972, 0.0 ], [ 113.265262, -7.212014, 0.0 ], [ 113.265215001000115, -7.212089001999971, 0.0 ], [ 113.265167, -7.212147001999938, 0.0 ], [ 113.265098001000069, -7.212216998999963, 0.0 ], [ 113.265040001000102, -7.212266, 0.0 ], [ 113.265013998000086, -7.212319000999969, 0.0 ], [ 113.26493, -7.212688, 0.0 ], [ 113.265100001000064, -7.212728, 0.0 ], [ 113.265084000000115, -7.212796, 0.0 ], [ 113.265043116000015, -7.212904431999959, 0.0 ], [ 113.264992, -7.21304, 0.0 ], [ 113.264944001000117, -7.213165, 0.0 ], [ 113.264939, -7.213195, 0.0 ], [ 113.264931, -7.213344, 0.0 ], [ 113.26490600000011, -7.213539, 0.0 ], [ 113.264909000000102, -7.213643, 0.0 ], [ 113.26493799900004, -7.213874998999927, 0.0 ], [ 113.264960001000077, -7.214134000999934, 0.0 ], [ 113.265017, -7.214697, 0.0 ], [ 113.265058001000057, -7.215128000999925, 0.0 ], [ 113.265095, -7.215517000999967, 0.0 ], [ 113.265137001000085, -7.216056998999932, 0.0 ], [ 113.265187998000101, -7.216445, 0.0 ], [ 113.265198001000044, -7.216503, 0.0 ], [ 113.265353145000063, -7.21685909699994, 0.0 ], [ 113.26646692700001, -7.219415505999962, 0.0 ], [ 113.267363445000115, -7.221473240999956, 0.0 ], [ 113.266672927000059, -7.22173480999993, 0.0 ] ] ] ] } }
]
}
