{
"type": "FeatureCollection",
"name": "Kec_Camplong",
"crs": { "type": "name", "properties": { "name": "urn:ogc:def:crs:OGC:1.3:CRS84" } },
"features": [
{ "type": "Feature", "properties": { "OBJECTID": 9174.0, "NAMOBJ": "Anggersek", "FCODE": "BA03070040", "METADATA": "TASWIL1000020221227_DATA_BATAS_DESAKELURAHAN", "SRS_ID": "SRGI 2013", "KDCPUM": "35.27.04", "KDEPUM": "35.27.04.2011", "KDPKAB": "35.27", "KDPPUM": "35", "LUASWH": 0.0, "TIPADM": 1.0, "WADMKC": "Camplong", "WADMKD": "Anggersek", "WADMKK": "Sampang", "WADMPR": "Jawa Timur", "UUPP": "Hasil Delineasi Batas Desa 2019", "LUAS": 3.00986343 }, "geometry": { "type": "MultiPolygon", "coordinates": [ [ [ [ 113.299838904000012, -7.216640393999967, 0.0 ], [ 113.299317823000024, -7.216698842999961, 0.0 ], [ 113.298529544000075, -7.216905107999935, 0.0 ], [ 113.298530674000062, -7.21699328699998, 0.0 ], [ 113.298534181000036, -7.217267057999948, 0.0 ], [ 113.298543107000114, -7.217545308999945, 0.0 ], [ 113.297554206000086, -7.217583907999938, 0.0 ], [ 113.297565103000011, -7.217189891999965, 0.0 ], [ 113.297567120000053, -7.21711694399994, 0.0 ], [ 113.297033217000035, -7.217210619999946, 0.0 ], [ 113.296442918000025, -7.217285208999954, 0.0 ], [ 113.295643422000012, -7.217359524999949, 0.0 ], [ 113.294724836000114, -7.217416757999956, 0.0 ], [ 113.293797942000083, -7.217432473999963, 0.0 ], [ 113.293267426000057, -7.217414621999978, 0.0 ], [ 113.292771069000082, -7.217374784999947, 0.0 ], [ 113.291592556000069, -7.217154814999958, 0.0 ], [ 113.290658067000095, -7.216934001999959, 0.0 ], [ 113.289420028000109, -7.216597540999942, 0.0 ], [ 113.288111880000088, -7.216249386999948, 0.0 ], [ 113.287430163000067, -7.216083153999932, 0.0 ], [ 113.286693385000035, -7.215939569999932, 0.0 ], [ 113.286089629000116, -7.215812623999966, 0.0 ], [ 113.285697303, -7.215755521999938, 0.0 ], [ 113.285368340000105, -7.215717286999961, 0.0 ], [ 113.284969047000118, -7.215660406999973, 0.0 ], [ 113.28419765600006, -7.215524884999979, 0.0 ], [ 113.283350750000068, -7.215426592999961, 0.0 ], [ 113.283120869000072, -7.215433936999943, 0.0 ], [ 113.282975695, -7.215473393999957, 0.0 ], [ 113.282740854000053, -7.215543570999955, 0.0 ], [ 113.282567592000078, -7.215576961999943, 0.0 ], [ 113.282381736000048, -7.215652537999972, 0.0 ], [ 113.282201285000042, -7.215679193999961, 0.0 ], [ 113.281985558000088, -7.21569304999997, 0.0 ], [ 113.281853201000104, -7.215697277999936, 0.0 ], [ 113.281739960000095, -7.215645183999925, 0.0 ], [ 113.28164739500005, -7.215585464999947, 0.0 ], [ 113.281505844000094, -7.215520347999927, 0.0 ], [ 113.281088989000068, -7.21556848299997, 0.0 ], [ 113.280860220000022, -7.215610609999942, 0.0 ], [ 113.280477972000085, -7.215650674999949, 0.0 ], [ 113.280254163000109, -7.215629967999973, 0.0 ], [ 113.280118018000053, -7.215515928999935, 0.0 ], [ 113.279974015000107, -7.215374284999939, 0.0 ], [ 113.279830682000011, -7.215253510999958, 0.0 ], [ 113.27961902200002, -7.215176702999941, 0.0 ], [ 113.279473623000058, -7.215209202999972, 0.0 ], [ 113.279323708000106, -7.215318450999973, 0.0 ], [ 113.279105022000067, -7.215457750999974, 0.0 ], [ 113.278898486000116, -7.21554095099998, 0.0 ], [ 113.2786488160001, -7.215583744999947, 0.0 ], [ 113.278378024000062, -7.215620248999926, 0.0 ], [ 113.278134874000102, -7.215648905999956, 0.0 ], [ 113.277828358000079, -7.215658694999945, 0.0 ], [ 113.27757060700003, -7.215666925999926, 0.0 ], [ 113.277228618000095, -7.215687621999962, 0.0 ], [ 113.276238865000096, -7.215747519999979, 0.0 ], [ 113.275482196000098, -7.215690412999948, 0.0 ], [ 113.2752109380001, -7.215561922999939, 0.0 ], [ 113.274982509000097, -7.215461984999934, 0.0 ], [ 113.274633488000063, -7.215461984999934, 0.0 ], [ 113.274582760000044, -7.215461984999934, 0.0 ], [ 113.274525381000103, -7.215505513999972, 0.0 ], [ 113.274168734000114, -7.215776073999962, 0.0 ], [ 113.27386892200002, -7.216047332999949, 0.0 ], [ 113.273597663000032, -7.216432804999954, 0.0 ], [ 113.273583386000041, -7.216932491999955, 0.0 ], [ 113.272910717000059, -7.216955686999938, 0.0 ], [ 113.272298477000049, -7.217332241999941, 0.0 ], [ 113.27219931400009, -7.217530567999972, 0.0 ], [ 113.272070049000035, -7.217789097999969, 0.0 ], [ 113.271948162000058, -7.218169097999976, 0.0 ], [ 113.27182734400003, -7.218545766999966, 0.0 ], [ 113.271656908000068, -7.218806747999963, 0.0 ], [ 113.271370488000116, -7.219245327999943, 0.0 ], [ 113.270570989000021, -7.219902058999935, 0.0 ], [ 113.269685829000082, -7.220801495999979, 0.0 ], [ 113.268800670000019, -7.221386842999948, 0.0 ], [ 113.268300983000017, -7.221501056999955, 0.0 ], [ 113.268053226, -7.221448897999949, 0.0 ], [ 113.26802972400003, -7.22144394999998, 0.0 ], [ 113.267856176, -7.221286594999981, 0.0 ], [ 113.267363445000115, -7.221473240999956, 0.0 ], [ 113.26646692700001, -7.219415505999962, 0.0 ], [ 113.265353145000063, -7.21685909699994, 0.0 ], [ 113.265198001000044, -7.216503, 0.0 ], [ 113.265187998000101, -7.216445, 0.0 ], [ 113.265137001000085, -7.216056998999932, 0.0 ], [ 113.265095, -7.215517000999967, 0.0 ], [ 113.265058001000057, -7.215128000999925, 0.0 ], [ 113.265017, -7.214697, 0.0 ], [ 113.264960001000077, -7.214134000999934, 0.0 ], [ 113.26493799900004, -7.213874998999927, 0.0 ], [ 113.264909000000102, -7.213643, 0.0 ], [ 113.26490600000011, -7.213539, 0.0 ], [ 113.264931, -7.213344, 0.0 ], [ 113.264939, -7.213195, 0.0 ], [ 113.264944001000117, -7.213165, 0.0 ], [ 113.264992, -7.21304, 0.0 ], [ 113.265043116000015, -7.212904431999959, 0.0 ], [ 113.265084000000115, -7.212796, 0.0 ], [ 113.265100001000064, -7.212728, 0.0 ], [ 113.26493, -7.212688, 0.0 ], [ 113.265013998000086, -7.212319000999969, 0.0 ], [ 113.265040001000102, -7.212266, 0.0 ], [ 113.265098001000069, -7.212216998999963, 0.0 ], [ 113.265167, -7.212147001999938, 0.0 ], [ 113.265215001000115, -7.212089001999971, 0.0 ], [ 113.265262, -7.212014, 0.0 ], [ 113.265303, -7.211931001999972, 0.0 ], [ 113.265325998000094, -7.211856, 0.0 ], [ 113.265362999000104, -7.21178, 0.0 ], [ 113.265416, -7.211675000999946, 0.0 ], [ 113.265457, -7.211580001999948, 0.0 ], [ 113.265466, -7.211529, 0.0 ], [ 113.265475, -7.211459, 0.0 ], [ 113.265474, -7.211362, 0.0 ], [ 113.265472, -7.211327001999962, 0.0 ], [ 113.265524, -7.211164998999948, 0.0 ], [ 113.265558998000074, -7.211037, 0.0 ], [ 113.265557999000066, -7.21094, 0.0 ], [ 113.265559998000072, -7.210890998999957, 0.0 ], [ 113.265551, -7.210854, 0.0 ], [ 113.265418, -7.210714998999947, 0.0 ], [ 113.265261, -7.210549, 0.0 ], [ 113.265254001000017, -7.210533, 0.0 ], [ 113.265254001000017, -7.210514, 0.0 ], [ 113.265261, -7.210499998999978, 0.0 ], [ 113.265295001000027, -7.210460998999963, 0.0 ], [ 113.265411001000075, -7.210379, 0.0 ], [ 113.265529001, -7.210309, 0.0 ], [ 113.265604001000042, -7.210276, 0.0 ], [ 113.265829, -7.210186998999973, 0.0 ], [ 113.265869999000074, -7.210161, 0.0 ], [ 113.265884, -7.210154000999978, 0.0 ], [ 113.265923, -7.210082, 0.0 ], [ 113.265967, -7.209972998999945, 0.0 ], [ 113.265968998000062, -7.209938, 0.0 ], [ 113.265964, -7.209901000999935, 0.0 ], [ 113.265936001000114, -7.209864001999961, 0.0 ], [ 113.265904, -7.209844000999965, 0.0 ], [ 113.265808000000106, -7.209828, 0.0 ], [ 113.265629000000104, -7.209808, 0.0 ], [ 113.265573, -7.209796998999934, 0.0 ], [ 113.265561999000056, -7.209785000999943, 0.0 ], [ 113.265531, -7.209698998999954, 0.0 ], [ 113.265533, -7.209685, 0.0 ], [ 113.265549001000068, -7.209671, 0.0 ], [ 113.265651, -7.209561998999959, 0.0 ], [ 113.265694998000072, -7.20948599899998, 0.0 ], [ 113.265694998000072, -7.209453000999929, 0.0 ], [ 113.26566, -7.209356000999946, 0.0 ], [ 113.265596, -7.209099, 0.0 ], [ 113.265586001000088, -7.209015998999973, 0.0 ], [ 113.265583000000106, -7.208925, 0.0 ], [ 113.265583225000114, -7.208921214999975, 0.0 ], [ 113.265594, -7.20874, 0.0 ], [ 113.265609, -7.208590998999966, 0.0 ], [ 113.265614, -7.208573, 0.0 ], [ 113.265653, -7.208476, 0.0 ], [ 113.26569, -7.208383001999948, 0.0 ], [ 113.265714998000021, -7.208294998999975, 0.0 ], [ 113.26596, -7.208405, 0.0 ], [ 113.266254000000117, -7.208551998999951, 0.0 ], [ 113.266261998, -7.208549998999956, 0.0 ], [ 113.26631, -7.208480001999931, 0.0 ], [ 113.266324, -7.208469998999931, 0.0 ], [ 113.266836001000115, -7.208332998999936, 0.0 ], [ 113.266996, -7.208335998999928, 0.0 ], [ 113.267033, -7.20833799899998, 0.0 ], [ 113.267267, -7.208306, 0.0 ], [ 113.267279, -7.208312, 0.0 ], [ 113.267269, -7.208414998999956, 0.0 ], [ 113.267286, -7.208423, 0.0 ], [ 113.267602, -7.208457, 0.0 ], [ 113.267942, -7.208490998999935, 0.0 ], [ 113.268, -7.20849299899993, 0.0 ], [ 113.268186, -7.208481001999928, 0.0 ], [ 113.268492001000027, -7.208459000999937, 0.0 ], [ 113.268924, -7.20843199899997, 0.0 ], [ 113.268989, -7.208428, 0.0 ], [ 113.269063, -7.208438000999934, 0.0 ], [ 113.269136001000106, -7.208453998999971, 0.0 ], [ 113.269299, -7.208528998999952, 0.0 ], [ 113.269494, -7.208623, 0.0 ], [ 113.269499999000118, -7.208617001999926, 0.0 ], [ 113.269562, -7.208476, 0.0 ], [ 113.269574, -7.208468, 0.0 ], [ 113.269613, -7.208468, 0.0 ], [ 113.269729, -7.208475, 0.0 ], [ 113.269867999000098, -7.208479001999933, 0.0 ], [ 113.270011001000057, -7.208490998999935, 0.0 ], [ 113.270050001000072, -7.208482, 0.0 ], [ 113.270153, -7.208454998999969, 0.0 ], [ 113.270186, -7.208448, 0.0 ], [ 113.270234, -7.208449998999981, 0.0 ], [ 113.270381, -7.208485, 0.0 ], [ 113.270540001000086, -7.208521, 0.0 ], [ 113.270709999000019, -7.208576000999926, 0.0 ], [ 113.270855, -7.208617001999926, 0.0 ], [ 113.270921998000063, -7.208454998999969, 0.0 ], [ 113.270940998000015, -7.208449, 0.0 ], [ 113.27097999800003, -7.208449, 0.0 ], [ 113.271067001, -7.208457, 0.0 ], [ 113.27127, -7.208485, 0.0 ], [ 113.27149600100006, -7.208527, 0.0 ], [ 113.271829, -7.208597001999976, 0.0 ], [ 113.27185, -7.208601, 0.0 ], [ 113.271873, -7.208586998999976, 0.0 ], [ 113.271965001000012, -7.208448, 0.0 ], [ 113.27199, -7.208456, 0.0 ], [ 113.272034999000084, -7.208475, 0.0 ], [ 113.272168, -7.208548998999959, 0.0 ], [ 113.272207, -7.208557001999964, 0.0 ], [ 113.272305, -7.208575000999929, 0.0 ], [ 113.272419, -7.208595000999935, 0.0 ], [ 113.272441, -7.208603, 0.0 ], [ 113.272579998000083, -7.208693000999972, 0.0 ], [ 113.272632, -7.208704998999963, 0.0 ], [ 113.272753999000088, -7.208698, 0.0 ], [ 113.272827, -7.208696, 0.0 ], [ 113.272957001, -7.208718, 0.0 ], [ 113.272982, -7.20872, 0.0 ], [ 113.273005, -7.208751000999939, 0.0 ], [ 113.273013000000105, -7.208744998999975, 0.0 ], [ 113.273034001000042, -7.20872, 0.0 ], [ 113.273064, -7.208672000999968, 0.0 ], [ 113.273081, -7.208662, 0.0 ], [ 113.273176, -7.208663, 0.0 ], [ 113.273243999000101, -7.208663, 0.0 ], [ 113.273292, -7.208652, 0.0 ], [ 113.273398998000062, -7.208617001999926, 0.0 ], [ 113.273505001000103, -7.208605998999928, 0.0 ], [ 113.273637, -7.208590998999966, 0.0 ], [ 113.273668, -7.208586998999976, 0.0 ], [ 113.273687000000109, -7.208578001999967, 0.0 ], [ 113.273720426000068, -7.208562959999938, 0.0 ], [ 113.273747, -7.208550998999954, 0.0 ], [ 113.273770356000114, -7.20853881499994, 0.0 ], [ 113.273884999000074, -7.208479001999933, 0.0 ], [ 113.273963819000073, -7.208439207999959, 0.0 ], [ 113.273988, -7.208427, 0.0 ], [ 113.274118, -7.208376998999938, 0.0 ], [ 113.274216999000032, -7.208331, 0.0 ], [ 113.274228306000055, -7.208326717999967, 0.0 ], [ 113.274349, -7.208281, 0.0 ], [ 113.274394999000037, -7.20827, 0.0 ], [ 113.274413245, -7.208267861999957, 0.0 ], [ 113.274523, -7.208254998999962, 0.0 ], [ 113.27478235500007, -7.208248262999973, 0.0 ], [ 113.274908001000085, -7.208245001999956, 0.0 ], [ 113.274964834000116, -7.208245807999958, 0.0 ], [ 113.275119, -7.208248, 0.0 ], [ 113.275185, -7.208242, 0.0 ], [ 113.275504998000088, -7.208186000999945, 0.0 ], [ 113.275672977000113, -7.208184451999955, 0.0 ], [ 113.275682742000072, -7.20818436199994, 0.0 ], [ 113.275721999000098, -7.208184, 0.0 ], [ 113.276059001000021, -7.208184, 0.0 ], [ 113.276145309000071, -7.208181507999939, 0.0 ], [ 113.276222132000044, -7.20817928799994, 0.0 ], [ 113.276336, -7.208176, 0.0 ], [ 113.276390001000095, -7.208169001999977, 0.0 ], [ 113.276446262000036, -7.208162552999966, 0.0 ], [ 113.27648600100008, -7.20815799899998, 0.0 ], [ 113.276760001000071, -7.208133, 0.0 ], [ 113.276813999000069, -7.208121998999957, 0.0 ], [ 113.276829, -7.208108000999971, 0.0 ], [ 113.276837001000104, -7.208091001999946, 0.0 ], [ 113.276839001000099, -7.208078, 0.0 ], [ 113.276823, -7.207926998999937, 0.0 ], [ 113.276832999000021, -7.207923998999945, 0.0 ], [ 113.276882000000114, -7.207903998999939, 0.0 ], [ 113.276903742000059, -7.207893733999981, 0.0 ], [ 113.276954001000036, -7.20787, 0.0 ], [ 113.276987162000069, -7.207860470999947, 0.0 ], [ 113.277215, -7.207795000999965, 0.0 ], [ 113.277278408000029, -7.20778719499998, 0.0 ], [ 113.27727999800004, -7.20778699899995, 0.0 ], [ 113.277313, -7.207785, 0.0 ], [ 113.277335000000107, -7.207769998999936, 0.0 ], [ 113.277359548000049, -7.207756134999954, 0.0 ], [ 113.277466000000118, -7.207696, 0.0 ], [ 113.2774769990001, -7.207691998999962, 0.0 ], [ 113.277688998000031, -7.207718000999932, 0.0 ], [ 113.277769529000011, -7.207726651999963, 0.0 ], [ 113.27793100100007, -7.207744, 0.0 ], [ 113.277967000000103, -7.207750998999927, 0.0 ], [ 113.277960999000015, -7.20779700199995, 0.0 ], [ 113.277960403000066, -7.207811612999933, 0.0 ], [ 113.277959, -7.207845998999971, 0.0 ], [ 113.277999999000031, -7.207825998999965, 0.0 ], [ 113.278032882000048, -7.207815305999929, 0.0 ], [ 113.278094686000031, -7.207795206999947, 0.0 ], [ 113.278123, -7.207786, 0.0 ], [ 113.278254939000021, -7.207757511999944, 0.0 ], [ 113.278299, -7.207747998999935, 0.0 ], [ 113.278420717000017, -7.207729810999979, 0.0 ], [ 113.278425546000108, -7.20772908999993, 0.0 ], [ 113.27856, -7.207708998999976, 0.0 ], [ 113.27869423900006, -7.207697718999952, 0.0 ], [ 113.278798, -7.207689, 0.0 ], [ 113.2790490000001, -7.207650998999952, 0.0 ], [ 113.279091177000055, -7.207643627999971, 0.0 ], [ 113.279461, -7.207579, 0.0 ], [ 113.279497000000106, -7.207567, 0.0 ], [ 113.279517, -7.207556998999962, 0.0 ], [ 113.279601999000079, -7.207511, 0.0 ], [ 113.279621999000028, -7.207504001999951, 0.0 ], [ 113.279748, -7.207505001999948, 0.0 ], [ 113.279755998000041, -7.207501, 0.0 ], [ 113.279795998000054, -7.207449, 0.0 ], [ 113.279810000000111, -7.207434, 0.0 ], [ 113.27983, -7.207432, 0.0 ], [ 113.279869880000092, -7.207432, 0.0 ], [ 113.279871068000034, -7.207432, 0.0 ], [ 113.279883, -7.207432, 0.0 ], [ 113.280126998000014, -7.207447001999981, 0.0 ], [ 113.280173001000094, -7.20745, 0.0 ], [ 113.280272001000071, -7.207427001999974, 0.0 ], [ 113.280356, -7.207408001999966, 0.0 ], [ 113.280379998000058, -7.207407001999968, 0.0 ], [ 113.28037899900005, -7.207417998999972, 0.0 ], [ 113.280354000000102, -7.207448, 0.0 ], [ 113.280339, -7.207464000999948, 0.0 ], [ 113.280335, -7.207494, 0.0 ], [ 113.280345, -7.207551, 0.0 ], [ 113.280371, -7.207556998999962, 0.0 ], [ 113.280523001, -7.207617, 0.0 ], [ 113.280528000000118, -7.207631998999943, 0.0 ], [ 113.280533000000105, -7.20765199899995, 0.0 ], [ 113.280551, -7.207669998999961, 0.0 ], [ 113.280812903000083, -7.207747782999945, 0.0 ], [ 113.280817001000059, -7.207748998999932, 0.0 ], [ 113.280852, -7.207751998999981, 0.0 ], [ 113.280867998000076, -7.207747998999935, 0.0 ], [ 113.28106199900003, -7.207628, 0.0 ], [ 113.281086, -7.207626, 0.0 ], [ 113.281108001, -7.207626, 0.0 ], [ 113.281123999000101, -7.207636, 0.0 ], [ 113.281129001000068, -7.207657, 0.0 ], [ 113.281147001000022, -7.207669998999961, 0.0 ], [ 113.28119, -7.207680001999961, 0.0 ], [ 113.281369, -7.207689, 0.0 ], [ 113.281646999000031, -7.207701001999965, 0.0 ], [ 113.281698, -7.207698000999926, 0.0 ], [ 113.281757, -7.207693998999957, 0.0 ], [ 113.281821, -7.207689, 0.0 ], [ 113.2818449990001, -7.207687, 0.0 ], [ 113.281873, -7.207691998999962, 0.0 ], [ 113.281887, -7.207701001999965, 0.0 ], [ 113.281890001000079, -7.207716, 0.0 ], [ 113.281888001000084, -7.207742, 0.0 ], [ 113.281880000000115, -7.207767, 0.0 ], [ 113.281890001000079, -7.207775000999959, 0.0 ], [ 113.281925000000115, -7.207793, 0.0 ], [ 113.281977, -7.207808998999951, 0.0 ], [ 113.282088, -7.20782, 0.0 ], [ 113.282116999000095, -7.20782, 0.0 ], [ 113.282145001000117, -7.207836001999965, 0.0 ], [ 113.282173, -7.207866998999975, 0.0 ], [ 113.282180001000029, -7.207877, 0.0 ], [ 113.282219001000044, -7.207886998999925, 0.0 ], [ 113.282265, -7.207891, 0.0 ], [ 113.282315, -7.207887998999979, 0.0 ], [ 113.282339001000082, -7.20788, 0.0 ], [ 113.282357001000037, -7.207857001999969, 0.0 ], [ 113.282387999000093, -7.207819, 0.0 ], [ 113.282424000000105, -7.207815000999972, 0.0 ], [ 113.282472, -7.207817001999956, 0.0 ], [ 113.282472782000013, -7.20781672499993, 0.0 ], [ 113.282505998000033, -7.207805, 0.0 ], [ 113.282521, -7.20778699899995, 0.0 ], [ 113.282556000000113, -7.207708998999976, 0.0 ], [ 113.282559965000019, -7.207699550999962, 0.0 ], [ 113.282602998000016, -7.207597, 0.0 ], [ 113.282634, -7.207508, 0.0 ], [ 113.282649001000095, -7.207487, 0.0 ], [ 113.282667, -7.207472, 0.0 ], [ 113.282761999000058, -7.20743, 0.0 ], [ 113.282773, -7.20741899899997, 0.0 ], [ 113.282777999000018, -7.207373, 0.0 ], [ 113.282794, -7.207348001999947, 0.0 ], [ 113.282816, -7.20732199899993, 0.0 ], [ 113.28290400100002, -7.20732199899993, 0.0 ], [ 113.283159001000058, -7.207332, 0.0 ], [ 113.283238, -7.207331, 0.0 ], [ 113.283245999000087, -7.207313, 0.0 ], [ 113.283265998000047, -7.207279998999979, 0.0 ], [ 113.28330599800006, -7.207215, 0.0 ], [ 113.283321000000115, -7.207205998999939, 0.0 ], [ 113.283451001000117, -7.20718, 0.0 ], [ 113.283501999, -7.207164998999929, 0.0 ], [ 113.283520998000085, -7.207147998999972, 0.0 ], [ 113.283551000000102, -7.207122, 0.0 ], [ 113.283608, -7.20705400099996, 0.0 ], [ 113.283683001000099, -7.206968998999969, 0.0 ], [ 113.283727000000113, -7.20691900199995, 0.0 ], [ 113.283772000000113, -7.20687, 0.0 ], [ 113.283816000000115, -7.20683, 0.0 ], [ 113.283845, -7.206795998999951, 0.0 ], [ 113.283884, -7.206727, 0.0 ], [ 113.283899001, -7.206666001999963, 0.0 ], [ 113.283915, -7.206594, 0.0 ], [ 113.283915818000082, -7.206530629999975, 0.0 ], [ 113.283916680000061, -7.206463846999952, 0.0 ], [ 113.283917001000077, -7.206439, 0.0 ], [ 113.283923, -7.206266998999979, 0.0 ], [ 113.283918001000075, -7.206142, 0.0 ], [ 113.283913639000048, -7.206098759999975, 0.0 ], [ 113.283906000000115, -7.206023001999938, 0.0 ], [ 113.283894, -7.205989, 0.0 ], [ 113.28385399900003, -7.205907001999947, 0.0 ], [ 113.283783001000074, -7.205800998999962, 0.0 ], [ 113.283746, -7.205731001999936, 0.0 ], [ 113.283740299000101, -7.205709715999944, 0.0 ], [ 113.283731000000103, -7.205675, 0.0 ], [ 113.283715998000048, -7.205623998999954, 0.0 ], [ 113.283713, -7.20557200099995, 0.0 ], [ 113.283712, -7.205492, 0.0 ], [ 113.283716999000035, -7.205449998999939, 0.0 ], [ 113.283734998000114, -7.205388998999979, 0.0 ], [ 113.283766, -7.205351998999959, 0.0 ], [ 113.28379879900001, -7.205270895999945, 0.0 ], [ 113.283821001000092, -7.205215998999961, 0.0 ], [ 113.283868, -7.205058998999959, 0.0 ], [ 113.28390800000011, -7.204849, 0.0 ], [ 113.283956001000092, -7.204852001999939, 0.0 ], [ 113.283958025000061, -7.204852132999974, 0.0 ], [ 113.284092945000111, -7.204861002999962, 0.0 ], [ 113.2842399970001, -7.204870670999981, 0.0 ], [ 113.284245, -7.204871000999958, 0.0 ], [ 113.284402000000114, -7.204878, 0.0 ], [ 113.284491717000037, -7.204883355999925, 0.0 ], [ 113.284535999000013, -7.204885998999941, 0.0 ], [ 113.284600134000016, -7.204897611999968, 0.0 ], [ 113.284651998000072, -7.204907, 0.0 ], [ 113.284809999000117, -7.204914, 0.0 ], [ 113.285006, -7.204916, 0.0 ], [ 113.285065, -7.204919, 0.0 ], [ 113.285078000000112, -7.204926, 0.0 ], [ 113.285109001000023, -7.204986000999952, 0.0 ], [ 113.285128001000089, -7.204991, 0.0 ], [ 113.285296999000025, -7.204999998999938, 0.0 ], [ 113.285312, -7.205001998999933, 0.0 ], [ 113.28529499800004, -7.204744998999956, 0.0 ], [ 113.285284001000036, -7.204571998999938, 0.0 ], [ 113.285287, -7.204555, 0.0 ], [ 113.285293998000043, -7.204549, 0.0 ], [ 113.285437001000105, -7.20455299899993, 0.0 ], [ 113.285621000000106, -7.204571998999938, 0.0 ], [ 113.285835, -7.204584, 0.0 ], [ 113.285869001000037, -7.20458999899995, 0.0 ], [ 113.285973, -7.204708998999934, 0.0 ], [ 113.285996998000087, -7.204731, 0.0 ], [ 113.286144, -7.204773000999978, 0.0 ], [ 113.28632, -7.204809, 0.0 ], [ 113.28662199900009, -7.204855, 0.0 ], [ 113.286767001000044, -7.204874, 0.0 ], [ 113.286795, -7.204835, 0.0 ], [ 113.286813, -7.204783, 0.0 ], [ 113.286868, -7.204622, 0.0 ], [ 113.286965, -7.20435, 0.0 ], [ 113.287023, -7.204180998999959, 0.0 ], [ 113.287036001000047, -7.204151001999946, 0.0 ], [ 113.287039187, -7.204100009999934, 0.0 ], [ 113.287041, -7.204071000999932, 0.0 ], [ 113.287042137000071, -7.204040523999936, 0.0 ], [ 113.287049998000043, -7.203829998999936, 0.0 ], [ 113.287062000000105, -7.203628, 0.0 ], [ 113.287068998000109, -7.203379, 0.0 ], [ 113.287217, -7.203382998999928, 0.0 ], [ 113.287467001000095, -7.203405, 0.0 ], [ 113.287768, -7.203436, 0.0 ], [ 113.287846, -7.203451, 0.0 ], [ 113.288098000000105, -7.203548, 0.0 ], [ 113.288165, -7.203564000999961, 0.0 ], [ 113.288525, -7.203652, 0.0 ], [ 113.288725999, -7.203695998999933, 0.0 ], [ 113.288792001000047, -7.203628, 0.0 ], [ 113.288836, -7.203572, 0.0 ], [ 113.288963999000089, -7.203431, 0.0 ], [ 113.289142001000073, -7.203233001999934, 0.0 ], [ 113.289297, -7.203055, 0.0 ], [ 113.289467998000077, -7.202783000999943, 0.0 ], [ 113.289596, -7.202577, 0.0 ], [ 113.289729001000069, -7.20236, 0.0 ], [ 113.289858998000113, -7.202134998999952, 0.0 ], [ 113.289829, -7.20208, 0.0 ], [ 113.289857998000116, -7.202011, 0.0 ], [ 113.289875, -7.201994, 0.0 ], [ 113.289962001000049, -7.201933, 0.0 ], [ 113.290093999000078, -7.201858998999967, 0.0 ], [ 113.290109, -7.201856, 0.0 ], [ 113.290204, -7.201877998999976, 0.0 ], [ 113.290538, -7.201955, 0.0 ], [ 113.290726, -7.201997998999957, 0.0 ], [ 113.290749, -7.201951, 0.0 ], [ 113.290786, -7.201841998999953, 0.0 ], [ 113.290826, -7.201732001999972, 0.0 ], [ 113.290870999000049, -7.2016, 0.0 ], [ 113.290888000000109, -7.201557001999959, 0.0 ], [ 113.290895, -7.20154, 0.0 ], [ 113.290936000000102, -7.201478001999931, 0.0 ], [ 113.290975941000056, -7.201411220999944, 0.0 ], [ 113.291061, -7.201269, 0.0 ], [ 113.29110860600008, -7.201185170999963, 0.0 ], [ 113.291153001000112, -7.201107000999968, 0.0 ], [ 113.291200000000117, -7.201015, 0.0 ], [ 113.291237, -7.200953001999949, 0.0 ], [ 113.291260999000087, -7.200847998999961, 0.0 ], [ 113.291279, -7.200756000999945, 0.0 ], [ 113.291302999000095, -7.200549, 0.0 ], [ 113.291308001000061, -7.200475998999934, 0.0 ], [ 113.291602001000115, -7.200486, 0.0 ], [ 113.291613998000116, -7.200484001999939, 0.0 ], [ 113.291656000000103, -7.200423000999933, 0.0 ], [ 113.291692581, -7.200373755999976, 0.0 ], [ 113.291708, -7.200353, 0.0 ], [ 113.291723, -7.200337998999942, 0.0 ], [ 113.291768998000066, -7.200285, 0.0 ], [ 113.291806, -7.200252, 0.0 ], [ 113.291846998000096, -7.20022199899995, 0.0 ], [ 113.291935, -7.200149, 0.0 ], [ 113.292066, -7.200053000999958, 0.0 ], [ 113.292154, -7.199989998999968, 0.0 ], [ 113.292215, -7.199947, 0.0 ], [ 113.292252, -7.199908, 0.0 ], [ 113.292274, -7.199869, 0.0 ], [ 113.29231, -7.199825, 0.0 ], [ 113.292364, -7.199759, 0.0 ], [ 113.292391999000074, -7.199713998999925, 0.0 ], [ 113.292436, -7.199658998999951, 0.0 ], [ 113.292472999000097, -7.199553, 0.0 ], [ 113.292530999000064, -7.199414, 0.0 ], [ 113.292585, -7.199294001999931, 0.0 ], [ 113.292602000000102, -7.199251, 0.0 ], [ 113.292613, -7.199125, 0.0 ], [ 113.292625, -7.198841, 0.0 ], [ 113.29262699800006, -7.198831, 0.0 ], [ 113.29263400100001, -7.198803, 0.0 ], [ 113.292665998000075, -7.198736, 0.0 ], [ 113.292717, -7.198657, 0.0 ], [ 113.292783998, -7.19854, 0.0 ], [ 113.292837, -7.19846999899994, 0.0 ], [ 113.292862999000022, -7.19844, 0.0 ], [ 113.292928001000064, -7.198394, 0.0 ], [ 113.293052587000034, -7.198300790999951, 0.0 ], [ 113.293092000000115, -7.198257, 0.0 ], [ 113.293162001000042, -7.198186, 0.0 ], [ 113.293266, -7.198038998999948, 0.0 ], [ 113.293321816000116, -7.197960703999968, 0.0 ], [ 113.293338001000052, -7.197938, 0.0 ], [ 113.293349999000043, -7.197914, 0.0 ], [ 113.293358001000115, -7.197882998999944, 0.0 ], [ 113.293392, -7.197708998999929, 0.0 ], [ 113.29342, -7.197554, 0.0 ], [ 113.293448344000012, -7.197405082999978, 0.0 ], [ 113.293483, -7.197223, 0.0 ], [ 113.293484, -7.197209001999965, 0.0 ], [ 113.293491001, -7.197189001999959, 0.0 ], [ 113.293505999000104, -7.197160998999948, 0.0 ], [ 113.293548000000101, -7.197088000999941, 0.0 ], [ 113.293562, -7.197067, 0.0 ], [ 113.293567, -7.197029, 0.0 ], [ 113.293596, -7.196785, 0.0 ], [ 113.293601998000099, -7.196655998999972, 0.0 ], [ 113.293638000000101, -7.196467001999963, 0.0 ], [ 113.293656, -7.196367000999942, 0.0 ], [ 113.293661999000051, -7.196341998999969, 0.0 ], [ 113.293671, -7.196330001999968, 0.0 ], [ 113.293749, -7.196287, 0.0 ], [ 113.293909, -7.196211000999938, 0.0 ], [ 113.293913998000107, -7.196205998999972, 0.0 ], [ 113.293925, -7.196166998999956, 0.0 ], [ 113.293938, -7.196070998999971, 0.0 ], [ 113.293952998, -7.195975, 0.0 ], [ 113.293954623000104, -7.195936874999973, 0.0 ], [ 113.293957, -7.195881001999965, 0.0 ], [ 113.293959001000076, -7.195728, 0.0 ], [ 113.293942001, -7.195538, 0.0 ], [ 113.293936999000039, -7.195418, 0.0 ], [ 113.293949000000111, -7.195339, 0.0 ], [ 113.293963001000066, -7.19526899899995, 0.0 ], [ 113.293973999000059, -7.195207, 0.0 ], [ 113.293992998000022, -7.195103001999939, 0.0 ], [ 113.294011998000087, -7.195032998999977, 0.0 ], [ 113.294030998000039, -7.195008, 0.0 ], [ 113.294067, -7.194974, 0.0 ], [ 113.294114, -7.194933, 0.0 ], [ 113.294149999000069, -7.19489, 0.0 ], [ 113.294189999000082, -7.194818998999949, 0.0 ], [ 113.29423, -7.194738, 0.0 ], [ 113.294274001000076, -7.19466, 0.0 ], [ 113.29429, -7.194623, 0.0 ], [ 113.294370001000061, -7.194537001999947, 0.0 ], [ 113.294472, -7.194427, 0.0 ], [ 113.294606001000034, -7.194304, 0.0 ], [ 113.294728, -7.19420600199993, 0.0 ], [ 113.294789, -7.194149, 0.0 ], [ 113.294898001000092, -7.194106000999966, 0.0 ], [ 113.294906, -7.194072, 0.0 ], [ 113.294933, -7.193974, 0.0 ], [ 113.29496, -7.193854001999966, 0.0 ], [ 113.295004, -7.19372, 0.0 ], [ 113.295037, -7.193613998999979, 0.0 ], [ 113.295081, -7.193533998999953, 0.0 ], [ 113.295123998, -7.193453998999928, 0.0 ], [ 113.295159, -7.193382, 0.0 ], [ 113.2952100010001, -7.193304, 0.0 ], [ 113.295208001000105, -7.193292, 0.0 ], [ 113.295176975000118, -7.193261267999958, 0.0 ], [ 113.295102, -7.193187, 0.0 ], [ 113.295083, -7.193162998999981, 0.0 ], [ 113.295031000000108, -7.19308, 0.0 ], [ 113.294948998000109, -7.192954000999976, 0.0 ], [ 113.294864, -7.192811998999957, 0.0 ], [ 113.294776, -7.19262, 0.0 ], [ 113.294743001000029, -7.192548001999967, 0.0 ], [ 113.294728, -7.192532, 0.0 ], [ 113.29465699900004, -7.192481998999938, 0.0 ], [ 113.294568, -7.192431001999978, 0.0 ], [ 113.294536000000107, -7.192411001999972, 0.0 ], [ 113.294505001000061, -7.192375, 0.0 ], [ 113.294472, -7.192339, 0.0 ], [ 113.294448001000092, -7.192322998999941, 0.0 ], [ 113.294420998000078, -7.192313001999935, 0.0 ], [ 113.29423, -7.192246998999963, 0.0 ], [ 113.293893999000034, -7.192150998999978, 0.0 ], [ 113.293823001000078, -7.192131998999969, 0.0 ], [ 113.293824001000075, -7.192122, 0.0 ], [ 113.293881001000045, -7.191940000999978, 0.0 ], [ 113.29388300100004, -7.191911, 0.0 ], [ 113.29385, -7.191884001999938, 0.0 ], [ 113.293843001000027, -7.191856998999981, 0.0 ], [ 113.293874, -7.191771, 0.0 ], [ 113.293959001000076, -7.191491000999974, 0.0 ], [ 113.29398100100002, -7.191416001999926, 0.0 ], [ 113.293989839, -7.191393392999942, 0.0 ], [ 113.294032999000024, -7.191283, 0.0 ], [ 113.294095, -7.191162001999942, 0.0 ], [ 113.294183, -7.191016998999942, 0.0 ], [ 113.294264000000112, -7.190882998999939, 0.0 ], [ 113.294377, -7.190722, 0.0 ], [ 113.294449001000089, -7.19059600199995, 0.0 ], [ 113.294628000000102, -7.190323001999957, 0.0 ], [ 113.294537000000105, -7.19024400099994, 0.0 ], [ 113.294417, -7.190152, 0.0 ], [ 113.294339, -7.190086, 0.0 ], [ 113.294025, -7.189949, 0.0 ], [ 113.294001001000083, -7.189939, 0.0 ], [ 113.293939, -7.189923998999973, 0.0 ], [ 113.293541, -7.189832, 0.0 ], [ 113.293257001000029, -7.189755, 0.0 ], [ 113.29304900000011, -7.189695, 0.0 ], [ 113.292717, -7.189603001999956, 0.0 ], [ 113.292518001000076, -7.189517998999975, 0.0 ], [ 113.292322001000116, -7.189473, 0.0 ], [ 113.292149001000098, -7.189437998999949, 0.0 ], [ 113.292069001000073, -7.189425000999961, 0.0 ], [ 113.292111, -7.189285, 0.0 ], [ 113.292138, -7.189195, 0.0 ], [ 113.29216800100005, -7.18906, 0.0 ], [ 113.292197998, -7.188932998999974, 0.0 ], [ 113.292200999000102, -7.188925, 0.0 ], [ 113.292178998000054, -7.188912998999967, 0.0 ], [ 113.292116, -7.188898000999927, 0.0 ], [ 113.292015000000106, -7.18887499899995, 0.0 ], [ 113.291935, -7.188856, 0.0 ], [ 113.291902, -7.188841001999947, 0.0 ], [ 113.291834001000097, -7.188799, 0.0 ], [ 113.291757001000065, -7.18875, 0.0 ], [ 113.291719001000047, -7.188725001999956, 0.0 ], [ 113.291705, -7.188716998999951, 0.0 ], [ 113.291579, -7.188708, 0.0 ], [ 113.29153799900007, -7.188701, 0.0 ], [ 113.291398998000091, -7.188652, 0.0 ], [ 113.291250001000094, -7.188599998999962, 0.0 ], [ 113.291141, -7.188559998999949, 0.0 ], [ 113.291076001000079, -7.188525, 0.0 ], [ 113.291093001000036, -7.188481998999976, 0.0 ], [ 113.291122, -7.188432001999956, 0.0 ], [ 113.291138, -7.188369, 0.0 ], [ 113.291147999000032, -7.188284, 0.0 ], [ 113.291151001000117, -7.188190998999971, 0.0 ], [ 113.291160000000104, -7.188008, 0.0 ], [ 113.291156000000115, -7.187749001999975, 0.0 ], [ 113.291151001000117, -7.187722998999959, 0.0 ], [ 113.291101, -7.18767300199994, 0.0 ], [ 113.291048999000054, -7.18760599899997, 0.0 ], [ 113.290994, -7.187542, 0.0 ], [ 113.290890000000104, -7.187400001999947, 0.0 ], [ 113.290864, -7.187366, 0.0 ], [ 113.29078, -7.187232, 0.0 ], [ 113.290769, -7.187208, 0.0 ], [ 113.290735998000059, -7.187111, 0.0 ], [ 113.290731, -7.187059998999928, 0.0 ], [ 113.290727, -7.187023, 0.0 ], [ 113.290748, -7.186968000999968, 0.0 ], [ 113.290781001000028, -7.186904998999978, 0.0 ], [ 113.290807, -7.186893001999977, 0.0 ], [ 113.290835999000024, -7.186890000999938, 0.0 ], [ 113.290856, -7.186874, 0.0 ], [ 113.290891998, -7.186835, 0.0 ], [ 113.290949998000087, -7.18674, 0.0 ], [ 113.290981866000038, -7.18668800699993, 0.0 ], [ 113.291007, -7.186647, 0.0 ], [ 113.291065000000117, -7.186540001999958, 0.0 ], [ 113.291072, -7.186516, 0.0 ], [ 113.291062, -7.186371, 0.0 ], [ 113.291047998000067, -7.18622199899994, 0.0 ], [ 113.291044, -7.186189001999935, 0.0 ], [ 113.29102699900011, -7.186163998999973, 0.0 ], [ 113.290967, -7.186119, 0.0 ], [ 113.290942, -7.186114, 0.0 ], [ 113.29091900100002, -7.186084998999945, 0.0 ], [ 113.290904, -7.186056, 0.0 ], [ 113.290871998000057, -7.185946998999952, 0.0 ], [ 113.29087800100001, -7.185925, 0.0 ], [ 113.290935000000104, -7.185768, 0.0 ], [ 113.290945, -7.185761001999936, 0.0 ], [ 113.290962, -7.185752998999931, 0.0 ], [ 113.290986, -7.185746, 0.0 ], [ 113.291004, -7.185730998999929, 0.0 ], [ 113.291016001000116, -7.18570000099993, 0.0 ], [ 113.291036001000066, -7.185608, 0.0 ], [ 113.291046, -7.185598998999978, 0.0 ], [ 113.291068999000117, -7.185595998999929, 0.0 ], [ 113.291085998000085, -7.185594, 0.0 ], [ 113.291096001000028, -7.185582000999943, 0.0 ], [ 113.291116000000102, -7.185548, 0.0 ], [ 113.291155000000117, -7.185464, 0.0 ], [ 113.291213001000074, -7.185352001999945, 0.0 ], [ 113.291223998000078, -7.185316, 0.0 ], [ 113.291227, -7.185252000999981, 0.0 ], [ 113.291229170000065, -7.185194113999955, 0.0 ], [ 113.291230001000031, -7.185172, 0.0 ], [ 113.291254, -7.185087998999961, 0.0 ], [ 113.291290001000107, -7.184989, 0.0 ], [ 113.291300998000111, -7.184920000999966, 0.0 ], [ 113.291301998000108, -7.18482200099993, 0.0 ], [ 113.291317, -7.184735, 0.0 ], [ 113.291349001000071, -7.184626, 0.0 ], [ 113.291369001000021, -7.184584998999981, 0.0 ], [ 113.291453, -7.184530000999928, 0.0 ], [ 113.291475000000105, -7.184509, 0.0 ], [ 113.291477999000108, -7.184466998999937, 0.0 ], [ 113.291469, -7.18445, 0.0 ], [ 113.291452, -7.184438, 0.0 ], [ 113.291425001000107, -7.184433000999945, 0.0 ], [ 113.29137, -7.18441500199998, 0.0 ], [ 113.29134099800001, -7.184403, 0.0 ], [ 113.291269001000046, -7.184365998999965, 0.0 ], [ 113.291212001000076, -7.18433700199995, 0.0 ], [ 113.291199, -7.18432, 0.0 ], [ 113.291192001000013, -7.184306998999944, 0.0 ], [ 113.291184998000062, -7.184242, 0.0 ], [ 113.291178, -7.184201001999952, 0.0 ], [ 113.291152001000114, -7.184190998999952, 0.0 ], [ 113.291136, -7.184188, 0.0 ], [ 113.291114001000096, -7.184170998999946, 0.0 ], [ 113.29109, -7.184157, 0.0 ], [ 113.291058, -7.184108, 0.0 ], [ 113.291023000000109, -7.184072998999966, 0.0 ], [ 113.290932999, -7.184036998999943, 0.0 ], [ 113.290930998000022, -7.184029, 0.0 ], [ 113.290927, -7.183897998999953, 0.0 ], [ 113.290931999, -7.183877998999947, 0.0 ], [ 113.290946, -7.183876, 0.0 ], [ 113.290966, -7.183876, 0.0 ], [ 113.290991999000084, -7.183857, 0.0 ], [ 113.291019, -7.183803998999963, 0.0 ], [ 113.291064, -7.183732001999942, 0.0 ], [ 113.291093001000036, -7.183679, 0.0 ], [ 113.291113001000099, -7.18362499899996, 0.0 ], [ 113.291133001000048, -7.183555000999945, 0.0 ], [ 113.291135001000043, -7.18354, 0.0 ], [ 113.291147999000032, -7.183497000999978, 0.0 ], [ 113.291163998000115, -7.183465, 0.0 ], [ 113.291191001000016, -7.183420001999934, 0.0 ], [ 113.29126, -7.18333, 0.0 ], [ 113.291286, -7.183301000999961, 0.0 ], [ 113.291306, -7.183268, 0.0 ], [ 113.291377999000019, -7.183091, 0.0 ], [ 113.291425454000091, -7.182971376999944, 0.0 ], [ 113.291425573000083, -7.182971073999965, 0.0 ], [ 113.291426000000115, -7.182970000999944, 0.0 ], [ 113.29145, -7.182887998999945, 0.0 ], [ 113.291465, -7.182878, 0.0 ], [ 113.291517999, -7.182852000999958, 0.0 ], [ 113.291581, -7.182826998999928, 0.0 ], [ 113.291591, -7.182821, 0.0 ], [ 113.291593998000053, -7.182785998999975, 0.0 ], [ 113.291612998, -7.182695, 0.0 ], [ 113.291632998000068, -7.182602000999964, 0.0 ], [ 113.291633999000055, -7.182471, 0.0 ], [ 113.29163199900006, -7.182436998999947, 0.0 ], [ 113.291649, -7.182375, 0.0 ], [ 113.291669, -7.182293, 0.0 ], [ 113.291654999000116, -7.182288000999961, 0.0 ], [ 113.291565000000105, -7.182292, 0.0 ], [ 113.291553, -7.182289000999958, 0.0 ], [ 113.291546, -7.182270000999949, 0.0 ], [ 113.291508, -7.182141, 0.0 ], [ 113.291494999000065, -7.182092000999944, 0.0 ], [ 113.291501, -7.182045998999968, 0.0 ], [ 113.291528, -7.181937000999937, 0.0 ], [ 113.291531, -7.181908, 0.0 ], [ 113.291505, -7.181890998999961, 0.0 ], [ 113.291355, -7.181846, 0.0 ], [ 113.291348, -7.181829, 0.0 ], [ 113.291348, -7.181693, 0.0 ], [ 113.291336000000115, -7.181678998999928, 0.0 ], [ 113.291184998000062, -7.181616998999971, 0.0 ], [ 113.2911659990001, -7.181614, 0.0 ], [ 113.291106998000032, -7.181615998999973, 0.0 ], [ 113.291066998000019, -7.181621, 0.0 ], [ 113.291018, -7.181623000999934, 0.0 ], [ 113.290965, -7.181608000999972, 0.0 ], [ 113.290943, -7.181594, 0.0 ], [ 113.290939, -7.181582, 0.0 ], [ 113.290952999000069, -7.18157, 0.0 ], [ 113.290952999000069, -7.181553, 0.0 ], [ 113.290926, -7.181552, 0.0 ], [ 113.290847, -7.181540998999935, 0.0 ], [ 113.290834999000026, -7.181524, 0.0 ], [ 113.29082, -7.181499998999925, 0.0 ], [ 113.290782, -7.181501998999977, 0.0 ], [ 113.290726877000111, -7.18149860799997, 0.0 ], [ 113.290716998000107, -7.181498, 0.0 ], [ 113.290649, -7.181481998999971, 0.0 ], [ 113.290541999000084, -7.181456, 0.0 ], [ 113.290471, -7.181421998999951, 0.0 ], [ 113.29047, -7.181396, 0.0 ], [ 113.290475, -7.18137300099994, 0.0 ], [ 113.290474, -7.18134699899997, 0.0 ], [ 113.290472, -7.181327998999961, 0.0 ], [ 113.290436000000113, -7.181296000999964, 0.0 ], [ 113.290398, -7.181271, 0.0 ], [ 113.290353, -7.181222, 0.0 ], [ 113.290344, -7.181202, 0.0 ], [ 113.290342, -7.181178000999978, 0.0 ], [ 113.290364998000086, -7.181143, 0.0 ], [ 113.290390000000116, -7.18109900099995, 0.0 ], [ 113.290402999000094, -7.18105800099994, 0.0 ], [ 113.290406999000083, -7.18103199899997, 0.0 ], [ 113.290396000000101, -7.181017, 0.0 ], [ 113.290393000000108, -7.181013998999958, 0.0 ], [ 113.290381, -7.181007, 0.0 ], [ 113.290354, -7.181002000999968, 0.0 ], [ 113.290333, -7.181002000999968, 0.0 ], [ 113.290316, -7.181004, 0.0 ], [ 113.290282, -7.181006, 0.0 ], [ 113.290256000000113, -7.181004, 0.0 ], [ 113.290230999000073, -7.180997, 0.0 ], [ 113.290217, -7.180982000999961, 0.0 ], [ 113.290194, -7.180958, 0.0 ], [ 113.290138, -7.180889, 0.0 ], [ 113.290098, -7.180851, 0.0 ], [ 113.290054999000063, -7.180811, 0.0 ], [ 113.290007, -7.180751, 0.0 ], [ 113.289983, -7.180718998999964, 0.0 ], [ 113.289953, -7.180646, 0.0 ], [ 113.289941000000113, -7.180609000999937, 0.0 ], [ 113.289941000000113, -7.180558, 0.0 ], [ 113.2899460000001, -7.180507998999929, 0.0 ], [ 113.289954, -7.180446998999969, 0.0 ], [ 113.289962, -7.180404, 0.0 ], [ 113.289962, -7.180365, 0.0 ], [ 113.289962, -7.180332998999972, 0.0 ], [ 113.289956999000083, -7.180285, 0.0 ], [ 113.289953, -7.180252998999947, 0.0 ], [ 113.289944000000105, -7.180224, 0.0 ], [ 113.289938999000015, -7.180198, 0.0 ], [ 113.289922, -7.180181000999937, 0.0 ], [ 113.2899010000001, -7.18016400099998, 0.0 ], [ 113.289881, -7.180155998999965, 0.0 ], [ 113.289862, -7.180149, 0.0 ], [ 113.289839999000037, -7.180146, 0.0 ], [ 113.289816, -7.180146, 0.0 ], [ 113.289761999, -7.18015799899996, 0.0 ], [ 113.289704999000037, -7.180181000999937, 0.0 ], [ 113.289576, -7.180222000999947, 0.0 ], [ 113.289408, -7.180291998999962, 0.0 ], [ 113.289298, -7.180342, 0.0 ], [ 113.289194998000085, -7.18039700099996, 0.0 ], [ 113.289092, -7.180477000999929, 0.0 ], [ 113.289012, -7.180526998999937, 0.0 ], [ 113.288979269000038, -7.180540745999963, 0.0 ], [ 113.288961998000104, -7.180547998999941, 0.0 ], [ 113.28893, -7.180545998999946, 0.0 ], [ 113.288907000000108, -7.180521, 0.0 ], [ 113.288892, -7.180483, 0.0 ], [ 113.288863998000011, -7.180432, 0.0 ], [ 113.288842, -7.180385, 0.0 ], [ 113.288803999000038, -7.180328998999926, 0.0 ], [ 113.288763, -7.180289998999967, 0.0 ], [ 113.28872, -7.180247, 0.0 ], [ 113.288686999000106, -7.180220000999952, 0.0 ], [ 113.288663, -7.180212998999934, 0.0 ], [ 113.288628998000036, -7.180203000999938, 0.0 ], [ 113.288584, -7.180205, 0.0 ], [ 113.288551998000116, -7.180213998999932, 0.0 ], [ 113.288516, -7.180226, 0.0 ], [ 113.288446, -7.180257, 0.0 ], [ 113.288416999000106, -7.180257, 0.0 ], [ 113.288352, -7.180249, 0.0 ], [ 113.288316, -7.18023, 0.0 ], [ 113.288303, -7.180227, 0.0 ], [ 113.288274000000115, -7.18025, 0.0 ], [ 113.288256, -7.180273998999951, 0.0 ], [ 113.288200998000093, -7.180344, 0.0 ], [ 113.288173, -7.180406998999956, 0.0 ], [ 113.288148, -7.180511, 0.0 ], [ 113.288150868000116, -7.180537385999969, 0.0 ], [ 113.288153, -7.180557, 0.0 ], [ 113.28816, -7.180571000999976, 0.0 ], [ 113.288126, -7.180590000999928, 0.0 ], [ 113.288095000000112, -7.18060399899997, 0.0 ], [ 113.288093828000115, -7.180604359999961, 0.0 ], [ 113.288069, -7.180612000999929, 0.0 ], [ 113.288023999000075, -7.180619, 0.0 ], [ 113.287978, -7.180618, 0.0 ], [ 113.287953126000048, -7.180604359999961, 0.0 ], [ 113.287946998000052, -7.180601, 0.0 ], [ 113.287853, -7.18056299899996, 0.0 ], [ 113.28782, -7.180538, 0.0 ], [ 113.287797, -7.180498, 0.0 ], [ 113.287750999000082, -7.180463, 0.0 ], [ 113.287639, -7.180414000999974, 0.0 ], [ 113.287533, -7.180374, 0.0 ], [ 113.287473, -7.180351998999981, 0.0 ], [ 113.287435, -7.180327, 0.0 ], [ 113.287433, -7.180308, 0.0 ], [ 113.287445, -7.18025800099997, 0.0 ], [ 113.287466000000109, -7.180198, 0.0 ], [ 113.287455, -7.180179, 0.0 ], [ 113.28737, -7.180137998999953, 0.0 ], [ 113.287368, -7.180117998999947, 0.0 ], [ 113.287387, -7.180072, 0.0 ], [ 113.287429, -7.179984, 0.0 ], [ 113.287427, -7.179953, 0.0 ], [ 113.287378000000103, -7.179871000999981, 0.0 ], [ 113.287303998000084, -7.179754000999935, 0.0 ], [ 113.287275, -7.179714000999979, 0.0 ], [ 113.28725, -7.179701, 0.0 ], [ 113.287114, -7.179655000999958, 0.0 ], [ 113.287087, -7.179646, 0.0 ], [ 113.287012999000012, -7.179588998999975, 0.0 ], [ 113.286991998000076, -7.179577000999927, 0.0 ], [ 113.286974999000108, -7.179588998999975, 0.0 ], [ 113.286908, -7.179626, 0.0 ], [ 113.28687499800003, -7.179635000999951, 0.0 ], [ 113.286864, -7.179632, 0.0 ], [ 113.286802, -7.1796, 0.0 ], [ 113.286667, -7.179541, 0.0 ], [ 113.286504999000044, -7.179392, 0.0 ], [ 113.286256, -7.179175, 0.0 ], [ 113.286165, -7.179103998999949, 0.0 ], [ 113.286153999000021, -7.179103998999949, 0.0 ], [ 113.286127, -7.179116, 0.0 ], [ 113.286087, -7.179154, 0.0 ], [ 113.286071000000106, -7.179159998999978, 0.0 ], [ 113.286031, -7.179142998999964, 0.0 ], [ 113.285927, -7.179100998999957, 0.0 ], [ 113.285706999000013, -7.179016, 0.0 ], [ 113.285692, -7.179009, 0.0 ], [ 113.285637, -7.17893, 0.0 ], [ 113.285585, -7.178856000999929, 0.0 ], [ 113.285562, -7.178844, 0.0 ], [ 113.285548998000081, -7.178852, 0.0 ], [ 113.28552799900001, -7.178868998999974, 0.0 ], [ 113.285508998000068, -7.178891, 0.0 ], [ 113.285457, -7.178937, 0.0 ], [ 113.285407, -7.178983, 0.0 ], [ 113.285374999000055, -7.179001, 0.0 ], [ 113.285348000000113, -7.179002998999977, 0.0 ], [ 113.285269, -7.178999, 0.0 ], [ 113.285186, -7.179002, 0.0 ], [ 113.285055, -7.17898699899996, 0.0 ], [ 113.28494, -7.178978, 0.0 ], [ 113.284627000000114, -7.178976, 0.0 ], [ 113.284561, -7.178967998999951, 0.0 ], [ 113.284445644000016, -7.178898785999934, 0.0 ], [ 113.284441, -7.178896000999941, 0.0 ], [ 113.284391, -7.178889998999978, 0.0 ], [ 113.284351, -7.178886998999928, 0.0 ], [ 113.284351, -7.178864, 0.0 ], [ 113.284349, -7.178823, 0.0 ], [ 113.284357998000019, -7.178714998999965, 0.0 ], [ 113.284354, -7.178667, 0.0 ], [ 113.284294, -7.178651998999953, 0.0 ], [ 113.284187, -7.178626, 0.0 ], [ 113.284177258000113, -7.178623457999947, 0.0 ], [ 113.284141, -7.178613998999936, 0.0 ], [ 113.284116, -7.178591, 0.0 ], [ 113.284095, -7.178532, 0.0 ], [ 113.284085998000023, -7.178473, 0.0 ], [ 113.284097, -7.178453, 0.0 ], [ 113.284124998000038, -7.178421998999966, 0.0 ], [ 113.284165999000038, -7.178376, 0.0 ], [ 113.284182998, -7.178369000999965, 0.0 ], [ 113.284239, -7.178392, 0.0 ], [ 113.284298, -7.178425000999937, 0.0 ], [ 113.284332, -7.178433, 0.0 ], [ 113.284364, -7.178455, 0.0 ], [ 113.284395, -7.178466000999947, 0.0 ], [ 113.284416998000097, -7.178475, 0.0 ], [ 113.284425, -7.178460998999981, 0.0 ], [ 113.284427, -7.178429000999927, 0.0 ], [ 113.284426, -7.178375, 0.0 ], [ 113.284427, -7.178306, 0.0 ], [ 113.284421, -7.178255, 0.0 ], [ 113.28440652900008, -7.178183496999964, 0.0 ], [ 113.284404000000109, -7.178171, 0.0 ], [ 113.284389, -7.178106998999965, 0.0 ], [ 113.284375, -7.178076000999965, 0.0 ], [ 113.284368, -7.178044, 0.0 ], [ 113.284371, -7.178002, 0.0 ], [ 113.284371, -7.177951998999959, 0.0 ], [ 113.284395, -7.177903, 0.0 ], [ 113.284398591000013, -7.177892407999934, 0.0 ], [ 113.284415, -7.177844000999926, 0.0 ], [ 113.284427, -7.177809, 0.0 ], [ 113.284424, -7.177771, 0.0 ], [ 113.284432, -7.17774, 0.0 ], [ 113.284467, -7.177656998999964, 0.0 ], [ 113.2845, -7.177560998999979, 0.0 ], [ 113.284533998000029, -7.177461998999945, 0.0 ], [ 113.284567, -7.177381, 0.0 ], [ 113.284586000000104, -7.177326998999945, 0.0 ], [ 113.284588, -7.177318, 0.0 ], [ 113.284582000000114, -7.177311, 0.0 ], [ 113.284564, -7.177302, 0.0 ], [ 113.28452, -7.177270998999973, 0.0 ], [ 113.284489, -7.177244, 0.0 ], [ 113.284446000000116, -7.177206, 0.0 ], [ 113.284435, -7.177177000999961, 0.0 ], [ 113.284422206000045, -7.17710298399993, 0.0 ], [ 113.284421, -7.17709599899996, 0.0 ], [ 113.284415999000089, -7.177032998999948, 0.0 ], [ 113.284422, -7.177016998999932, 0.0 ], [ 113.284442, -7.177, 0.0 ], [ 113.284484, -7.17697, 0.0 ], [ 113.284526, -7.17695, 0.0 ], [ 113.284553998000092, -7.17693, 0.0 ], [ 113.28457, -7.176904000999969, 0.0 ], [ 113.284592998000107, -7.176832, 0.0 ], [ 113.284612998000057, -7.17679100099997, 0.0 ], [ 113.284622176000084, -7.176779375999956, 0.0 ], [ 113.284628000000112, -7.176772, 0.0 ], [ 113.284653999000057, -7.176754, 0.0 ], [ 113.284675000000107, -7.176738, 0.0 ], [ 113.284718000000112, -7.176696, 0.0 ], [ 113.284739, -7.176684998999974, 0.0 ], [ 113.284821, -7.176679, 0.0 ], [ 113.284889, -7.176674000999981, 0.0 ], [ 113.284909, -7.176664998999968, 0.0 ], [ 113.284922999000059, -7.17665, 0.0 ], [ 113.284941000000117, -7.1766, 0.0 ], [ 113.284949855000036, -7.176579945999947, 0.0 ], [ 113.284968667000044, -7.176537341999961, 0.0 ], [ 113.284975, -7.176523, 0.0 ], [ 113.285039, -7.176373998999964, 0.0 ], [ 113.28506823500004, -7.176296345999958, 0.0 ], [ 113.285071, -7.176289, 0.0 ], [ 113.285084, -7.176272998999934, 0.0 ], [ 113.285096, -7.176269, 0.0 ], [ 113.285117, -7.176269, 0.0 ], [ 113.285222, -7.176279, 0.0 ], [ 113.285283, -7.176283000999945, 0.0 ], [ 113.285346000000118, -7.176282000999947, 0.0 ], [ 113.285419, -7.176278, 0.0 ], [ 113.285463, -7.176273998999932, 0.0 ], [ 113.285491999000101, -7.176256998999975, 0.0 ], [ 113.285517, -7.176235998999971, 0.0 ], [ 113.285542, -7.176206000999969, 0.0 ], [ 113.285577000000103, -7.176155998999945, 0.0 ], [ 113.285591, -7.176128000999938, 0.0 ], [ 113.285602, -7.176076, 0.0 ], [ 113.285595, -7.176019998999948, 0.0 ], [ 113.285595, -7.175976, 0.0 ], [ 113.285596, -7.175950000999933, 0.0 ], [ 113.285606998000048, -7.175927, 0.0 ], [ 113.285619000000111, -7.175902998999959, 0.0 ], [ 113.285641, -7.175870000999964, 0.0 ], [ 113.285684998000079, -7.175814000999935, 0.0 ], [ 113.285713000000101, -7.175778, 0.0 ], [ 113.28576, -7.175719, 0.0 ], [ 113.285774, -7.175699000999941, 0.0 ], [ 113.28579, -7.175661, 0.0 ], [ 113.285800000000108, -7.175640000999977, 0.0 ], [ 113.285800000000108, -7.17561399899995, 0.0 ], [ 113.285792, -7.175580000999958, 0.0 ], [ 113.28575, -7.175525, 0.0 ], [ 113.28574, -7.175506, 0.0 ], [ 113.285737, -7.175489, 0.0 ], [ 113.285737, -7.175455998999951, 0.0 ], [ 113.285741999000038, -7.17543, 0.0 ], [ 113.285756000000106, -7.175396998999929, 0.0 ], [ 113.285771, -7.175359998999966, 0.0 ], [ 113.285802999000111, -7.175334, 0.0 ], [ 113.285826, -7.175322, 0.0 ], [ 113.28584299900001, -7.175306000999967, 0.0 ], [ 113.285859998000092, -7.175280998999938, 0.0 ], [ 113.285873, -7.175258998999936, 0.0 ], [ 113.285885, -7.175230000999932, 0.0 ], [ 113.285899998000104, -7.175190000999976, 0.0 ], [ 113.285908, -7.175161998999954, 0.0 ], [ 113.285920999000041, -7.175154, 0.0 ], [ 113.28595, -7.175131000999954, 0.0 ], [ 113.285973, -7.175112000999945, 0.0 ], [ 113.286025000000109, -7.175079, 0.0 ], [ 113.286034, -7.175055000999976, 0.0 ], [ 113.286054998000054, -7.174985998999944, 0.0 ], [ 113.286061881000023, -7.174932913999953, 0.0 ], [ 113.286062, -7.174932, 0.0 ], [ 113.286076999000102, -7.174921, 0.0 ], [ 113.286118000000101, -7.174896000999979, 0.0 ], [ 113.286155999000016, -7.174876000999973, 0.0 ], [ 113.286187, -7.174860000999956, 0.0 ], [ 113.286213999000097, -7.174838000999955, 0.0 ], [ 113.286229, -7.174823, 0.0 ], [ 113.286245, -7.174796, 0.0 ], [ 113.286279, -7.174751, 0.0 ], [ 113.286291999000014, -7.174719, 0.0 ], [ 113.286307, -7.174705, 0.0 ], [ 113.286328998000045, -7.17470100099996, 0.0 ], [ 113.286364, -7.174709, 0.0 ], [ 113.286443999000085, -7.174725, 0.0 ], [ 113.286494, -7.174743000999968, 0.0 ], [ 113.286527, -7.174762000999976, 0.0 ], [ 113.286560999000017, -7.174812998999926, 0.0 ], [ 113.286576, -7.174851998999941, 0.0 ], [ 113.286610927000083, -7.174932913999953, 0.0 ], [ 113.286636, -7.174991, 0.0 ], [ 113.286676, -7.175059, 0.0 ], [ 113.286688, -7.175058, 0.0 ], [ 113.286699999, -7.175045998999963, 0.0 ], [ 113.286735, -7.17501200099997, 0.0 ], [ 113.286758999000085, -7.174985, 0.0 ], [ 113.286795998000116, -7.17494899899998, 0.0 ], [ 113.286807489000012, -7.174932913999953, 0.0 ], [ 113.286811, -7.174927998999976, 0.0 ], [ 113.286826, -7.174879000999965, 0.0 ], [ 113.286847, -7.17482999899994, 0.0 ], [ 113.286857999000063, -7.174809998999933, 0.0 ], [ 113.286918, -7.174733998999955, 0.0 ], [ 113.286957, -7.174695998999937, 0.0 ], [ 113.286974999000108, -7.174665000999937, 0.0 ], [ 113.286998, -7.174628, 0.0 ], [ 113.286999, -7.174602, 0.0 ], [ 113.286989, -7.174543, 0.0 ], [ 113.286985, -7.174505000999943, 0.0 ], [ 113.286985, -7.174485, 0.0 ], [ 113.287006, -7.174434, 0.0 ], [ 113.28702, -7.174409000999958, 0.0 ], [ 113.287038, -7.174387, 0.0 ], [ 113.28706000000011, -7.174373, 0.0 ], [ 113.287093, -7.174364998999977, 0.0 ], [ 113.287129999000058, -7.174355, 0.0 ], [ 113.287153000000103, -7.174347, 0.0 ], [ 113.287205998000104, -7.174322998999969, 0.0 ], [ 113.287235, -7.174310000999981, 0.0 ], [ 113.287257, -7.174309, 0.0 ], [ 113.287294, -7.174311000999978, 0.0 ], [ 113.287368, -7.174318, 0.0 ], [ 113.287426, -7.174323998999967, 0.0 ], [ 113.287527, -7.174337, 0.0 ], [ 113.287571, -7.174345998999968, 0.0 ], [ 113.287597999000013, -7.174354, 0.0 ], [ 113.287684, -7.174395, 0.0 ], [ 113.28773, -7.174412000999951, 0.0 ], [ 113.287759, -7.174412000999951, 0.0 ], [ 113.287843, -7.174411000999953, 0.0 ], [ 113.287878, -7.174407, 0.0 ], [ 113.287905, -7.174402998999938, 0.0 ], [ 113.287936, -7.174384998999926, 0.0 ], [ 113.288012, -7.17433300099998, 0.0 ], [ 113.288079, -7.174281, 0.0 ], [ 113.288138000000117, -7.174226998999927, 0.0 ], [ 113.288179999000022, -7.174191, 0.0 ], [ 113.288232000000107, -7.174134, 0.0 ], [ 113.288304, -7.174057000999937, 0.0 ], [ 113.288312, -7.174042, 0.0 ], [ 113.288313, -7.174023, 0.0 ], [ 113.288307, -7.17399299899995, 0.0 ], [ 113.288296, -7.173957, 0.0 ], [ 113.288266, -7.1739, 0.0 ], [ 113.288233000000105, -7.173834998999951, 0.0 ], [ 113.288211, -7.173802, 0.0 ], [ 113.28818099800003, -7.173780998999973, 0.0 ], [ 113.288166, -7.173779998999976, 0.0 ], [ 113.288154, -7.173785000999942, 0.0 ], [ 113.288149, -7.173794, 0.0 ], [ 113.288137, -7.173809, 0.0 ], [ 113.288121, -7.173815998999942, 0.0 ], [ 113.288102998000113, -7.173814, 0.0 ], [ 113.28807, -7.173804000999951, 0.0 ], [ 113.288039, -7.173798998999928, 0.0 ], [ 113.288006999000118, -7.173792, 0.0 ], [ 113.287971, -7.173775, 0.0 ], [ 113.287943, -7.173757998999974, 0.0 ], [ 113.287917000000107, -7.173728000999972, 0.0 ], [ 113.287854, -7.173666, 0.0 ], [ 113.287824000000114, -7.173630000999935, 0.0 ], [ 113.287822, -7.173612000999981, 0.0 ], [ 113.287826000000109, -7.173592000999975, 0.0 ], [ 113.287839, -7.173553000999959, 0.0 ], [ 113.287851999000054, -7.173526998999932, 0.0 ], [ 113.287876, -7.173487998999974, 0.0 ], [ 113.287902, -7.173442, 0.0 ], [ 113.287925, -7.173421, 0.0 ], [ 113.287944, -7.173398, 0.0 ], [ 113.287977, -7.173362, 0.0 ], [ 113.288041, -7.173337000999936, 0.0 ], [ 113.288107, -7.173307, 0.0 ], [ 113.288182999000014, -7.173285, 0.0 ], [ 113.288211, -7.173285, 0.0 ], [ 113.288234000000102, -7.173287, 0.0 ], [ 113.288257, -7.173312998999961, 0.0 ], [ 113.288280999000108, -7.173342, 0.0 ], [ 113.288296, -7.173375000999954, 0.0 ], [ 113.288298999000062, -7.173414000999969, 0.0 ], [ 113.288284, -7.17347, 0.0 ], [ 113.288275000000112, -7.173497, 0.0 ], [ 113.288259999000047, -7.173531000999958, 0.0 ], [ 113.2882350000001, -7.173600998999973, 0.0 ], [ 113.288211, -7.173651000999939, 0.0 ], [ 113.288202999000077, -7.173678, 0.0 ], [ 113.288197, -7.173704, 0.0 ], [ 113.288206, -7.173732, 0.0 ], [ 113.288218, -7.173744, 0.0 ], [ 113.288253, -7.173760998999967, 0.0 ], [ 113.288285, -7.173757998999974, 0.0 ], [ 113.288343, -7.173747000999981, 0.0 ], [ 113.288413000000105, -7.173734, 0.0 ], [ 113.28848, -7.173712, 0.0 ], [ 113.288518, -7.173708000999966, 0.0 ], [ 113.288558, -7.17373, 0.0 ], [ 113.288608999000076, -7.173760998999967, 0.0 ], [ 113.288687998000114, -7.17381, 0.0 ], [ 113.288772000000108, -7.173856998999952, 0.0 ], [ 113.28878, -7.173871, 0.0 ], [ 113.288774000000103, -7.17393, 0.0 ], [ 113.288762, -7.173993998999947, 0.0 ], [ 113.288757, -7.174052998999969, 0.0 ], [ 113.288747999000066, -7.174099000999945, 0.0 ], [ 113.288737, -7.17413800099996, 0.0 ], [ 113.288724000000116, -7.174179, 0.0 ], [ 113.288704, -7.174237, 0.0 ], [ 113.288701, -7.174254000999952, 0.0 ], [ 113.288662, -7.174322998999969, 0.0 ], [ 113.288617, -7.174398, 0.0 ], [ 113.288605, -7.174414, 0.0 ], [ 113.288608999000076, -7.174421998999946, 0.0 ], [ 113.288647, -7.174429000999965, 0.0 ], [ 113.288721, -7.174435, 0.0 ], [ 113.288803, -7.174445, 0.0 ], [ 113.288945, -7.174462998999957, 0.0 ], [ 113.288959999000099, -7.174457, 0.0 ], [ 113.288994000000116, -7.174443998999948, 0.0 ], [ 113.289074, -7.174403998999935, 0.0 ], [ 113.289083, -7.174400998999943, 0.0 ], [ 113.289134000000104, -7.174398, 0.0 ], [ 113.289205, -7.174390000999949, 0.0 ], [ 113.289263, -7.174376, 0.0 ], [ 113.28933199800008, -7.174358, 0.0 ], [ 113.289425, -7.174336, 0.0 ], [ 113.289498, -7.174324998999964, 0.0 ], [ 113.289603, -7.174322998999969, 0.0 ], [ 113.289643998000088, -7.174323998999967, 0.0 ], [ 113.289648, -7.17433300099998, 0.0 ], [ 113.289639, -7.17434499899997, 0.0 ], [ 113.289622999000017, -7.174367, 0.0 ], [ 113.289614, -7.174382998999931, 0.0 ], [ 113.289611, -7.1744, 0.0 ], [ 113.289616, -7.174408000999961, 0.0 ], [ 113.289628000000107, -7.174406, 0.0 ], [ 113.289671000000112, -7.174400998999943, 0.0 ], [ 113.289700999000047, -7.174392000999944, 0.0 ], [ 113.289720998, -7.174383998999929, 0.0 ], [ 113.289756, -7.174362998999925, 0.0 ], [ 113.289795, -7.174342998999975, 0.0 ], [ 113.289864, -7.174315, 0.0 ], [ 113.289932, -7.174285998999949, 0.0 ], [ 113.289995999000098, -7.17427, 0.0 ], [ 113.290022, -7.174269, 0.0 ], [ 113.290059, -7.174275000999955, 0.0 ], [ 113.290099, -7.174283, 0.0 ], [ 113.290175, -7.174295, 0.0 ], [ 113.290188998000076, -7.174295, 0.0 ], [ 113.290193, -7.174278, 0.0 ], [ 113.290213000000108, -7.174245998999936, 0.0 ], [ 113.290226, -7.174207998999975, 0.0 ], [ 113.290236, -7.174196000999927, 0.0 ], [ 113.290278, -7.174214000999939, 0.0 ], [ 113.290317, -7.174231, 0.0 ], [ 113.290361, -7.174256, 0.0 ], [ 113.290492, -7.174315, 0.0 ], [ 113.290596, -7.174351000999934, 0.0 ], [ 113.290674, -7.17438, 0.0 ], [ 113.290681998000082, -7.174378545999957, 0.0 ], [ 113.290685, -7.174378, 0.0 ], [ 113.290686, -7.174362998999925, 0.0 ], [ 113.290689, -7.174343998999973, 0.0 ], [ 113.290688, -7.174308, 0.0 ], [ 113.290686, -7.174263998999947, 0.0 ], [ 113.290684, -7.17422, 0.0 ], [ 113.290702, -7.174208998999973, 0.0 ], [ 113.290736999000046, -7.174198, 0.0 ], [ 113.290769, -7.174163, 0.0 ], [ 113.29081399800009, -7.174082, 0.0 ], [ 113.290840000000117, -7.174038000999928, 0.0 ], [ 113.290862, -7.173977, 0.0 ], [ 113.290897, -7.173883000999979, 0.0 ], [ 113.290929, -7.173812, 0.0 ], [ 113.290965, -7.173758998999972, 0.0 ], [ 113.291004, -7.173709000999963, 0.0 ], [ 113.291042, -7.173670000999948, 0.0 ], [ 113.29108, -7.173637, 0.0 ], [ 113.291124, -7.173633, 0.0 ], [ 113.291173, -7.173623998999972, 0.0 ], [ 113.291207, -7.173612000999981, 0.0 ], [ 113.291267, -7.173552000999962, 0.0 ], [ 113.291282999000032, -7.17354, 0.0 ], [ 113.291315, -7.173536, 0.0 ], [ 113.291386000000102, -7.173529, 0.0 ], [ 113.291491, -7.173517, 0.0 ], [ 113.291602, -7.173515, 0.0 ], [ 113.291816, -7.173514000999944, 0.0 ], [ 113.29199, -7.173517, 0.0 ], [ 113.292004999000028, -7.173511000999952, 0.0 ], [ 113.292035, -7.173456000999977, 0.0 ], [ 113.292067, -7.173383, 0.0 ], [ 113.292078, -7.173377000999949, 0.0 ], [ 113.292097, -7.173378000999946, 0.0 ], [ 113.292116, -7.173378000999946, 0.0 ], [ 113.292118999000081, -7.173366, 0.0 ], [ 113.292102999, -7.173328998999978, 0.0 ], [ 113.292079999000066, -7.173271998999951, 0.0 ], [ 113.292028, -7.173181000999932, 0.0 ], [ 113.29202, -7.17316200099998, 0.0 ], [ 113.292014000000108, -7.173093998999946, 0.0 ], [ 113.292002998000044, -7.172992, 0.0 ], [ 113.292001999000036, -7.172941998999931, 0.0 ], [ 113.29201, -7.172924, 0.0 ], [ 113.292021, -7.172912, 0.0 ], [ 113.292069, -7.172879, 0.0 ], [ 113.292132, -7.172847, 0.0 ], [ 113.292186, -7.172832000999961, 0.0 ], [ 113.2922959980001, -7.172813, 0.0 ], [ 113.292421000000104, -7.172795, 0.0 ], [ 113.292499, -7.172781, 0.0 ], [ 113.292530999000064, -7.172765998999978, 0.0 ], [ 113.292551999000011, -7.172749, 0.0 ], [ 113.292576, -7.172709, 0.0 ], [ 113.29261099900009, -7.172664, 0.0 ], [ 113.292654, -7.172595000999934, 0.0 ], [ 113.292716, -7.172502, 0.0 ], [ 113.292764999000042, -7.172436, 0.0 ], [ 113.29280299800007, -7.172381000999962, 0.0 ], [ 113.292835162000074, -7.172334542999977, 0.0 ], [ 113.292857, -7.172303000999932, 0.0 ], [ 113.292898, -7.172242, 0.0 ], [ 113.292943, -7.172177998999928, 0.0 ], [ 113.292995, -7.172106, 0.0 ], [ 113.293042, -7.172032000999934, 0.0 ], [ 113.293073, -7.171991000999981, 0.0 ], [ 113.293096999000113, -7.17196, 0.0 ], [ 113.293122, -7.171942, 0.0 ], [ 113.293164, -7.171916, 0.0 ], [ 113.293199, -7.171893000999944, 0.0 ], [ 113.293230000000108, -7.171874000999935, 0.0 ], [ 113.293262, -7.171847998999965, 0.0 ], [ 113.293271999000012, -7.171824, 0.0 ], [ 113.293289, -7.171802, 0.0 ], [ 113.293307, -7.17178, 0.0 ], [ 113.293330999000091, -7.171748998999931, 0.0 ], [ 113.293345, -7.171734, 0.0 ], [ 113.293386, -7.171728998999981, 0.0 ], [ 113.293432, -7.171721, 0.0 ], [ 113.293459, -7.171712998999965, 0.0 ], [ 113.293481, -7.171698000999982, 0.0 ], [ 113.293517, -7.171653998999943, 0.0 ], [ 113.293541, -7.171633998999937, 0.0 ], [ 113.293553, -7.171630998999944, 0.0 ], [ 113.293573, -7.171629, 0.0 ], [ 113.293611, -7.17163, 0.0 ], [ 113.293654, -7.171627, 0.0 ], [ 113.293689, -7.171615998999926, 0.0 ], [ 113.293709, -7.171603000999937, 0.0 ], [ 113.293727000000104, -7.171586, 0.0 ], [ 113.293741999000076, -7.17156, 0.0 ], [ 113.293772000000104, -7.171506000999955, 0.0 ], [ 113.293785, -7.171489, 0.0 ], [ 113.293823, -7.171473, 0.0 ], [ 113.293852, -7.171462, 0.0 ], [ 113.293873, -7.171448, 0.0 ], [ 113.293891, -7.171427000999927, 0.0 ], [ 113.293908000000101, -7.171404, 0.0 ], [ 113.293939, -7.171405000999926, 0.0 ], [ 113.293997000000104, -7.171394, 0.0 ], [ 113.294029, -7.171385000999976, 0.0 ], [ 113.294049999000094, -7.171364, 0.0 ], [ 113.294070998000052, -7.171327000999952, 0.0 ], [ 113.294085000000109, -7.171272000999977, 0.0 ], [ 113.294115, -7.171156, 0.0 ], [ 113.294155, -7.171001, 0.0 ], [ 113.294170999000016, -7.170943, 0.0 ], [ 113.294207999000037, -7.170868, 0.0 ], [ 113.294242, -7.170804000999965, 0.0 ], [ 113.29428499800008, -7.170733, 0.0 ], [ 113.294334, -7.170580998999981, 0.0 ], [ 113.294365999000092, -7.17046199899994, 0.0 ], [ 113.294426, -7.17026599899998, 0.0 ], [ 113.294435, -7.170232, 0.0 ], [ 113.294466, -7.170141000999934, 0.0 ], [ 113.294479998000043, -7.170057, 0.0 ], [ 113.294496, -7.16995499899997, 0.0 ], [ 113.294504, -7.16988300099996, 0.0 ], [ 113.294523, -7.169766000999971, 0.0 ], [ 113.294538998, -7.169682998999974, 0.0 ], [ 113.294556999000065, -7.169585998999935, 0.0 ], [ 113.294577998000022, -7.169466998999951, 0.0 ], [ 113.294582000000105, -7.169447998999942, 0.0 ], [ 113.294585, -7.169428998999933, 0.0 ], [ 113.294582000000105, -7.169406, 0.0 ], [ 113.294567, -7.169352998999955, 0.0 ], [ 113.294509, -7.169196998999951, 0.0 ], [ 113.29449000000011, -7.169137998999929, 0.0 ], [ 113.29449000000011, -7.169127000999936, 0.0 ], [ 113.294518998000058, -7.16902099899994, 0.0 ], [ 113.29453813900011, -7.168954011999972, 0.0 ], [ 113.294541568000113, -7.168954600999939, 0.0 ], [ 113.294567160000042, -7.168958998999926, 0.0 ], [ 113.295264840000073, -7.168894020999971, 0.0 ], [ 113.295634920000111, -7.168831018999981, 0.0 ], [ 113.296518000000106, -7.168805997999925, 0.0 ], [ 113.297175, -7.168781969999941, 0.0 ], [ 113.29748315900008, -7.168760009999971, 0.0 ], [ 113.297976, -7.168757038999956, 0.0 ], [ 113.298449038000058, -7.168776028999957, 0.0 ], [ 113.298738120000053, -7.168784040999981, 0.0 ], [ 113.29911216000005, -7.168770990999974, 0.0 ], [ 113.299205040000061, -7.168785029999981, 0.0 ], [ 113.299467840000034, -7.168776028999957, 0.0 ], [ 113.29975692000005, -7.168643998999926, 0.0 ], [ 113.300141040000085, -7.168428, 0.0 ], [ 113.300859960000025, -7.168022998999959, 0.0 ], [ 113.301201960000071, -7.167751019999969, 0.0 ], [ 113.301732961000084, -7.167196978999925, 0.0 ], [ 113.30211096000005, -7.166841028999954, 0.0 ], [ 113.302356840000016, -7.166143978999969, 0.0 ], [ 113.302521001000059, -7.165925009999967, 0.0 ], [ 113.302668961000109, -7.165835009999967, 0.0 ], [ 113.302806840000017, -7.165412008999965, 0.0 ], [ 113.30288783900005, -7.165104028999963, 0.0 ], [ 113.302927080000018, -7.164797037999961, 0.0 ], [ 113.302946160000033, -7.164530009999964, 0.0 ], [ 113.303026080000109, -7.164017010999942, 0.0 ], [ 113.303064960000029, -7.163606968999943, 0.0 ], [ 113.303042999000013, -7.16329997899993, 0.0 ], [ 113.302990081000075, -7.163009998999939, 0.0 ], [ 113.302943998000046, -7.162908029999926, 0.0 ], [ 113.302992958, -7.162878959999944, 0.0 ], [ 113.303968920000102, -7.162309979999975, 0.0 ], [ 113.304455904000065, -7.162180297999953, 0.0 ], [ 113.304616517000113, -7.162245734999942, 0.0 ], [ 113.30492584700005, -7.162269528999957, 0.0 ], [ 113.305309921000116, -7.162310970999954, 0.0 ], [ 113.305363919000115, -7.162325998999961, 0.0 ], [ 113.305761, -7.162410959999931, 0.0 ], [ 113.305752709000103, -7.162537217999954, 0.0 ], [ 113.305800299000111, -7.162614549999944, 0.0 ], [ 113.306084702000021, -7.162535548999927, 0.0 ], [ 113.306335676000117, -7.162465835999967, 0.0 ], [ 113.306418982000082, -7.162673985999959, 0.0 ], [ 113.306604120000088, -7.162755030999961, 0.0 ], [ 113.30724204, -7.162998028999937, 0.0 ], [ 113.307756121000011, -7.16309801899996, 0.0 ], [ 113.308188120000068, -7.163156968999942, 0.0 ], [ 113.308423584000025, -7.163156260999926, 0.0 ], [ 113.308517160000065, -7.163155979999942, 0.0 ], [ 113.308864920000019, -7.163072008999961, 0.0 ], [ 113.309172001000093, -7.162845027999936, 0.0 ], [ 113.309269043000086, -7.162639648999971, 0.0 ], [ 113.309376121000014, -7.162413028999936, 0.0 ], [ 113.309660880000024, -7.161920008999971, 0.0 ], [ 113.30990496000004, -7.16146803099997, 0.0 ], [ 113.309976137000035, -7.161332709999954, 0.0 ], [ 113.310068040000033, -7.161157978999938, 0.0 ], [ 113.310159120000094, -7.161057988999971, 0.0 ], [ 113.310585, -7.160931990999927, 0.0 ], [ 113.310700920000045, -7.16085701999998, 0.0 ], [ 113.310830880000026, -7.160667030999946, 0.0 ], [ 113.310849960000041, -7.160252038999943, 0.0 ], [ 113.310852840000052, -7.160088959999939, 0.0 ], [ 113.310911160000046, -7.159883037999975, 0.0 ], [ 113.311054080000076, -7.159642018999932, 0.0 ], [ 113.311198081000043, -7.159060979999936, 0.0 ], [ 113.311248121000062, -7.158851010999967, 0.0 ], [ 113.31144, -7.15854798099997, 0.0 ], [ 113.3115429610001, -7.158357990999946, 0.0 ], [ 113.31158507900011, -7.158212998999943, 0.0 ], [ 113.311679040000058, -7.158009958999969, 0.0 ], [ 113.311708921000104, -7.157945969999957, 0.0 ], [ 113.311872000000108, -7.157658958999946, 0.0 ], [ 113.312013838000098, -7.157411998999976, 0.0 ], [ 113.312549160000117, -7.157052990999944, 0.0 ], [ 113.313256920000072, -7.156775969999956, 0.0 ], [ 113.31353088100002, -7.156728, 0.0 ], [ 113.313981960000092, -7.15672602099994, 0.0 ], [ 113.314722120000056, -7.156824030999928, 0.0 ], [ 113.31533916, -7.156944, 0.0 ], [ 113.316161040000111, -7.157062978999932, 0.0 ], [ 113.316634078000106, -7.157122019999974, 0.0 ], [ 113.317292160000079, -7.15716, 0.0 ], [ 113.317764120000106, -7.157219041999952, 0.0 ], [ 113.318565120000017, -7.157214989999943, 0.0 ], [ 113.319387, -7.157189969999934, 0.0 ], [ 113.320371959000113, -7.157000968999967, 0.0 ], [ 113.321540879000054, -7.156688039999949, 0.0 ], [ 113.321931120000045, -7.156583008999974, 0.0 ], [ 113.32269, -7.156414979999965, 0.0 ], [ 113.323367161000078, -7.156308959999933, 0.0 ], [ 113.324258158000021, -7.156283041999927, 0.0 ], [ 113.32426104000001, -7.156284029999938, 0.0 ], [ 113.324708159000011, -7.156402019999973, 0.0 ], [ 113.324913, -7.156456019999951, 0.0 ], [ 113.325240960000087, -7.156509028999949, 0.0 ], [ 113.32545984, -7.156497961999946, 0.0 ], [ 113.325752160000093, -7.156403998999963, 0.0 ], [ 113.326108920000024, -7.156179989999941, 0.0 ], [ 113.326446960000112, -7.155960028999971, 0.0 ], [ 113.32665, -7.155858959999932, 0.0 ], [ 113.327434080000103, -7.155891, 0.0 ], [ 113.327996039000027, -7.155834029999937, 0.0 ], [ 113.328227160000097, -7.155811978999964, 0.0 ], [ 113.32878912000001, -7.155914041999949, 0.0 ], [ 113.328861120000056, -7.155923038999958, 0.0 ], [ 113.329231920000097, -7.156014029999938, 0.0 ], [ 113.329266121000046, -7.156127970999933, 0.0 ], [ 113.329366920000098, -7.156341, 0.0 ], [ 113.329513080000083, -7.156816018999962, 0.0 ], [ 113.329622880000102, -7.156884959999957, 0.0 ], [ 113.329994040000088, -7.156935000999965, 0.0 ], [ 113.3302971600001, -7.156910971999935, 0.0 ], [ 113.330602081000052, -7.156833029999973, 0.0 ], [ 113.330747880000104, -7.156859038999926, 0.0 ], [ 113.330959920000055, -7.156947961999947, 0.0 ], [ 113.331215160000056, -7.157167018999928, 0.0 ], [ 113.331753001000038, -7.15729203099994, 0.0 ], [ 113.332143960000053, -7.157412988999965, 0.0 ], [ 113.332514040000092, -7.157513970999958, 0.0 ], [ 113.332944960000077, -7.157552041999963, 0.0 ], [ 113.333274, -7.157550961999959, 0.0 ], [ 113.333541120000064, -7.157508030999963, 0.0 ], [ 113.333787, -7.157446020999942, 0.0 ], [ 113.334135841000034, -7.157422979999978, 0.0 ], [ 113.334648840000114, -7.157421, 0.0 ], [ 113.335018920000039, -7.157439, 0.0 ], [ 113.335697878000019, -7.157600010999943, 0.0 ], [ 113.336295120000045, -7.157822040999974, 0.0 ], [ 113.336952840000095, -7.15806503999994, 0.0 ], [ 113.337468001000047, -7.158308039999952, 0.0 ], [ 113.337978118000024, -7.158569039999975, 0.0 ], [ 113.338078920000044, -7.158542039999929, 0.0 ], [ 113.338247040000056, -7.158566970999971, 0.0 ], [ 113.338443960000063, -7.158900959999926, 0.0 ], [ 113.338505160000068, -7.159016971999961, 0.0 ], [ 113.338648080000098, -7.159131, 0.0 ], [ 113.338905840000052, -7.158977009999944, 0.0 ], [ 113.339031841000065, -7.158858029999976, 0.0 ], [ 113.339115000000106, -7.15861997899998, 0.0 ], [ 113.33946312, -7.158414959999959, 0.0 ], [ 113.339697840000099, -7.158285989999968, 0.0 ], [ 113.33976516000007, -7.158124979999968, 0.0 ], [ 113.340075840000054, -7.158176009999977, 0.0 ], [ 113.340238921000036, -7.15820003999994, 0.0 ], [ 113.340359160000048, -7.158165028999974, 0.0 ], [ 113.340378959000077, -7.158120029999964, 0.0 ], [ 113.340141001, -7.157952001999945, 0.0 ], [ 113.340024001000074, -7.157855969999957, 0.0 ], [ 113.340309120000029, -7.157642038999938, 0.0 ], [ 113.341066920000117, -7.157017979999978, 0.0 ], [ 113.341101120000076, -7.156989989999943, 0.0 ], [ 113.341111919000014, -7.156990981999968, 0.0 ], [ 113.341746960000023, -7.157019959999957, 0.0 ], [ 113.341916880000099, -7.157055958999933, 0.0 ], [ 113.342313961000059, -7.157206979999955, 0.0 ], [ 113.342433840000012, -7.157241989999932, 0.0 ], [ 113.342574960000093, -7.15720301999994, 0.0 ], [ 113.34266712100009, -7.157111039999961, 0.0 ], [ 113.342704920000074, -7.156943009999964, 0.0 ], [ 113.342735880000077, -7.156780018999939, 0.0 ], [ 113.342874840000036, -7.156620990999954, 0.0 ], [ 113.343332040000064, -7.156312018999927, 0.0 ], [ 113.343636959000037, -7.156107, 0.0 ], [ 113.343868080000107, -7.155991979999953, 0.0 ], [ 113.344523999000103, -7.155977039999925, 0.0 ], [ 113.344665841000051, -7.155978029999972, 0.0 ], [ 113.344842958000072, -7.156009978999975, 0.0 ], [ 113.34512484000004, -7.156148041999927, 0.0 ], [ 113.345484120000037, -7.156148041999927, 0.0 ], [ 113.34584196000003, -7.156110959999978, 0.0 ], [ 113.345974080000019, -7.156103039999948, 0.0 ], [ 113.346311041000035, -7.15588902199994, 0.0 ], [ 113.34657492000008, -7.155546029999925, 0.0 ], [ 113.346672120000107, -7.155452969999942, 0.0 ], [ 113.346936, -7.155592019999972, 0.0 ], [ 113.347015920000104, -7.155605969999954, 0.0 ], [ 113.347152, -7.15554, 0.0 ], [ 113.34733884100001, -7.155272971999977, 0.0 ], [ 113.347406881000097, -7.155180991999941, 0.0 ], [ 113.347644839000054, -7.155100979999929, 0.0 ], [ 113.347766161000095, -7.155095041999971, 0.0 ], [ 113.34837311900003, -7.155367019999971, 0.0 ], [ 113.348660040000027, -7.155532979999975, 0.0 ], [ 113.348779921000073, -7.155586981999932, 0.0 ], [ 113.349013921000051, -7.155548008999972, 0.0 ], [ 113.349483001000067, -7.155343978999952, 0.0 ], [ 113.350030921000098, -7.15507901999996, 0.0 ], [ 113.350375080000049, -7.154961029999981, 0.0 ], [ 113.350572, -7.154907028999958, 0.0 ], [ 113.350716, -7.154911979999952, 0.0 ], [ 113.350731840000094, -7.154912968999952, 0.0 ], [ 113.351167080000096, -7.155397979999975, 0.0 ], [ 113.351274000000103, -7.155468990999964, 0.0 ], [ 113.351888160000044, -7.155107010999927, 0.0 ], [ 113.35198284, -7.155063000999974, 0.0 ], [ 113.352198120000025, -7.155297990999941, 0.0 ], [ 113.352320880000093, -7.15546196899993, 0.0 ], [ 113.352491879000013, -7.155520019999926, 0.0 ], [ 113.352865920000113, -7.155304020999949, 0.0 ], [ 113.353395838000097, -7.154933039999946, 0.0 ], [ 113.353540920000114, -7.154831969999975, 0.0 ], [ 113.353585920000114, -7.154793989999973, 0.0 ], [ 113.353670880000095, -7.15468895999993, 0.0 ], [ 113.353264080000031, -7.153836028999933, 0.0 ], [ 113.35322412000005, -7.153715969999951, 0.0 ], [ 113.353287119000015, -7.153639018999968, 0.0 ], [ 113.353675920000114, -7.153623000999971, 0.0 ], [ 113.353827839000019, -7.153615980999973, 0.0 ], [ 113.354011080000078, -7.153593029999968, 0.0 ], [ 113.35439808000001, -7.153257959999962, 0.0 ], [ 113.354705880000097, -7.153274967999948, 0.0 ], [ 113.355216, -7.153273979999938, 0.0 ], [ 113.355656998000086, -7.153385039999932, 0.0 ], [ 113.355785879000109, -7.153404029999933, 0.0 ], [ 113.356305, -7.153223040999933, 0.0 ], [ 113.356550160000097, -7.15312998099995, 0.0 ], [ 113.356815840000081, -7.153093979999937, 0.0 ], [ 113.356820160000098, -7.153093979999937, 0.0 ], [ 113.358089767000024, -7.152664572999981, 0.0 ], [ 113.359046491000072, -7.151765670999964, 0.0 ], [ 113.359616033000066, -7.15201082699997, 0.0 ], [ 113.359617895000042, -7.152009230999965, 0.0 ], [ 113.359888820000037, -7.152151143999959, 0.0 ], [ 113.360306415000082, -7.151915577999944, 0.0 ], [ 113.360425387000078, -7.151725221999925, 0.0 ], [ 113.360603848000096, -7.15158840099997, 0.0 ], [ 113.360794205000047, -7.151386147999972, 0.0 ], [ 113.360913178000033, -7.151261224999928, 0.0 ], [ 113.361091638000062, -7.151160097999934, 0.0 ], [ 113.361198713000022, -7.151076818999968, 0.0 ], [ 113.361264148000032, -7.150934048999943, 0.0 ], [ 113.36131173800004, -7.150749641999937, 0.0 ], [ 113.361356032000117, -7.150565288999928, 0.0 ], [ 113.36164605700003, -7.151054504999934, 0.0 ], [ 113.361677075000102, -7.151106824999943, 0.0 ], [ 113.362173865000045, -7.151863661999926, 0.0 ], [ 113.36309024600007, -7.151919654999972, 0.0 ], [ 113.363474329000042, -7.151898566999932, 0.0 ], [ 113.364075581000066, -7.151631183999939, 0.0 ], [ 113.364639551000096, -7.151413162999972, 0.0 ], [ 113.364941438000074, -7.151213935999976, 0.0 ], [ 113.365284780000025, -7.151136591999943, 0.0 ], [ 113.365716855000073, -7.151374448999945, 0.0 ], [ 113.365995663000035, -7.151824233999946, 0.0 ], [ 113.366107395000085, -7.152004484999964, 0.0 ], [ 113.366505364000091, -7.152085989999932, 0.0 ], [ 113.366745833000095, -7.152053395999928, 0.0 ], [ 113.367121964000034, -7.151967964999926, 0.0 ], [ 113.367194589000064, -7.151986289999968, 0.0 ], [ 113.368666813, -7.151748176999945, 0.0 ], [ 113.369529833000115, -7.151292756999965, 0.0 ], [ 113.370285845000012, -7.151029049999977, 0.0 ], [ 113.370778176000044, -7.150929890999976, 0.0 ], [ 113.371392105000041, -7.150860473999956, 0.0 ], [ 113.371822763000068, -7.150659434999966, 0.0 ], [ 113.372452136000106, -7.15037455199996, 0.0 ], [ 113.373279720000028, -7.149889826999981, 0.0 ], [ 113.374571729000081, -7.148184986999979, 0.0 ], [ 113.375495606000072, -7.147913169999981, 0.0 ], [ 113.375794333000044, -7.147624978999943, 0.0 ], [ 113.376262129000111, -7.14717367999998, 0.0 ], [ 113.376814236000087, -7.147411531999978, 0.0 ], [ 113.377528474000087, -7.147640055999943, 0.0 ], [ 113.377622077000069, -7.147676487999945, 0.0 ], [ 113.378649136000035, -7.148076238999977, 0.0 ], [ 113.37906633800003, -7.148299606999956, 0.0 ], [ 113.379258898000103, -7.148402702999931, 0.0 ], [ 113.379416937000087, -7.148727554999937, 0.0 ], [ 113.379482247000055, -7.148861799999963, 0.0 ], [ 113.379674784000031, -7.149233783999932, 0.0 ], [ 113.379782135000028, -7.149441188999958, 0.0 ], [ 113.380573963000074, -7.150550958999929, 0.0 ], [ 113.380944015000068, -7.152456008999934, 0.0 ], [ 113.381282996000095, -7.153304041999945, 0.0 ], [ 113.380396034000114, -7.154330018999929, 0.0 ], [ 113.379495662000068, -7.154669836999972, 0.0 ], [ 113.379482201000087, -7.155556833999981, 0.0 ], [ 113.379630249000115, -7.15689316299995, 0.0 ], [ 113.379663204000053, -7.158223423999971, 0.0 ], [ 113.379573277000077, -7.159821167999951, 0.0 ], [ 113.379540778000091, -7.160556453999959, 0.0 ], [ 113.379455016000065, -7.161123840999949, 0.0 ], [ 113.379042578000053, -7.16212608099994, 0.0 ], [ 113.378991785000039, -7.16277796299994, 0.0 ], [ 113.378962601000012, -7.164171986999975, 0.0 ], [ 113.378912657000114, -7.165059174999953, 0.0 ], [ 113.378953653000053, -7.165927907999958, 0.0 ], [ 113.379012257000113, -7.166723987999944, 0.0 ], [ 113.379206709000073, -7.167226801999959, 0.0 ], [ 113.379318825000041, -7.167802678999976, 0.0 ], [ 113.379441633000056, -7.168354071999943, 0.0 ], [ 113.379971971000032, -7.169268307999971, 0.0 ], [ 113.380184041, -7.170232111999951, 0.0 ], [ 113.380456090000052, -7.171170420999943, 0.0 ], [ 113.380517826000073, -7.171342891999927, 0.0 ], [ 113.380613219000111, -7.171609385999943, 0.0 ], [ 113.380950986000016, -7.17185182299994, 0.0 ], [ 113.381364905000055, -7.17203402399997, 0.0 ], [ 113.381498073000103, -7.172908713999959, 0.0 ], [ 113.381431507000116, -7.17325997599994, 0.0 ], [ 113.381347962000063, -7.173892182999964, 0.0 ], [ 113.381349984000053, -7.174371536999956, 0.0 ], [ 113.38131850000002, -7.174721262999981, 0.0 ], [ 113.381343709000021, -7.174947869999926, 0.0 ], [ 113.381386285000076, -7.175330586999962, 0.0 ], [ 113.381392516, -7.175386600999957, 0.0 ], [ 113.381402618000038, -7.175477404999981, 0.0 ], [ 113.381439977000014, -7.175730591999979, 0.0 ], [ 113.381443084000011, -7.176327884999978, 0.0 ], [ 113.381339052000044, -7.17721544099993, 0.0 ], [ 113.381413729000087, -7.17761319899995, 0.0 ], [ 113.381524918000082, -7.178101401999982, 0.0 ], [ 113.381437175000087, -7.178663110999935, 0.0 ], [ 113.381205124000076, -7.179370241999948, 0.0 ], [ 113.380974132, -7.179726854999956, 0.0 ], [ 113.380899316000068, -7.179842356999927, 0.0 ], [ 113.380785799000023, -7.179998417999968, 0.0 ], [ 113.380589138, -7.180268784999953, 0.0 ], [ 113.380502848000106, -7.180387413999938, 0.0 ], [ 113.380417781, -7.180548981999948, 0.0 ], [ 113.380266837000022, -7.180835671999944, 0.0 ], [ 113.380069205000041, -7.181216770999981, 0.0 ], [ 113.379944198000089, -7.181615654999973, 0.0 ], [ 113.379869971000062, -7.18164386899997, 0.0 ], [ 113.379654489000018, -7.181725775999951, 0.0 ], [ 113.379074862000039, -7.181891620999977, 0.0 ], [ 113.379003952000062, -7.182002209999951, 0.0 ], [ 113.378876853000065, -7.182200428999977, 0.0 ], [ 113.378554039000051, -7.182889957999976, 0.0 ], [ 113.378339664, -7.183524615999943, 0.0 ], [ 113.378162866000025, -7.18412419799995, 0.0 ], [ 113.378149281000105, -7.184137823999947, 0.0 ], [ 113.37794954200001, -7.184745566999936, 0.0 ], [ 113.377729171000055, -7.185231967999925, 0.0 ], [ 113.377771584000016, -7.185595826999929, 0.0 ], [ 113.377729165, -7.185933829999954, 0.0 ], [ 113.377509128000042, -7.186541678999959, 0.0 ], [ 113.377390514000012, -7.187108518999935, 0.0 ], [ 113.377233634000049, -7.187399213999981, 0.0 ], [ 113.377149710000026, -7.187554723999938, 0.0 ], [ 113.376909747000013, -7.188162404999957, 0.0 ], [ 113.376688925000053, -7.188547870999969, 0.0 ], [ 113.376666857000032, -7.188609421999956, 0.0 ], [ 113.376609042000041, -7.188770672999965, 0.0 ], [ 113.376529418000018, -7.189114922999977, 0.0 ], [ 113.376348513000039, -7.189398883999957, 0.0 ], [ 113.376127480000036, -7.189743957999951, 0.0 ], [ 113.375623859000029, -7.190292462999935, 0.0 ], [ 113.375120178000088, -7.190901692999944, 0.0 ], [ 113.374757812000098, -7.191348437999977, 0.0 ], [ 113.374393705000102, -7.191532410999969, 0.0 ], [ 113.374272851000114, -7.191654396999979, 0.0 ], [ 113.374112662000016, -7.19201912699998, 0.0 ], [ 113.373972907000052, -7.192424323999944, 0.0 ], [ 113.373752185000058, -7.192829940999957, 0.0 ], [ 113.37348178000002, -7.193123943999979, 0.0 ], [ 113.373369943000057, -7.193237125999929, 0.0 ], [ 113.373177345000045, -7.193432039999948, 0.0 ], [ 113.372440349000044, -7.193981741999949, 0.0 ], [ 113.371934684000053, -7.194619160999935, 0.0 ], [ 113.372164651000048, -7.195078273999968, 0.0 ], [ 113.372190938000017, -7.195556566999926, 0.0 ], [ 113.372398069000042, -7.195875783999952, 0.0 ], [ 113.372643628000105, -7.196166725999944, 0.0 ], [ 113.372943414000019, -7.19650108899998, 0.0 ], [ 113.373155857000029, -7.196810483999968, 0.0 ], [ 113.373252735000051, -7.196977017999927, 0.0 ], [ 113.373301954000112, -7.197061625999936, 0.0 ], [ 113.373493671, -7.197435458999962, 0.0 ], [ 113.37374825500001, -7.197915962999957, 0.0 ], [ 113.374098218000086, -7.198283106999952, 0.0 ], [ 113.374534854000103, -7.198584647999951, 0.0 ], [ 113.375297480000086, -7.198819432999926, 0.0 ], [ 113.375928501000089, -7.198902996999948, 0.0 ], [ 113.376277186000038, -7.199009713999942, 0.0 ], [ 113.376712505000114, -7.199072514999955, 0.0 ], [ 113.376758928000072, -7.199560694999946, 0.0 ], [ 113.376777606000019, -7.199867808999954, 0.0 ], [ 113.376806429000112, -7.200341739999942, 0.0 ], [ 113.37678867000011, -7.201101527999981, 0.0 ], [ 113.376770347000047, -7.201752609999971, 0.0 ], [ 113.376903803, -7.20227295799998, 0.0 ], [ 113.37703684600001, -7.202771440999925, 0.0 ], [ 113.377059807000023, -7.203010063999955, 0.0 ], [ 113.377040353000098, -7.203444185999956, 0.0 ], [ 113.376913529000035, -7.204139297999973, 0.0 ], [ 113.376806539000086, -7.204530499999976, 0.0 ], [ 113.376851629000043, -7.204834161999941, 0.0 ], [ 113.377027160000011, -7.205093679999948, 0.0 ], [ 113.377224109000053, -7.20535317599996, 0.0 ], [ 113.37731778400007, -7.205785987999946, 0.0 ], [ 113.377329926000016, -7.205996563999975, 0.0 ], [ 113.377367653000078, -7.206805762999977, 0.0 ], [ 113.3773472150001, -7.207193803999928, 0.0 ], [ 113.37720765600011, -7.20764496299995, 0.0 ], [ 113.377255122000065, -7.208069128999966, 0.0 ], [ 113.377255996000031, -7.208203334999951, 0.0 ], [ 113.377257486000076, -7.208432273999961, 0.0 ], [ 113.377423306000082, -7.208819726999934, 0.0 ], [ 113.377506657000026, -7.208889154999952, 0.0 ], [ 113.377752429000111, -7.209093872999972, 0.0 ], [ 113.377860733000034, -7.209290917999965, 0.0 ], [ 113.378021237000098, -7.209582933999968, 0.0 ], [ 113.378987418000065, -7.210869840999976, 0.0 ], [ 113.379318504000025, -7.210924943999942, 0.0 ], [ 113.379763480000065, -7.210982434999949, 0.0 ], [ 113.379782032000094, -7.210971799999925, 0.0 ], [ 113.379912231000048, -7.20978367999993, 0.0 ], [ 113.379727573000082, -7.208762155999977, 0.0 ], [ 113.379624204000038, -7.208457540999973, 0.0 ], [ 113.379541341000049, -7.208213351999973, 0.0 ], [ 113.379539373000057, -7.207836361999966, 0.0 ], [ 113.379685992000077, -7.207591539999953, 0.0 ], [ 113.379862323000111, -7.207253040999944, 0.0 ], [ 113.380029949000118, -7.206959016999974, 0.0 ], [ 113.380185212000015, -7.206582175999927, 0.0 ], [ 113.380424846000096, -7.206340648999969, 0.0 ], [ 113.380775178000022, -7.20606167699998, 0.0 ], [ 113.380977070000085, -7.205709469999931, 0.0 ], [ 113.381123469000045, -7.205320502999939, 0.0 ], [ 113.381306748000043, -7.205005350999954, 0.0 ], [ 113.381438677, -7.204730784999981, 0.0 ], [ 113.381618284000069, -7.204356990999941, 0.0 ], [ 113.381874611000057, -7.203782745999945, 0.0 ], [ 113.382040318, -7.203061228999957, 0.0 ], [ 113.381983414000047, -7.202253397999925, 0.0 ], [ 113.381915023000033, -7.201718254999946, 0.0 ], [ 113.381834411000114, -7.201300648999961, 0.0 ], [ 113.381648836000068, -7.200818347999927, 0.0 ], [ 113.381344167000066, -7.200180063999937, 0.0 ], [ 113.38092033700002, -7.199215823999964, 0.0 ], [ 113.380746647000024, -7.198550651999938, 0.0 ], [ 113.380732102000024, -7.198308822999934, 0.0 ], [ 113.380796128000043, -7.198008027999947, 0.0 ], [ 113.380847213000038, -7.197772724999936, 0.0 ], [ 113.380976659000112, -7.197523910999962, 0.0 ], [ 113.381092996, -7.197222844999942, 0.0 ], [ 113.381090816000096, -7.196805010999981, 0.0 ], [ 113.380958646000067, -7.196531352999955, 0.0 ], [ 113.380760407000025, -7.196166769999934, 0.0 ], [ 113.380641208000043, -7.195919248999928, 0.0 ], [ 113.380469570000059, -7.195632781999961, 0.0 ], [ 113.380468753000059, -7.195476004999932, 0.0 ], [ 113.380441062000045, -7.195188790999964, 0.0 ], [ 113.380451725000057, -7.194757787999947, 0.0 ], [ 113.380407536, -7.19441201099994, 0.0 ], [ 113.380363949000071, -7.193823965999968, 0.0 ], [ 113.380300085000044, -7.193296931999953, 0.0 ], [ 113.380337912000073, -7.192708462999974, 0.0 ], [ 113.380354646000114, -7.192038865999962, 0.0 ], [ 113.380392524000058, -7.191531634999933, 0.0 ], [ 113.380451706000031, -7.191145922999965, 0.0 ], [ 113.380631898000047, -7.190597106999974, 0.0 ], [ 113.380809618000058, -7.190296212999954, 0.0 ], [ 113.380851668000105, -7.190225018999968, 0.0 ], [ 113.381203259000017, -7.189974689999929, 0.0 ], [ 113.381575873000088, -7.189734462999979, 0.0 ], [ 113.381900358000053, -7.189409628999954, 0.0 ], [ 113.382194498000104, -7.189184381999951, 0.0 ], [ 113.382417486, -7.188953983999966, 0.0 ], [ 113.382892319, -7.188776916999927, 0.0 ], [ 113.382953802000088, -7.188785361999976, 0.0 ], [ 113.382967544000053, -7.188787248999972, 0.0 ], [ 113.383461621000038, -7.188855107999927, 0.0 ], [ 113.38376280500006, -7.188952455999981, 0.0 ], [ 113.384013185000072, -7.188977612999963, 0.0 ], [ 113.38427264500001, -7.18910903099993, 0.0 ], [ 113.384574182000051, -7.189148847999945, 0.0 ], [ 113.384855109000114, -7.189271726999948, 0.0 ], [ 113.38510498100004, -7.18936359199995, 0.0 ], [ 113.385282035000046, -7.189487010999926, 0.0 ], [ 113.385427980000031, -7.189569294999956, 0.0 ], [ 113.385544484000093, -7.189712673999963, 0.0 ], [ 113.385713106000026, -7.189809096999966, 0.0 ], [ 113.385775162000073, -7.189910291999979, 0.0 ], [ 113.385833745000014, -7.189946017999944, 0.0 ], [ 113.385908803, -7.189991790999954, 0.0 ], [ 113.385941962000061, -7.189988104999941, 0.0 ], [ 113.385953485000073, -7.189986823999959, 0.0 ], [ 113.386089753000078, -7.189971673999935, 0.0 ], [ 113.386163762000024, -7.190168190999941, 0.0 ], [ 113.386226916000055, -7.190343982999934, 0.0 ], [ 113.386373673000094, -7.190581597999937, 0.0 ], [ 113.386520164000103, -7.190839727999958, 0.0 ], [ 113.386687680000023, -7.191108319999955, 0.0 ], [ 113.386834708000038, -7.191397712999958, 0.0 ], [ 113.387012575000085, -7.191676462999965, 0.0 ], [ 113.387138610000079, -7.191903973999956, 0.0 ], [ 113.387180795000063, -7.192079873999944, 0.0 ], [ 113.387181661000113, -7.192245596999953, 0.0 ], [ 113.387130537000075, -7.19240119899996, 0.0 ], [ 113.387058763000027, -7.192546697999944, 0.0 ], [ 113.387050706000082, -7.192562987999963, 0.0 ], [ 113.387030934000109, -7.192602964999935, 0.0 ], [ 113.387007368000013, -7.192650612999955, 0.0 ], [ 113.387028877000034, -7.192754057999935, 0.0 ], [ 113.387060441000017, -7.192867841999941, 0.0 ], [ 113.387165669000069, -7.193126366999934, 0.0 ], [ 113.38723058000005, -7.193352570999934, 0.0 ], [ 113.387366804000067, -7.193559064999931, 0.0 ], [ 113.387492757000018, -7.193827873999965, 0.0 ], [ 113.387525161000099, -7.194045210999946, 0.0 ], [ 113.387536868000097, -7.194314705999943, 0.0 ], [ 113.387559705000058, -7.194728995999981, 0.0 ], [ 113.387571844000036, -7.195081260999928, 0.0 ], [ 113.387624323000068, -7.195184543999972, 0.0 ], [ 113.387751257000104, -7.195411753999963, 0.0 ], [ 113.387864063000052, -7.195664363999981, 0.0 ], [ 113.387876839000114, -7.195750761999932, 0.0 ], [ 113.387891400000058, -7.195908502999941, 0.0 ], [ 113.388010550000104, -7.196252001999937, 0.0 ], [ 113.388072672000021, -7.19643109499998, 0.0 ], [ 113.388433642000109, -7.197441364999975, 0.0 ], [ 113.388938827000061, -7.197605320999969, 0.0 ], [ 113.389010161000101, -7.197640442999955, 0.0 ], [ 113.389215289000049, -7.197741440999948, 0.0 ], [ 113.38940905600009, -7.197877991999974, 0.0 ], [ 113.389566232000107, -7.198051455999973, 0.0 ], [ 113.389759473000026, -7.198105451999936, 0.0 ], [ 113.389855491000048, -7.198134222999954, 0.0 ], [ 113.390031467000085, -7.198232843999961, 0.0 ], [ 113.39022392600009, -7.198353046999955, 0.0 ], [ 113.390449074000117, -7.198607150999976, 0.0 ], [ 113.390794573000107, -7.198649984999975, 0.0 ], [ 113.390824162000058, -7.198629580999977, 0.0 ], [ 113.39106847000005, -7.198461110999972, 0.0 ], [ 113.39108029700003, -7.198452955999926, 0.0 ], [ 113.391231465000033, -7.19846727099997, 0.0 ], [ 113.391365423000025, -7.198439524999969, 0.0 ], [ 113.391520760000049, -7.198490310999944, 0.0 ], [ 113.391824575000101, -7.198499552999976, 0.0 ], [ 113.391883270000108, -7.198501337999971, 0.0 ], [ 113.392232877000083, -7.198499509999976, 0.0 ], [ 113.392633839000041, -7.198471749999953, 0.0 ], [ 113.392996076000031, -7.198431, 0.0 ], [ 113.393203079000045, -7.198429916999942, 0.0 ], [ 113.393513516000098, -7.198415371999943, 0.0 ], [ 113.393746779000026, -7.198427072999948, 0.0 ], [ 113.394083503000047, -7.198515764999968, 0.0 ], [ 113.394329810000045, -7.198553061999974, 0.0 ], [ 113.394653496000046, -7.198603145999925, 0.0 ], [ 113.395120454000107, -7.198794350999947, 0.0 ], [ 113.395509387000061, -7.198934545999975, 0.0 ], [ 113.395918479000102, -7.199104997999939, 0.0 ], [ 113.396139002000041, -7.199220140999955, 0.0 ], [ 113.396450320000099, -7.199373483999977, 0.0 ], [ 113.396657932000039, -7.199488512999949, 0.0 ], [ 113.39680127500003, -7.199642734999941, 0.0 ], [ 113.396919043000025, -7.199900376999949, 0.0 ], [ 113.396985450000102, -7.200197052999954, 0.0 ], [ 113.397142415000076, -7.200557683999932, 0.0 ], [ 113.397338680000075, -7.200969976999943, 0.0 ], [ 113.397483382000019, -7.201382449999926, 0.0 ], [ 113.397666270000059, -7.201691436999965, 0.0 ], [ 113.397706621000111, -7.202014092999946, 0.0 ], [ 113.397694933000025, -7.202246568999954, 0.0 ], [ 113.397650112000065, -7.202436656999964, 0.0 ], [ 113.397625115000096, -7.202542631999961, 0.0 ], [ 113.397609671000055, -7.202608106999946, 0.0 ], [ 113.397564120000084, -7.202801270999942, 0.0 ], [ 113.397538937000036, -7.202908122999929, 0.0 ], [ 113.397457960000111, -7.202947028999972, 0.0 ], [ 113.397341709000102, -7.203002882999954, 0.0 ], [ 113.397251141000083, -7.20322389599994, 0.0 ], [ 113.397106310000026, -7.203359143999933, 0.0 ], [ 113.397015158000045, -7.203451086999962, 0.0 ], [ 113.396961690000012, -7.203784328999973, 0.0 ], [ 113.396916046000115, -7.203873727999962, 0.0 ], [ 113.396832315000097, -7.204037726999957, 0.0 ], [ 113.396810997000102, -7.204079480999951, 0.0 ], [ 113.396769624000058, -7.204160514999955, 0.0 ], [ 113.396754859000112, -7.204189433999943, 0.0 ], [ 113.396712045000072, -7.204190499999982, 0.0 ], [ 113.396494762000088, -7.204195909999953, 0.0 ], [ 113.396290908000083, -7.204200985999933, 0.0 ], [ 113.396173547000103, -7.204225078999968, 0.0 ], [ 113.396161722000102, -7.204227506999928, 0.0 ], [ 113.396164500000054, -7.204233914999975, 0.0 ], [ 113.396200852000106, -7.204317755999966, 0.0 ], [ 113.396279288000073, -7.204446382999947, 0.0 ], [ 113.396203416000048, -7.204551666999976, 0.0 ], [ 113.396176532000027, -7.204588972999943, 0.0 ], [ 113.395982905000096, -7.204693363999979, 0.0 ], [ 113.39594868100005, -7.204797285999973, 0.0 ], [ 113.395931781000058, -7.204848604999938, 0.0 ], [ 113.395985144000065, -7.205119595999975, 0.0 ], [ 113.395957821000025, -7.205212579999966, 0.0 ], [ 113.395947168000021, -7.205248833999974, 0.0 ], [ 113.395918588000086, -7.20525775699997, 0.0 ], [ 113.39577908900003, -7.20530131199996, 0.0 ], [ 113.395688631000098, -7.205327629999942, 0.0 ], [ 113.395637032000081, -7.205392419999953, 0.0 ], [ 113.395663768000077, -7.205495654999936, 0.0 ], [ 113.395715876000054, -7.205598757999951, 0.0 ], [ 113.395819990000064, -7.205714328999932, 0.0 ], [ 113.39578308800003, -7.205798407999964, 0.0 ], [ 113.395717708, -7.205947370999979, 0.0 ], [ 113.395486307000056, -7.206219853999926, 0.0 ], [ 113.395370404, -7.20638835699998, 0.0 ], [ 113.395312797000088, -7.206431929999951, 0.0 ], [ 113.39526730700004, -7.206466337999927, 0.0 ], [ 113.395150623000063, -7.206415170999946, 0.0 ], [ 113.394916650000027, -7.20618398199997, 0.0 ], [ 113.394825168000011, -7.206029487999956, 0.0 ], [ 113.3948130120001, -7.206158771999981, 0.0 ], [ 113.394800882000027, -7.206378328999961, 0.0 ], [ 113.394866612000101, -7.206545969999979, 0.0 ], [ 113.394919499000025, -7.206726328999935, 0.0 ], [ 113.394907133000061, -7.206829769999956, 0.0 ], [ 113.394829578000099, -7.206868941999971, 0.0 ], [ 113.394746984000108, -7.206896838999967, 0.0 ], [ 113.394674408000014, -7.206921352999927, 0.0 ], [ 113.394620556000064, -7.206975556999964, 0.0 ], [ 113.394609973000115, -7.206986208999979, 0.0 ], [ 113.394662182000047, -7.207037532999948, 0.0 ], [ 113.394804682000085, -7.207101576999946, 0.0 ], [ 113.394960325000056, -7.207139346999952, 0.0 ], [ 113.39498702700007, -7.207307101999959, 0.0 ], [ 113.394962497000051, -7.20755265799994, 0.0 ], [ 113.395002611000109, -7.207759017999933, 0.0 ], [ 113.39500376400008, -7.207978504999971, 0.0 ], [ 113.394988829000113, -7.208083583999951, 0.0 ], [ 113.394941298000049, -7.208417997999959, 0.0 ], [ 113.394852258000014, -7.208728320999967, 0.0 ], [ 113.394697969000049, -7.20894862199998, 0.0 ], [ 113.394439804000058, -7.209027506999973, 0.0 ], [ 113.394377119000069, -7.209037456999965, 0.0 ], [ 113.394185466000067, -7.209067876999939, 0.0 ], [ 113.394059721000076, -7.208968502999937, 0.0 ], [ 113.393883698000081, -7.208844452999926, 0.0 ], [ 113.393856931000073, -7.208844592999981, 0.0 ], [ 113.393808551, -7.208844845999977, 0.0 ], [ 113.393759528000032, -7.20904498699997, 0.0 ], [ 113.393725644000028, -7.209266723999974, 0.0 ], [ 113.39368687700005, -7.209520408999936, 0.0 ], [ 113.393615013000044, -7.210145739999973, 0.0 ], [ 113.39356809200001, -7.210745997999936, 0.0 ], [ 113.393546038000068, -7.211321006999981, 0.0 ], [ 113.393546926000113, -7.211489968999956, 0.0 ], [ 113.393550767000079, -7.212220911999964, 0.0 ], [ 113.393559553000046, -7.212271856999962, 0.0 ], [ 113.393576629000108, -7.212370869999972, 0.0 ], [ 113.393651777000059, -7.212370476999979, 0.0 ], [ 113.39387695500011, -7.212319234999939, 0.0 ], [ 113.394152208000037, -7.212267820999955, 0.0 ], [ 113.39430289500001, -7.212341941999966, 0.0 ], [ 113.39437883100004, -7.212491546999956, 0.0 ], [ 113.39435564900009, -7.212735533999933, 0.0 ], [ 113.394355071000064, -7.212741616999949, 0.0 ], [ 113.394256764000033, -7.213092199999949, 0.0 ], [ 113.394082217, -7.213400752999974, 0.0 ], [ 113.393958935000114, -7.213618682999936, 0.0 ], [ 113.393949473000021, -7.213630954999928, 0.0 ], [ 113.39378474800003, -7.213844600999948, 0.0 ], [ 113.39378044700004, -7.213885133999952, 0.0 ], [ 113.393760857000075, -7.214069731999928, 0.0 ], [ 113.393887073000087, -7.214244012999927, 0.0 ], [ 113.394138566000038, -7.214442758999951, 0.0 ], [ 113.394289518000051, -7.214566939999941, 0.0 ], [ 113.394315249000101, -7.214691687999959, 0.0 ], [ 113.394291996000106, -7.214910807999956, 0.0 ], [ 113.394291358000032, -7.214916817999949, 0.0 ], [ 113.394173519000105, -7.215129247999926, 0.0 ], [ 113.394008440000107, -7.215398311999934, 0.0 ], [ 113.393869309000024, -7.215705553999953, 0.0 ], [ 113.3938606910001, -7.215758155999936, 0.0 ], [ 113.393604535, -7.217321738999942, 0.0 ], [ 113.393596313000103, -7.217292628999928, 0.0 ], [ 113.393484236000063, -7.217275357999938, 0.0 ], [ 113.393412347000094, -7.217645210999933, 0.0 ], [ 113.393110214000103, -7.217754426999932, 0.0 ], [ 113.392985393000117, -7.21779954699997, 0.0 ], [ 113.392040037000015, -7.217878722999956, 0.0 ], [ 113.391613963000054, -7.217850683999927, 0.0 ], [ 113.391532699000095, -7.217765161999978, 0.0 ], [ 113.391532547000111, -7.21776429099998, 0.0 ], [ 113.39151783300008, -7.217679764999957, 0.0 ], [ 113.390098061000117, -7.217642213999966, 0.0 ], [ 113.390085612, -7.217641884999978, 0.0 ], [ 113.390082327000073, -7.217640220999954, 0.0 ], [ 113.389853960000096, -7.217524534999939, 0.0 ], [ 113.389196286000015, -7.217547606999972, 0.0 ], [ 113.389184670000077, -7.217548013999931, 0.0 ], [ 113.389179688000013, -7.217546419999962, 0.0 ], [ 113.388882763000083, -7.217451399999959, 0.0 ], [ 113.388859629000081, -7.217382537999981, 0.0 ], [ 113.38856674200008, -7.217378047999944, 0.0 ], [ 113.388381417, -7.217493240999943, 0.0 ], [ 113.388381100000061, -7.217493437999963, 0.0 ], [ 113.38837202000002, -7.217492644999936, 0.0 ], [ 113.388252447000013, -7.217482195999935, 0.0 ], [ 113.388251835, -7.217482142999927, 0.0 ], [ 113.388251833000027, -7.217482099999927, 0.0 ], [ 113.388245778000055, -7.217367501999945, 0.0 ], [ 113.387321519000011, -7.217237164999972, 0.0 ], [ 113.38682962900009, -7.217113787999949, 0.0 ], [ 113.386401016000036, -7.217090912999936, 0.0 ], [ 113.386398458000031, -7.217090775999964, 0.0 ], [ 113.386398458000031, -7.217090287999952, 0.0 ], [ 113.386398383000028, -7.216925809999964, 0.0 ], [ 113.386318268000082, -7.216924690999974, 0.0 ], [ 113.386283537000054, -7.216924205999931, 0.0 ], [ 113.386054733000037, -7.216921009999965, 0.0 ], [ 113.385192006000011, -7.216908959999955, 0.0 ], [ 113.383674538000037, -7.216755941999963, 0.0 ], [ 113.383659709000085, -7.21686669099995, 0.0 ], [ 113.383646456000065, -7.216965670999969, 0.0 ], [ 113.383185553000089, -7.216938740999979, 0.0 ], [ 113.383172645000059, -7.216816728999959, 0.0 ], [ 113.383155463000094, -7.216654313999925, 0.0 ], [ 113.382848194000076, -7.216636359999939, 0.0 ], [ 113.382825004000097, -7.216775285999972, 0.0 ], [ 113.382813148000082, -7.216846313999952, 0.0 ], [ 113.382329784000035, -7.216771379999955, 0.0 ], [ 113.382228669000028, -7.216673743999934, 0.0 ], [ 113.382099563000111, -7.216549079999936, 0.0 ], [ 113.381882138000037, -7.216507350999962, 0.0 ], [ 113.381862295000019, -7.216642694999962, 0.0 ], [ 113.381842148000032, -7.21678011299997, 0.0 ], [ 113.381619331000024, -7.216787283999963, 0.0 ], [ 113.381609915000013, -7.216621308999947, 0.0 ], [ 113.381603169000073, -7.21650240699995, 0.0 ], [ 113.381260858000019, -7.21647861799994, 0.0 ], [ 113.381258851000098, -7.216591555999969, 0.0 ], [ 113.381255907000082, -7.216757213999927, 0.0 ], [ 113.381039155000053, -7.216736344999958, 0.0 ], [ 113.381013492000079, -7.216570763999925, 0.0 ], [ 113.380995141000085, -7.216452363999963, 0.0 ], [ 113.379296832000023, -7.21631210399994, 0.0 ], [ 113.379277666, -7.216421516999958, 0.0 ], [ 113.379237970000077, -7.216648124999949, 0.0 ], [ 113.37891632100002, -7.216616707999947, 0.0 ], [ 113.378938874000028, -7.216393, 0.0 ], [ 113.378948004000108, -7.21630244399995, 0.0 ], [ 113.378164546000107, -7.216216273999976, 0.0 ], [ 113.378167008000105, -7.216354305999971, 0.0 ], [ 113.378167021000081, -7.216355050999937, 0.0 ], [ 113.377965682000081, -7.216346926999961, 0.0 ], [ 113.377965628000084, -7.216346483999928, 0.0 ], [ 113.377948016, -7.216202356999929, 0.0 ], [ 113.37766230200009, -7.216204587999925, 0.0 ], [ 113.377664620000019, -7.216334777999975, 0.0 ], [ 113.377581307000014, -7.216331415999946, 0.0 ], [ 113.377550668000026, -7.216201217999981, 0.0 ], [ 113.377480588000026, -7.216189550999957, 0.0 ], [ 113.377449648000038, -7.216329315999928, 0.0 ], [ 113.377449630000115, -7.216329394999946, 0.0 ], [ 113.377234851000026, -7.216326555999956, 0.0 ], [ 113.377234677000047, -7.216326183999968, 0.0 ], [ 113.377181620000101, -7.21621308999994, 0.0 ], [ 113.376616482000031, -7.216196464999939, 0.0 ], [ 113.376607103000083, -7.216321192999942, 0.0 ], [ 113.376607027000091, -7.216322200999969, 0.0 ], [ 113.376439867000045, -7.216324988999929, 0.0 ], [ 113.376439779000066, -7.216323976999945, 0.0 ], [ 113.376428028000078, -7.216188604999957, 0.0 ], [ 113.376295951000088, -7.216199814999925, 0.0 ], [ 113.37628703300004, -7.216326521999974, 0.0 ], [ 113.376286961, -7.216327538999963, 0.0 ], [ 113.37627550000002, -7.216430187999947, 0.0 ], [ 113.376058520000015, -7.21640236199994, 0.0 ], [ 113.376042194000092, -7.216330595999978, 0.0 ], [ 113.376009787000044, -7.216188135999971, 0.0 ], [ 113.374816835000047, -7.216156896999962, 0.0 ], [ 113.374293246000093, -7.216131969999935, 0.0 ], [ 113.37319732200001, -7.216083682999965, 0.0 ], [ 113.371661358000097, -7.216007773999934, 0.0 ], [ 113.371658670000102, -7.21616488199993, 0.0 ], [ 113.371658665000041, -7.21616518899998, 0.0 ], [ 113.371485284000073, -7.216163150999932, 0.0 ], [ 113.37148516600007, -7.216162746999942, 0.0 ], [ 113.371445943000026, -7.216028622999943, 0.0 ], [ 113.370644485000071, -7.216033509999932, 0.0 ], [ 113.37014200100009, -7.216014859999973, 0.0 ], [ 113.370141993000061, -7.21614481599994, 0.0 ], [ 113.370141987000011, -7.216230658999962, 0.0 ], [ 113.369849525000063, -7.21624006299993, 0.0 ], [ 113.369849163000026, -7.21614016999996, 0.0 ], [ 113.369848642000079, -7.215996446999952, 0.0 ], [ 113.368522456000051, -7.215941624999971, 0.0 ], [ 113.367887886000062, -7.215934179999977, 0.0 ], [ 113.367879473000016, -7.216077680999945, 0.0 ], [ 113.367874393000079, -7.216164336999952, 0.0 ], [ 113.367727712000033, -7.216155129999947, 0.0 ], [ 113.367738767000105, -7.216066858999966, 0.0 ], [ 113.36776097500001, -7.21588952999997, 0.0 ], [ 113.367586216000063, -7.215874263999979, 0.0 ], [ 113.367560149000042, -7.216053120999959, 0.0 ], [ 113.367529134000051, -7.216265933999978, 0.0 ], [ 113.367354599, -7.216257621999944, 0.0 ], [ 113.367378697000049, -7.216039162999948, 0.0 ], [ 113.36739775500007, -7.215866399999925, 0.0 ], [ 113.366649077000034, -7.215779082999973, 0.0 ], [ 113.366639994000025, -7.21598234399994, 0.0 ], [ 113.366628828000103, -7.216232222999963, 0.0 ], [ 113.366600062000089, -7.216421103999949, 0.0 ], [ 113.366320401000053, -7.216395286999955, 0.0 ], [ 113.366290978000052, -7.216347502999952, 0.0 ], [ 113.366150363000088, -7.216310254999939, 0.0 ], [ 113.366189697000095, -7.215947707999931, 0.0 ], [ 113.366209480000066, -7.21576536799995, 0.0 ], [ 113.364975144000027, -7.215749348999964, 0.0 ], [ 113.364967757000045, -7.215924829999949, 0.0 ], [ 113.364967715000034, -7.21592581799996, 0.0 ], [ 113.364953229000093, -7.215925524999932, 0.0 ], [ 113.364940054000044, -7.216390925999974, 0.0 ], [ 113.364880877000019, -7.217799032999949, 0.0 ], [ 113.363088318000109, -7.217766156999971, 0.0 ], [ 113.363129819000051, -7.215930072999981, 0.0 ], [ 113.363134298000091, -7.215731930999937, 0.0 ], [ 113.36168340100005, -7.215701975999934, 0.0 ], [ 113.360832939000034, -7.215701455999977, 0.0 ], [ 113.360140398000112, -7.215626243999964, 0.0 ], [ 113.359539056000017, -7.215568985999937, 0.0 ], [ 113.359529609000106, -7.215708520999954, 0.0 ], [ 113.359362480000073, -7.215713889999961, 0.0 ], [ 113.359364991, -7.215791832999969, 0.0 ], [ 113.3593725610001, -7.216026836999959, 0.0 ], [ 113.358925986000031, -7.216013336999936, 0.0 ], [ 113.358933586000035, -7.21577823299998, 0.0 ], [ 113.358939953000117, -7.215581269999973, 0.0 ], [ 113.358890311000096, -7.215555017999975, 0.0 ], [ 113.358733505000032, -7.21566447899994, 0.0 ], [ 113.358698462, -7.215658643999973, 0.0 ], [ 113.35865961200011, -7.215534582999965, 0.0 ], [ 113.357697047000102, -7.215516770999955, 0.0 ], [ 113.357041780000031, -7.215516932999947, 0.0 ], [ 113.356386288000067, -7.215510139999935, 0.0 ], [ 113.355917921000014, -7.215469488999929, 0.0 ], [ 113.355513123000037, -7.21545464299993, 0.0 ], [ 113.35531724000009, -7.215433086999951, 0.0 ], [ 113.355163588000096, -7.215424097999971, 0.0 ], [ 113.355113721000066, -7.21539089099997, 0.0 ], [ 113.355098002000091, -7.215335701999948, 0.0 ], [ 113.355033547000062, -7.215330637999955, 0.0 ], [ 113.354972205000081, -7.215325818999929, 0.0 ], [ 113.354953719000036, -7.215566621999926, 0.0 ], [ 113.354942738000091, -7.21570965899997, 0.0 ], [ 113.3549334920001, -7.216071964999969, 0.0 ], [ 113.354192411000099, -7.216005262999943, 0.0 ], [ 113.354177768000113, -7.216416475999949, 0.0 ], [ 113.354093222000074, -7.217254599999933, 0.0 ], [ 113.354025519000061, -7.218182685999977, 0.0 ], [ 113.353990437000107, -7.218608479999943, 0.0 ], [ 113.353980522000029, -7.218949923999958, 0.0 ], [ 113.352680747000022, -7.218852443999936, 0.0 ], [ 113.351178336000089, -7.218740582999942, 0.0 ], [ 113.350486434000118, -7.218686224999942, 0.0 ], [ 113.349222133000012, -7.218608477999965, 0.0 ], [ 113.348558081000078, -7.218553221999969, 0.0 ], [ 113.348684289000062, -7.21684350299995, 0.0 ], [ 113.348748852000085, -7.216033848999928, 0.0 ], [ 113.348755631000017, -7.215843027999938, 0.0 ], [ 113.348755708000112, -7.215842037999948, 0.0 ], [ 113.348781035000115, -7.215517635999959, 0.0 ], [ 113.348806902000092, -7.215238329999977, 0.0 ], [ 113.348843787000078, -7.214868164999928, 0.0 ], [ 113.348410003000026, -7.214819430999967, 0.0 ], [ 113.348373392000099, -7.214764910999975, 0.0 ], [ 113.34818446700001, -7.214743126999963, 0.0 ], [ 113.348122462000106, -7.214766002999966, 0.0 ], [ 113.347292172000039, -7.214743916999964, 0.0 ], [ 113.346407956, -7.214779254999939, 0.0 ], [ 113.345878684000013, -7.214796239999941, 0.0 ], [ 113.344575942, -7.214824118999957, 0.0 ], [ 113.343886265000037, -7.214839285999972, 0.0 ], [ 113.343440109000085, -7.214839676999929, 0.0 ], [ 113.343313187000035, -7.214795014999936, 0.0 ], [ 113.343208948000097, -7.214805320999972, 0.0 ], [ 113.343198348000101, -7.215125916999966, 0.0 ], [ 113.342772859000092, -7.215118681999968, 0.0 ], [ 113.342776467000022, -7.215014134999933, 0.0 ], [ 113.342650887000104, -7.215011201999971, 0.0 ], [ 113.34247722900011, -7.215030697999964, 0.0 ], [ 113.342325358000039, -7.215077342999962, 0.0 ], [ 113.342201121000016, -7.215116138999974, 0.0 ], [ 113.342118445000096, -7.215146639999944, 0.0 ], [ 113.342077778000089, -7.215182754999944, 0.0 ], [ 113.342073499000094, -7.215266437999958, 0.0 ], [ 113.342061779, -7.215552259999981, 0.0 ], [ 113.341851733000112, -7.21552418899995, 0.0 ], [ 113.34186619500008, -7.214890172999958, 0.0 ], [ 113.340884010000082, -7.214914718999978, 0.0 ], [ 113.340874108000094, -7.215040354999928, 0.0 ], [ 113.340706741000076, -7.215038761999949, 0.0 ], [ 113.340703609000116, -7.214941392999947, 0.0 ], [ 113.340557136000029, -7.214939128999958, 0.0 ], [ 113.340520271000059, -7.215093478999961, 0.0 ], [ 113.340281696000034, -7.215045434999979, 0.0 ], [ 113.340167582000049, -7.214965549999931, 0.0 ], [ 113.340042225000047, -7.214969570999926, 0.0 ], [ 113.33967963300006, -7.214967276999971, 0.0 ], [ 113.339577405000114, -7.215040177999981, 0.0 ], [ 113.339487988000087, -7.215077856999926, 0.0 ], [ 113.339377230000082, -7.215102295999941, 0.0 ], [ 113.339273436000099, -7.215126511999927, 0.0 ], [ 113.339196828000013, -7.215128969999967, 0.0 ], [ 113.339084727000113, -7.215111678999961, 0.0 ], [ 113.339092303000029, -7.215563977999977, 0.0 ], [ 113.338518094000051, -7.215484925999931, 0.0 ], [ 113.338563744000112, -7.215170161999936, 0.0 ], [ 113.338346506000107, -7.215135356999951, 0.0 ], [ 113.338274626000043, -7.215068039999949, 0.0 ], [ 113.338208592000115, -7.214965724999956, 0.0 ], [ 113.338087737000023, -7.214893016999952, 0.0 ], [ 113.337932955000042, -7.214849244999925, 0.0 ], [ 113.337828490000106, -7.214852595999957, 0.0 ], [ 113.337710095000034, -7.214856392999934, 0.0 ], [ 113.337563843000112, -7.21486108299996, 0.0 ], [ 113.337528320000047, -7.215057164999962, 0.0 ], [ 113.337345232000075, -7.215000376999967, 0.0 ], [ 113.33731402, -7.214896943999975, 0.0 ], [ 113.33727740900008, -7.214842419999968, 0.0 ], [ 113.337206423000111, -7.214802922999979, 0.0 ], [ 113.337178342000016, -7.214796861999957, 0.0 ], [ 113.337110624000047, -7.215097066999931, 0.0 ], [ 113.337092918000053, -7.215175562999946, 0.0 ], [ 113.336205337000024, -7.214890724999975, 0.0 ], [ 113.33626782500005, -7.214665928999977, 0.0 ], [ 113.336317975000043, -7.214507671999968, 0.0 ], [ 113.336272498000085, -7.214498633999938, 0.0 ], [ 113.33606983300001, -7.214458354999977, 0.0 ], [ 113.336038708000046, -7.214452168999969, 0.0 ], [ 113.335286996000036, -7.214284806999956, 0.0 ], [ 113.335282323000115, -7.214283766999927, 0.0 ], [ 113.335282272000086, -7.214283873999932, 0.0 ], [ 113.335227474000021, -7.214399908999951, 0.0 ], [ 113.334983718000103, -7.214407724999944, 0.0 ], [ 113.334757054000079, -7.214296632999947, 0.0 ], [ 113.334660133000057, -7.214161080999929, 0.0 ], [ 113.334596457000089, -7.21407202499995, 0.0 ], [ 113.334189612000046, -7.213994557999968, 0.0 ], [ 113.333749345000115, -7.214038219999964, 0.0 ], [ 113.333747204000019, -7.214038114999937, 0.0 ], [ 113.333134328000028, -7.214008078999939, 0.0 ], [ 113.332684480000012, -7.214009782999938, 0.0 ], [ 113.332363676000114, -7.214022886999942, 0.0 ], [ 113.33233565, -7.214023079999947, 0.0 ], [ 113.33174960000008, -7.214027108999971, 0.0 ], [ 113.330563697000116, -7.214035261999925, 0.0 ], [ 113.330437292000056, -7.214163576999965, 0.0 ], [ 113.330215096000074, -7.21419158599997, 0.0 ], [ 113.329804631000115, -7.214218666999955, 0.0 ], [ 113.329464035000115, -7.214250469999968, 0.0 ], [ 113.329164556000023, -7.21426006799993, 0.0 ], [ 113.329094462000057, -7.214248388999977, 0.0 ], [ 113.327235473000087, -7.214062861999935, 0.0 ], [ 113.326807170000052, -7.213663112999939, 0.0 ], [ 113.326592813000047, -7.213670768999975, 0.0 ], [ 113.326516330000118, -7.21367349999997, 0.0 ], [ 113.326407421000113, -7.21367738899994, 0.0 ], [ 113.326293207000049, -7.21386298699997, 0.0 ], [ 113.325882430000092, -7.214142683999967, 0.0 ], [ 113.325882217000071, -7.214142835999951, 0.0 ], [ 113.325359112000115, -7.214514300999952, 0.0 ], [ 113.324880070000063, -7.214794229999939, 0.0 ], [ 113.324394732000087, -7.215095247999955, 0.0 ], [ 113.324039266000113, -7.215315516999965, 0.0 ], [ 113.323794119000013, -7.215497437999943, 0.0 ], [ 113.323535489000051, -7.215693716999965, 0.0 ], [ 113.32334404900007, -7.21581125299997, 0.0 ], [ 113.323164751000036, -7.215872699999977, 0.0 ], [ 113.322938486000112, -7.215991351999946, 0.0 ], [ 113.322828836000099, -7.216050566999968, 0.0 ], [ 113.322691997000106, -7.216131540999982, 0.0 ], [ 113.322541675000025, -7.216226872999925, 0.0 ], [ 113.322383941000112, -7.216308516999959, 0.0 ], [ 113.322233618000041, -7.21640384799997, 0.0 ], [ 113.322042177000071, -7.216521385999954, 0.0 ], [ 113.321774568000023, -7.216655288999959, 0.0 ], [ 113.321576162000042, -7.216773049999972, 0.0 ], [ 113.321487406000074, -7.216831595999963, 0.0 ], [ 113.321112156000027, -7.217087314999958, 0.0 ], [ 113.320989469000097, -7.217174798999963, 0.0 ], [ 113.320809945000065, -7.217229290999967, 0.0 ], [ 113.320596490000071, -7.217312720999928, 0.0 ], [ 113.320473579, -7.21739324899994, 0.0 ], [ 113.320356962, -7.21745268799998, 0.0 ], [ 113.320192038000073, -7.217527599999926, 0.0 ], [ 113.319971617000078, -7.217611252999973, 0.0 ], [ 113.319786915, -7.217721612999981, 0.0 ], [ 113.319643555000084, -7.217816722999942, 0.0 ], [ 113.319534797000074, -7.217903760999945, 0.0 ], [ 113.319432333, -7.217969708999931, 0.0 ], [ 113.319218877000026, -7.218053139999938, 0.0 ], [ 113.319046503000095, -7.218235463999974, 0.0 ], [ 113.319045681000034, -7.218236332999936, 0.0 ], [ 113.319039882000084, -7.218238278999934, 0.0 ], [ 113.318716847000019, -7.218346658999963, 0.0 ], [ 113.318716806000111, -7.218346672999928, 0.0 ], [ 113.318630848000112, -7.218375511999966, 0.0 ], [ 113.31862831, -7.218375955999932, 0.0 ], [ 113.31807497300008, -7.218472746999964, 0.0 ], [ 113.317783782000106, -7.218523853999955, 0.0 ], [ 113.317554829000073, -7.218559040999935, 0.0 ], [ 113.31677675100002, -7.21864663599996, 0.0 ], [ 113.315782975000047, -7.218748102999939, 0.0 ], [ 113.315462356000012, -7.218751411999961, 0.0 ], [ 113.315392258000088, -7.21873973199996, 0.0 ], [ 113.315341083000021, -7.218448928999976, 0.0 ], [ 113.315176477000023, -7.218415921999963, 0.0 ], [ 113.314891963000036, -7.218358871999953, 0.0 ], [ 113.314667291000092, -7.218310365999969, 0.0 ], [ 113.314541248000069, -7.218293513999981, 0.0 ], [ 113.314415205000046, -7.218276662999926, 0.0 ], [ 113.31432398700008, -7.218258695999964, 0.0 ], [ 113.314217946000099, -7.218213351999964, 0.0 ], [ 113.314134141000068, -7.218209072999969, 0.0 ], [ 113.313882301000035, -7.218101801999978, 0.0 ], [ 113.313628738000034, -7.218095499999947, 0.0 ], [ 113.313627809000081, -7.218095244999972, 0.0 ], [ 113.313234556000111, -7.217987219999941, 0.0 ], [ 113.313028220000092, -7.217998981999926, 0.0 ], [ 113.312909126000022, -7.218077034999965, 0.0 ], [ 113.312673172000018, -7.218231677999938, 0.0 ], [ 113.312416190000022, -7.218317337999963, 0.0 ], [ 113.312187762, -7.218260230999931, 0.0 ], [ 113.312016440000093, -7.218160292999926, 0.0 ], [ 113.311488200000099, -7.218074632999958, 0.0 ], [ 113.310817192000059, -7.218046079999965, 0.0 ], [ 113.310835515, -7.217895124999927, 0.0 ], [ 113.310855658000037, -7.217729177999956, 0.0 ], [ 113.310694340000055, -7.217699527999969, 0.0 ], [ 113.310691256000041, -7.217386289999979, 0.0 ], [ 113.310674629, -7.217384565999964, 0.0 ], [ 113.310537350000118, -7.217370327999959, 0.0 ], [ 113.310476354000116, -7.217874835999964, 0.0 ], [ 113.31047624200005, -7.217875764999974, 0.0 ], [ 113.30987497600006, -7.217912318999936, 0.0 ], [ 113.309874889000071, -7.217911278999964, 0.0 ], [ 113.309835420000013, -7.217441543999939, 0.0 ], [ 113.309709375000011, -7.217424690999962, 0.0 ], [ 113.309404465000057, -7.217483194999943, 0.0 ], [ 113.309452509000039, -7.217956080999954, 0.0 ], [ 113.309452637000049, -7.217957341999977, 0.0 ], [ 113.309411624000063, -7.217960416999972, 0.0 ], [ 113.308369449000111, -7.218038564999972, 0.0 ], [ 113.308331720000069, -7.217949252999972, 0.0 ], [ 113.308025021000049, -7.217952108999953, 0.0 ], [ 113.30781606000005, -7.217958798999973, 0.0 ], [ 113.307739665000099, -7.217968207999945, 0.0 ], [ 113.307621253000093, -7.217971998999928, 0.0 ], [ 113.307489581000027, -7.217997102999959, 0.0 ], [ 113.307329378000077, -7.218002231999947, 0.0 ], [ 113.307210296000108, -7.217985154999951, 0.0 ], [ 113.307120416000089, -7.218008921999967, 0.0 ], [ 113.307064873000058, -7.218233520999945, 0.0 ], [ 113.306303635000063, -7.218195221999963, 0.0 ], [ 113.306043905000024, -7.218140867999978, 0.0 ], [ 113.30570487600005, -7.218005493999954, 0.0 ], [ 113.305693892000022, -7.217880507999951, 0.0 ], [ 113.305337316000077, -7.217850141999975, 0.0 ], [ 113.305292668000106, -7.217990577999956, 0.0 ], [ 113.305292445000077, -7.217991277999943, 0.0 ], [ 113.305038296000021, -7.21791041299997, 0.0 ], [ 113.30504208800005, -7.21777603299995, 0.0 ], [ 113.304451186000051, -7.217613901999925, 0.0 ], [ 113.303150742000071, -7.217286467999941, 0.0 ], [ 113.301591230000099, -7.216925534999973, 0.0 ], [ 113.301539834000096, -7.217162908999967, 0.0 ], [ 113.301524428000107, -7.217234058999964, 0.0 ], [ 113.301278402000094, -7.21717229799998, 0.0 ], [ 113.30130981800005, -7.217096959999935, 0.0 ], [ 113.301353597000116, -7.216991975999974, 0.0 ], [ 113.301407894000022, -7.216861767999944, 0.0 ], [ 113.301167997000107, -7.21681403599996, 0.0 ], [ 113.300593864, -7.216699801999937, 0.0 ], [ 113.300139317000117, -7.216658636999966, 0.0 ], [ 113.299838904000012, -7.216640393999967, 0.0 ] ] ] ] } }
]
}
