{
"type": "FeatureCollection",
"name": "Kec_Ketapang",
"crs": { "type": "name", "properties": { "name": "urn:ogc:def:crs:OGC:1.3:CRS84" } },
"features": [
{ "type": "Feature", "properties": { "OBJECTID": 33281.0, "NAMOBJ": "Banyusokah", "FCODE": "BA03070040", "METADATA": "TASWIL1000020221227_DATA_BATAS_DESAKELURAHAN", "SRS_ID": "SRGI 2013", "KDCPUM": "35.27.12", "KDEPUM": "35.27.12.2014", "KDPKAB": "35.27", "KDPPUM": "35", "LUASWH": 0.0, "TIPADM": 1.0, "WADMKC": "Ketapang", "WADMKD": "Banyusokah", "WADMKK": "Sampang", "WADMPR": "Jawa Timur", "UUPP": "Hasil Delineasi Batas Desa 2019", "LUAS": 7.77839083 }, "geometry": { "type": "MultiPolygon", "coordinates": [ [ [ [ 113.30066234100002, -6.96426820399995, 0.0 ], [ 113.300364908, -6.965011785999934, 0.0 ], [ 113.299829529000021, -6.965219987999944, 0.0 ], [ 113.298312623000015, -6.965547163999929, 0.0 ], [ 113.298312623000015, -6.96608254299997, 0.0 ], [ 113.297212122000019, -6.966023057999962, 0.0 ], [ 113.296944433000021, -6.966231259999972, 0.0 ], [ 113.296528027000022, -6.965933826999958, 0.0 ], [ 113.295943529000056, -6.965679696999928, 0.0 ], [ 113.295906029000093, -6.965654102999963, 0.0 ], [ 113.295285089000117, -6.96536445299995, 0.0 ], [ 113.294821094000099, -6.965221683999971, 0.0 ], [ 113.294581824000034, -6.965148061999969, 0.0 ], [ 113.294059336000032, -6.964863068999932, 0.0 ], [ 113.293289590000086, -6.964356162999934, 0.0 ], [ 113.293269, -6.96429, 0.0 ], [ 113.293023840000046, -6.964023959999963, 0.0 ], [ 113.292919078000068, -6.963956009999947, 0.0 ], [ 113.292757080000115, -6.963849990999961, 0.0 ], [ 113.292681221000066, -6.963808040999936, 0.0 ], [ 113.292504, -6.963710039999967, 0.0 ], [ 113.292406080000092, -6.963600958999962, 0.0 ], [ 113.292363960000102, -6.963553980999961, 0.0 ], [ 113.292306, -6.963438959999962, 0.0 ], [ 113.292174960000011, -6.963181019999979, 0.0 ], [ 113.292172080000114, -6.963003, 0.0 ], [ 113.292165960000034, -6.96258, 0.0 ], [ 113.292123158000095, -6.962498383999957, 0.0 ], [ 113.291927056000077, -6.962257027999954, 0.0 ], [ 113.291750880000109, -6.962111008999955, 0.0 ], [ 113.291448119000052, -6.961851, 0.0 ], [ 113.291109135000056, -6.961640595999938, 0.0 ], [ 113.290597551000019, -6.961295572999973, 0.0 ], [ 113.290157351000062, -6.961152805999973, 0.0 ], [ 113.289858242000037, -6.961031737999974, 0.0 ], [ 113.28965766400006, -6.960950551999929, 0.0 ], [ 113.28905090100011, -6.960974345999944, 0.0 ], [ 113.288505064000105, -6.961083513999938, 0.0 ], [ 113.288318887000059, -6.961055931999965, 0.0 ], [ 113.287783508000075, -6.961026188999938, 0.0 ], [ 113.287545562000105, -6.960966701999951, 0.0 ], [ 113.287400175000016, -6.960941634999926, 0.0 ], [ 113.2873019970001, -6.960914859999946, 0.0 ], [ 113.286766618000115, -6.96079588799995, 0.0 ], [ 113.286639421000018, -6.960755718999962, 0.0 ], [ 113.28648733600005, -6.960538454999948, 0.0 ], [ 113.286474804000022, -6.960442377999925, 0.0 ], [ 113.286474805000012, -6.959977313999957, 0.0 ], [ 113.286474804000022, -6.959836457999927, 0.0 ], [ 113.286610558, -6.959451821999949, 0.0 ], [ 113.2865753210001, -6.959159861999979, 0.0 ], [ 113.286327840000013, -6.958617029999971, 0.0 ], [ 113.28584688, -6.958841038999935, 0.0 ], [ 113.285192040000084, -6.959178, 0.0 ], [ 113.284661038000081, -6.959439990999954, 0.0 ], [ 113.284217160000026, -6.959628, 0.0 ], [ 113.2838020800001, -6.959759038999948, 0.0 ], [ 113.282107920000044, -6.960734010999943, 0.0 ], [ 113.280644160000065, -6.961445009999977, 0.0 ], [ 113.279398920000062, -6.961832009999966, 0.0 ], [ 113.277395880000086, -6.962322959999938, 0.0 ], [ 113.27677884000002, -6.962416019999978, 0.0 ], [ 113.27641992000008, -6.962479019999932, 0.0 ], [ 113.275801080000065, -6.96251898099996, 0.0 ], [ 113.275368, -6.962497019999944, 0.0 ], [ 113.275168920000056, -6.962436, 0.0 ], [ 113.274847080000086, -6.962239978999946, 0.0 ], [ 113.2742509200001, -6.96193298999998, 0.0 ], [ 113.273804160000054, -6.961725000999934, 0.0 ], [ 113.27319612000008, -6.961481009999943, 0.0 ], [ 113.27278716, -6.961346998999943, 0.0 ], [ 113.272291080000059, -6.961201020999965, 0.0 ], [ 113.271857998000087, -6.961104, 0.0 ], [ 113.27133708000008, -6.960970978999967, 0.0 ], [ 113.270766840000078, -6.960861989999955, 0.0 ], [ 113.270370840000055, -6.960789989999967, 0.0 ], [ 113.269849918000091, -6.960731039999928, 0.0 ], [ 113.269367160000115, -6.960696029999951, 0.0 ], [ 113.268797999000071, -6.960636989999955, 0.0 ], [ 113.268538080000098, -6.960614039999939, 0.0 ], [ 113.268290040000011, -6.960652018999951, 0.0 ], [ 113.268017880000116, -6.960740040999951, 0.0 ], [ 113.267697120000093, -6.960877019999941, 0.0 ], [ 113.267288879000034, -6.961077, 0.0 ], [ 113.266893960000061, -6.96128903999994, 0.0 ], [ 113.26638816000002, -6.961575959999948, 0.0 ], [ 113.265921959000025, -6.96177296999997, 0.0 ], [ 113.26581504, -6.961814009999955, 0.0 ], [ 113.264786160000085, -6.962129008999966, 0.0 ], [ 113.264109, -6.96229496899997, 0.0 ], [ 113.263648918000058, -6.962346, 0.0 ], [ 113.263431120000064, -6.962370028999942, 0.0 ], [ 113.262683038000091, -6.962577029999977, 0.0 ], [ 113.262333119, -6.962645968999936, 0.0 ], [ 113.26185, -6.962733989999947, 0.0 ], [ 113.261577840000086, -6.962785020999945, 0.0 ], [ 113.261306040000022, -6.962823989999947, 0.0 ], [ 113.260947119000093, -6.962875018999966, 0.0 ], [ 113.260637879000114, -6.962913000999947, 0.0 ], [ 113.260353120000104, -6.962939009999957, 0.0 ], [ 113.260056840000061, -6.962966009999946, 0.0 ], [ 113.25982104000002, -6.962966998999946, 0.0 ], [ 113.259548880000011, -6.963017039999954, 0.0 ], [ 113.2592518780001, -6.963067980999938, 0.0 ], [ 113.258819880000033, -6.963168959999962, 0.0 ], [ 113.25842388, -6.963257970999962, 0.0 ], [ 113.25819204000004, -6.963317009999969, 0.0 ], [ 113.25787992000005, -6.963396029999956, 0.0 ], [ 113.257248840000102, -6.963509970999951, 0.0 ], [ 113.256596880000075, -6.963651990999949, 0.0 ], [ 113.256317880000097, -6.963734969999962, 0.0 ], [ 113.255953920000024, -6.963810029999934, 0.0 ], [ 113.255579160000025, -6.963874020999981, 0.0 ], [ 113.255399880000027, -6.963868979999972, 0.0 ], [ 113.254230960000086, -6.963956009999947, 0.0 ], [ 113.253958080000075, -6.964011, 0.0 ], [ 113.253278040000055, -6.964047989999926, 0.0 ], [ 113.25289392000002, -6.964012978999961, 0.0 ], [ 113.252411160000065, -6.96396600099996, 0.0 ], [ 113.251746960000105, -6.963749008999969, 0.0 ], [ 113.25131604, -6.963450030999979, 0.0 ], [ 113.249999160000016, -6.963128009999934, 0.0 ], [ 113.249998800000071, -6.963128009999934, 0.0 ], [ 113.249454120000109, -6.963222959999939, 0.0 ], [ 113.249130840000021, -6.963256979999926, 0.0 ], [ 113.248672919000114, -6.963229979999937, 0.0 ], [ 113.248010880000038, -6.96301902099998, 0.0 ], [ 113.247807840000064, -6.96296898099996, 0.0 ], [ 113.247299160000011, -6.962992018999955, 0.0 ], [ 113.246928, -6.963127017999966, 0.0 ], [ 113.246925840000017, -6.963128009999934, 0.0 ], [ 113.246805960000074, -6.963163019999968, 0.0 ], [ 113.246285040000089, -6.962958989999947, 0.0 ], [ 113.2462429200001, -6.962943960999951, 0.0 ], [ 113.2460931600001, -6.962893017999932, 0.0 ], [ 113.245968959000038, -6.962958, 0.0 ], [ 113.24572415800003, -6.963164008999968, 0.0 ], [ 113.24482308000006, -6.963440039999966, 0.0 ], [ 113.244630840000013, -6.963474959999928, 0.0 ], [ 113.244449038000084, -6.963419969999961, 0.0 ], [ 113.244316920000074, -6.963329968999972, 0.0 ], [ 113.244220080000105, -6.962871959999973, 0.0 ], [ 113.244195958000091, -6.962760989999936, 0.0 ], [ 113.244141960000093, -6.962615998999979, 0.0 ], [ 113.244029998000087, -6.96251898099996, 0.0 ], [ 113.243554080000081, -6.962409000999969, 0.0 ], [ 113.243187960000114, -6.96215798999998, 0.0 ], [ 113.242955040000083, -6.961982038999963, 0.0 ], [ 113.242169160000117, -6.961929030999954, 0.0 ], [ 113.241611159000058, -6.961960979999958, 0.0 ], [ 113.240917080000031, -6.96186099099998, 0.0 ], [ 113.240657160000069, -6.961822018999953, 0.0 ], [ 113.240508118000093, -6.961852979999946, 0.0 ], [ 113.240409120000095, -6.961931009999944, 0.0 ], [ 113.240556, -6.962174010999945, 0.0 ], [ 113.24066004000008, -6.962326018999931, 0.0 ], [ 113.240818080000054, -6.962607989999981, 0.0 ], [ 113.240909880000117, -6.962756039999931, 0.0 ], [ 113.240931120000027, -6.96285801099998, 0.0 ], [ 113.240868120000073, -6.962958989999947, 0.0 ], [ 113.240666160000046, -6.962966009999946, 0.0 ], [ 113.240412000000106, -6.962948998999934, 0.0 ], [ 113.240131919000078, -6.963073020999957, 0.0 ], [ 113.239986120000026, -6.963140970999973, 0.0 ], [ 113.239820880000025, -6.963134039999943, 0.0 ], [ 113.239621078000027, -6.963055020999946, 0.0 ], [ 113.239418039000043, -6.962877989999981, 0.0 ], [ 113.239378080000051, -6.962807970999961, 0.0 ], [ 113.239432080000029, -6.962711040999977, 0.0 ], [ 113.23977084, -6.962532030999967, 0.0 ], [ 113.239900080000098, -6.96246803899993, 0.0 ], [ 113.239551960000085, -6.962317019999944, 0.0 ], [ 113.238622080000027, -6.962227019999943, 0.0 ], [ 113.238483840000072, -6.962243040999965, 0.0 ], [ 113.238182880000068, -6.962454989999969, 0.0 ], [ 113.238062999000022, -6.962540039999965, 0.0 ], [ 113.237669159, -6.962457960999927, 0.0 ], [ 113.237579880000112, -6.962406028999965, 0.0 ], [ 113.237520840000116, -6.962372010999957, 0.0 ], [ 113.23748592000004, -6.962326018999931, 0.0 ], [ 113.237397000000101, -6.962211000999957, 0.0 ], [ 113.237282880000066, -6.961983029999942, 0.0 ], [ 113.237148960000013, -6.96184200099998, 0.0 ], [ 113.236994160000108, -6.961758029999942, 0.0 ], [ 113.236863119000077, -6.961734, 0.0 ], [ 113.236648920000107, -6.96179798999998, 0.0 ], [ 113.236392960000103, -6.96159395899997, 0.0 ], [ 113.235987959000113, -6.961248988999955, 0.0 ], [ 113.235603120000064, -6.960852, 0.0 ], [ 113.235005880000017, -6.959972969999967, 0.0 ], [ 113.234707078000042, -6.959369968999965, 0.0 ], [ 113.234042880000061, -6.958050029999981, 0.0 ], [ 113.233854960000031, -6.95737098099994, 0.0 ], [ 113.233790158000033, -6.956754028999967, 0.0 ], [ 113.233848120000061, -6.956044019999979, 0.0 ], [ 113.234028839000075, -6.954962038999952, 0.0 ], [ 113.234240159000024, -6.953849010999932, 0.0 ], [ 113.234568840000065, -6.952618979999954, 0.0 ], [ 113.234599225000011, -6.952489138999965, 0.0 ], [ 113.234869081000056, -6.951336030999926, 0.0 ], [ 113.235229917000083, -6.950059076999935, 0.0 ], [ 113.235248880000086, -6.949991968999939, 0.0 ], [ 113.235671161000027, -6.948647009999945, 0.0 ], [ 113.235972121000032, -6.94758797999998, 0.0 ], [ 113.236111078000022, -6.946997039999928, 0.0 ], [ 113.23625112000002, -6.946386031999964, 0.0 ], [ 113.236329960000035, -6.945795989999965, 0.0 ], [ 113.23636704, -6.944961960999933, 0.0 ], [ 113.236297920000084, -6.944453009999961, 0.0 ], [ 113.23613988000011, -6.94371203999998, 0.0 ], [ 113.235951961000069, -6.943065029999957, 0.0 ], [ 113.235325920000037, -6.941585968999959, 0.0 ], [ 113.234838840000066, -6.940242988999955, 0.0 ], [ 113.234451121, -6.939705959999969, 0.0 ], [ 113.233735080000088, -6.938629019999951, 0.0 ], [ 113.232800160000011, -6.936996959999931, 0.0 ], [ 113.232393001000105, -6.935918039999933, 0.0 ], [ 113.232170881000116, -6.934776028999977, 0.0 ], [ 113.232102841000028, -6.933510989999945, 0.0 ], [ 113.232129840000084, -6.932615039999973, 0.0 ], [ 113.232157920000077, -6.931901971999935, 0.0 ], [ 113.232267, -6.931242991999966, 0.0 ], [ 113.232376081000098, -6.93077102999996, 0.0 ], [ 113.232610081000075, -6.930187018999959, 0.0 ], [ 113.232679918000031, -6.92981900999996, 0.0 ], [ 113.232687120000037, -6.929810009999926, 0.0 ], [ 113.232723840000062, -6.929220958999963, 0.0 ], [ 113.232751920000055, -6.928651979999927, 0.0 ], [ 113.232773881000071, -6.928194959999928, 0.0 ], [ 113.232359160000101, -6.927135030999978, 0.0 ], [ 113.232133078000061, -6.926564969999959, 0.0 ], [ 113.231792160000055, -6.925536, 0.0 ], [ 113.231337839000048, -6.924413969999932, 0.0 ], [ 113.230951921000042, -6.923939040999926, 0.0 ], [ 113.230428119000067, -6.923432969999965, 0.0 ], [ 113.229855, -6.922979011999928, 0.0 ], [ 113.228484840000078, -6.921968039999967, 0.0 ], [ 113.227443001000097, -6.921342, 0.0 ], [ 113.226441839000017, -6.920655028999931, 0.0 ], [ 113.225582880000047, -6.919946998999933, 0.0 ], [ 113.22540312700005, -6.919764390999944, 0.0 ], [ 113.224885921, -6.919238969999981, 0.0 ], [ 113.22435383800007, -6.918570001999967, 0.0 ], [ 113.223656161, -6.917515019999939, 0.0 ], [ 113.222680920000016, -6.915953969999975, 0.0 ], [ 113.221776961000046, -6.914351969999927, 0.0 ], [ 113.22121499900004, -6.913151011999958, 0.0 ], [ 113.220713880000062, -6.911886960999936, 0.0 ], [ 113.220304921000093, -6.910407, 0.0 ], [ 113.219994959000019, -6.908742989999951, 0.0 ], [ 113.221965252000018, -6.909338002999959, 0.0 ], [ 113.22265053600006, -6.907210765999935, 0.0 ], [ 113.222679089000053, -6.906853844999944, 0.0 ], [ 113.222679089000053, -6.906554032999964, 0.0 ], [ 113.222664814000041, -6.906140007999966, 0.0 ], [ 113.222593429000085, -6.905754533999925, 0.0 ], [ 113.222679089000053, -6.904797991999942, 0.0 ], [ 113.22313594600007, -6.902113958999962, 0.0 ], [ 113.223407205000058, -6.901000370999952, 0.0 ], [ 113.223516249000113, -6.898754166999936, 0.0 ], [ 113.223588840000048, -6.898493971999926, 0.0 ], [ 113.223727078000024, -6.897495960999947, 0.0 ], [ 113.223673080000026, -6.896619, 0.0 ], [ 113.223575880000112, -6.895663019999972, 0.0 ], [ 113.223471121000102, -6.895015021999939, 0.0 ], [ 113.223264120000067, -6.894344969999963, 0.0 ], [ 113.22279, -6.893309969999962, 0.0 ], [ 113.22248348100004, -6.892727564999973, 0.0 ], [ 113.222578174000091, -6.892774395999936, 0.0 ], [ 113.222656040000061, -6.892813819999958, 0.0 ], [ 113.222706265000056, -6.892861047999929, 0.0 ], [ 113.222749739000051, -6.89291544799994, 0.0 ], [ 113.222827393000102, -6.892947911999954, 0.0 ], [ 113.222940711000092, -6.893007151999939, 0.0 ], [ 113.223059932000069, -6.893031386999951, 0.0 ], [ 113.223184844000116, -6.893013656999926, 0.0 ], [ 113.223302370000056, -6.892982221999944, 0.0 ], [ 113.223369246000061, -6.892889640999954, 0.0 ], [ 113.223421349000091, -6.892769648999945, 0.0 ], [ 113.223508267000057, -6.892648597999937, 0.0 ], [ 113.223596457000099, -6.892569298999945, 0.0 ], [ 113.223678531000019, -6.892518046999953, 0.0 ], [ 113.223789729000032, -6.892507699999953, 0.0 ], [ 113.223916124000084, -6.892538681999952, 0.0 ], [ 113.224049906, -6.892583368999965, 0.0 ], [ 113.224133887000107, -6.89259474499994, 0.0 ], [ 113.224231159000055, -6.892584821999947, 0.0 ], [ 113.22432040700005, -6.892540315999952, 0.0 ], [ 113.224424006000049, -6.892509304999976, 0.0 ], [ 113.224548494000032, -6.892477657999962, 0.0 ], [ 113.224616429000093, -6.892419870999959, 0.0 ], [ 113.224734166000076, -6.892395394999937, 0.0 ], [ 113.224886294000044, -6.892355941999938, 0.0 ], [ 113.224989257000061, -6.892304054999954, 0.0 ], [ 113.225092007000057, -6.892245208999952, 0.0 ], [ 113.22513523900011, -6.892062801999941, 0.0 ], [ 113.22525022100001, -6.891947862999928, 0.0 ], [ 113.225358663000065, -6.891847053999925, 0.0 ], [ 113.225454238000111, -6.891781460999937, 0.0 ], [ 113.225592440000014, -6.891742431999944, 0.0 ], [ 113.225718198000095, -6.891752537999935, 0.0 ], [ 113.225809353000045, -6.891770660999953, 0.0 ], [ 113.225908319000041, -6.891816405999975, 0.0 ], [ 113.22598554800004, -6.891834952999943, 0.0 ], [ 113.226089782000031, -6.891824816999929, 0.0 ], [ 113.226178817, -6.891773353999952, 0.0 ], [ 113.226267429000018, -6.891707972999939, 0.0 ], [ 113.226333881000073, -6.891601475999948, 0.0 ], [ 113.226392734000115, -6.891474314999925, 0.0 ], [ 113.226495242000055, -6.891178664999927, 0.0 ], [ 113.226581735000082, -6.891043697999976, 0.0 ], [ 113.226684061000014, -6.890970935999974, 0.0 ], [ 113.226815086000101, -6.890925159999938, 0.0 ], [ 113.227002875000039, -6.890912483999955, 0.0 ], [ 113.227128209000057, -6.890908671999966, 0.0 ], [ 113.227338581000026, -6.89095102899995, 0.0 ], [ 113.22752742900002, -6.890973145999965, 0.0 ], [ 113.227681038000014, -6.890982403999942, 0.0 ], [ 113.227855324000075, -6.890984067999966, 0.0 ], [ 113.228001970000037, -6.890993537999975, 0.0 ], [ 113.228079622000109, -6.891026000999943, 0.0 ], [ 113.228093065000053, -6.891185084999961, 0.0 ], [ 113.228107342000044, -6.891392098999972, 0.0 ], [ 113.228207279000117, -6.891520588999981, 0.0 ], [ 113.228328632000057, -6.891542004999963, 0.0 ], [ 113.228435707000017, -6.891484897999931, 0.0 ], [ 113.228628444000037, -6.891406374999974, 0.0 ], [ 113.228739089000101, -6.891402805999974, 0.0 ], [ 113.228764073000093, -6.891556280999964, 0.0 ], [ 113.228721243000109, -6.891641941999978, 0.0 ], [ 113.228771211000094, -6.891777570999977, 0.0 ], [ 113.228878287000043, -6.891877508999926, 0.0 ], [ 113.229006778000098, -6.891898923999975, 0.0 ], [ 113.229120992000048, -6.891884646999927, 0.0 ], [ 113.22932800500007, -6.891777570999977, 0.0 ], [ 113.229399389000037, -6.891706186999954, 0.0 ], [ 113.229520831000059, -6.891664728999956, 0.0 ], [ 113.22966980700005, -6.891750741999942, 0.0 ], [ 113.229819420000013, -6.891857628999958, 0.0 ], [ 113.229926407000107, -6.891937953999957, 0.0 ], [ 113.230077535000078, -6.892148766999981, 0.0 ], [ 113.230341656000064, -6.892377194999938, 0.0 ], [ 113.230641468000044, -6.892548516999966, 0.0 ], [ 113.230919865000033, -6.892641315999981, 0.0 ], [ 113.23118398500003, -6.892641315999981, 0.0 ], [ 113.231348168000068, -6.892605623999941, 0.0 ], [ 113.231469520000019, -6.892562792999968, 0.0 ], [ 113.231576596000082, -6.892498547999935, 0.0 ], [ 113.231576596000082, -6.892398610999976, 0.0 ], [ 113.23155518100009, -6.89228439599998, 0.0 ], [ 113.231526627000108, -6.89209879799995, 0.0 ], [ 113.231533766000098, -6.891941753999959, 0.0 ], [ 113.231576596000082, -6.891798985999969, 0.0 ], [ 113.231705087000023, -6.891706186999954, 0.0 ], [ 113.231933515000037, -6.891634803999978, 0.0 ], [ 113.232354680000071, -6.891563419999954, 0.0 ], [ 113.232790121000107, -6.891449205999947, 0.0 ], [ 113.233132401000034, -6.891255354999942, 0.0 ], [ 113.233240838000029, -6.891154547999975, 0.0 ], [ 113.233329234000053, -6.891082209999979, 0.0 ], [ 113.23347375700007, -6.891022092999947, 0.0 ], [ 113.233653729000025, -6.89098179299998, 0.0 ], [ 113.233792985000036, -6.890977555999939, 0.0 ], [ 113.233918103000065, -6.890966783999943, 0.0 ], [ 113.234000808000019, -6.890936407999959, 0.0 ], [ 113.23408224100001, -6.890864280999949, 0.0 ], [ 113.234135399000024, -6.890779085999952, 0.0 ], [ 113.23416219, -6.890743446999977, 0.0 ], [ 113.234231818000012, -6.890741327999933, 0.0 ], [ 113.234336471, -6.890745107999976, 0.0 ], [ 113.234471095000117, -6.890817624999954, 0.0 ], [ 113.234604872000091, -6.890862307999953, 0.0 ], [ 113.234738436000043, -6.890900031999934, 0.0 ], [ 113.234808275000091, -6.890904871999965, 0.0 ], [ 113.234872000000109, -6.890937756999961, 0.0 ], [ 113.234943324000028, -6.890991304999943, 0.0 ], [ 113.235007260000089, -6.891031147999968, 0.0 ], [ 113.235078372000089, -6.891077736999932, 0.0 ], [ 113.235162561000038, -6.891096069999946, 0.0 ], [ 113.235246538000069, -6.891107443999942, 0.0 ], [ 113.235350978000042, -6.891104264999967, 0.0 ], [ 113.235441706000074, -6.89110846899996, 0.0 ], [ 113.235512605000054, -6.891148099999953, 0.0 ], [ 113.235604181000099, -6.891180136999935, 0.0 ], [ 113.235730782000019, -6.891218072999948, 0.0 ], [ 113.235877635000065, -6.89123449799996, 0.0 ], [ 113.235996213000021, -6.891237853999939, 0.0 ], [ 113.236128717000042, -6.891240785999969, 0.0 ], [ 113.236218808000103, -6.891224113999954, 0.0 ], [ 113.236313953000035, -6.891144605999955, 0.0 ], [ 113.236368382000023, -6.891101160999938, 0.0 ], [ 113.236465648000035, -6.891091235999966, 0.0 ], [ 113.236549412000045, -6.891095650999944, 0.0 ], [ 113.236683188000029, -6.891140332999953, 0.0 ], [ 113.23674712400009, -6.891180174999931, 0.0 ], [ 113.236846722000109, -6.891246791999947, 0.0 ], [ 113.236938722000104, -6.89129274499993, 0.0 ], [ 113.237044646000072, -6.891338273999963, 0.0 ], [ 113.237136646000067, -6.891384226999946, 0.0 ], [ 113.237270633000094, -6.891435865999938, 0.0 ], [ 113.237383520000094, -6.891481182999939, 0.0 ], [ 113.237503370000013, -6.891526287999966, 0.0 ], [ 113.237609719000034, -6.891585733999932, 0.0 ], [ 113.237701930000071, -6.891638643999954, 0.0 ], [ 113.23795007700005, -6.891777349999927, 0.0 ], [ 113.238091238000038, -6.891835734999972, 0.0 ], [ 113.238240211000061, -6.891921740999976, 0.0 ], [ 113.238401837000083, -6.891965573999926, 0.0 ], [ 113.238536248000059, -6.892031128999974, 0.0 ], [ 113.238642385000048, -6.892083614999933, 0.0 ], [ 113.238754847000109, -6.892115013999955, 0.0 ], [ 113.238866674000064, -6.892125538999949, 0.0 ], [ 113.23900762300002, -6.892176965999965, 0.0 ], [ 113.239120510000021, -6.892222280999931, 0.0 ], [ 113.239239935000114, -6.892253468999968, 0.0 ], [ 113.239317161000031, -6.892272011999978, 0.0 ], [ 113.239428562000057, -6.892268619999925, 0.0 ], [ 113.239491226000041, -6.89226671199998, 0.0 ], [ 113.239569087000064, -6.892306128999962, 0.0 ], [ 113.239662359000022, -6.892393829999946, 0.0 ], [ 113.239755631000094, -6.89248153099993, 0.0 ], [ 113.239897216000031, -6.89255383099993, 0.0 ], [ 113.240015793000111, -6.89255718499993, 0.0 ], [ 113.240125710000029, -6.892505084999925, 0.0 ], [ 113.240158189000113, -6.892427484999928, 0.0 ], [ 113.240211981000016, -6.892363165999939, 0.0 ], [ 113.240288357000054, -6.892353874999969, 0.0 ], [ 113.240372969000077, -6.892386121999948, 0.0 ], [ 113.240460126000016, -6.892501866999964, 0.0 ], [ 113.240504235000117, -6.892577134999954, 0.0 ], [ 113.240555095000104, -6.892645232999939, 0.0 ], [ 113.240653420000058, -6.89267009699995, 0.0 ], [ 113.240736122000044, -6.892639719999977, 0.0 ], [ 113.240818612000112, -6.892602384999975, 0.0 ], [ 113.240908277000017, -6.89257179599997, 0.0 ], [ 113.240956803000017, -6.892563353999947, 0.0 ], [ 113.241080857000043, -6.892517787999964, 0.0 ], [ 113.241206183000031, -6.892513971999961, 0.0 ], [ 113.241276657000071, -6.892539683999928, 0.0 ], [ 113.241356216000099, -6.892634765999958, 0.0 ], [ 113.24138640000001, -6.892710457999954, 0.0 ], [ 113.241430509000111, -6.892785724999953, 0.0 ], [ 113.241495081000039, -6.892846439999971, 0.0 ], [ 113.241580117000012, -6.89289260299995, 0.0 ], [ 113.241720005000047, -6.89290923599998, 0.0 ], [ 113.241816632000109, -6.892878434999943, 0.0 ], [ 113.241870847000087, -6.892828031999954, 0.0 ], [ 113.241938987000026, -6.892777204999959, 0.0 ], [ 113.241999953000118, -6.892719630999977, 0.0 ], [ 113.242096156000116, -6.89267491399994, 0.0 ], [ 113.242186244000095, -6.892658240999936, 0.0 ], [ 113.24227139900006, -6.892668690999926, 0.0 ], [ 113.24241685700008, -6.892679075999979, 0.0 ], [ 113.24254281900005, -6.892696133999948, 0.0 ], [ 113.242613080000069, -6.892714887999944, 0.0 ], [ 113.242629567000108, -6.892715353999961, 0.0 ], [ 113.242731656000046, -6.892718240999955, 0.0 ], [ 113.242807607000032, -6.892695033999928, 0.0 ], [ 113.242939894000074, -6.892691004999961, 0.0 ], [ 113.243052780000085, -6.892736318999937, 0.0 ], [ 113.243137603000037, -6.892775522999955, 0.0 ], [ 113.243249852000076, -6.89279996199997, 0.0 ], [ 113.24334100100009, -6.892818078999937, 0.0 ], [ 113.24343130200009, -6.892808364999951, 0.0 ], [ 113.243583416000092, -6.892768908999926, 0.0 ], [ 113.243722241000114, -6.892750750999937, 0.0 ], [ 113.243854953000096, -6.89276063799997, 0.0 ], [ 113.243967626000085, -6.892798992999928, 0.0 ], [ 113.244093375000034, -6.892809091999936, 0.0 ], [ 113.244211949000032, -6.892812444999947, 0.0 ], [ 113.244379473000095, -6.892821270999946, 0.0 ], [ 113.244540034000011, -6.892830309999965, 0.0 ], [ 113.244700808000061, -6.892846305999967, 0.0 ], [ 113.244854194000027, -6.892848597999944, 0.0 ], [ 113.24503500600008, -6.892836125999963, 0.0 ], [ 113.245222992000095, -6.892830398999934, 0.0 ], [ 113.245382067000037, -6.892790730999934, 0.0 ], [ 113.245540081000058, -6.892716272999962, 0.0 ], [ 113.245636706000028, -6.892685470999936, 0.0 ], [ 113.245774257000107, -6.892625564999946, 0.0 ], [ 113.245876783000085, -6.892559761999962, 0.0 ], [ 113.246018961000118, -6.892423105999967, 0.0 ], [ 113.246098054000072, -6.892274442999963, 0.0 ], [ 113.2461583810001, -6.892195995999941, 0.0 ], [ 113.246246982000116, -6.892130616999964, 0.0 ], [ 113.246350569000015, -6.892099602999963, 0.0 ], [ 113.24650289300007, -6.892067105999956, 0.0 ], [ 113.246655005000093, -6.892027649999932, 0.0 ], [ 113.246995503000107, -6.891963168999951, 0.0 ], [ 113.247409529000038, -6.892013137999925, 0.0 ], [ 113.24780927900008, -6.891963168999951, 0.0 ], [ 113.247966323000014, -6.891963168999951, 0.0 ], [ 113.248080537000078, -6.891977445999942, 0.0 ], [ 113.248301827000091, -6.891998860999934, 0.0 ], [ 113.248765822000109, -6.891834677999952, 0.0 ], [ 113.249272647000112, -6.891720463999945, 0.0 ], [ 113.249619859000063, -6.891672679999942, 0.0 ], [ 113.249765196000112, -6.891649079999979, 0.0 ], [ 113.24985085600008, -6.891570557999955, 0.0 ], [ 113.24995053900011, -6.89122126999996, 0.0 ], [ 113.249992664000047, -6.891133834999948, 0.0 ], [ 113.249992800000086, -6.891133668999942, 0.0 ], [ 113.250087692000079, -6.891017705999957, 0.0 ], [ 113.250164277000067, -6.891015372999959, 0.0 ], [ 113.250295724000011, -6.89109930799998, 0.0 ], [ 113.250296102000107, -6.891099548999932, 0.0 ], [ 113.250523810000118, -6.891150670999934, 0.0 ], [ 113.250650828000062, -6.891202515999964, 0.0 ], [ 113.250783323000064, -6.891205442999933, 0.0 ], [ 113.250956955000106, -6.891186223999966, 0.0 ], [ 113.251102101000015, -6.891146979999974, 0.0 ], [ 113.2515525230001, -6.891063613999961, 0.0 ], [ 113.251760965000017, -6.89104333399996, 0.0 ], [ 113.251962869000067, -6.891037181999934, 0.0 ], [ 113.252143887000102, -6.891031666999936, 0.0 ], [ 113.252312041000096, -6.891061364999928, 0.0 ], [ 113.252508044000024, -6.891090213999973, 0.0 ], [ 113.25268969800004, -6.891105570999969, 0.0 ], [ 113.252878526000018, -6.891127673999961, 0.0 ], [ 113.253066929000056, -6.891135861999942, 0.0 ], [ 113.253296044000081, -6.891107986999941, 0.0 ], [ 113.253538659000014, -6.89106577299998, 0.0 ], [ 113.253800885000032, -6.890981175999968, 0.0 ], [ 113.254056999000113, -6.890924620999954, 0.0 ], [ 113.254298763000065, -6.890854575999981, 0.0 ], [ 113.254623860000038, -6.890775026999961, 0.0 ], [ 113.254845162000038, -6.890719532999981, 0.0 ], [ 113.255024903000049, -6.890672269999925, 0.0 ], [ 113.255171107000024, -6.890667814999972, 0.0 ], [ 113.255381032000059, -6.890696237999975, 0.0 ], [ 113.255837557000063, -6.890584826999941, 0.0 ], [ 113.256024472000036, -6.890544309999939, 0.0 ], [ 113.256197250000014, -6.890497258999972, 0.0 ], [ 113.256286483000054, -6.890452754999956, 0.0 ], [ 113.256396178000045, -6.890393697999968, 0.0 ], [ 113.256526121000093, -6.89031313199996, 0.0 ], [ 113.256656065000016, -6.890232565999952, 0.0 ], [ 113.257483654000112, -6.889949670999954, 0.0 ], [ 113.257643143000109, -6.889923917999965, 0.0 ], [ 113.257843980000075, -6.889882976999957, 0.0 ], [ 113.258037855000111, -6.889842246999933, 0.0 ], [ 113.258225617000107, -6.889829560999942, 0.0 ], [ 113.258462749000046, -6.889836260999971, 0.0 ], [ 113.258610225000098, -6.889873550999937, 0.0 ], [ 113.258778162000112, -6.889896288999978, 0.0 ], [ 113.258953273000088, -6.88992577199997, 0.0 ], [ 113.25900226300007, -6.89006435899995, 0.0 ], [ 113.259059370000045, -6.890142880999974, 0.0 ], [ 113.259195, -6.890157157999965, 0.0 ], [ 113.259416290000104, -6.890114327999981, 0.0 ], [ 113.259708963000094, -6.890121465999925, 0.0 ], [ 113.260258619000069, -6.890114327999981, 0.0 ], [ 113.260786859000063, -6.890135742999973, 0.0 ], [ 113.261265131000073, -6.89020712699994, 0.0 ], [ 113.261543528000061, -6.890335617999938, 0.0 ], [ 113.2617148490001, -6.890407001999961, 0.0 ], [ 113.261779094000076, -6.890407001999961, 0.0 ], [ 113.261839382000062, -6.890192956999954, 0.0 ], [ 113.261949710000067, -6.890154773999939, 0.0 ], [ 113.262074599000016, -6.890137037999978, 0.0 ], [ 113.262200338000071, -6.890147132999971, 0.0 ], [ 113.262333038000065, -6.890157014999943, 0.0 ], [ 113.262458352000067, -6.890153193999936, 0.0 ], [ 113.262603702000092, -6.890120906999925, 0.0 ], [ 113.262797997, -6.89009409099998, 0.0 ], [ 113.26291634800009, -6.890090481999948, 0.0 ], [ 113.263084495000044, -6.890120174999936, 0.0 ], [ 113.263253066000061, -6.890163782999934, 0.0 ], [ 113.263415100000088, -6.890221517999976, 0.0 ], [ 113.26356974700002, -6.890265549999981, 0.0 ], [ 113.263759416000084, -6.890315477999934, 0.0 ], [ 113.26388621600006, -6.890360358999942, 0.0 ], [ 113.264012379000064, -6.890384367999957, 0.0 ], [ 113.264179887000068, -6.890393187999962, 0.0 ], [ 113.264346334000038, -6.890367219999973, 0.0 ], [ 113.264457086000107, -6.89034295099998, 0.0 ], [ 113.264534303, -6.89036148799994, 0.0 ], [ 113.264626293000106, -6.890407429999925, 0.0 ], [ 113.264738320000106, -6.890424905999964, 0.0 ], [ 113.264864057000068, -6.890434998999979, 0.0 ], [ 113.264927121000028, -6.890535492999959, 0.0 ], [ 113.264962813000011, -6.890564045999952, 0.0 ], [ 113.265191241000025, -6.890528353999969, 0.0 ], [ 113.265599248000058, -6.890505402999963, 0.0 ], [ 113.26569805500003, -6.890511508999964, 0.0 ], [ 113.265789386000051, -6.890615695999941, 0.0 ], [ 113.26599074, -6.890806750999957, 0.0 ], [ 113.26610495500006, -6.890906687999973, 0.0 ], [ 113.266547534000097, -6.890913826999963, 0.0 ], [ 113.266990114, -6.890949518999946, 0.0 ], [ 113.267297064000104, -6.890906687999973, 0.0 ], [ 113.267504078000115, -6.890778197999964, 0.0 ], [ 113.267632568000067, -6.890635429999975, 0.0 ], [ 113.267646845000058, -6.890435554999954, 0.0 ], [ 113.267693141000109, -6.890383510999925, 0.0 ], [ 113.267757295000024, -6.890387229999931, 0.0 ], [ 113.267782944000032, -6.890408651999962, 0.0 ], [ 113.267834226000105, -6.890490652999972, 0.0 ], [ 113.267920954000033, -6.890592464999941, 0.0 ], [ 113.268026654000096, -6.890631022999969, 0.0 ], [ 113.268152177000047, -6.890634157999955, 0.0 ], [ 113.268242892000103, -6.890638354999965, 0.0 ], [ 113.268388450000089, -6.890613022999958, 0.0 ], [ 113.268472203000101, -6.890617431999942, 0.0 ], [ 113.268585715000086, -6.890683607999961, 0.0 ], [ 113.26867053, -6.89072280299996, 0.0 ], [ 113.268825175000075, -6.89076683199994, 0.0 ], [ 113.268908927000098, -6.890771240999925, 0.0 ], [ 113.269012715000031, -6.890747182999974, 0.0 ], [ 113.269067133000021, -6.890703740999925, 0.0 ], [ 113.269177245000037, -6.890658598999948, 0.0 ], [ 113.269260785000029, -6.890656049999961, 0.0 ], [ 113.269332102000021, -6.890709584999968, 0.0 ], [ 113.269382109000048, -6.890749841999934, 0.0 ], [ 113.269472823000115, -6.890754037999955, 0.0 ], [ 113.269528729000058, -6.890759296999931, 0.0 ], [ 113.269590958000094, -6.890743470999951, 0.0 ], [ 113.269708882000032, -6.890725945999975, 0.0 ], [ 113.269814156000052, -6.890750588999936, 0.0 ], [ 113.269898971000089, -6.890789783999935, 0.0 ], [ 113.269990110000094, -6.890807894999966, 0.0 ], [ 113.27012323200006, -6.890831687999935, 0.0 ], [ 113.270269426000027, -6.890827227999978, 0.0 ], [ 113.270422582000037, -6.890822554999943, 0.0 ], [ 113.270567501000073, -6.890776350999943, 0.0 ], [ 113.270698922000065, -6.890744486999949, 0.0 ], [ 113.270770845000015, -6.890739290999932, 0.0 ], [ 113.270865788000037, -6.890732431999936, 0.0 ], [ 113.270964314000025, -6.890764244999957, 0.0 ], [ 113.271064114000069, -6.890837799999929, 0.0 ], [ 113.271157378000112, -6.890925482999933, 0.0 ], [ 113.271298098000102, -6.89096993499993, 0.0 ], [ 113.271494298000107, -6.89100573099995, 0.0 ], [ 113.271592186000021, -6.891016671999978, 0.0 ], [ 113.271738379000112, -6.891012210999975, 0.0 ], [ 113.271883935, -6.890986877999978, 0.0 ], [ 113.272015355, -6.890955012999939, 0.0 ], [ 113.27218158300002, -6.890922085999932, 0.0 ], [ 113.272313003000022, -6.890890221999939, 0.0 ], [ 113.272528174000058, -6.890862764999952, 0.0 ], [ 113.272702, -6.890850496999974, 0.0 ], [ 113.272896924000065, -6.890844548999951, 0.0 ], [ 113.273112732000072, -6.890837962999967, 0.0 ], [ 113.273245214000099, -6.890840883999942, 0.0 ], [ 113.273447949000115, -6.89086255199993, 0.0 ], [ 113.273615239000037, -6.890864409999949, 0.0 ], [ 113.273720087000015, -6.890875137999956, 0.0 ], [ 113.273908261000088, -6.890876358999947, 0.0 ], [ 113.274074487, -6.89084343199994, 0.0 ], [ 113.274213079000106, -6.890818310999975, 0.0 ], [ 113.27435863300002, -6.890792977999979, 0.0 ], [ 113.274455244000023, -6.890762175999953, 0.0 ], [ 113.274529907000101, -6.89069722399995, 0.0 ], [ 113.274589372000037, -6.890590955999926, 0.0 ], [ 113.274684707, -6.89051840999997, 0.0 ], [ 113.274801777000107, -6.890473055999962, 0.0 ], [ 113.274906200000032, -6.890469868999958, 0.0 ], [ 113.275046917000054, -6.890514319999966, 0.0 ], [ 113.275200283000117, -6.89051660299998, 0.0 ], [ 113.275408276, -6.890482400999929, 0.0 ], [ 113.275561216000028, -6.890470768999933, 0.0 ], [ 113.275721968000084, -6.890486753999937, 0.0 ], [ 113.275918589000071, -6.890536461999943, 0.0 ], [ 113.276044321000086, -6.890546550999943, 0.0 ], [ 113.276121109000087, -6.89055117099997, 0.0 ], [ 113.276261614000077, -6.890588663999949, 0.0 ], [ 113.276408017000108, -6.890591158999939, 0.0 ], [ 113.276547246000064, -6.890586909999968, 0.0 ], [ 113.276778462000038, -6.890628596999932, 0.0 ], [ 113.27688373400008, -6.89065323799997, 0.0 ], [ 113.276968546000035, -6.890692430999934, 0.0 ], [ 113.277026364000108, -6.890760300999943, 0.0 ], [ 113.277084182000067, -6.890828171999942, 0.0 ], [ 113.277154646000099, -6.890853874999948, 0.0 ], [ 113.277252957000087, -6.890878727999961, 0.0 ], [ 113.277797704000022, -6.891147602999979, 0.0 ], [ 113.277938633000076, -6.891199008999934, 0.0 ], [ 113.278072814000097, -6.891257583999959, 0.0 ], [ 113.278171762000056, -6.891303307999976, 0.0 ], [ 113.278298343000074, -6.891341223999973, 0.0 ], [ 113.27835446000006, -6.891353437999953, 0.0 ], [ 113.27843103500004, -6.891351099999952, 0.0 ], [ 113.278549379000083, -6.891347486999962, 0.0 ], [ 113.278647901000113, -6.891379296999958, 0.0 ], [ 113.278725965000035, -6.891425657999946, 0.0 ], [ 113.278824913000108, -6.891471380999974, 0.0 ], [ 113.278952558000015, -6.891544081999939, 0.0 ], [ 113.279086100000086, -6.891581785999961, 0.0 ], [ 113.279233778000048, -6.891626020999979, 0.0 ], [ 113.279409939000061, -6.891690276999952, 0.0 ], [ 113.279571113000088, -6.891720172999953, 0.0 ], [ 113.279697481000085, -6.891751131999968, 0.0 ], [ 113.27985844300008, -6.891774070999929, 0.0 ], [ 113.279997883000078, -6.891776775999972, 0.0 ], [ 113.280046613000081, -6.891775287999963, 0.0 ], [ 113.28012233700008, -6.891745121999975, 0.0 ], [ 113.280226757000037, -6.891741933999981, 0.0 ], [ 113.280330539000033, -6.891717874999927, 0.0 ], [ 113.28039319100003, -6.891715960999932, 0.0 ], [ 113.280470191000063, -6.891727536999952, 0.0 ], [ 113.280569776000107, -6.891794129999937, 0.0 ], [ 113.280662826000025, -6.891874849999965, 0.0 ], [ 113.28077612200002, -6.891934060999972, 0.0 ], [ 113.280895315000066, -6.891958274999979, 0.0 ], [ 113.281007335000027, -6.891975743999978, 0.0 ], [ 113.281134128000076, -6.892020615999968, 0.0 ], [ 113.281233288000067, -6.892073294999932, 0.0 ], [ 113.281318951000117, -6.89214031299997, 0.0 ], [ 113.28143835700007, -6.89217148299997, 0.0 ], [ 113.28150797, -6.892169356999943, 0.0 ], [ 113.281646345000013, -6.89213727799995, 0.0 ], [ 113.281806029000109, -6.892118473999972, 0.0 ], [ 113.281923946, -6.892100945999971, 0.0 ], [ 113.282056849000014, -6.892117776999953, 0.0 ], [ 113.282168655000078, -6.89212828899997, 0.0 ], [ 113.282295447000024, -6.89217316099996, 0.0 ], [ 113.282434460000104, -6.892161950999935, 0.0 ], [ 113.282545202000051, -6.892137678999973, 0.0 ], [ 113.28269032500009, -6.892098429999976, 0.0 ], [ 113.282877428, -6.892064861999927, 0.0 ], [ 113.283023402000026, -6.892053439999927, 0.0 ], [ 113.28311326000005, -6.892029804999936, 0.0 ], [ 113.283238563000054, -6.892025977999936, 0.0 ], [ 113.283312007000063, -6.892023734999952, 0.0 ], [ 113.283336020000093, -6.892023000999927, 0.0 ], [ 113.283510264000029, -6.892024642999957, 0.0 ], [ 113.283670798000117, -6.892033665999975, 0.0 ], [ 113.283815920000052, -6.891994416999978, 0.0 ], [ 113.283947120000107, -6.891955592999977, 0.0 ], [ 113.284008282000059, -6.891904980999925, 0.0 ], [ 113.284111849000055, -6.891873963999956, 0.0 ], [ 113.28420888100004, -6.891857073999972, 0.0 ], [ 113.28426457, -6.891855372999942, 0.0 ], [ 113.284410756000057, -6.891850907999981, 0.0 ], [ 113.284520646000033, -6.891798807999976, 0.0 ], [ 113.284617039000068, -6.891761046999932, 0.0 ], [ 113.284678839000094, -6.89173130599994, 0.0 ], [ 113.284768696000015, -6.891707670999949, 0.0 ], [ 113.285003887000016, -6.891651743999944, 0.0 ], [ 113.285107241000105, -6.891613770999925, 0.0 ], [ 113.285210595000081, -6.891575796999973, 0.0 ], [ 113.285362252000027, -6.89152242199998, 0.0 ], [ 113.285461247000057, -6.891441859999929, 0.0 ], [ 113.285477826000033, -6.891428368999925, 0.0 ], [ 113.285531813000034, -6.891371012999969, 0.0 ], [ 113.285614496000107, -6.891340634999949, 0.0 ], [ 113.285758978000104, -6.891280514999949, 0.0 ], [ 113.285896287000014, -6.891213651999976, 0.0 ], [ 113.286020311000016, -6.891168083999958, 0.0 ], [ 113.286197471000037, -6.891037332999929, 0.0 ], [ 113.286293863000083, -6.890999572999931, 0.0 ], [ 113.286384358000078, -6.890996808999944, 0.0 ], [ 113.286537503000091, -6.890992130999962, 0.0 ], [ 113.286682835000079, -6.890959837999958, 0.0 ], [ 113.286862335000023, -6.890905611999926, 0.0 ], [ 113.286985508000043, -6.890832217999957, 0.0 ], [ 113.287088222000079, -6.890773373999934, 0.0 ], [ 113.28721267100002, -6.890741719999937, 0.0 ], [ 113.287379951000048, -6.890743572999952, 0.0 ], [ 113.287533946000053, -6.890766721999967, 0.0 ], [ 113.287652497000067, -6.89077006399998, 0.0 ], [ 113.287777797000103, -6.890766235999934, 0.0 ], [ 113.287888536000082, -6.890741962999925, 0.0 ], [ 113.287984076000043, -6.890676375999931, 0.0 ], [ 113.288107461000095, -6.890609937999955, 0.0 ], [ 113.288196891000098, -6.890572389999932, 0.0 ], [ 113.288402957000017, -6.890475573999936, 0.0 ], [ 113.288546799000073, -6.890394584999967, 0.0 ], [ 113.28865015100007, -6.890356610999959, 0.0 ], [ 113.288844847000064, -6.890343700999949, 0.0 ], [ 113.288976043000048, -6.890304876999949, 0.0 ], [ 113.289101129000073, -6.890294091999976, 0.0 ], [ 113.289267769000048, -6.890275074999977, 0.0 ], [ 113.289386532000094, -6.890285373999973, 0.0 ], [ 113.289683034000063, -6.890264233999972, 0.0 ], [ 113.289854355000102, -6.890178572999957, 0.0 ], [ 113.28994001500007, -6.890071497999941, 0.0 ], [ 113.290023727000062, -6.89000378999998, 0.0 ], [ 113.290375457000096, -6.889992974999927, 0.0 ], [ 113.290518224000039, -6.890000113999974, 0.0 ], [ 113.290639577000093, -6.889964421999935, 0.0 ], [ 113.290938501000028, -6.889771429999939, 0.0 ], [ 113.291041639000014, -6.889726500999927, 0.0 ], [ 113.291248340000038, -6.889650554999946, 0.0 ], [ 113.29169605800007, -6.889657470999964, 0.0 ], [ 113.292602632000012, -6.889493288999972, 0.0 ], [ 113.293623421, -6.889350520999926, 0.0 ], [ 113.293925042000069, -6.889234545999955, 0.0 ], [ 113.294119308000063, -6.889207721999981, 0.0 ], [ 113.294241017000104, -6.889200520999964, 0.0 ], [ 113.294886915, -6.889222029999928, 0.0 ], [ 113.295862286000101, -6.889244978999955, 0.0 ], [ 113.2960295580001, -6.88924683099998, 0.0 ], [ 113.296217926000054, -6.889255, 0.0 ], [ 113.296357993000015, -6.889278570999977, 0.0 ], [ 113.296554173000118, -6.889314352999975, 0.0 ], [ 113.29670077500009, -6.889323798999953, 0.0 ], [ 113.296917837000024, -6.889358942999934, 0.0 ], [ 113.297107055000083, -6.889394936999963, 0.0 ], [ 113.297233627000082, -6.889432845999977, 0.0 ], [ 113.297395853000012, -6.889497516999938, 0.0 ], [ 113.297522425000011, -6.889535425999952, 0.0 ], [ 113.297664195000038, -6.889614647999963, 0.0 ], [ 113.297791830000051, -6.889687337999931, 0.0 ], [ 113.297918827000103, -6.889739159999976, 0.0 ], [ 113.298066919, -6.889797298999952, 0.0 ], [ 113.298277232000032, -6.889839610999957, 0.0 ], [ 113.298425111000029, -6.889890793999939, 0.0 ], [ 113.298835574, -6.890212463999944, 0.0 ], [ 113.298896231000072, -6.890259349999951, 0.0 ], [ 113.299052135000011, -6.89034510099998, 0.0 ], [ 113.299215000000117, -6.890430638999931, 0.0 ], [ 113.299427016000095, -6.890528599999925, 0.0 ], [ 113.299589668000067, -6.89060718199994, 0.0 ], [ 113.299709491000044, -6.890652257999932, 0.0 ], [ 113.299857583000062, -6.890710395999974, 0.0 ], [ 113.300013274000094, -6.890789189999964, 0.0 ], [ 113.300169391000054, -6.890881895999939, 0.0 ], [ 113.300290278000034, -6.890961753999932, 0.0 ], [ 113.300427004000085, -6.891103791999967, 0.0 ], [ 113.300548318000097, -6.891197561999945, 0.0 ], [ 113.300731426000084, -6.891261590999932, 0.0 ], [ 113.300886478000052, -6.891319514999964, 0.0 ], [ 113.300993018000099, -6.891385884999977, 0.0 ], [ 113.301141749000067, -6.891464890999941, 0.0 ], [ 113.301255037000033, -6.891524091999941, 0.0 ], [ 113.301375072000042, -6.891576122999936, 0.0 ], [ 113.30153012400001, -6.891634045999979, 0.0 ], [ 113.30165037300003, -6.891693033999957, 0.0 ], [ 113.301811746000112, -6.891729874999953, 0.0 ], [ 113.30216972300002, -6.891816405999975, 0.0 ], [ 113.302400276000071, -6.891837205999934, 0.0 ], [ 113.302596453000092, -6.891872981999938, 0.0 ], [ 113.30282636700008, -6.89187291199994, 0.0 ], [ 113.303007343000104, -6.891867376999926, 0.0 ], [ 113.303230936000091, -6.891888388999973, 0.0 ], [ 113.303496292000091, -6.891908122999951, 0.0 ], [ 113.303678759000036, -6.891951280999933, 0.0 ], [ 113.303834449000078, -6.892030070999965, 0.0 ], [ 113.303940563000083, -6.892082526999957, 0.0 ], [ 113.304033394000044, -6.89215627699997, 0.0 ], [ 113.304125373000034, -6.892202202999954, 0.0 ], [ 113.304244130000029, -6.892212494999967, 0.0 ], [ 113.304395772000021, -6.892159116999949, 0.0 ], [ 113.304561547000048, -6.892112269999927, 0.0 ], [ 113.304748631000052, -6.892078695999942, 0.0 ], [ 113.304929606000087, -6.892073158999949, 0.0 ], [ 113.305124715000034, -6.892074152999953, 0.0 ], [ 113.305264566, -6.892090762999942, 0.0 ], [ 113.30536918700011, -6.892094524999948, 0.0 ], [ 113.305446179000114, -6.892106094999974, 0.0 ], [ 113.30552487600005, -6.892173313999933, 0.0 ], [ 113.305597252000098, -6.892261613999949, 0.0 ], [ 113.305689444000109, -6.892314494999937, 0.0 ], [ 113.305766863000031, -6.892339976999949, 0.0 ], [ 113.305884766000077, -6.892322444999934, 0.0 ], [ 113.30600224300008, -6.892291, 0.0 ], [ 113.306085769000106, -6.892288443999973, 0.0 ], [ 113.306190604000108, -6.892299161999972, 0.0 ], [ 113.306343735000041, -6.89229447699995, 0.0 ], [ 113.306456170000047, -6.892325849999963, 0.0 ], [ 113.306603406000022, -6.892356157999927, 0.0 ], [ 113.30670042700001, -6.892339263999929, 0.0 ], [ 113.306819182000027, -6.892349555999942, 0.0 ], [ 113.307025639000017, -6.892295000999979, 0.0 ], [ 113.307163255000091, -6.892312644999947, 0.0 ], [ 113.307269685000051, -6.892330183999945, 0.0 ], [ 113.307331136000016, -6.892459217999942, 0.0 ], [ 113.307422901000109, -6.892498185999955, 0.0 ], [ 113.307576459000074, -6.892507412999976, 0.0 ], [ 113.307685909000043, -6.892441399999939, 0.0 ], [ 113.307768582000108, -6.89241101999994, 0.0 ], [ 113.307830374000105, -6.892381277999959, 0.0 ], [ 113.307946943000047, -6.892296141999964, 0.0 ], [ 113.308101833000023, -6.892372971999976, 0.0 ], [ 113.308207945000049, -6.892425424999942, 0.0 ], [ 113.308347581000021, -6.892435077999949, 0.0 ], [ 113.308445028000051, -6.892432095999936, 0.0 ], [ 113.308548795000092, -6.892408031999935, 0.0 ], [ 113.308616695000069, -6.89235025399995, 0.0 ], [ 113.308685660000037, -6.89232725599993, 0.0 ], [ 113.308748730000048, -6.892339250999953, 0.0 ], [ 113.308861590000106, -6.892384534999962, 0.0 ], [ 113.308945755000082, -6.892402846999971, 0.0 ], [ 113.309037733000082, -6.89244876999993, 0.0 ], [ 113.309102934000066, -6.892530325999928, 0.0 ], [ 113.309188591000066, -6.892597329999944, 0.0 ], [ 113.309309051000014, -6.892663268999968, 0.0 ], [ 113.309421910000083, -6.892708552999977, 0.0 ], [ 113.309548050000103, -6.892732542999966, 0.0 ], [ 113.309681578000095, -6.892770230999929, 0.0 ], [ 113.309773982000024, -6.892830065999931, 0.0 ], [ 113.309798061000038, -6.892933766999931, 0.0 ], [ 113.309864115000096, -6.893043145999968, 0.0 ], [ 113.309914331000073, -6.893090346999941, 0.0 ], [ 113.310348652000016, -6.893326599999966, 0.0 ], [ 113.310577081000019, -6.893319461999965, 0.0 ], [ 113.310962231000076, -6.893183597999951, 0.0 ], [ 113.311240950000069, -6.893091033999951, 0.0 ], [ 113.31136230300001, -6.892991095999946, 0.0 ], [ 113.311597869000025, -6.892905435999978, 0.0 ], [ 113.312011896000058, -6.892876881999939, 0.0 ], [ 113.312268877000065, -6.892869743999938, 0.0 ], [ 113.312361202000034, -6.892835451999929, 0.0 ], [ 113.31251872100006, -6.89277694499998, 0.0 ], [ 113.312754288000065, -6.892577069999959, 0.0 ], [ 113.313096930000029, -6.892355779999946, 0.0 ], [ 113.313405443000079, -6.892203686999949, 0.0 ], [ 113.313498410000079, -6.892054629999961, 0.0 ], [ 113.313570070000083, -6.891892299999938, 0.0 ], [ 113.31348240300008, -6.891670494999971, 0.0 ], [ 113.31340280400002, -6.891584772999977, 0.0 ], [ 113.313389604, -6.891570557999955, 0.0 ], [ 113.313325358000043, -6.891470620999939, 0.0 ], [ 113.313346773000035, -6.891334990999951, 0.0 ], [ 113.313424840000039, -6.891310009999927, 0.0 ], [ 113.313525233000064, -6.891277883999976, 0.0 ], [ 113.313625170000023, -6.891185084999961, 0.0 ], [ 113.313750388000017, -6.890993292999951, 0.0 ], [ 113.31375055500007, -6.89099303699993, 0.0 ], [ 113.313811429000111, -6.89095636899998, 0.0 ], [ 113.313811503000011, -6.890956323999944, 0.0 ], [ 113.313852239000084, -6.890931786999943, 0.0 ], [ 113.314032058000066, -6.890913826999963, 0.0 ], [ 113.314453013000048, -6.890695588999961, 0.0 ], [ 113.314550030000078, -6.890678693999973, 0.0 ], [ 113.314632913000082, -6.890655269999968, 0.0 ], [ 113.314735399000028, -6.890589471999931, 0.0 ], [ 113.314765963000013, -6.890472767999938, 0.0 ], [ 113.314823972000113, -6.89044991399993, 0.0 ], [ 113.314989517000072, -6.890470295999933, 0.0 ], [ 113.315142216000027, -6.890451696999946, 0.0 ], [ 113.315294488000063, -6.890419186999964, 0.0 ], [ 113.315460041000051, -6.89036538299996, 0.0 ], [ 113.315653222000037, -6.890303770999935, 0.0 ], [ 113.315790508000077, -6.890236907999963, 0.0 ], [ 113.315933901000108, -6.890142007999941, 0.0 ], [ 113.316126868000083, -6.89007344099997, 0.0 ], [ 113.3162223920001, -6.890007855999954, 0.0 ], [ 113.316318130000013, -6.889949226999931, 0.0 ], [ 113.316448668000021, -6.889889531999927, 0.0 ], [ 113.316572459000099, -6.889837006999926, 0.0 ], [ 113.31679241300003, -6.889739763999955, 0.0 ], [ 113.317088076, -6.88961235499994, 0.0 ], [ 113.317226214000016, -6.88957331499995, 0.0 ], [ 113.317391760000078, -6.88942416499998, 0.0 ], [ 113.317616815000065, -6.889340655999945, 0.0 ], [ 113.317873433000045, -6.889323748999971, 0.0 ], [ 113.318026982000106, -6.889332972999966, 0.0 ], [ 113.318145091000019, -6.889322395999955, 0.0 ], [ 113.318261921000044, -6.889270082999928, 0.0 ], [ 113.318372216000057, -6.889231895999956, 0.0 ], [ 113.318469445, -6.889221957999951, 0.0 ], [ 113.318552114000113, -6.889191577999952, 0.0 ], [ 113.318822983000018, -6.889057381999976, 0.0 ], [ 113.319008842000017, -6.889027531999943, 0.0 ], [ 113.31913333500006, -6.889007536999941, 0.0 ], [ 113.319280792000086, -6.889099649999935, 0.0 ], [ 113.319324684000094, -6.889167928999939, 0.0 ], [ 113.319387751000022, -6.889179922999972, 0.0 ], [ 113.319456713000022, -6.889156924999952, 0.0 ], [ 113.31949570200004, -6.889065221999942, 0.0 ], [ 113.319547085000067, -6.888941086999978, 0.0 ], [ 113.319549484000049, -6.888939448999963, 0.0 ], [ 113.319711389000076, -6.888828865999926, 0.0 ], [ 113.31979448300001, -6.88881239799997, 0.0 ], [ 113.319870831000117, -6.888803098999972, 0.0 ], [ 113.320174250000036, -6.888827926999966, 0.0 ], [ 113.320192483000028, -6.888829418999933, 0.0 ], [ 113.321244868, -6.888628753999967, 0.0 ], [ 113.32131929600007, -6.888556853999944, 0.0 ], [ 113.3214158830001, -6.88852604799996, 0.0 ], [ 113.321464603000095, -6.888524555999936, 0.0 ], [ 113.321540524000056, -6.888501345999941, 0.0 ], [ 113.321601885000064, -6.888457693999953, 0.0 ], [ 113.32171762300004, -6.888349434999952, 0.0 ], [ 113.321876786000075, -6.888344609999933, 0.0 ], [ 113.321877560000075, -6.888344194999945, 0.0 ], [ 113.322027861000038, -6.888263636999966, 0.0 ], [ 113.322132261000093, -6.888260440999943, 0.0 ], [ 113.322251433000019, -6.888284640999927, 0.0 ], [ 113.32237060600005, -6.888308840999969, 0.0 ], [ 113.322441485000013, -6.888348443999973, 0.0 ], [ 113.322484358000111, -6.88847136499993, 0.0 ], [ 113.322484840000016, -6.88847274699998, 0.0 ], [ 113.322525507000023, -6.888589546999981, 0.0 ], [ 113.322547666000105, -6.888630641999953, 0.0 ], [ 113.322610946000054, -6.888649590999933, 0.0 ], [ 113.322699933000081, -6.888598130999981, 0.0 ], [ 113.322760227000117, -6.88851970199994, 0.0 ], [ 113.322861042000113, -6.888323197999966, 0.0 ], [ 113.322865721000085, -6.888319494999962, 0.0 ], [ 113.323137618000032, -6.888104343999942, 0.0 ], [ 113.323254445000089, -6.888052031999962, 0.0 ], [ 113.32348033300002, -6.888078040999972, 0.0 ], [ 113.323480464000113, -6.888078055999927, 0.0 ], [ 113.323498114000017, -6.888074425999946, 0.0 ], [ 113.323748174000116, -6.888022991999946, 0.0 ], [ 113.323908892000077, -6.888038956999935, 0.0 ], [ 113.324053602000049, -6.888124815999959, 0.0 ], [ 113.32424785, -6.888142454999979, 0.0 ], [ 113.324275050000097, -6.88814511299995, 0.0 ], [ 113.324400212000114, -6.888157343999978, 0.0 ], [ 113.324406018000104, -6.888157910999951, 0.0 ], [ 113.32478250600002, -6.888130564999926, 0.0 ], [ 113.324914744000012, -6.888126515999943, 0.0 ], [ 113.325033915000063, -6.888150714999938, 0.0 ], [ 113.325139167000088, -6.888175340999965, 0.0 ], [ 113.325250951000044, -6.888185841999928, 0.0 ], [ 113.325369269000021, -6.88818221899993, 0.0 ], [ 113.325473667000097, -6.888179021999974, 0.0 ], [ 113.325564999000107, -6.88820407399993, 0.0 ], [ 113.325676005000105, -6.88828037199994, 0.0 ], [ 113.325677474000031, -6.888281381999946, 0.0 ], [ 113.325928494000095, -6.888284322999937, 0.0 ], [ 113.326160709000078, -6.888287041999945, 0.0 ], [ 113.326447101000099, -6.888290396999935, 0.0 ], [ 113.32679969000003, -6.888301737999939, 0.0 ], [ 113.32680184000003, -6.888300942999933, 0.0 ], [ 113.326973235000082, -6.888237531999948, 0.0 ], [ 113.327112432000035, -6.888233268999954, 0.0 ], [ 113.327525194000032, -6.888290247999976, 0.0 ], [ 113.327680230000055, -6.888348157999928, 0.0 ], [ 113.327751108000029, -6.888387758999954, 0.0 ], [ 113.327827267000089, -6.888500154999974, 0.0 ], [ 113.327828977000081, -6.888502677999952, 0.0 ], [ 113.327967154000021, -6.888617849999946, 0.0 ], [ 113.328030005000073, -6.88862288699994, 0.0 ], [ 113.328105923000066, -6.888599674999966, 0.0 ], [ 113.328256053000018, -6.888497608999955, 0.0 ], [ 113.328378556000075, -6.888403351999955, 0.0 ], [ 113.328476979000015, -6.888270175999935, 0.0 ], [ 113.328493999000102, -6.888260547999948, 0.0 ], [ 113.328659751000032, -6.888250012999947, 0.0 ], [ 113.328812775000074, -6.888240287999963, 0.0 ], [ 113.329009976000066, -6.88832135399997, 0.0 ], [ 113.329136105000089, -6.888345338999954, 0.0 ], [ 113.329213089000064, -6.888356904999966, 0.0 ], [ 113.329359884000041, -6.888373293999962, 0.0 ], [ 113.329540198000018, -6.888346884999976, 0.0 ], [ 113.329708085000107, -6.888369589999968, 0.0 ], [ 113.329848987000105, -6.88842096999997, 0.0 ], [ 113.329968583000095, -6.888459077999926, 0.0 ], [ 113.330171055000051, -6.888473760999943, 0.0 ], [ 113.330275451000034, -6.888470562999942, 0.0 ], [ 113.330421392000062, -6.888459130999934, 0.0 ], [ 113.330546667000021, -6.888455292999936, 0.0 ], [ 113.33077151100008, -6.888518024999939, 0.0 ], [ 113.33092462500008, -6.888513333999981, 0.0 ], [ 113.331156382000017, -6.888452960999928, 0.0 ], [ 113.331462596000051, -6.888486204999936, 0.0 ], [ 113.331695566, -6.888510708999945, 0.0 ], [ 113.331702098000051, -6.888511008999956, 0.0 ], [ 113.332031784000037, -6.888526137999975, 0.0 ], [ 113.332392751000043, -6.888501414999951, 0.0 ], [ 113.332393037000088, -6.888501484999949, 0.0 ], [ 113.3326257760001, -6.888558682999928, 0.0 ], [ 113.332764969000095, -6.888554417999956, 0.0 ], [ 113.33291069500001, -6.888536029999955, 0.0 ], [ 113.333274714000027, -6.888441186999955, 0.0 ], [ 113.333275655000079, -6.888440941999932, 0.0 ], [ 113.333706300000017, -6.888411445999964, 0.0 ], [ 113.333716548000098, -6.888410970999928, 0.0 ], [ 113.334011803000067, -6.888397278999946, 0.0 ], [ 113.334450873000037, -6.888425612999981, 0.0 ], [ 113.33473085300011, -6.888443680999956, 0.0 ], [ 113.335363680000114, -6.888565291999953, 0.0 ], [ 113.335712938000029, -6.888596359999951, 0.0 ], [ 113.335914766000087, -6.888590174999933, 0.0 ], [ 113.33639645300002, -6.888557078999952, 0.0 ], [ 113.336653246000083, -6.88857823099994, 0.0 ], [ 113.336804196000116, -6.888594077999926, 0.0 ], [ 113.337067715000103, -6.888634724999974, 0.0 ], [ 113.337216283000089, -6.888780022999981, 0.0 ], [ 113.337351075000015, -6.888859431999947, 0.0 ], [ 113.337456962000033, -6.88890491799998, 0.0 ], [ 113.337631587000033, -6.888901263999969, 0.0 ], [ 113.33763331800003, -6.88890142799994, 0.0 ], [ 113.337840589000052, -6.888921006999965, 0.0 ], [ 113.337889946000018, -6.888940378999962, 0.0 ], [ 113.337933411000108, -6.88899473999993, 0.0 ], [ 113.337945088000083, -6.889173765999942, 0.0 ], [ 113.337945128000115, -6.889174882999953, 0.0 ], [ 113.337950189000026, -6.889314462999948, 0.0 ], [ 113.337959497000043, -6.889390755999955, 0.0 ], [ 113.337989470000025, -6.889459454999951, 0.0 ], [ 113.338039467000044, -6.889499691999958, 0.0 ], [ 113.338097538000056, -6.889503702999946, 0.0 ], [ 113.338109276000068, -6.889504513999952, 0.0 ], [ 113.338206766000098, -6.889508475999946, 0.0 ], [ 113.33820692200004, -6.88950848199994, 0.0 ], [ 113.338267636000069, -6.889443965999931, 0.0 ], [ 113.338306405000026, -6.889345313999968, 0.0 ], [ 113.338370022000049, -6.88914843699996, 0.0 ], [ 113.33845579900003, -6.888992650999967, 0.0 ], [ 113.338558270000021, -6.888926853999976, 0.0 ], [ 113.338654422000104, -6.888882136999939, 0.0 ], [ 113.338784731000032, -6.888815487999977, 0.0 ], [ 113.338923280000017, -6.888790355999959, 0.0 ], [ 113.339048551000019, -6.888786515999925, 0.0 ], [ 113.339182915000038, -6.888852012999962, 0.0 ], [ 113.339289869000027, -6.888932274999945, 0.0 ], [ 113.339341147000027, -6.889014241999973, 0.0 ], [ 113.339510308000058, -6.889078672999972, 0.0 ], [ 113.339642751000042, -6.889081573999931, 0.0 ], [ 113.339780232000066, -6.889021666999952, 0.0 ], [ 113.339902514000073, -6.888920454999948, 0.0 ], [ 113.339984959000049, -6.888883118999956, 0.0 ], [ 113.340096097000014, -6.888872750999951, 0.0 ], [ 113.340165691000038, -6.888870616999952, 0.0 ], [ 113.340284642000029, -6.88888785499995, 0.0 ], [ 113.340395352000087, -6.888863575999949, 0.0 ], [ 113.340505422000092, -6.888818431999937, 0.0 ], [ 113.340616559000068, -6.888808063999932, 0.0 ], [ 113.340742042000102, -6.888811177999969, 0.0 ], [ 113.34088293800005, -6.888862550999931, 0.0 ], [ 113.341058418000102, -6.888905902999966, 0.0 ], [ 113.341191500000036, -6.888929668999936, 0.0 ], [ 113.341318478000062, -6.88898146799994, 0.0 ], [ 113.341452841000091, -6.889046964999977, 0.0 ], [ 113.341615042000058, -6.889111606999961, 0.0 ], [ 113.341721141000107, -6.889164046999952, 0.0 ], [ 113.341903793000029, -6.889214138999932, 0.0 ], [ 113.342036448000044, -6.889223993999963, 0.0 ], [ 113.342210860000023, -6.889232569999933, 0.0 ], [ 113.342385271000012, -6.889241144999971, 0.0 ], [ 113.342532699000117, -6.889278392999927, 0.0 ], [ 113.342678845000023, -6.889273911999965, 0.0 ], [ 113.342796514000042, -6.889249418999952, 0.0 ], [ 113.342928314, -6.889231453999969, 0.0 ], [ 113.343032705000041, -6.889228252999942, 0.0 ], [ 113.343222102000027, -6.889271175999966, 0.0 ], [ 113.343354756000053, -6.889281030999939, 0.0 ], [ 113.343557004000104, -6.88928875199997, 0.0 ], [ 113.343848441000091, -6.889251968999929, 0.0 ], [ 113.344020502000035, -6.889184038999929, 0.0 ], [ 113.344186031000049, -6.889130231999957, 0.0 ], [ 113.34437222400004, -6.889068829999928, 0.0 ], [ 113.344482505000087, -6.889030640999977, 0.0 ], [ 113.34464171400009, -6.888997911999979, 0.0 ], [ 113.34482180100008, -6.888964542999929, 0.0 ], [ 113.344932936000077, -6.888954173999934, 0.0 ], [ 113.345099959000095, -6.88894905199993, 0.0 ], [ 113.34529481900006, -6.888943074999929, 0.0 ], [ 113.345448136000073, -6.88894533499996, 0.0 ], [ 113.345609054000079, -6.888968245999934, 0.0 ], [ 113.345755625000038, -6.888977672999943, 0.0 ], [ 113.345866546000025, -6.888960347999955, 0.0 ], [ 113.345928111000035, -6.888923652999949, 0.0 ], [ 113.34606622900003, -6.888884609999934, 0.0 ], [ 113.346185390000073, -6.888908800999957, 0.0 ], [ 113.346381957000062, -6.888958462999938, 0.0 ], [ 113.346480668000027, -6.888997203999963, 0.0 ], [ 113.346626598000057, -6.888985766999951, 0.0 ], [ 113.346708614000022, -6.888934521999943, 0.0 ], [ 113.346769538000103, -6.888876960999937, 0.0 ], [ 113.346873927000047, -6.888873759999967, 0.0 ], [ 113.347000047000051, -6.888897736999979, 0.0 ], [ 113.347118781000063, -6.888908017999938, 0.0 ], [ 113.347238369000024, -6.888946117999978, 0.0 ], [ 113.347316415000023, -6.888992453999947, 0.0 ], [ 113.347396171000014, -6.889094428999954, 0.0 ], [ 113.347488990000102, -6.889168156999972, 0.0 ], [ 113.347560291000036, -6.889221660999965, 0.0 ], [ 113.347659428000043, -6.889274310999951, 0.0 ], [ 113.347772271000053, -6.889319579999949, 0.0 ], [ 113.34789881800009, -6.889357465999979, 0.0 ], [ 113.348032324000087, -6.88939513899993, 0.0 ], [ 113.348166472000116, -6.88945367599996, 0.0 ], [ 113.348314110000047, -6.88949787599995, 0.0 ], [ 113.348425670000097, -6.889501414999927, 0.0 ], [ 113.348544190000098, -6.889504740999939, 0.0 ], [ 113.34864225900003, -6.889522615999965, 0.0 ], [ 113.348741397000026, -6.889575265999952, 0.0 ], [ 113.348854453000058, -6.889627487999974, 0.0 ], [ 113.348939458000018, -6.889673609999932, 0.0 ], [ 113.349045341000078, -6.889719090999961, 0.0 ], [ 113.349109683000052, -6.889772806999929, 0.0 ], [ 113.349118351000016, -6.889828231999957, 0.0 ], [ 113.34911395600011, -6.889911902999927, 0.0 ], [ 113.34910448100004, -6.889949358999957, 0.0 ], [ 113.349101533000066, -6.889961013999937, 0.0 ], [ 113.349326149000035, -6.890016773999946, 0.0 ], [ 113.349385790000042, -6.889917485999945, 0.0 ], [ 113.349427262000063, -6.889867873999947, 0.0 ], [ 113.349439541000038, -6.889853183999946, 0.0 ], [ 113.349447991000034, -6.889848375999975, 0.0 ], [ 113.349555923000025, -6.88978696199996, 0.0 ], [ 113.349666201000105, -6.889748770999972, 0.0 ], [ 113.349826262000079, -6.889743859999953, 0.0 ], [ 113.349973258000091, -6.88976719599998, 0.0 ], [ 113.350091777000102, -6.889770519999956, 0.0 ], [ 113.35020355100005, -6.889781012999947, 0.0 ], [ 113.35035012000003, -6.889790438999967, 0.0 ], [ 113.350502152000104, -6.889750966999941, 0.0 ], [ 113.350661571000046, -6.889725191999958, 0.0 ], [ 113.350800753000044, -6.889720920999935, 0.0 ], [ 113.350885330000096, -6.889753132999942, 0.0 ], [ 113.350990785000022, -6.889784702999975, 0.0 ], [ 113.351097736000042, -6.889864956999929, 0.0 ], [ 113.351169037000091, -6.889918458999944, 0.0 ], [ 113.35128102300007, -6.889935906999938, 0.0 ], [ 113.351364746000058, -6.889940298999932, 0.0 ], [ 113.351482409000027, -6.889915803999941, 0.0 ], [ 113.351558532000013, -6.889899545999981, 0.0 ], [ 113.351683582000078, -6.889888746999929, 0.0 ], [ 113.351746855000101, -6.889907688999926, 0.0 ], [ 113.351894064000021, -6.889937977999978, 0.0 ], [ 113.351998664, -6.889941729999975, 0.0 ], [ 113.352109795000047, -6.889931357999956, 0.0 ], [ 113.352207222000061, -6.889928367999971, 0.0 ], [ 113.352403999000103, -6.889984979999952, 0.0 ], [ 113.352557740000066, -6.890001145999975, 0.0 ], [ 113.352669726000045, -6.890018592999979, 0.0 ], [ 113.35279584400007, -6.890042566999966, 0.0 ], [ 113.352943266000011, -6.890079809999975, 0.0 ], [ 113.353146147000075, -6.890108389999966, 0.0 ], [ 113.353292500000066, -6.890110858999947, 0.0 ], [ 113.353404700000056, -6.890135260999955, 0.0 ], [ 113.353537562000042, -6.890152066999974, 0.0 ], [ 113.353690661000087, -6.89014736799993, 0.0 ], [ 113.353808110000045, -6.890115917999935, 0.0 ], [ 113.353883376000113, -6.890071840999951, 0.0 ], [ 113.353938407000101, -6.890049267999927, 0.0 ], [ 113.35399386600011, -6.890040604999967, 0.0 ], [ 113.354215699000065, -6.890005950999978, 0.0 ], [ 113.354333361000045, -6.88998145599993, 0.0 ], [ 113.354535172000055, -6.88997526199995, 0.0 ], [ 113.354716718000077, -6.889960727999949, 0.0 ], [ 113.355019226000081, -6.89003723299993, 0.0 ], [ 113.355361868000045, -6.890030094999929, 0.0 ], [ 113.355711649000114, -6.890065786999969, 0.0 ], [ 113.355925800000023, -6.890101478999952, 0.0 ], [ 113.356147090000036, -6.890087201999961, 0.0 ], [ 113.356289858000082, -6.890087201999961, 0.0 ], [ 113.356496871000104, -6.890051509999978, 0.0 ], [ 113.356760991000101, -6.889994402999946, 0.0 ], [ 113.357196433000013, -6.889944433999972, 0.0 ], [ 113.357403446000035, -6.889944433999972, 0.0 ], [ 113.357674704000033, -6.88993015799997, 0.0 ], [ 113.357924548000028, -6.889844496999956, 0.0 ], [ 113.358210083000017, -6.889794527999925, 0.0 ], [ 113.359138073000054, -6.889601791999951, 0.0 ], [ 113.359915714000067, -6.889399382999954, 0.0 ], [ 113.360206487000028, -6.889341727999977, 0.0 ], [ 113.360482701000024, -6.889263636999942, 0.0 ], [ 113.360779792000017, -6.889184904999979, 0.0 ], [ 113.360952478000058, -6.889137836999964, 0.0 ], [ 113.361160814000073, -6.889117517999978, 0.0 ], [ 113.361292390000017, -6.889092594999966, 0.0 ], [ 113.36144398600004, -6.889039213999979, 0.0 ], [ 113.361568388000023, -6.889007549999974, 0.0 ], [ 113.361698039000089, -6.888920036999934, 0.0 ], [ 113.361820517000069, -6.888825783999948, 0.0 ], [ 113.361914733000049, -6.888718476999941, 0.0 ], [ 113.362000239000054, -6.888614279999956, 0.0 ], [ 113.362183986000105, -6.888640599999974, 0.0 ], [ 113.362350995000043, -6.888635471999976, 0.0 ], [ 113.362496701000055, -6.888617075999946, 0.0 ], [ 113.362655896000092, -6.88858434399998, 0.0 ], [ 113.362760277, -6.888581138999939, 0.0 ], [ 113.362938093000025, -6.888517770999954, 0.0 ], [ 113.362939133000054, -6.888516791999962, 0.0 ], [ 113.36302739100006, -6.888433718999977, 0.0 ], [ 113.363069143000075, -6.888432436999949, 0.0 ], [ 113.363242120000109, -6.888536974999965, 0.0 ], [ 113.363243854000075, -6.888538022999967, 0.0 ], [ 113.363459569000042, -6.888671040999952, 0.0 ], [ 113.363509563000093, -6.888711270999977, 0.0 ], [ 113.363510418000033, -6.888739087999966, 0.0 ], [ 113.363511701000107, -6.888780813999972, 0.0 ], [ 113.363513198000078, -6.888829494999925, 0.0 ], [ 113.363507308000067, -6.888864479999938, 0.0 ], [ 113.363523364000116, -6.888933595999958, 0.0 ], [ 113.363552482000046, -6.888974467999958, 0.0 ], [ 113.363595089000114, -6.889001002999976, 0.0 ], [ 113.363603117000025, -6.889035560999957, 0.0 ], [ 113.363618318000022, -6.889076858999942, 0.0 ], [ 113.363613283000063, -6.889139661999934, 0.0 ], [ 113.363657768000053, -6.889138295999942, 0.0 ], [ 113.36377333300004, -6.889134746999957, 0.0 ], [ 113.363798388000077, -6.889043485999935, 0.0 ], [ 113.363823657000012, -6.888959178999926, 0.0 ], [ 113.363863699000035, -6.888902261999931, 0.0 ], [ 113.363918085000023, -6.888858826999979, 0.0 ], [ 113.363930078000067, -6.888795809999976, 0.0 ], [ 113.363956843000096, -6.888760183999977, 0.0 ], [ 113.364040561000024, -6.888764573999936, 0.0 ], [ 113.364097300000026, -6.888797635999936, 0.0 ], [ 113.364201466000054, -6.888787475999948, 0.0 ], [ 113.364284115000032, -6.88875709399997, 0.0 ], [ 113.364335936000089, -6.888630206999949, 0.0 ], [ 113.36434814200004, -6.88857414499995, 0.0 ], [ 113.36446107300003, -6.88845998599993, 0.0 ], [ 113.364587981000113, -6.888435380999965, 0.0 ], [ 113.36458845300001, -6.888435541999968, 0.0 ], [ 113.364791786000069, -6.888504833999946, 0.0 ], [ 113.364903766000111, -6.888522276999936, 0.0 ], [ 113.365022704000012, -6.888539506999962, 0.0 ], [ 113.365148174000069, -6.888542614999949, 0.0 ], [ 113.365203201000099, -6.888520041999925, 0.0 ], [ 113.365516126000102, -6.888503470999979, 0.0 ], [ 113.365620506000027, -6.888500264999948, 0.0 ], [ 113.365719573000092, -6.888504546999968, 0.0 ], [ 113.36626112600004, -6.888494511999966, 0.0 ], [ 113.366533260000097, -6.888510516999929, 0.0 ], [ 113.36750384700008, -6.888470992999942, 0.0 ], [ 113.368626826000082, -6.888414886999954, 0.0 ], [ 113.368773597000086, -6.888431259999948, 0.0 ], [ 113.368912767000097, -6.888426984999967, 0.0 ], [ 113.369051938000098, -6.888422709999929, 0.0 ], [ 113.369169163000038, -6.888384304999931, 0.0 ], [ 113.369525442000054, -6.888286273999938, 0.0 ], [ 113.369595804000028, -6.888266913999928, 0.0 ], [ 113.369824232000042, -6.888259775999927, 0.0 ], [ 113.37010783900007, -6.88834447399995, 0.0 ], [ 113.370107916000052, -6.888344601999961, 0.0 ], [ 113.370223982000084, -6.888538172999972, 0.0 ], [ 113.370331057000044, -6.888588141999946, 0.0 ], [ 113.370459548000099, -6.888545310999973, 0.0 ], [ 113.370580901000039, -6.888423958999965, 0.0 ], [ 113.370817458000033, -6.888317508999933, 0.0 ], [ 113.371159532000092, -6.88830584699997, 0.0 ], [ 113.371587413000043, -6.888373989999934, 0.0 ], [ 113.371723042000099, -6.888388266999925, 0.0 ], [ 113.372017769000081, -6.88831827599995, 0.0 ], [ 113.372138567000093, -6.888327402999948, 0.0 ], [ 113.372181635000061, -6.888330443999962, 0.0 ], [ 113.372375772000055, -6.888344153999981, 0.0 ], [ 113.372578947000079, -6.888351772999954, 0.0 ], [ 113.372834927000099, -6.88837684799995, 0.0 ], [ 113.373077922000107, -6.888408089999928, 0.0 ], [ 113.373320399000022, -6.888409730999967, 0.0 ], [ 113.373544693000099, -6.88841042699994, 0.0 ], [ 113.373837385000115, -6.888411334999944, 0.0 ], [ 113.373949178000089, -6.888411681999969, 0.0 ], [ 113.374137034000114, -6.888412264999943, 0.0 ], [ 113.37428314400006, -6.888412717999927, 0.0 ], [ 113.374284764000095, -6.888412633999963, 0.0 ], [ 113.374431623000078, -6.888405022999962, 0.0 ], [ 113.374432544000115, -6.888404974999958, 0.0 ], [ 113.374613776000047, -6.888380133999931, 0.0 ], [ 113.374627117000045, -6.888377626999954, 0.0 ], [ 113.374754488, -6.888353695999967, 0.0 ], [ 113.37477041000011, -6.888350703999947, 0.0 ], [ 113.37494671200011, -6.88830792899995, 0.0 ], [ 113.375109542000018, -6.888268078999943, 0.0 ], [ 113.375322041000118, -6.888240058999941, 0.0 ], [ 113.375539084000025, -6.888247775999957, 0.0 ], [ 113.375664500000084, -6.888252235999971, 0.0 ], [ 113.37580042400009, -6.888292628999977, 0.0 ], [ 113.375934255000061, -6.888360360999968, 0.0 ], [ 113.375974480000082, -6.888378614999965, 0.0 ], [ 113.376093109000067, -6.888432447999946, 0.0 ], [ 113.376109006000092, -6.888439661999939, 0.0 ], [ 113.37625537100007, -6.888486437999973, 0.0 ], [ 113.376268417, -6.888489450999941, 0.0 ], [ 113.376404017000027, -6.888520765999942, 0.0 ], [ 113.376408635000075, -6.888521831999981, 0.0 ], [ 113.37642607500004, -6.888522704999957, 0.0 ], [ 113.376581444000067, -6.888530479999929, 0.0 ], [ 113.37659184000006, -6.888531, 0.0 ], [ 113.376704538000013, -6.888567051999928, 0.0 ], [ 113.376806972000054, -6.888653206999948, 0.0 ], [ 113.376809163000075, -6.888655049999954, 0.0 ], [ 113.376879393000081, -6.888780176999944, 0.0 ], [ 113.37696629900006, -6.888935013999969, 0.0 ], [ 113.377039008000111, -6.889068580999947, 0.0 ], [ 113.377101853000113, -6.889190665999934, 0.0 ], [ 113.377137340000104, -6.889261016999967, 0.0 ], [ 113.377262427, -6.889508992999936, 0.0 ], [ 113.377555101000098, -6.889608929999952, 0.0 ], [ 113.378454537000039, -6.88978025199998, 0.0 ], [ 113.379125545000079, -6.889851634999957, 0.0 ], [ 113.379332558000101, -6.889851634999957, 0.0 ], [ 113.379345346000036, -6.889850396999975, 0.0 ], [ 113.379350041000066, -6.889977991999956, 0.0 ], [ 113.379379921, -6.890790959999947, 0.0 ], [ 113.379444, -6.891769981999971, 0.0 ], [ 113.379802919000099, -6.893955000999938, 0.0 ], [ 113.379833160000089, -6.894281971999931, 0.0 ], [ 113.37983604100009, -6.894321029999958, 0.0 ], [ 113.379905161000011, -6.895097009999972, 0.0 ], [ 113.37991704, -6.89533001999996, 0.0 ], [ 113.379903001000116, -6.895503989999952, 0.0 ], [ 113.379675120000115, -6.89578298899994, 0.0 ], [ 113.379518160000089, -6.895934009999962, 0.0 ], [ 113.379404040000054, -6.896138039999926, 0.0 ], [ 113.379509880000114, -6.896468969999944, 0.0 ], [ 113.379555958000083, -6.896612968999932, 0.0 ], [ 113.379759, -6.89707403999995, 0.0 ], [ 113.379913080000051, -6.897331979999933, 0.0 ], [ 113.379912000000104, -6.897857039999963, 0.0 ], [ 113.379870959000073, -6.898139009999966, 0.0 ], [ 113.379774840000096, -6.89830496999997, 0.0 ], [ 113.379330961000051, -6.898560028999952, 0.0 ], [ 113.378814001000023, -6.898884029999977, 0.0 ], [ 113.378785920000041, -6.898901041999977, 0.0 ], [ 113.378676841000015, -6.898983029999954, 0.0 ], [ 113.378572079000037, -6.899329978999958, 0.0 ], [ 113.378522038000028, -6.899597011999958, 0.0 ], [ 113.378361840000025, -6.900648028999967, 0.0 ], [ 113.378158080000048, -6.901614989999928, 0.0 ], [ 113.378052960000105, -6.902065981999954, 0.0 ], [ 113.377934880000112, -6.902631990999964, 0.0 ], [ 113.377857841000036, -6.902892989999941, 0.0 ], [ 113.377727160000063, -6.903114029999927, 0.0 ], [ 113.377433040000028, -6.90339500999994, 0.0 ], [ 113.37721488000011, -6.90353000999994, 0.0 ], [ 113.376957840000046, -6.903610018999927, 0.0 ], [ 113.376868920000106, -6.903644039999961, 0.0 ], [ 113.37683904000005, -6.903833040999928, 0.0 ], [ 113.377025160000017, -6.904388969999957, 0.0 ], [ 113.377218840000069, -6.904728989999967, 0.0 ], [ 113.377400998000098, -6.905073959999982, 0.0 ], [ 113.377552920000085, -6.905586959999937, 0.0 ], [ 113.377559040000051, -6.906047039999976, 0.0 ], [ 113.37753204, -6.90618600199997, 0.0 ], [ 113.377332958000011, -6.906447, 0.0 ], [ 113.3766, -6.907071961999975, 0.0 ], [ 113.376300840000113, -6.907241968999926, 0.0 ], [ 113.375706838000042, -6.907339979999961, 0.0 ], [ 113.375513161000072, -6.907361039999955, 0.0 ], [ 113.375471040000093, -6.907357979999972, 0.0 ], [ 113.375468160000082, -6.90736598899997, 0.0 ], [ 113.375293920000104, -6.907515029999956, 0.0 ], [ 113.375117881000051, -6.907678019999935, 0.0 ], [ 113.375094120000085, -6.907708979999938, 0.0 ], [ 113.375026080000112, -6.907824989999938, 0.0 ], [ 113.374999080000066, -6.907975018999934, 0.0 ], [ 113.374999080000066, -6.90797546999994, 0.0 ], [ 113.374967040000115, -6.908147998999937, 0.0 ], [ 113.37499872, -6.908547690999967, 0.0 ], [ 113.374999080000066, -6.908549039999968, 0.0 ], [ 113.375138041000014, -6.909053038999957, 0.0 ], [ 113.37516792100007, -6.909162029999948, 0.0 ], [ 113.375226958000098, -6.909888959999932, 0.0 ], [ 113.375230920000035, -6.910054019999961, 0.0 ], [ 113.374999080000066, -6.910346969999978, 0.0 ], [ 113.37499872, -6.910347148999961, 0.0 ], [ 113.374752839000053, -6.910655038999948, 0.0 ], [ 113.374526039000102, -6.910792021999953, 0.0 ], [ 113.374450080000088, -6.910785991999944, 0.0 ], [ 113.374167120000038, -6.910365960999968, 0.0 ], [ 113.374023840000064, -6.909958979999942, 0.0 ], [ 113.37398316000008, -6.909497008999949, 0.0 ], [ 113.373969120000083, -6.909301981999931, 0.0 ], [ 113.373902160000057, -6.909188039999947, 0.0 ], [ 113.373784080000064, -6.909116039999958, 0.0 ], [ 113.373676078000017, -6.909157978999929, 0.0 ], [ 113.373061921000044, -6.909987959999967, 0.0 ], [ 113.372777158000076, -6.910395029999961, 0.0 ], [ 113.372638920000099, -6.910704990999932, 0.0 ], [ 113.372533081000029, -6.91107902899995, 0.0 ], [ 113.372138160000077, -6.911526959999946, 0.0 ], [ 113.371965, -6.911859959999958, 0.0 ], [ 113.371985880000011, -6.91209, 0.0 ], [ 113.372205840000106, -6.912489959999959, 0.0 ], [ 113.372319960000027, -6.912749971999972, 0.0 ], [ 113.372381879000045, -6.913036978999969, 0.0 ], [ 113.372431919000064, -6.913181969999926, 0.0 ], [ 113.3724441600001, -6.913216979999959, 0.0 ], [ 113.373186840000017, -6.913674001999937, 0.0 ], [ 113.373402120000037, -6.913805039999943, 0.0 ], [ 113.373538920000101, -6.914005019999934, 0.0 ], [ 113.373588958000028, -6.914205989999971, 0.0 ], [ 113.373573121000049, -6.91447895999994, 0.0 ], [ 113.373231839000027, -6.915029041999958, 0.0 ], [ 113.373074880000104, -6.915377969999952, 0.0 ], [ 113.372976960000074, -6.915682979999929, 0.0 ], [ 113.372980921000021, -6.916273021999928, 0.0 ], [ 113.372984160000101, -6.916667041999972, 0.0 ], [ 113.372997120000036, -6.916827959999978, 0.0 ], [ 113.373829080000064, -6.917551018999973, 0.0 ], [ 113.373916921000045, -6.917643988999941, 0.0 ], [ 113.373539998000069, -6.918276958999968, 0.0 ], [ 113.373442078000039, -6.918467039999939, 0.0 ], [ 113.37335100100006, -6.918938009999977, 0.0 ], [ 113.373393456000031, -6.919048983999971, 0.0 ], [ 113.37344892100009, -6.919193969999981, 0.0 ], [ 113.373666001000061, -6.919526969999936, 0.0 ], [ 113.373852838000062, -6.919904970999937, 0.0 ], [ 113.37390287900007, -6.920306011999969, 0.0 ], [ 113.373855, -6.920703988999946, 0.0 ], [ 113.373726119000025, -6.921774, 0.0 ], [ 113.37366312000006, -6.922116000999949, 0.0 ], [ 113.373456840000017, -6.922751041999959, 0.0 ], [ 113.373281160000033, -6.923377980999931, 0.0 ], [ 113.373243000000116, -6.923616029999948, 0.0 ], [ 113.373286918000076, -6.92383401099994, 0.0 ], [ 113.373609119000093, -6.924445019999951, 0.0 ], [ 113.374683, -6.925604039999939, 0.0 ], [ 113.374895038000091, -6.92584901999993, 0.0 ], [ 113.37499872, -6.926069248999966, 0.0 ], [ 113.374999080000066, -6.926069971999937, 0.0 ], [ 113.374999080000066, -6.926226029999953, 0.0 ], [ 113.37499872, -6.926226569999926, 0.0 ], [ 113.374905120000108, -6.926364990999957, 0.0 ], [ 113.374895038000091, -6.926367959999936, 0.0 ], [ 113.374181881000027, -6.926590978999968, 0.0 ], [ 113.373909, -6.92669196199995, 0.0 ], [ 113.373817920000079, -6.926785021999933, 0.0 ], [ 113.37370812000006, -6.927299008999967, 0.0 ], [ 113.373645841000098, -6.92746397999997, 0.0 ], [ 113.373358920000101, -6.927867, 0.0 ], [ 113.373263160000079, -6.927957988999935, 0.0 ], [ 113.373213840000062, -6.927975989999936, 0.0 ], [ 113.37226092100002, -6.928161029999956, 0.0 ], [ 113.371930080000084, -6.928261019999979, 0.0 ], [ 113.371893000000114, -6.928288019999968, 0.0 ], [ 113.371734960000026, -6.928405019999957, 0.0 ], [ 113.371572960000094, -6.928763039999978, 0.0 ], [ 113.371499161000088, -6.92901, 0.0 ], [ 113.371575840000105, -6.929643959999964, 0.0 ], [ 113.371590960000049, -6.929766989999962, 0.0 ], [ 113.37168204000011, -6.930654029999971, 0.0 ], [ 113.37171912000008, -6.931069019999939, 0.0 ], [ 113.372102880000057, -6.932259989999977, 0.0 ], [ 113.372129879000113, -6.932365019999963, 0.0 ], [ 113.371824960000026, -6.93271601999993, 0.0 ], [ 113.371670880000011, -6.932894039999951, 0.0 ], [ 113.371624080000061, -6.933103021999955, 0.0 ], [ 113.372011080000107, -6.933101038999951, 0.0 ], [ 113.372117999000011, -6.933103021999955, 0.0 ], [ 113.372192881000046, -6.933196979999934, 0.0 ], [ 113.372232120000035, -6.933399029999975, 0.0 ], [ 113.372177040000111, -6.933652019999954, 0.0 ], [ 113.372147160000054, -6.933869998999967, 0.0 ], [ 113.372173080000039, -6.934003019999977, 0.0 ], [ 113.372271, -6.934154038999964, 0.0 ], [ 113.372412839000049, -6.934247009999979, 0.0 ], [ 113.372687880000058, -6.934244039999953, 0.0 ], [ 113.372781120000013, -6.934245029999943, 0.0 ], [ 113.372835121000094, -6.934318019999978, 0.0 ], [ 113.372736840000016, -6.934502969999926, 0.0 ], [ 113.372634959000038, -6.934647961999929, 0.0 ], [ 113.37258888000008, -6.934813019999979, 0.0 ], [ 113.373207, -6.935576038999955, 0.0 ], [ 113.373441, -6.936039991999962, 0.0 ], [ 113.373752041000103, -6.936110998999936, 0.0 ], [ 113.373924121000073, -6.936161038999956, 0.0 ], [ 113.37471792100007, -6.936549028999934, 0.0 ], [ 113.37499872, -6.936713728999962, 0.0 ], [ 113.374999080000066, -6.936714, 0.0 ], [ 113.375027161000048, -6.93673100999996, 0.0 ], [ 113.375364840000088, -6.93696203899998, 0.0 ], [ 113.375747161000049, -6.93706697999994, 0.0 ], [ 113.376227041000107, -6.93700002099996, 0.0 ], [ 113.377349880000111, -6.93684395899993, 0.0 ], [ 113.377438080000047, -6.936838018999936, 0.0 ], [ 113.377604040000051, -6.936982021999938, 0.0 ], [ 113.377811040000097, -6.937427969999931, 0.0 ], [ 113.37786, -6.937578990999953, 0.0 ], [ 113.377916160000041, -6.93763802999996, 0.0 ], [ 113.377962961000094, -6.937680959999966, 0.0 ], [ 113.378073841000059, -6.937849980999943, 0.0 ], [ 113.378079961000026, -6.937971028999925, 0.0 ], [ 113.378114878000019, -6.938603009999952, 0.0 ], [ 113.378105880000021, -6.938710018999927, 0.0 ], [ 113.378028839000081, -6.93882, 0.0 ], [ 113.377842000000101, -6.938953021999964, 0.0 ], [ 113.377826881000033, -6.939035009999941, 0.0 ], [ 113.377883040000029, -6.939198991999945, 0.0 ], [ 113.37801912000009, -6.939365040999974, 0.0 ], [ 113.378128921000098, -6.939361979999944, 0.0 ], [ 113.37830388000009, -6.939300958999979, 0.0 ], [ 113.378320080000094, -6.939239039999961, 0.0 ], [ 113.378481001000068, -6.939068038999949, 0.0 ], [ 113.378608080000049, -6.939009989999931, 0.0 ], [ 113.378963040000031, -6.939104038999972, 0.0 ], [ 113.379149160000111, -6.939060029999951, 0.0 ], [ 113.379292078000049, -6.938924039999961, 0.0 ], [ 113.379487920000088, -6.938850959999968, 0.0 ], [ 113.37975108, -6.938819009999975, 0.0 ], [ 113.380025039000088, -6.938852038999926, 0.0 ], [ 113.38005996000004, -6.938908018999939, 0.0 ], [ 113.379977880000069, -6.939087029999939, 0.0 ], [ 113.379851160000044, -6.93935603999995, 0.0 ], [ 113.379978960000017, -6.939393029999962, 0.0 ], [ 113.380174080000074, -6.939388980999979, 0.0 ], [ 113.380345078, -6.939428039999939, 0.0 ], [ 113.380521840000029, -6.93958698199998, 0.0 ], [ 113.380770961000053, -6.939595979999979, 0.0 ], [ 113.381594999000072, -6.939576, 0.0 ], [ 113.38137684000003, -6.93965303899995, 0.0 ], [ 113.381245079000109, -6.939671038999961, 0.0 ], [ 113.381102160000069, -6.939790020999965, 0.0 ], [ 113.381038080000053, -6.939971009999965, 0.0 ], [ 113.381208, -6.940098989999967, 0.0 ], [ 113.381384040000057, -6.940207980999958, 0.0 ], [ 113.38152084, -6.940379969999981, 0.0 ], [ 113.381574840000098, -6.940522981999948, 0.0 ], [ 113.381471880000049, -6.940766968999981, 0.0 ], [ 113.381300158000045, -6.941039039999964, 0.0 ], [ 113.381265960000064, -6.941129039999964, 0.0 ], [ 113.381253, -6.94116503999993, 0.0 ], [ 113.381319961000031, -6.941379959999949, 0.0 ], [ 113.381348040000034, -6.941481028999931, 0.0 ], [ 113.381205120000118, -6.941708998999957, 0.0 ], [ 113.381102160000069, -6.94173896999996, 0.0 ], [ 113.380862038000032, -6.941699011999958, 0.0 ], [ 113.380725958000085, -6.941733029999966, 0.0 ], [ 113.380607161000057, -6.941835989999959, 0.0 ], [ 113.380783921000102, -6.942237029999944, 0.0 ], [ 113.380938001000118, -6.942404968999938, 0.0 ], [ 113.381103961, -6.94289600999997, 0.0 ], [ 113.381033040000034, -6.943053961999965, 0.0 ], [ 113.380983, -6.943203, 0.0 ], [ 113.380818120000072, -6.943457968999951, 0.0 ], [ 113.380812000000105, -6.943466969999974, 0.0 ], [ 113.380709039000067, -6.943633021999972, 0.0 ], [ 113.380683120000072, -6.944041979999952, 0.0 ], [ 113.380515, -6.944522039999981, 0.0 ], [ 113.38044084, -6.944716981999932, 0.0 ], [ 113.380275960000063, -6.944802029999948, 0.0 ], [ 113.380004160000112, -6.944972039999925, 0.0 ], [ 113.379927119000058, -6.945064019999961, 0.0 ], [ 113.37999084, -6.945193978999953, 0.0 ], [ 113.380068961, -6.945289020999951, 0.0 ], [ 113.380062118000069, -6.945474959999956, 0.0 ], [ 113.380038, -6.945563968999977, 0.0 ], [ 113.380131960000085, -6.945830009999952, 0.0 ], [ 113.380090920000043, -6.945953039999949, 0.0 ], [ 113.380031881000036, -6.946128, 0.0 ], [ 113.38000992000002, -6.946201979999955, 0.0 ], [ 113.380255081000087, -6.946309979999967, 0.0 ], [ 113.38056288000007, -6.946331039999961, 0.0 ], [ 113.380977960000109, -6.946355969999956, 0.0 ], [ 113.38110108, -6.946484041999952, 0.0 ], [ 113.381134921000012, -6.946518958999945, 0.0 ], [ 113.381178840000075, -6.946632001999944, 0.0 ], [ 113.381196120000027, -6.946727039999928, 0.0 ], [ 113.38119503900009, -6.946730010999943, 0.0 ], [ 113.381582040000012, -6.947064989999944, 0.0 ], [ 113.381700841000111, -6.947138969999969, 0.0 ], [ 113.381948160000093, -6.946892009999942, 0.0 ], [ 113.382062999000027, -6.946814969999934, 0.0 ], [ 113.382156961000078, -6.94681596099997, 0.0 ], [ 113.382281161000037, -6.947045009999954, 0.0 ], [ 113.382324001000029, -6.94719503999994, 0.0 ], [ 113.38242012, -6.947279009999932, 0.0 ], [ 113.382815039000093, -6.947340031999943, 0.0 ], [ 113.38317, -6.947368018999953, 0.0 ], [ 113.383770840000011, -6.947565029999964, 0.0 ], [ 113.384400121000112, -6.947640990999957, 0.0 ], [ 113.3845138800001, -6.947659981999948, 0.0 ], [ 113.384666160000052, -6.947786968999935, 0.0 ], [ 113.384673, -6.947811, 0.0 ], [ 113.384737080000036, -6.94802096899997, 0.0 ], [ 113.384739960000047, -6.948182970999937, 0.0 ], [ 113.384666878000075, -6.948322019999978, 0.0 ], [ 113.384472119000066, -6.948528030999967, 0.0 ], [ 113.384391118000053, -6.948657991999937, 0.0 ], [ 113.384383918000026, -6.948749971999973, 0.0 ], [ 113.384467081000025, -6.948839968999948, 0.0 ], [ 113.384590920000051, -6.948818011999947, 0.0 ], [ 113.384772000000112, -6.948718019999944, 0.0 ], [ 113.384863080000059, -6.948716039999965, 0.0 ], [ 113.384936161000041, -6.94910097199994, 0.0 ], [ 113.384969999000077, -6.949211039999966, 0.0 ], [ 113.384994120000101, -6.949289968999949, 0.0 ], [ 113.385086999, -6.949428031999958, 0.0 ], [ 113.385096, -6.949427040999979, 0.0 ], [ 113.385498120000079, -6.94939599099996, 0.0 ], [ 113.385826079000026, -6.949369978999925, 0.0 ], [ 113.386010040000087, -6.949393019999945, 0.0 ], [ 113.386110840000015, -6.94946798899997, 0.0 ], [ 113.386160160000031, -6.949698030999969, 0.0 ], [ 113.386236838000059, -6.949914030999935, 0.0 ], [ 113.386122000000114, -6.950015009999959, 0.0 ], [ 113.386101839000048, -6.950026979999961, 0.0 ], [ 113.386056655000061, -6.950059076999935, 0.0 ], [ 113.386020120000012, -6.950085029999968, 0.0 ], [ 113.38578, -6.95025998999995, 0.0 ], [ 113.385317040000018, -6.95043, 0.0 ], [ 113.384732040000017, -6.950687039999934, 0.0 ], [ 113.384260080000104, -6.950770020999926, 0.0 ], [ 113.383881, -6.950880990999963, 0.0 ], [ 113.383486079000022, -6.950919959999965, 0.0 ], [ 113.382312120000051, -6.951333958999953, 0.0 ], [ 113.382300960000066, -6.951338009999972, 0.0 ], [ 113.382019080000077, -6.95143503099996, 0.0 ], [ 113.381277840000052, -6.95159297899994, 0.0 ], [ 113.381089919000033, -6.951645989999975, 0.0 ], [ 113.380801920000067, -6.951760019999938, 0.0 ], [ 113.380359120000094, -6.951918958999954, 0.0 ], [ 113.379867000000104, -6.952095989999975, 0.0 ], [ 113.379014880000113, -6.952365000999976, 0.0 ], [ 113.378261040000098, -6.952521958999967, 0.0 ], [ 113.37703704, -6.952779, 0.0 ], [ 113.376731040000095, -6.952752991999944, 0.0 ], [ 113.376468960000011, -6.952676039999972, 0.0 ], [ 113.376404881000099, -6.952644989999953, 0.0 ], [ 113.376246121, -6.952698001999977, 0.0 ], [ 113.376212999000018, -6.952682968999966, 0.0 ], [ 113.376179880000109, -6.952669019999973, 0.0 ], [ 113.376134159000117, -6.952653990999977, 0.0 ], [ 113.375828880000086, -6.952555981999978, 0.0 ], [ 113.375451960000078, -6.952526009999929, 0.0 ], [ 113.374999080000066, -6.952677028999972, 0.0 ], [ 113.37499872, -6.952677118999929, 0.0 ], [ 113.37494292000008, -6.952696019999962, 0.0 ], [ 113.374469160000103, -6.952853969999978, 0.0 ], [ 113.374190161000115, -6.95298096199997, 0.0 ], [ 113.374108080000042, -6.953010028999927, 0.0 ], [ 113.373822958, -6.95315600999993, 0.0 ], [ 113.373529921000113, -6.953303969999979, 0.0 ], [ 113.373325078000107, -6.953411971999969, 0.0 ], [ 113.373135, -6.953509981999957, 0.0 ], [ 113.372966160000033, -6.953599978999932, 0.0 ], [ 113.372793000000115, -6.953684039999928, 0.0 ], [ 113.372421840000015, -6.953823990999979, 0.0 ], [ 113.372075881000114, -6.953960969999969, 0.0 ], [ 113.371679879000112, -6.954136018999975, 0.0 ], [ 113.371485120000102, -6.954189029999952, 0.0 ], [ 113.37121116000003, -6.954262020999977, 0.0 ], [ 113.370789960000025, -6.954375957999957, 0.0 ], [ 113.370468840000058, -6.954463980999947, 0.0 ], [ 113.370023879000087, -6.954527969999958, 0.0 ], [ 113.369565960000045, -6.954579988999967, 0.0 ], [ 113.368938120000053, -6.954606989999945, 0.0 ], [ 113.368221, -6.954462988999978, 0.0 ], [ 113.367675960000042, -6.954330959999936, 0.0 ], [ 113.367494880000095, -6.954239969999946, 0.0 ], [ 113.36738112, -6.954183, 0.0 ], [ 113.367332160000046, -6.954157979999934, 0.0 ], [ 113.367189960000019, -6.954049978999933, 0.0 ], [ 113.36713812000005, -6.954010019999942, 0.0 ], [ 113.367017160000046, -6.953778, 0.0 ], [ 113.366772, -6.953366969999934, 0.0 ], [ 113.366640960000041, -6.953226029999939, 0.0 ], [ 113.366516040000079, -6.953211987999964, 0.0 ], [ 113.366463839000062, -6.95322503899996, 0.0 ], [ 113.366148120000048, -6.953255998999964, 0.0 ], [ 113.365101960000061, -6.953472990999956, 0.0 ], [ 113.365064160000088, -6.953480010999954, 0.0 ], [ 113.364700920000018, -6.953078970999968, 0.0 ], [ 113.364538920000086, -6.952844970999934, 0.0 ], [ 113.36429016000011, -6.952573980999944, 0.0 ], [ 113.363943120000044, -6.952464989999953, 0.0 ], [ 113.363408160000063, -6.952371030999927, 0.0 ], [ 113.362962840000023, -6.952484969999944, 0.0 ], [ 113.362263, -6.95268, 0.0 ], [ 113.361810840000089, -6.952805009999963, 0.0 ], [ 113.361370920000013, -6.953074019999974, 0.0 ], [ 113.36111784000002, -6.953185979999944, 0.0 ], [ 113.360700959000042, -6.953268959999946, 0.0 ], [ 113.359982040000091, -6.95328903099994, 0.0 ], [ 113.35971204000009, -6.953307030999952, 0.0 ], [ 113.359552920000056, -6.953390997999975, 0.0 ], [ 113.359381918000054, -6.953544988999965, 0.0 ], [ 113.35912092, -6.953851979999968, 0.0 ], [ 113.358969000000116, -6.954166978999979, 0.0 ], [ 113.3583951600001, -6.954848009999978, 0.0 ], [ 113.358272040000088, -6.955030980999936, 0.0 ], [ 113.358189960000118, -6.955369019999978, 0.0 ], [ 113.358299038000041, -6.956039969999949, 0.0 ], [ 113.358501, -6.95669498999996, 0.0 ], [ 113.358948120000036, -6.95794202899998, 0.0 ], [ 113.358998160000056, -6.958080989999928, 0.0 ], [ 113.359005, -6.958098989999939, 0.0 ], [ 113.359055040000044, -6.958252979999941, 0.0 ], [ 113.359116960000051, -6.95838896999993, 0.0 ], [ 113.359110838000106, -6.95843703099996, 0.0 ], [ 113.358908880000058, -6.958467000999974, 0.0 ], [ 113.358759838000083, -6.958563029999937, 0.0 ], [ 113.358683160000055, -6.958654019999926, 0.0 ], [ 113.358290040000043, -6.959451960999957, 0.0 ], [ 113.357963160000054, -6.960033, 0.0 ], [ 113.357480038000062, -6.960580020999942, 0.0 ], [ 113.357300040000041, -6.960810957999968, 0.0 ], [ 113.357181960000048, -6.961084020999976, 0.0 ], [ 113.357139120000056, -6.961428, 0.0 ], [ 113.357424959000014, -6.961829039999941, 0.0 ], [ 113.357528998000021, -6.96195297099996, 0.0 ], [ 113.357571839000116, -6.962139989999969, 0.0 ], [ 113.356974959000013, -6.963406020999969, 0.0 ], [ 113.356686960000047, -6.963899040999934, 0.0 ], [ 113.356438919000084, -6.963778978999926, 0.0 ], [ 113.355905040000039, -6.963567030999968, 0.0 ], [ 113.355734040000016, -6.963507989999925, 0.0 ], [ 113.355531, -6.963576029999956, 0.0 ], [ 113.355380160000095, -6.963659010999947, 0.0 ], [ 113.355154080000034, -6.963677010999959, 0.0 ], [ 113.354939880000074, -6.963594029999967, 0.0 ], [ 113.35473, -6.963392970999962, 0.0 ], [ 113.354420039000047, -6.962828040999966, 0.0 ], [ 113.354343, -6.962706989999958, 0.0 ], [ 113.354154000000108, -6.962613029999943, 0.0 ], [ 113.353931878000026, -6.962577029999977, 0.0 ], [ 113.35383, -6.962571989999958, 0.0 ], [ 113.35355388000005, -6.962102009999967, 0.0 ], [ 113.353459920000091, -6.961969979999935, 0.0 ], [ 113.353269840000053, -6.961878, 0.0 ], [ 113.35313808, -6.961868009999932, 0.0 ], [ 113.353071840000098, -6.961908960999949, 0.0 ], [ 113.353148880000049, -6.962202, 0.0 ], [ 113.35323384000003, -6.962455978999969, 0.0 ], [ 113.353233120000027, -6.962601959999972, 0.0 ], [ 113.353116840000098, -6.962749019999933, 0.0 ], [ 113.352926040000057, -6.962871959999973, 0.0 ], [ 113.352717960000064, -6.962928029999944, 0.0 ], [ 113.352419159000078, -6.962888970999927, 0.0 ], [ 113.352278040000101, -6.962823989999947, 0.0 ], [ 113.352176160000113, -6.962637959999938, 0.0 ], [ 113.352001920000021, -6.961876019999977, 0.0 ], [ 113.351952960000062, -6.961661007999965, 0.0 ], [ 113.351816159, -6.961503959999959, 0.0 ], [ 113.351700960000016, -6.961453019999965, 0.0 ], [ 113.351573160000044, -6.961502970999959, 0.0 ], [ 113.351488920000065, -6.961578030999931, 0.0 ], [ 113.351475959000027, -6.96159296899998, 0.0 ], [ 113.35151808, -6.961790968999935, 0.0 ], [ 113.351618880000046, -6.962162040999942, 0.0 ], [ 113.35163904, -6.962355989999935, 0.0 ], [ 113.351389920000088, -6.962567038999964, 0.0 ], [ 113.351232960000061, -6.962685029999932, 0.0 ], [ 113.35117716000002, -6.962831998999945, 0.0 ], [ 113.351292, -6.963338969999938, 0.0 ], [ 113.351321880000114, -6.963509970999951, 0.0 ], [ 113.351303880000046, -6.963642, 0.0 ], [ 113.351214960000107, -6.96367295999994, 0.0 ], [ 113.350894920000087, -6.963546960999963, 0.0 ], [ 113.350789080000027, -6.963506009999946, 0.0 ], [ 113.35077, -6.963504029999967, 0.0 ], [ 113.350667040000076, -6.963541020999969, 0.0 ], [ 113.350556880000113, -6.963778978999926, 0.0 ], [ 113.350493880000045, -6.964209, 0.0 ], [ 113.350455, -6.96473495999993, 0.0 ], [ 113.350376880000113, -6.964997039999957, 0.0 ], [ 113.350217040000075, -6.965166960999966, 0.0 ], [ 113.349693960000081, -6.965332018999959, 0.0 ], [ 113.3495640000001, -6.965378009999938, 0.0 ], [ 113.349463920000062, -6.96555197999993, 0.0 ], [ 113.34942288000002, -6.965660969999931, 0.0 ], [ 113.349390840000069, -6.965715959999955, 0.0 ], [ 113.349215160000085, -6.96578003999997, 0.0 ], [ 113.34883896000008, -6.965764019999938, 0.0 ], [ 113.348481838000112, -6.965675009999927, 0.0 ], [ 113.348329920000083, -6.96559697999993, 0.0 ], [ 113.348265120000065, -6.965492038999969, 0.0 ], [ 113.348291040000049, -6.965318967999963, 0.0 ], [ 113.348342158000037, -6.965136990999952, 0.0 ], [ 113.348324880000064, -6.965037990999974, 0.0 ], [ 113.348251080000068, -6.964998029999947, 0.0 ], [ 113.348067840000112, -6.965054008999971, 0.0 ], [ 113.347625040000025, -6.965456039999935, 0.0 ], [ 113.347428838000042, -6.965648010999928, 0.0 ], [ 113.34720384000002, -6.965774009999961, 0.0 ], [ 113.346978120000017, -6.965766989999963, 0.0 ], [ 113.346784079000031, -6.965765010999974, 0.0 ], [ 113.346624960000099, -6.965828009999939, 0.0 ], [ 113.346275040000023, -6.966086039999936, 0.0 ], [ 113.346216, -6.966167039999959, 0.0 ], [ 113.346374040000114, -6.966558990999943, 0.0 ], [ 113.34642408000002, -6.966709019999939, 0.0 ], [ 113.346393840000019, -6.966817019999951, 0.0 ], [ 113.34625991900009, -6.966945989999942, 0.0 ], [ 113.346072, -6.967006018999939, 0.0 ], [ 113.345961840000086, -6.966974968999978, 0.0 ], [ 113.345885158000101, -6.96688802999995, 0.0 ], [ 113.345892, -6.966516959999979, 0.0 ], [ 113.345888040000091, -6.966286017999948, 0.0 ], [ 113.34580596, -6.966160019999961, 0.0 ], [ 113.345676, -6.966150029999937, 0.0 ], [ 113.345597160000011, -6.966165959999955, 0.0 ], [ 113.345538839000028, -6.966222029999926, 0.0 ], [ 113.345339040000113, -6.966404009999962, 0.0 ], [ 113.345317080000086, -6.966423990999942, 0.0 ], [ 113.344553160000032, -6.966811980999978, 0.0 ], [ 113.344454160000055, -6.966840959999956, 0.0 ], [ 113.34427091900011, -6.966694980999932, 0.0 ], [ 113.344112880000012, -6.966519029999972, 0.0 ], [ 113.343993, -6.96647798999993, 0.0 ], [ 113.343913080000107, -6.966545038999925, 0.0 ], [ 113.343881040000042, -6.967026, 0.0 ], [ 113.343865920000098, -6.967218959999968, 0.0 ], [ 113.343806880000102, -6.967325968999944, 0.0 ], [ 113.343630120000057, -6.967401028999973, 0.0 ], [ 113.34343716, -6.967420019999963, 0.0 ], [ 113.343000840000059, -6.967477979999956, 0.0 ], [ 113.342765040000018, -6.967548988999965, 0.0 ], [ 113.342599080000014, -6.967670039999973, 0.0 ], [ 113.342502958000068, -6.968140018999975, 0.0 ], [ 113.342473078000012, -6.968289960999925, 0.0 ], [ 113.342091120000077, -6.968456010999944, 0.0 ], [ 113.341921920000118, -6.968535029999941, 0.0 ], [ 113.341830840000057, -6.968673, 0.0 ], [ 113.341751998000063, -6.968871, 0.0 ], [ 113.34163716, -6.968989979999947, 0.0 ], [ 113.341425120000054, -6.969006989999968, 0.0 ], [ 113.340872160000117, -6.968842018999965, 0.0 ], [ 113.340585960000112, -6.968733030999942, 0.0 ], [ 113.3403728400001, -6.96868496999997, 0.0 ], [ 113.339962080000078, -6.968950019999966, 0.0 ], [ 113.339850118000072, -6.969015990999935, 0.0 ], [ 113.339323080000099, -6.96856104099993, 0.0 ], [ 113.339216158000113, -6.968528008999954, 0.0 ], [ 113.338884960000087, -6.968691989999968, 0.0 ], [ 113.338706040000034, -6.968773978999934, 0.0 ], [ 113.338173958000084, -6.968689019999943, 0.0 ], [ 113.337681840000073, -6.968672010999967, 0.0 ], [ 113.337560880000069, -6.968714040999942, 0.0 ], [ 113.33751084000005, -6.968829959999937, 0.0 ], [ 113.337480960000107, -6.968898990999946, 0.0 ], [ 113.337399960000084, -6.96895497099996, 0.0 ], [ 113.337294120000024, -6.968996008999966, 0.0 ], [ 113.337128880000023, -6.969060989999946, 0.0 ], [ 113.336897040000053, -6.969051989999969, 0.0 ], [ 113.336499960000083, -6.968931029999965, 0.0 ], [ 113.33582712000009, -6.968678040999976, 0.0 ], [ 113.335089840000023, -6.968424960999926, 0.0 ], [ 113.334915960000103, -6.968277000999933, 0.0 ], [ 113.33446704000005, -6.967908989999955, 0.0 ], [ 113.334229080000114, -6.967704959999935, 0.0 ], [ 113.334163920000037, -6.967537019999952, 0.0 ], [ 113.334135840000044, -6.967278990999944, 0.0 ], [ 113.334132960000034, -6.967098, 0.0 ], [ 113.334122880000109, -6.966962009999975, 0.0 ], [ 113.334111, -6.96680496099998, 0.0 ], [ 113.334104160000038, -6.966672029999927, 0.0 ], [ 113.334102, -6.966660958999967, 0.0 ], [ 113.334131880000086, -6.965948970999932, 0.0 ], [ 113.334122160000106, -6.965840969999931, 0.0 ], [ 113.33378196000001, -6.965568989999952, 0.0 ], [ 113.333526, -6.965397989999929, 0.0 ], [ 113.333280119000051, -6.965324997999971, 0.0 ], [ 113.333077080000066, -6.965316, 0.0 ], [ 113.332764960000077, -6.965396009999949, 0.0 ], [ 113.332002120000084, -6.965622990999975, 0.0 ], [ 113.331713040000068, -6.965732970999966, 0.0 ], [ 113.331571920000101, -6.965834039999947, 0.0 ], [ 113.33147904000009, -6.965952029999926, 0.0 ], [ 113.331717, -6.966275039999971, 0.0 ], [ 113.331782160000103, -6.96636701999995, 0.0 ], [ 113.331764160000034, -6.96644000799995, 0.0 ], [ 113.3316, -6.966461969999955, 0.0 ], [ 113.331440160000056, -6.966404009999962, 0.0 ], [ 113.330846880000081, -6.965754029999971, 0.0 ], [ 113.330734918000076, -6.965647019999949, 0.0 ], [ 113.330140920000076, -6.965512020999938, 0.0 ], [ 113.329542960000026, -6.96553001999996, 0.0 ], [ 113.329172158, -6.965672040999948, 0.0 ], [ 113.328969119000021, -6.965789040999937, 0.0 ], [ 113.328874080000105, -6.965902979999953, 0.0 ], [ 113.328789840000013, -6.966091979999931, 0.0 ], [ 113.328653040000063, -6.966233010999929, 0.0 ], [ 113.328542160000097, -6.966270989999941, 0.0 ], [ 113.32803888, -6.965955000999941, 0.0 ], [ 113.327876160000073, -6.965863020999961, 0.0 ], [ 113.32758816, -6.965926019999927, 0.0 ], [ 113.32740888, -6.965945009999928, 0.0 ], [ 113.32716407800001, -6.965880028999948, 0.0 ], [ 113.326814880000029, -6.965703989999952, 0.0 ], [ 113.326497, -6.96550599099993, 0.0 ], [ 113.326139880000028, -6.965360009999927, 0.0 ], [ 113.325352919000011, -6.965134018999947, 0.0 ], [ 113.325073920000023, -6.965012970999965, 0.0 ], [ 113.325015960000087, -6.965036008999959, 0.0 ], [ 113.324673960000041, -6.965101979999929, 0.0 ], [ 113.324529960000064, -6.965148960999954, 0.0 ], [ 113.324483160000113, -6.965130959999954, 0.0 ], [ 113.324154120000117, -6.965037990999974, 0.0 ], [ 113.323592880000092, -6.964882018999958, 0.0 ], [ 113.323161960000107, -6.964751968999963, 0.0 ], [ 113.322864958000082, -6.964674029999969, 0.0 ], [ 113.32254816000011, -6.964521030999947, 0.0 ], [ 113.322107160000087, -6.964352998999971, 0.0 ], [ 113.321904840000116, -6.96437801999997, 0.0 ], [ 113.321805120000022, -6.964452990999973, 0.0 ], [ 113.321652120000067, -6.964565039999968, 0.0 ], [ 113.321577958000034, -6.964594019999936, 0.0 ], [ 113.321441878000087, -6.964586008999959, 0.0 ], [ 113.321208959000046, -6.964592039999957, 0.0 ], [ 113.320851840000046, -6.964680960999942, 0.0 ], [ 113.320712880000087, -6.964583040999969, 0.0 ], [ 113.320460880000041, -6.964426979999928, 0.0 ], [ 113.320234080000091, -6.964401958999929, 0.0 ], [ 113.319547920000105, -6.964396018999935, 0.0 ], [ 113.319250919000069, -6.964313039999979, 0.0 ], [ 113.319119160000014, -6.964157969999974, 0.0 ], [ 113.319099, -6.964120980999951, 0.0 ], [ 113.318929080000089, -6.963804989999971, 0.0 ], [ 113.318717040000024, -6.963411960999963, 0.0 ], [ 113.318573040000047, -6.963329968999972, 0.0 ], [ 113.318336880000061, -6.963284969999961, 0.0 ], [ 113.317716958, -6.963260039999966, 0.0 ], [ 113.316908040000044, -6.963102989999925, 0.0 ], [ 113.316157080000039, -6.96286196899996, 0.0 ], [ 113.31593892, -6.962792039999954, 0.0 ], [ 113.315529960000049, -6.962712029999977, 0.0 ], [ 113.31533916, -6.962742989999981, 0.0 ], [ 113.315095079000116, -6.962659018999943, 0.0 ], [ 113.314718160000098, -6.962553, 0.0 ], [ 113.314579920000028, -6.962604028999976, 0.0 ], [ 113.314514040000063, -6.962712029999977, 0.0 ], [ 113.314345920000051, -6.962958, 0.0 ], [ 113.3142238800001, -6.963009029999967, 0.0 ], [ 113.31412488, -6.962975010999969, 0.0 ], [ 113.314043160000097, -6.962812019999944, 0.0 ], [ 113.313951, -6.96269996999996, 0.0 ], [ 113.3136241200001, -6.962495040999954, 0.0 ], [ 113.313384, -6.962392979999947, 0.0 ], [ 113.313108960000022, -6.962346990999947, 0.0 ], [ 113.31276696000009, -6.962238989999946, 0.0 ], [ 113.311799999000073, -6.961895008999932, 0.0 ], [ 113.311767960000111, -6.961892040999942, 0.0 ], [ 113.31164483900011, -6.961839029999965, 0.0 ], [ 113.311491840000031, -6.961761990999946, 0.0 ], [ 113.311382040000012, -6.961778008999943, 0.0 ], [ 113.311217880000072, -6.961872960999926, 0.0 ], [ 113.311176839000041, -6.961962958999948, 0.0 ], [ 113.311198080000054, -6.962149980999925, 0.0 ], [ 113.311278, -6.962434019999932, 0.0 ], [ 113.311240920000046, -6.962460029999932, 0.0 ], [ 113.311173960000019, -6.962487028999931, 0.0 ], [ 113.311038960000019, -6.962452020999933, 0.0 ], [ 113.310599039000067, -6.962346990999947, 0.0 ], [ 113.310280080000098, -6.962343029999943, 0.0 ], [ 113.310074160000113, -6.962235029999931, 0.0 ], [ 113.309966880000047, -6.962103, 0.0 ], [ 113.309976959000096, -6.961955039999964, 0.0 ], [ 113.31000108, -6.961664969999958, 0.0 ], [ 113.309902080000029, -6.961491000999956, 0.0 ], [ 113.309889120000093, -6.961466969999947, 0.0 ], [ 113.309700118000023, -6.961295969999981, 0.0 ], [ 113.30955108, -6.961258979999968, 0.0 ], [ 113.309116920000065, -6.96124998099998, 0.0 ], [ 113.308980119000012, -6.961327019999942, 0.0 ], [ 113.30889516000002, -6.96145697999998, 0.0 ], [ 113.308795079000106, -6.961561019999976, 0.0 ], [ 113.308565040000076, -6.961673968999946, 0.0 ], [ 113.308107840000048, -6.961830030999977, 0.0 ], [ 113.307756120000022, -6.961823010999979, 0.0 ], [ 113.307075, -6.961749029999964, 0.0 ], [ 113.306451840000022, -6.961524029999964, 0.0 ], [ 113.306238, -6.961299029999964, 0.0 ], [ 113.306065919000048, -6.961221989999956, 0.0 ], [ 113.305880160000015, -6.961211009999943, 0.0 ], [ 113.305689, -6.96126401999993, 0.0 ], [ 113.305370040000071, -6.961363019999965, 0.0 ], [ 113.305322880000062, -6.961365988999944, 0.0 ], [ 113.304877919000091, -6.961343040999964, 0.0 ], [ 113.304812040000115, -6.96117401999993, 0.0 ], [ 113.304782880000062, -6.960840029999929, 0.0 ], [ 113.304731040000092, -6.960661019999975, 0.0 ], [ 113.304597120000039, -6.960579029999963, 0.0 ], [ 113.304407040000115, -6.960556979999978, 0.0 ], [ 113.303957040000114, -6.960592979999944, 0.0 ], [ 113.303823120000061, -6.96068397099998, 0.0 ], [ 113.303619, -6.960792958999946, 0.0 ], [ 113.303444040000045, -6.960791969999946, 0.0 ], [ 113.303171160000034, -6.960799979999933, 0.0 ], [ 113.303055960000052, -6.961032988999932, 0.0 ], [ 113.302914118000103, -6.961269959999981, 0.0 ], [ 113.302775880000013, -6.961326029999952, 0.0 ], [ 113.302595880000013, -6.961331969999947, 0.0 ], [ 113.302289880000103, -6.961375979999957, 0.0 ], [ 113.302022120000061, -6.961352100999932, 0.0 ], [ 113.30066234100002, -6.96426820399995, 0.0 ] ] ] ] } }
]
}
