{
"type": "FeatureCollection",
"name": "Kec_Torjun",
"crs": { "type": "name", "properties": { "name": "urn:ogc:def:crs:OGC:1.3:CRS84" } },
"features": [
{ "type": "Feature", "properties": { "OBJECTID": 9927.0, "NAMOBJ": "Bringinnonggal", "FCODE": "BA03070040", "METADATA": "TASWIL1000020221227_DATA_BATAS_DESAKELURAHAN", "SRS_ID": "SRGI 2013", "KDCPUM": "35.27.02", "KDEPUM": "35.27.02.2011", "KDPKAB": "35.27", "KDPPUM": "35", "LUASWH": 0.0, "TIPADM": 1.0, "WADMKC": "Torjun", "WADMKD": "Bringinnonggal", "WADMKK": "Sampang", "WADMPR": "Jawa Timur", "UUPP": "Hasil Delineasi Batas Desa 2019", "LUAS": 2.96287881 }, "geometry": { "type": "MultiPolygon", "coordinates": [ [ [ [ 113.206139907000079, -7.184676198999966, 0.0 ], [ 113.20605158, -7.184632824999937, 0.0 ], [ 113.205712508000033, -7.184436520999952, 0.0 ], [ 113.205619707000096, -7.184304459999964, 0.0 ], [ 113.205526909000014, -7.18421165999996, 0.0 ], [ 113.205416265000053, -7.184122430999935, 0.0 ], [ 113.205319896000105, -7.183990369999947, 0.0 ], [ 113.205280635, -7.18392255599997, 0.0 ], [ 113.205191404000061, -7.183890432999931, 0.0 ], [ 113.205037931000106, -7.183865448999939, 0.0 ], [ 113.204948700000045, -7.183819050999944, 0.0 ], [ 113.204970115000037, -7.183690558999956, 0.0 ], [ 113.204956433, -7.183684783999979, 0.0 ], [ 113.204581073000099, -7.183526375999975, 0.0 ], [ 113.204633065000053, -7.183269988999939, 0.0 ], [ 113.204644353000049, -7.183118113999967, 0.0 ], [ 113.204663073, -7.182866248999972, 0.0 ], [ 113.204665782, -7.182829787999935, 0.0 ], [ 113.204644962000089, -7.182499637999967, 0.0 ], [ 113.204567629000053, -7.182214102999978, 0.0 ], [ 113.204377272000102, -7.181937492999964, 0.0 ], [ 113.204320805000066, -7.181852293999953, 0.0 ], [ 113.204207736000058, -7.181681697999977, 0.0 ], [ 113.204084987000101, -7.18147188699993, 0.0 ], [ 113.203951944000096, -7.181244471999946, 0.0 ], [ 113.203755640000054, -7.180771556999957, 0.0 ], [ 113.203707966000024, -7.180675115999975, 0.0 ], [ 113.203599007000093, -7.180454691999955, 0.0 ], [ 113.203540080000039, -7.180292971999961, 0.0 ], [ 113.203540080000039, -7.180263989999958, 0.0 ], [ 113.203476, -7.180081018999942, 0.0 ], [ 113.203429326000105, -7.179906199999948, 0.0 ], [ 113.20335612000008, -7.179632008999931, 0.0 ], [ 113.203311709000104, -7.179405091999968, 0.0 ], [ 113.203237197000021, -7.179024376999962, 0.0 ], [ 113.203194680000024, -7.178303855999957, 0.0 ], [ 113.203142332000084, -7.178013561999933, 0.0 ], [ 113.203136294000046, -7.177869380999937, 0.0 ], [ 113.203123297000047, -7.177559085999974, 0.0 ], [ 113.203115438000054, -7.177477641999928, 0.0 ], [ 113.20309712400001, -7.177287827999976, 0.0 ], [ 113.202999565000027, -7.17713791999995, 0.0 ], [ 113.202758472000028, -7.176736757999947, 0.0 ], [ 113.202709270000014, -7.176654888999963, 0.0 ], [ 113.202580780000062, -7.176364593999949, 0.0 ], [ 113.202409458000034, -7.17608619799995, 0.0 ], [ 113.202230999000108, -7.175943429999961, 0.0 ], [ 113.201859803000048, -7.175722139999948, 0.0 ], [ 113.201829224000107, -7.175703666999937, 0.0 ], [ 113.201309966000053, -7.175389982999945, 0.0 ], [ 113.201221341000064, -7.175336443999981, 0.0 ], [ 113.201170921000084, -7.175303008999947, 0.0 ], [ 113.201165159000084, -7.175298961999943, 0.0 ], [ 113.201078039000095, -7.175232989999927, 0.0 ], [ 113.200745038000036, -7.174982968999927, 0.0 ], [ 113.200729920000072, -7.17497199099995, 0.0 ], [ 113.200612920000026, -7.174899989999972, 0.0 ], [ 113.200591855000084, -7.174887044999934, 0.0 ], [ 113.20035912000003, -7.174744020999981, 0.0 ], [ 113.200333903000114, -7.174727213999972, 0.0 ], [ 113.20005315800006, -7.174475477999977, 0.0 ], [ 113.19989904800002, -7.17433729399994, 0.0 ], [ 113.199782454000115, -7.174230217999934, 0.0 ], [ 113.199661103000039, -7.174054137999974, 0.0 ], [ 113.199582579000094, -7.173918508999975, 0.0 ], [ 113.199537369000041, -7.173647250999977, 0.0 ], [ 113.199446950000038, -7.173494966999954, 0.0 ], [ 113.199318459000096, -7.173364093999965, 0.0 ], [ 113.19918756900006, -7.173323410999956, 0.0 ], [ 113.198935187000075, -7.173244964999981, 0.0 ], [ 113.198554414000114, -7.173079272999928, 0.0 ], [ 113.198093988000096, -7.172940073999939, 0.0 ], [ 113.198072573000104, -7.173068565999927, 0.0 ], [ 113.198061866000103, -7.173175641999933, 0.0 ], [ 113.198030408000022, -7.173275914999977, 0.0 ], [ 113.198004759000014, -7.173357671999952, 0.0 ], [ 113.197940513000049, -7.173664619999954, 0.0 ], [ 113.19790596100006, -7.173849577999931, 0.0 ], [ 113.197879837000073, -7.173989415999927, 0.0 ], [ 113.19781902200009, -7.173974673999965, 0.0 ], [ 113.197408704000054, -7.173875202999966, 0.0 ], [ 113.197326612000097, -7.174178583999947, 0.0 ], [ 113.197231434000059, -7.17454977999995, 0.0 ], [ 113.197164810000118, -7.174516466999933, 0.0 ], [ 113.197077721000028, -7.174616404999938, 0.0 ], [ 113.197076860000038, -7.174619037999946, 0.0 ], [ 113.196999023000103, -7.174857125999949, 0.0 ], [ 113.196956368000087, -7.174987600999941, 0.0 ], [ 113.196842153000034, -7.175358795999955, 0.0 ], [ 113.196834348000039, -7.175686645999974, 0.0 ], [ 113.196827879000011, -7.175958420999962, 0.0 ], [ 113.196785046000059, -7.176179710999975, 0.0 ], [ 113.196699386000091, -7.176351032999946, 0.0 ], [ 113.196682678000116, -7.176365561999944, 0.0 ], [ 113.196535204000043, -7.176493798999957, 0.0 ], [ 113.196169684000097, -7.176677360999975, 0.0 ], [ 113.196129505000044, -7.176723417999938, 0.0 ], [ 113.19596889200011, -7.177001813999937, 0.0 ], [ 113.195840401000055, -7.177365872999928, 0.0 ], [ 113.195758310000087, -7.177323040999966, 0.0 ], [ 113.19530145300007, -7.177116027999944, 0.0 ], [ 113.194937397000103, -7.177051782999968, 0.0 ], [ 113.194601892000037, -7.177111269999955, 0.0 ], [ 113.194536456000037, -7.177194552999936, 0.0 ], [ 113.194393689000094, -7.177361112999961, 0.0 ], [ 113.194286613000031, -7.177563366999948, 0.0 ], [ 113.194221178000021, -7.177825109999958, 0.0 ], [ 113.194304459000023, -7.178033311999968, 0.0 ], [ 113.194411535000086, -7.178182026999934, 0.0 ], [ 113.194490779000034, -7.178340515999935, 0.0 ], [ 113.194524559000115, -7.178408075999926, 0.0 ], [ 113.194661378000092, -7.178556792999927, 0.0 ], [ 113.194786301000022, -7.17864007299994, 0.0 ], [ 113.194887428000015, -7.178764995999927, 0.0 ], [ 113.194851735000043, -7.178931556999942, 0.0 ], [ 113.194720865000022, -7.179020786999956, 0.0 ], [ 113.194607840000117, -7.17911001899995, 0.0 ], [ 113.194518610000046, -7.179252783999971, 0.0 ], [ 113.194435328000054, -7.179437192999956, 0.0 ], [ 113.193995129000086, -7.179823854999938, 0.0 ], [ 113.193691418000071, -7.180062484999951, 0.0 ], [ 113.193662004000089, -7.180085595999969, 0.0 ], [ 113.193332448000092, -7.180327112999976, 0.0 ], [ 113.193150420000052, -7.180462739999939, 0.0 ], [ 113.192975530000012, -7.180502001999969, 0.0 ], [ 113.192882732000044, -7.180487724999978, 0.0 ], [ 113.192822055000079, -7.180519846999971, 0.0 ], [ 113.192776845000026, -7.180641199999968, 0.0 ], [ 113.192522121000025, -7.18054800799996, 0.0 ], [ 113.192073384000082, -7.180383835999976, 0.0 ], [ 113.192045162000113, -7.180373509999981, 0.0 ], [ 113.191367014000093, -7.180022539999925, 0.0 ], [ 113.191146914000115, -7.179974950999963, 0.0 ], [ 113.191111222000018, -7.180022539999925, 0.0 ], [ 113.190926814000022, -7.179897617999927, 0.0 ], [ 113.190754303000062, -7.180099874999939, 0.0 ], [ 113.190666960000044, -7.180231574999937, 0.0 ], [ 113.190459120000014, -7.180544970999961, 0.0 ], [ 113.189420160000054, -7.181145989999948, 0.0 ], [ 113.18904684000006, -7.181028, 0.0 ], [ 113.188025161000041, -7.180397010999968, 0.0 ], [ 113.187738958000068, -7.180082008999932, 0.0 ], [ 113.187602160000097, -7.179731008999966, 0.0 ], [ 113.187534838000033, -7.179272009999977, 0.0 ], [ 113.187495467000076, -7.179010991999974, 0.0 ], [ 113.187584861, -7.178782842999965, 0.0 ], [ 113.187668142, -7.178631149999944, 0.0 ], [ 113.187784140000076, -7.178387255999951, 0.0 ], [ 113.187825783000108, -7.17824746399998, 0.0 ], [ 113.187858499000072, -7.178057104999937, 0.0 ], [ 113.187932857000078, -7.177831058999971, 0.0 ], [ 113.187995317000059, -7.177685313999973, 0.0 ], [ 113.188048856000023, -7.177542546999973, 0.0 ], [ 113.188120240000103, -7.177426547999971, 0.0 ], [ 113.188167829, -7.177325420999978, 0.0 ], [ 113.188072441000031, -7.177273696999976, 0.0 ], [ 113.187745475000042, -7.177096397999946, 0.0 ], [ 113.187335018000113, -7.176852503999953, 0.0 ], [ 113.186963228000081, -7.176596710999945, 0.0 ], [ 113.186597385000027, -7.176433123999971, 0.0 ], [ 113.18626723400007, -7.17626953499996, 0.0 ], [ 113.186051251000094, -7.176225350999971, 0.0 ], [ 113.185909612000046, -7.17619637599995, 0.0 ], [ 113.185428120000097, -7.175683978999928, 0.0 ], [ 113.18478696000011, -7.174863989999949, 0.0 ], [ 113.18424984, -7.174347029999979, 0.0 ], [ 113.184248039000067, -7.174344959999928, 0.0 ], [ 113.183758081000065, -7.174026989999959, 0.0 ], [ 113.183129160000021, -7.17354396199994, 0.0 ], [ 113.182449840000118, -7.173063000999946, 0.0 ], [ 113.181851879000078, -7.17275897899998, 0.0 ], [ 113.180986081000015, -7.17228099099998, 0.0 ], [ 113.180603039000061, -7.172290978999968, 0.0 ], [ 113.180499765000036, -7.172287752999978, 0.0 ], [ 113.180556866000074, -7.171981014999972, 0.0 ], [ 113.180571141000087, -7.171745445999932, 0.0 ], [ 113.180471205000117, -7.171695477999947, 0.0 ], [ 113.180406959000038, -7.171659786999953, 0.0 ], [ 113.180349852000063, -7.171552710999947, 0.0 ], [ 113.180335575000072, -7.171402802999978, 0.0 ], [ 113.180249915000104, -7.171317142999953, 0.0 ], [ 113.180234455, -7.171214076999945, 0.0 ], [ 113.180228501000101, -7.171174376999943, 0.0 ], [ 113.180249915000104, -7.171053022999956, 0.0 ], [ 113.180256586000041, -7.170996307999928, 0.0 ], [ 113.180264191000106, -7.170931669999959, 0.0 ], [ 113.180307022000079, -7.17080318099994, 0.0 ], [ 113.180299883000089, -7.170560474999945, 0.0 ], [ 113.180264191000106, -7.170374876999972, 0.0 ], [ 113.180242776000114, -7.170189278999942, 0.0 ], [ 113.180235639000102, -7.170032233999962, 0.0 ], [ 113.180149049000079, -7.169872379999958, 0.0 ], [ 113.180142838000052, -7.16986091299998, 0.0 ], [ 113.180128563000039, -7.169632483999976, 0.0 ], [ 113.18013686200004, -7.169587668999952, 0.0 ], [ 113.180199946000016, -7.169247012999961, 0.0 ], [ 113.180235639000102, -7.168875815999968, 0.0 ], [ 113.180235639000102, -7.168518896999956, 0.0 ], [ 113.180201844000067, -7.168337253999937, 0.0 ], [ 113.180178532000014, -7.168211946999975, 0.0 ], [ 113.180221361, -7.167954965999968, 0.0 ], [ 113.180085731000077, -7.167876442999955, 0.0 ], [ 113.179860843000029, -7.167845901999954, 0.0 ], [ 113.179507523000098, -7.167797920999931, 0.0 ], [ 113.179214850000108, -7.167747951999957, 0.0 ], [ 113.179079220000062, -7.167648013999951, 0.0 ], [ 113.178558118000069, -7.167105496999966, 0.0 ], [ 113.178329690000055, -7.167169741999942, 0.0 ], [ 113.17784249500005, -7.167136548999963, 0.0 ], [ 113.177839337000023, -7.16713643099996, 0.0 ], [ 113.177620015000116, -7.167128220999928, 0.0 ], [ 113.177582468000082, -7.167113961999974, 0.0 ], [ 113.177432038, -7.167056836999961, 0.0 ], [ 113.177153641000018, -7.166904551999949, 0.0 ], [ 113.177098913, -7.166904551999949, 0.0 ], [ 113.177037049000091, -7.16692596799993, 0.0 ], [ 113.176960905000101, -7.166975936999961, 0.0 ], [ 113.1768847620001, -7.167014007999967, 0.0 ], [ 113.176801481000098, -7.167004488999964, 0.0 ], [ 113.176675369, -7.166854582999974, 0.0 ], [ 113.176470737000045, -7.166966417999959, 0.0 ], [ 113.176047192000055, -7.167175809999947, 0.0 ], [ 113.176018637000084, -7.167161532999955, 0.0 ], [ 113.176009120000117, -7.166685640999958, 0.0 ], [ 113.175992524000094, -7.166659282999944, 0.0 ], [ 113.17592822000006, -7.16655714999996, 0.0 ], [ 113.175752733000081, -7.166470180999966, 0.0 ], [ 113.175488613000084, -7.166398797999932, 0.0 ], [ 113.175117417000024, -7.16658558499995, 0.0 ], [ 113.174980599000037, -7.166561791999925, 0.0 ], [ 113.174808087000088, -7.166555842999969, 0.0 ], [ 113.174677218000056, -7.166555842999969, 0.0 ], [ 113.174670007000032, -7.166553439999973, 0.0 ], [ 113.174587987000109, -7.166526097999963, 0.0 ], [ 113.17446901400001, -7.166413073999934, 0.0 ], [ 113.17436194000004, -7.166353589999972, 0.0 ], [ 113.174237018000099, -7.166305997999928, 0.0 ], [ 113.174112094000066, -7.166264357999978, 0.0 ], [ 113.173969327, -7.166228666999928, 0.0 ], [ 113.173850354000024, -7.166228666999928, 0.0 ], [ 113.17374922700003, -7.166352099999926, 0.0 ], [ 113.173570768000104, -7.166268818999981, 0.0 ], [ 113.173505334000083, -7.16613794899996, 0.0 ], [ 113.17327333500009, -7.166102256999977, 0.0 ], [ 113.173142465000069, -7.166048718999946, 0.0 ], [ 113.172987800000101, -7.165995180999971, 0.0 ], [ 113.172708213000078, -7.165917848999925, 0.0 ], [ 113.172624931000087, -7.165900002999933, 0.0 ], [ 113.172404832000097, -7.165834566999933, 0.0 ], [ 113.172362892000024, -7.165818658999967, 0.0 ], [ 113.172232322000013, -7.165769134999948, 0.0 ], [ 113.172089552000102, -7.16573343999994, 0.0 ], [ 113.17199073300003, -7.165723559999947, 0.0 ], [ 113.171911095000041, -7.165715593999948, 0.0 ], [ 113.171708841000054, -7.165715593999948, 0.0 ], [ 113.171500637, -7.165816721999931, 0.0 ], [ 113.171334074000015, -7.165870261999942, 0.0 ], [ 113.170881977000022, -7.165888105999954, 0.0 ], [ 113.170763004000037, -7.165834566999933, 0.0 ], [ 113.170554801000094, -7.165786977999971, 0.0 ], [ 113.170406085000081, -7.165775080999936, 0.0 ], [ 113.170162190000042, -7.165709645999925, 0.0 ], [ 113.169917160000068, -7.165583009999978, 0.0 ], [ 113.169822121000038, -7.165908989999934, 0.0 ], [ 113.169683160000091, -7.166249998999945, 0.0 ], [ 113.169615694000072, -7.166321280999966, 0.0 ], [ 113.169543119000082, -7.166397958999937, 0.0 ], [ 113.169241079000017, -7.166583989999936, 0.0 ], [ 113.168931120000025, -7.16670395999995, 0.0 ], [ 113.168659488000117, -7.166822018999937, 0.0 ], [ 113.168657160000066, -7.166823028999943, 0.0 ], [ 113.168592326000066, -7.166934269999956, 0.0 ], [ 113.168544120000092, -7.167016979999971, 0.0 ], [ 113.1684289210001, -7.166971979999971, 0.0 ], [ 113.167780919000052, -7.166853988999947, 0.0 ], [ 113.166803159000096, -7.166745000999981, 0.0 ], [ 113.16582, -7.166685959999938, 0.0 ], [ 113.164787879000073, -7.16663502199998, 0.0 ], [ 113.16388500100004, -7.166559960999962, 0.0 ], [ 113.16307608000011, -7.166457989999969, 0.0 ], [ 113.162334840000085, -7.166178000999935, 0.0 ], [ 113.162016959000084, -7.166015009999967, 0.0 ], [ 113.16148884100005, -7.165739969999947, 0.0 ], [ 113.160736080000106, -7.164680038999961, 0.0 ], [ 113.159568960000115, -7.164207991999945, 0.0 ], [ 113.159036160000028, -7.16417802199993, 0.0 ], [ 113.158932120000031, -7.164082978999943, 0.0 ], [ 113.158521001000054, -7.163452979999931, 0.0 ], [ 113.158564920000117, -7.163387008999962, 0.0 ], [ 113.158747080000012, -7.162875988999929, 0.0 ], [ 113.158756081000092, -7.16237702899997, 0.0 ], [ 113.158711079000113, -7.162039980999964, 0.0 ], [ 113.158735921000016, -7.161846029999936, 0.0 ], [ 113.158827784000096, -7.161839071999964, 0.0 ], [ 113.1590401200001, -7.161822988999972, 0.0 ], [ 113.159658959000012, -7.161713009999971, 0.0 ], [ 113.159724840000081, -7.16164704199997, 0.0 ], [ 113.160261959000081, -7.161481979999962, 0.0 ], [ 113.160489120000079, -7.16139, 0.0 ], [ 113.160737881000045, -7.161253021999926, 0.0 ], [ 113.161048920000098, -7.161049979999973, 0.0 ], [ 113.161123080000038, -7.160984998999936, 0.0 ], [ 113.161170960000049, -7.160930008999969, 0.0 ], [ 113.161145041000054, -7.160414039999978, 0.0 ], [ 113.161137841000027, -7.160337, 0.0 ], [ 113.161143961000107, -7.160185979999937, 0.0 ], [ 113.161182121000024, -7.160094000999948, 0.0 ], [ 113.16175307900005, -7.158764969999936, 0.0 ], [ 113.161901040000089, -7.158210030999953, 0.0 ], [ 113.161842, -7.156611989999931, 0.0 ], [ 113.161884840000084, -7.155543961999967, 0.0 ], [ 113.162002920000077, -7.154629019999959, 0.0 ], [ 113.16215808000004, -7.154261008999981, 0.0 ], [ 113.16238992000001, -7.154102971999976, 0.0 ], [ 113.162730839, -7.154017021999948, 0.0 ], [ 113.163176159000045, -7.154070028999968, 0.0 ], [ 113.163631921000047, -7.154253, 0.0 ], [ 113.164058161000071, -7.154624969999929, 0.0 ], [ 113.164614, -7.155179009999927, 0.0 ], [ 113.165232118000063, -7.155520019999926, 0.0 ], [ 113.165711999000109, -7.155665008999961, 0.0 ], [ 113.166158041000017, -7.155542970999932, 0.0 ], [ 113.166370080000092, -7.155191970999965, 0.0 ], [ 113.166408961000116, -7.154692018999981, 0.0 ], [ 113.166383038000049, -7.154130958999929, 0.0 ], [ 113.166564121000079, -7.153613009999958, 0.0 ], [ 113.166768960000013, -7.153275959999974, 0.0 ], [ 113.16702204, -7.152928019999933, 0.0 ], [ 113.167634039000063, -7.152669, 0.0 ], [ 113.167857960000106, -7.152418978999947, 0.0 ], [ 113.168081160000042, -7.152168961999962, 0.0 ], [ 113.169218041000022, -7.151952960999949, 0.0 ], [ 113.169552840000051, -7.151499, 0.0 ], [ 113.169947040000011, -7.151060971999925, 0.0 ], [ 113.170330080000099, -7.150584959999946, 0.0 ], [ 113.170533840000076, -7.150563989999966, 0.0 ], [ 113.170709880000118, -7.150483979999933, 0.0 ], [ 113.170956120000028, -7.15032395999998, 0.0 ], [ 113.17117896000002, -7.150212989999943, 0.0 ], [ 113.171451841000021, -7.150191028999927, 0.0 ], [ 113.171635080000101, -7.150167991999979, 0.0 ], [ 113.172027121000042, -7.149998968999967, 0.0 ], [ 113.17232196100008, -7.149869009999975, 0.0 ], [ 113.172550920000049, -7.149825, 0.0 ], [ 113.173296840000035, -7.149922021999942, 0.0 ], [ 113.173605, -7.14990698899993, 0.0 ], [ 113.174021880000055, -7.149830039999927, 0.0 ], [ 113.174569080000083, -7.149851998999964, 0.0 ], [ 113.174786161000043, -7.149871981999979, 0.0 ], [ 113.174886342000036, -7.149880631999963, 0.0 ], [ 113.175052918, -7.149895018999928, 0.0 ], [ 113.176475998000114, -7.150165019999974, 0.0 ], [ 113.176707840000063, -7.150186979999944, 0.0 ], [ 113.17716684100003, -7.150107959999957, 0.0 ], [ 113.177643840000087, -7.149933991999944, 0.0 ], [ 113.178009959000065, -7.149723028999972, 0.0 ], [ 113.179299121000099, -7.149845969999944, 0.0 ], [ 113.180514838000022, -7.149940021999953, 0.0 ], [ 113.181233041000041, -7.149951990999966, 0.0 ], [ 113.181905880000045, -7.149909959999945, 0.0 ], [ 113.182373880000114, -7.149875039999927, 0.0 ], [ 113.18294484, -7.149953969999956, 0.0 ], [ 113.18307639000011, -7.150075275999939, 0.0 ], [ 113.183261818, -7.149973545999956, 0.0 ], [ 113.183380790000115, -7.149997342999939, 0.0 ], [ 113.183511660000022, -7.150110366999968, 0.0 ], [ 113.183571148000055, -7.150187697999968, 0.0 ], [ 113.183696068000017, -7.150265029999957, 0.0 ], [ 113.183743656000047, -7.150294772999928, 0.0 ], [ 113.183848036000086, -7.150243297999964, 0.0 ], [ 113.183967008000081, -7.150195709999934, 0.0 ], [ 113.184195438000074, -7.150186190999932, 0.0 ], [ 113.184281098000042, -7.150148119999926, 0.0 ], [ 113.184309652000024, -7.150071976999925, 0.0 ], [ 113.184304894000093, -7.149967280999931, 0.0 ], [ 113.184333446000096, -7.149872101999961, 0.0 ], [ 113.184404830000062, -7.149829273999956, 0.0 ], [ 113.184590428000092, -7.149800717999938, 0.0 ], [ 113.184666571000093, -7.149619878999943, 0.0 ], [ 113.184699883, -7.149453316999939, 0.0 ], [ 113.184723678000069, -7.149310548999949, 0.0 ], [ 113.184723678000069, -7.149139227999967, 0.0 ], [ 113.184723678000069, -7.149048809999954, 0.0 ], [ 113.184647534000078, -7.148948870999959, 0.0 ], [ 113.184623741000109, -7.148891764999973, 0.0 ], [ 113.184623741000109, -7.148829897999974, 0.0 ], [ 113.184614224000029, -7.148810861999948, 0.0 ], [ 113.184642776000032, -7.14872520199998, 0.0 ], [ 113.184728437000103, -7.148672853999926, 0.0 ], [ 113.18479982100007, -7.14872520199998, 0.0 ], [ 113.184899758000029, -7.148801344999981, 0.0 ], [ 113.184990178000021, -7.148858451999956, 0.0 ], [ 113.185097967000047, -7.148801344999981, 0.0 ], [ 113.185169352000116, -7.148694268999975, 0.0 ], [ 113.185193146000074, -7.14867047599995, 0.0 ], [ 113.185318067000026, -7.148628833999965, 0.0 ], [ 113.185389451000106, -7.148587192999969, 0.0 ], [ 113.185508424000091, -7.148533654999937, 0.0 ], [ 113.185603603000118, -7.148521757999958, 0.0 ], [ 113.185669037000025, -7.14853960399995, 0.0 ], [ 113.185901037, -7.148480117999952, 0.0 ], [ 113.186067598000022, -7.148361143999978, 0.0 ], [ 113.186084849000054, -7.148321882999937, 0.0 ], [ 113.186124111000026, -7.148307605999946, 0.0 ], [ 113.186221787000022, -7.148336314999938, 0.0 ], [ 113.186509583000088, -7.148496773999966, 0.0 ], [ 113.186916470000028, -7.148657386999957, 0.0 ], [ 113.187012840000079, -7.148655007999935, 0.0 ], [ 113.187087793000046, -7.148637161999943, 0.0 ], [ 113.187198437, -7.148662145999936, 0.0 ], [ 113.187294805000079, -7.148708546999956, 0.0 ], [ 113.187416159, -7.148776359999943, 0.0 ], [ 113.187512524000113, -7.148808482999925, 0.0 ], [ 113.187583909000068, -7.14874780599996, 0.0 ], [ 113.18760889400005, -7.148672853999926, 0.0 ], [ 113.187658862000035, -7.148565777999977, 0.0 ], [ 113.187669569000036, -7.148544364999964, 0.0 ], [ 113.187723840000103, -7.148480040999971, 0.0 ], [ 113.187862306000056, -7.14840873299994, 0.0 ], [ 113.187926553000011, -7.148351625999965, 0.0 ], [ 113.188091329000031, -7.148360668999942, 0.0 ], [ 113.188329275000115, -7.148379703999979, 0.0 ], [ 113.188664697000036, -7.148422876999973, 0.0 ], [ 113.18880992600009, -7.148441569999932, 0.0 ], [ 113.188928900000064, -7.148441569999932, 0.0 ], [ 113.189104980000025, -7.148384462999957, 0.0 ], [ 113.189242988000046, -7.148384462999957, 0.0 ], [ 113.18940955100004, -7.14845108999998, 0.0 ], [ 113.189442782000015, -7.148454996999931, 0.0 ], [ 113.189733157000092, -7.148489160999929, 0.0 ], [ 113.190017773000022, -7.148537093999948, 0.0 ], [ 113.190185256000063, -7.148565302999941, 0.0 ], [ 113.19074204900005, -7.148665241999936, 0.0 ], [ 113.190960960000098, -7.148655721999944, 0.0 ], [ 113.191060898000046, -7.148646205999967, 0.0 ], [ 113.191192958000101, -7.148516522999955, 0.0 ], [ 113.191282188000059, -7.148474882999949, 0.0 ], [ 113.191389264, -7.148468933999936, 0.0 ], [ 113.191561773000103, -7.148534368999947, 0.0 ], [ 113.191796745000033, -7.148674164999932, 0.0 ], [ 113.191894303000026, -7.148713423999936, 0.0 ], [ 113.192272637000087, -7.148734838999928, 0.0 ], [ 113.19229762100008, -7.148692008999944, 0.0 ], [ 113.192340452000053, -7.148652746999971, 0.0 ], [ 113.192372574000046, -7.148609916999931, 0.0 ], [ 113.192390420000038, -7.148577793999948, 0.0 ], [ 113.192447527000013, -7.148538532999964, 0.0 ], [ 113.192522481000083, -7.148531394999964, 0.0 ], [ 113.192850846000056, -7.148607536999975, 0.0 ], [ 113.193100690000051, -7.148607536999975, 0.0 ], [ 113.193231561000061, -7.148613485999931, 0.0 ], [ 113.193338637000011, -7.148601588999952, 0.0 ], [ 113.19339217400011, -7.148536155999977, 0.0 ], [ 113.193487352000034, -7.148464769999975, 0.0 ], [ 113.193784785000048, -7.148369590999948, 0.0 ], [ 113.193921604000025, -7.148274412999967, 0.0 ], [ 113.194010833000107, -7.148250618999953, 0.0 ], [ 113.194058423000115, -7.148203029999934, 0.0 ], [ 113.19404652500009, -7.148107851999953, 0.0 ], [ 113.193957296, -7.148054312999932, 0.0 ], [ 113.193822011000066, -7.147914801999946, 0.0 ], [ 113.193766940000046, -7.147858006999968, 0.0 ], [ 113.193707452000012, -7.147739033999926, 0.0 ], [ 113.193689606000021, -7.147596266999926, 0.0 ], [ 113.193680478000033, -7.147501940999973, 0.0 ], [ 113.193671760000029, -7.147411857999941, 0.0 ], [ 113.193659863000107, -7.147269092999977, 0.0 ], [ 113.193657740000049, -7.14722237899997, 0.0 ], [ 113.193653915000027, -7.147138220999977, 0.0 ], [ 113.193647967000061, -7.147031144999971, 0.0 ], [ 113.193725297000015, -7.146858633999955, 0.0 ], [ 113.193766940000046, -7.146781300999976, 0.0 ], [ 113.193784785000048, -7.146686122999938, 0.0 ], [ 113.193784785000048, -7.146608790999949, 0.0 ], [ 113.193796682000084, -7.146537406999926, 0.0 ], [ 113.193903758000033, -7.146466022999959, 0.0 ], [ 113.19410601200002, -7.146376792999945, 0.0 ], [ 113.194338009000035, -7.146382740999968, 0.0 ], [ 113.194391548000112, -7.146347049999974, 0.0 ], [ 113.19445698200002, -7.146251870999947, 0.0 ], [ 113.194534315000055, -7.146198334999951, 0.0 ], [ 113.194629493000093, -7.146192385999939, 0.0 ], [ 113.194700878000049, -7.146144794999941, 0.0 ], [ 113.194984628000043, -7.146128733999944, 0.0 ], [ 113.195048510000106, -7.146079232999966, 0.0 ], [ 113.195166420000078, -7.145987869999942, 0.0 ], [ 113.195210677000091, -7.145881270999951, 0.0 ], [ 113.19524874800004, -7.145771814999932, 0.0 ], [ 113.195286819000103, -7.145671879999952, 0.0 ], [ 113.19539627600011, -7.145624287999965, 0.0 ], [ 113.195491454000035, -7.145643323999934, 0.0 ], [ 113.195753194000076, -7.14568139499994, 0.0 ], [ 113.195929274000036, -7.145719466999935, 0.0 ], [ 113.195967345000099, -7.145748021999964, 0.0 ], [ 113.195972103000031, -7.145819403999951, 0.0 ], [ 113.195948310000063, -7.14592410299997, 0.0 ], [ 113.19621956800006, -7.145895546999952, 0.0 ], [ 113.196424203000106, -7.145881270999951, 0.0 ], [ 113.196571728000094, -7.145871751999948, 0.0 ], [ 113.196776363000026, -7.14586699299997, 0.0 ], [ 113.196971479000013, -7.145728986999927, 0.0 ], [ 113.197076174000017, -7.14550531499998, 0.0 ], [ 113.197157076000053, -7.145510073999958, 0.0 ], [ 113.197209424000107, -7.145391100999973, 0.0 ], [ 113.197252254000091, -7.145319718999929, 0.0 ], [ 113.197361711000099, -7.145210261999978, 0.0 ], [ 113.197423575000016, -7.145105566999973, 0.0 ], [ 113.197456889000023, -7.145062734999954, 0.0 ], [ 113.197633363000023, -7.145047268999974, 0.0 ], [ 113.197885586000098, -7.144937813999945, 0.0 ], [ 113.197961730000088, -7.144737938999981, 0.0 ], [ 113.19799028500006, -7.144576136999945, 0.0 ], [ 113.198075944000038, -7.144357224999965, 0.0 ], [ 113.198171123000066, -7.144147833999966, 0.0 ], [ 113.198177071000032, -7.143899178999959, 0.0 ], [ 113.198194917000023, -7.14374451499998, 0.0 ], [ 113.198236559000065, -7.143661232999932, 0.0 ], [ 113.198393586000066, -7.143601094999951, 0.0 ], [ 113.198348160000023, -7.143570989999944, 0.0 ], [ 113.197374, -7.142876010999942, 0.0 ], [ 113.196385080000027, -7.142290018999972, 0.0 ], [ 113.196575879000079, -7.142133959999967, 0.0 ], [ 113.19702408, -7.141788989999952, 0.0 ], [ 113.198180185000069, -7.14092580199997, 0.0 ], [ 113.198816160000092, -7.140450959999953, 0.0 ], [ 113.199170040000013, -7.140170968999939, 0.0 ], [ 113.199164924000115, -7.140157860999977, 0.0 ], [ 113.198830921000081, -7.139302019999946, 0.0 ], [ 113.197959, -7.138682009999968, 0.0 ], [ 113.197124160000044, -7.138407959999938, 0.0 ], [ 113.195639879000055, -7.13808395999996, 0.0 ], [ 113.195490840000048, -7.138007009999967, 0.0 ], [ 113.19525684000007, -7.137907020999933, 0.0 ], [ 113.19498504, -7.138034008999966, 0.0 ], [ 113.19456888000002, -7.138311028999965, 0.0 ], [ 113.194163159000027, -7.138564018999944, 0.0 ], [ 113.193768960000057, -7.138522981999927, 0.0 ], [ 113.193214921000049, -7.138395989999935, 0.0 ], [ 113.192791920000104, -7.138261978999935, 0.0 ], [ 113.192431919000114, -7.138195018999966, 0.0 ], [ 113.192305920000081, -7.138072980999937, 0.0 ], [ 113.19226092100007, -7.137937981999926, 0.0 ], [ 113.19230303900008, -7.137860039999964, 0.0 ], [ 113.192588161000117, -7.137474028999975, 0.0 ], [ 113.192602920000013, -7.137233009999932, 0.0 ], [ 113.192525881000051, -7.136964991999946, 0.0 ], [ 113.192458920000036, -7.136921971999925, 0.0 ], [ 113.192375040000115, -7.135765019999951, 0.0 ], [ 113.192349120000017, -7.135136011999975, 0.0 ], [ 113.192412120000085, -7.134299011999929, 0.0 ], [ 113.192786161000072, -7.132629961999953, 0.0 ], [ 113.192921880000085, -7.13190095899995, 0.0 ], [ 113.192916838000087, -7.131223979999959, 0.0 ], [ 113.192754840000021, -7.130188978999968, 0.0 ], [ 113.192744996000101, -7.12963782099996, 0.0 ], [ 113.192733960000055, -7.129019969999945, 0.0 ], [ 113.192505, -7.128465028999926, 0.0 ], [ 113.192357040000047, -7.12786202999996, 0.0 ], [ 113.192309158000057, -7.127355958999942, 0.0 ], [ 113.19224865700005, -7.125785850999932, 0.0 ], [ 113.192413693000049, -7.125507124999956, 0.0 ], [ 113.19243153900004, -7.125343536999935, 0.0 ], [ 113.192449385000032, -7.125117487999944, 0.0 ], [ 113.192605538000066, -7.124825007999959, 0.0 ], [ 113.192862816000115, -7.124540468999953, 0.0 ], [ 113.192936727000074, -7.124551284999939, 0.0 ], [ 113.192984764000016, -7.124558314999945, 0.0 ], [ 113.193056148000096, -7.124489904999962, 0.0 ], [ 113.193138002000069, -7.124353204999977, 0.0 ], [ 113.193145888000117, -7.124081155999932, 0.0 ], [ 113.193152278000071, -7.123860656999966, 0.0 ], [ 113.193231129000083, -7.123689811999952, 0.0 ], [ 113.19325221500003, -7.123644125999931, 0.0 ], [ 113.193214331000036, -7.123551887999952, 0.0 ], [ 113.193053393000014, -7.12316003799998, 0.0 ], [ 113.193033305000085, -7.123111126999959, 0.0 ], [ 113.191778160000013, -7.122663, 0.0 ], [ 113.191544160000035, -7.122732028999962, 0.0 ], [ 113.191333920000034, -7.12292003999994, 0.0 ], [ 113.191142040000045, -7.123111019999953, 0.0 ], [ 113.190841080000041, -7.123338989999979, 0.0 ], [ 113.190487921000113, -7.123487039999929, 0.0 ], [ 113.190063840000107, -7.123367971999926, 0.0 ], [ 113.189754961000062, -7.123083028999929, 0.0 ], [ 113.189541840000061, -7.12266902999994, 0.0 ], [ 113.189415841000027, -7.122228029999974, 0.0 ], [ 113.189460121000025, -7.121574989999942, 0.0 ], [ 113.18945184100005, -7.12108700899995, 0.0 ], [ 113.1894021600001, -7.120674988999951, 0.0 ], [ 113.189106960000117, -7.120233000999974, 0.0 ], [ 113.188791958000024, -7.119779039999969, 0.0 ], [ 113.18803704100003, -7.118817030999935, 0.0 ], [ 113.187989161000019, -7.118249038999977, 0.0 ], [ 113.188074840000013, -7.11775800199996, 0.0 ], [ 113.18822496000007, -7.117315021999957, 0.0 ], [ 113.188330080000014, -7.117139968999936, 0.0 ], [ 113.188281841000048, -7.117025040999977, 0.0 ], [ 113.188069080000105, -7.116393958999936, 0.0 ], [ 113.187876119000066, -7.115994988999944, 0.0 ], [ 113.187771000000112, -7.115777009999931, 0.0 ], [ 113.187669840000012, -7.115455979999979, 0.0 ], [ 113.187521880000077, -7.115069969999979, 0.0 ], [ 113.187466080000036, -7.114763969999956, 0.0 ], [ 113.187441960000115, -7.114133969999955, 0.0 ], [ 113.187654, -7.113510989999952, 0.0 ], [ 113.187714840000012, -7.11333998899994, 0.0 ], [ 113.187738958000068, -7.113256020999927, 0.0 ], [ 113.18777388, -7.112925989999951, 0.0 ], [ 113.187791880000077, -7.112424961999977, 0.0 ], [ 113.187758039000073, -7.112212019999959, 0.0 ], [ 113.187659040000085, -7.111946969999963, 0.0 ], [ 113.187584160000029, -7.111788029999957, 0.0 ], [ 113.187435120000032, -7.11156897199993, 0.0 ], [ 113.187201840000057, -7.110911969999961, 0.0 ], [ 113.187018959000056, -7.109802001999981, 0.0 ], [ 113.186887920000117, -7.108973009999943, 0.0 ], [ 113.186617918000024, -7.108117019999952, 0.0 ], [ 113.186279160000026, -7.107230968999943, 0.0 ], [ 113.186076840000055, -7.106535, 0.0 ], [ 113.186054880000029, -7.106010029999936, 0.0 ], [ 113.186116081000023, -7.105112009999971, 0.0 ], [ 113.186017081000045, -7.104275998999981, 0.0 ], [ 113.185978920000025, -7.104168, 0.0 ], [ 113.185872, -7.103835001999926, 0.0 ], [ 113.185262878000117, -7.103282039999954, 0.0 ], [ 113.18519591900008, -7.103087008999978, 0.0 ], [ 113.185197, -7.102868041999955, 0.0 ], [ 113.18523588000005, -7.102559971999938, 0.0 ], [ 113.184574920000045, -7.102123021999944, 0.0 ], [ 113.184267841000064, -7.101892978999956, 0.0 ], [ 113.18395608000003, -7.101658978999978, 0.0 ], [ 113.18350104000001, -7.101430019999952, 0.0 ], [ 113.182824959000072, -7.101124019999929, 0.0 ], [ 113.182553160000111, -7.100934030999952, 0.0 ], [ 113.182307999000045, -7.100633969999933, 0.0 ], [ 113.182279920000042, -7.100506978999931, 0.0 ], [ 113.182245, -7.100071019999973, 0.0 ], [ 113.181918838000115, -7.099497989999975, 0.0 ], [ 113.181449040000075, -7.098647038999957, 0.0 ], [ 113.180852880000089, -7.097688991999973, 0.0 ], [ 113.181459840000116, -7.09752500999997, 0.0 ], [ 113.182121880000068, -7.097411971999975, 0.0 ], [ 113.18291604, -7.09734500999997, 0.0 ], [ 113.18351688000007, -7.097301989999949, 0.0 ], [ 113.183940961000076, -7.097234039999933, 0.0 ], [ 113.184561959, -7.097021008999945, 0.0 ], [ 113.18529383900011, -7.096743, 0.0 ], [ 113.185913041000049, -7.096467959999927, 0.0 ], [ 113.18708808000008, -7.096160970999961, 0.0 ], [ 113.187110040000107, -7.096154038999941, 0.0 ], [ 113.187305880000054, -7.096109039999931, 0.0 ], [ 113.187701879000088, -7.096155030999967, 0.0 ], [ 113.18790888, -7.096223969999926, 0.0 ], [ 113.188170960000093, -7.09640603899993, 0.0 ], [ 113.188308121000091, -7.096655969999972, 0.0 ], [ 113.188366080000037, -7.096776028999955, 0.0 ], [ 113.18854788100009, -7.096914, 0.0 ], [ 113.188834080000106, -7.097050979999949, 0.0 ], [ 113.189342041000032, -7.097216039999978, 0.0 ], [ 113.189346000000114, -7.097219008999957, 0.0 ], [ 113.189807879000114, -7.097465969999973, 0.0 ], [ 113.189905080000017, -7.097562988999925, 0.0 ], [ 113.189978880000012, -7.097745959999941, 0.0 ], [ 113.189982119000092, -7.097902018999946, 0.0 ], [ 113.18995188100007, -7.098039, 0.0 ], [ 113.189970961000085, -7.098129, 0.0 ], [ 113.190170040000112, -7.098244019999981, 0.0 ], [ 113.190377041000033, -7.098390991999963, 0.0 ], [ 113.19057, -7.09856801899997, 0.0 ], [ 113.190644160000033, -7.098685018999959, 0.0 ], [ 113.190562081000053, -7.099038001999929, 0.0 ], [ 113.190530040000112, -7.099205039999958, 0.0 ], [ 113.190545160000056, -7.099326, 0.0 ], [ 113.190663958000073, -7.09956503899997, 0.0 ], [ 113.190712918000031, -7.099725959999944, 0.0 ], [ 113.190612840000085, -7.099940969999977, 0.0 ], [ 113.190676920000101, -7.100452980999933, 0.0 ], [ 113.190888960000052, -7.100643960999946, 0.0 ], [ 113.191197121000073, -7.10067302899995, 0.0 ], [ 113.191495920000079, -7.100606970999934, 0.0 ], [ 113.191868880000015, -7.100496991999933, 0.0 ], [ 113.192494921000048, -7.100245979999954, 0.0 ], [ 113.193191160000083, -7.099838011999964, 0.0 ], [ 113.19362784100008, -7.099554961999957, 0.0 ], [ 113.193925920000083, -7.099452, 0.0 ], [ 113.194275840000046, -7.09940501899996, 0.0 ], [ 113.194671840000069, -7.09942400999995, 0.0 ], [ 113.195063160000018, -7.099506989999952, 0.0 ], [ 113.195463840000116, -7.09951400999995, 0.0 ], [ 113.196143878000044, -7.099387018999948, 0.0 ], [ 113.196700079000038, -7.09910801999996, 0.0 ], [ 113.197200120000048, -7.098849, 0.0 ], [ 113.197644001000072, -7.098572968999974, 0.0 ], [ 113.197708819000013, -7.098532184999954, 0.0 ], [ 113.197916276000115, -7.098178075999954, 0.0 ], [ 113.198191104000102, -7.09813524499998, 0.0 ], [ 113.198280333000071, -7.097928231999958, 0.0 ], [ 113.198294610000062, -7.097589160999974, 0.0 ], [ 113.198376703, -7.097399993999943, 0.0 ], [ 113.198633683000025, -7.097075194999945, 0.0 ], [ 113.198733621000088, -7.097132301999977, 0.0 ], [ 113.198812144000044, -7.097021656999971, 0.0 ], [ 113.198922788, -7.096696860999941, 0.0 ], [ 113.199076264000041, -7.096443448999935, 0.0 ], [ 113.199258292000081, -7.096518402999948, 0.0 ], [ 113.199479583000084, -7.09620074299994, 0.0 ], [ 113.19983650100005, -7.096307818999946, 0.0 ], [ 113.199750841000082, -7.096461295999973, 0.0 ], [ 113.199993545000098, -7.09653267799996, 0.0 ], [ 113.19996522200006, -7.096662619999961, 0.0 ], [ 113.200202160000117, -7.096425028999931, 0.0 ], [ 113.200647841000091, -7.096035958999948, 0.0 ], [ 113.201024041000096, -7.095805021999979, 0.0 ], [ 113.201409959000102, -7.095713039999964, 0.0 ], [ 113.201798038000106, -7.095708, 0.0 ], [ 113.202374040000109, -7.095866040999965, 0.0 ], [ 113.203046160000099, -7.096115968999925, 0.0 ], [ 113.203793880000035, -7.096407029999966, 0.0 ], [ 113.204319121000026, -7.096561019999967, 0.0 ], [ 113.205003121000118, -7.096590988999935, 0.0 ], [ 113.20540488000006, -7.096609979999926, 0.0 ], [ 113.205939121000029, -7.096632029999967, 0.0 ], [ 113.206318920000058, -7.09675200099997, 0.0 ], [ 113.20703496100009, -7.097020019999945, 0.0 ], [ 113.207505839000078, -7.09724996999995, 0.0 ], [ 113.208024960000103, -7.097628959999952, 0.0 ], [ 113.208485040000028, -7.097915970999964, 0.0 ], [ 113.20902288100001, -7.098301978999928, 0.0 ], [ 113.20947792000004, -7.098651, 0.0 ], [ 113.209998840000026, -7.09908102199995, 0.0 ], [ 113.210297194000077, -7.099236374999975, 0.0 ], [ 113.210476921, -7.099329959999977, 0.0 ], [ 113.21122284, -7.099551988999963, 0.0 ], [ 113.211808920000067, -7.099634971999933, 0.0 ], [ 113.212267921000034, -7.099691041999961, 0.0 ], [ 113.212811161000104, -7.09960598999993, 0.0 ], [ 113.21337096100001, -7.09944497999993, 0.0 ], [ 113.213885040000036, -7.099242029999971, 0.0 ], [ 113.214291838, -7.09913303999997, 0.0 ], [ 113.214720960000022, -7.099611029999949, 0.0 ], [ 113.214837960000068, -7.09987598999993, 0.0 ], [ 113.21496900000011, -7.099968959999956, 0.0 ], [ 113.215133880000053, -7.100018009999928, 0.0 ], [ 113.215367880000031, -7.099959959999978, 0.0 ], [ 113.215640040000039, -7.099913969999932, 0.0 ], [ 113.215821840000103, -7.099988039999971, 0.0 ], [ 113.215991040000063, -7.100142029999972, 0.0 ], [ 113.216280120000079, -7.100475029999927, 0.0 ], [ 113.216508, -7.100795968999932, 0.0 ], [ 113.216469121000046, -7.100951038999938, 0.0 ], [ 113.216483160000053, -7.101117990999967, 0.0 ], [ 113.216496839000115, -7.101146968999956, 0.0 ], [ 113.216484959000013, -7.101263968999945, 0.0 ], [ 113.216496120000102, -7.102109970999948, 0.0 ], [ 113.216486039000074, -7.102810979999958, 0.0 ], [ 113.216482081000095, -7.103531970999938, 0.0 ], [ 113.21650116, -7.103720968999937, 0.0 ], [ 113.216544000000113, -7.10416295999994, 0.0 ], [ 113.216632660000073, -7.104635335999944, 0.0 ], [ 113.217152097000053, -7.104729326999973, 0.0 ], [ 113.217587538000089, -7.104936339999938, 0.0 ], [ 113.217651783000065, -7.105000584999971, 0.0 ], [ 113.21760895400007, -7.105150490999961, 0.0 ], [ 113.217466185000035, -7.105364642999973, 0.0 ], [ 113.21740907800006, -7.10547885699998, 0.0 ], [ 113.217401941000048, -7.105607348999968, 0.0 ], [ 113.217473324000025, -7.105885744999966, 0.0 ], [ 113.217730306000021, -7.106178417999956, 0.0 ], [ 113.218264791000024, -7.106393461999971, 0.0 ], [ 113.218770427000095, -7.106607613999927, 0.0 ], [ 113.219228474000033, -7.106928840999956, 0.0 ], [ 113.219787648000079, -7.107339297999943, 0.0 ], [ 113.22057312000004, -7.107948000999954, 0.0 ], [ 113.220689814000025, -7.108029673999965, 0.0 ], [ 113.221438920000082, -7.108553969999946, 0.0 ], [ 113.222049121000055, -7.109043029999953, 0.0 ], [ 113.222349001000111, -7.109429039999952, 0.0 ], [ 113.222693158000084, -7.109820000999946, 0.0 ], [ 113.223195, -7.110693990999948, 0.0 ], [ 113.223499920000108, -7.111254961999975, 0.0 ], [ 113.223831840000116, -7.111853011999926, 0.0 ], [ 113.224466881000012, -7.11277397899994, 0.0 ], [ 113.224889160000089, -7.113488038999947, 0.0 ], [ 113.225208121000037, -7.11410498999993, 0.0 ], [ 113.225576041000068, -7.114883039999938, 0.0 ], [ 113.225751, -7.11549198199998, 0.0 ], [ 113.225996400000099, -7.116210366999951, 0.0 ], [ 113.225982, -7.116271, 0.0 ], [ 113.225961, -7.116327998999964, 0.0 ], [ 113.225945, -7.116327998999964, 0.0 ], [ 113.225857, -7.116285998999956, 0.0 ], [ 113.225841001000049, -7.116285998999956, 0.0 ], [ 113.225831, -7.116291, 0.0 ], [ 113.225808, -7.116359, 0.0 ], [ 113.225741, -7.116616, 0.0 ], [ 113.225704001000054, -7.116802001999929, 0.0 ], [ 113.225665001000039, -7.116989998999941, 0.0 ], [ 113.225620999000057, -7.117169, 0.0 ], [ 113.225560998000105, -7.117429, 0.0 ], [ 113.225504999, -7.117571, 0.0 ], [ 113.225474, -7.11763900099993, 0.0 ], [ 113.225461000000109, -7.117732998999941, 0.0 ], [ 113.225431001000061, -7.117912000999979, 0.0 ], [ 113.22541, -7.118043998999951, 0.0 ], [ 113.225418000000104, -7.118176, 0.0 ], [ 113.225459000000114, -7.118328, 0.0 ], [ 113.225498, -7.118594000999963, 0.0 ], [ 113.225515, -7.118754001999946, 0.0 ], [ 113.225549001000104, -7.119002, 0.0 ], [ 113.225561998000103, -7.119128, 0.0 ], [ 113.225561998000103, -7.119180000999961, 0.0 ], [ 113.225539, -7.119344, 0.0 ], [ 113.225522998000088, -7.119424, 0.0 ], [ 113.225487, -7.119491000999972, 0.0 ], [ 113.225456, -7.119541, 0.0 ], [ 113.225414001000104, -7.119570000999943, 0.0 ], [ 113.225346998000077, -7.119646, 0.0 ], [ 113.225314001000015, -7.119700998999974, 0.0 ], [ 113.225306, -7.119759998999939, 0.0 ], [ 113.225318, -7.11983, 0.0 ], [ 113.225332, -7.119957, 0.0 ], [ 113.225328999000112, -7.120029998999939, 0.0 ], [ 113.225317001, -7.120108998999967, 0.0 ], [ 113.225295001000063, -7.120177001999934, 0.0 ], [ 113.225251999000079, -7.120247998999957, 0.0 ], [ 113.225206, -7.120293001999926, 0.0 ], [ 113.225164, -7.120329, 0.0 ], [ 113.22511, -7.120391001999963, 0.0 ], [ 113.225089, -7.120427000999939, 0.0 ], [ 113.225073998000084, -7.120499998999946, 0.0 ], [ 113.225043001000017, -7.12056800199997, 0.0 ], [ 113.225017999000102, -7.120621, 0.0 ], [ 113.224948, -7.12071, 0.0 ], [ 113.224897998000074, -7.120760000999951, 0.0 ], [ 113.224882741000101, -7.120780674999935, 0.0 ], [ 113.224867001, -7.120802001999948, 0.0 ], [ 113.224839998000107, -7.120825, 0.0 ], [ 113.224836, -7.120838000999981, 0.0 ], [ 113.224824, -7.120907, 0.0 ], [ 113.224821999000028, -7.120982, 0.0 ], [ 113.224833000000103, -7.121036001999926, 0.0 ], [ 113.224843, -7.121097, 0.0 ], [ 113.224883, -7.121162998999978, 0.0 ], [ 113.224915, -7.121205, 0.0 ], [ 113.22494400100004, -7.121219998999948, 0.0 ], [ 113.224974, -7.121228000999963, 0.0 ], [ 113.224988, -7.121226, 0.0 ], [ 113.225005001000113, -7.121217, 0.0 ], [ 113.225049, -7.121171001999926, 0.0 ], [ 113.225084, -7.121133001999965, 0.0 ], [ 113.225137, -7.121105998999951, 0.0 ], [ 113.225183, -7.121091000999968, 0.0 ], [ 113.225235000000112, -7.121084998999947, 0.0 ], [ 113.225273, -7.121093001999952, 0.0 ], [ 113.2253, -7.12112, 0.0 ], [ 113.225304, -7.121141, 0.0 ], [ 113.225280000000112, -7.121235, 0.0 ], [ 113.22524, -7.121308001999978, 0.0 ], [ 113.225178001000018, -7.121413, 0.0 ], [ 113.22513, -7.121465001999979, 0.0 ], [ 113.225124, -7.121479, 0.0 ], [ 113.225119001000053, -7.121488, 0.0 ], [ 113.225126, -7.12149, 0.0 ], [ 113.225208, -7.121508, 0.0 ], [ 113.225264, -7.121521000999962, 0.0 ], [ 113.225302, -7.121527, 0.0 ], [ 113.225312, -7.121534998999948, 0.0 ], [ 113.225313, -7.121572998999966, 0.0 ], [ 113.2253, -7.121664, 0.0 ], [ 113.225284000000102, -7.12172899899997, 0.0 ], [ 113.225263, -7.12179600199994, 0.0 ], [ 113.225224, -7.121844998999961, 0.0 ], [ 113.225191999000117, -7.121878, 0.0 ], [ 113.225188000000117, -7.121895, 0.0 ], [ 113.225194000000101, -7.122102, 0.0 ], [ 113.225205, -7.122248, 0.0 ], [ 113.225214, -7.122447998999974, 0.0 ], [ 113.225219001000028, -7.12267000099996, 0.0 ], [ 113.225233000000117, -7.122868001999962, 0.0 ], [ 113.225238001000093, -7.123081000999946, 0.0 ], [ 113.225222, -7.123239001999934, 0.0 ], [ 113.225207407000084, -7.123380378999968, 0.0 ], [ 113.225206, -7.123394001999941, 0.0 ], [ 113.225188000000117, -7.123523998999929, 0.0 ], [ 113.225143000000116, -7.123678998999935, 0.0 ], [ 113.225116, -7.123779, 0.0 ], [ 113.225094999000021, -7.123821000999953, 0.0 ], [ 113.225066, -7.123842001999947, 0.0 ], [ 113.225039, -7.123844001999942, 0.0 ], [ 113.225028, -7.123846, 0.0 ], [ 113.225029, -7.123869, 0.0 ], [ 113.225023001000068, -7.123919000999933, 0.0 ], [ 113.225006, -7.123959001999935, 0.0 ], [ 113.225012000000106, -7.124005, 0.0 ], [ 113.225015998000117, -7.124055000999931, 0.0 ], [ 113.225031, -7.124089998999978, 0.0 ], [ 113.225048, -7.124129998999933, 0.0 ], [ 113.22505, -7.124161, 0.0 ], [ 113.225056999000117, -7.124185998999963, 0.0 ], [ 113.225069, -7.124202998999976, 0.0 ], [ 113.225107, -7.124201, 0.0 ], [ 113.225152999000102, -7.1242, 0.0 ], [ 113.225178001000018, -7.124206998999966, 0.0 ], [ 113.225225, -7.124245998999982, 0.0 ], [ 113.225284000000102, -7.124324998999953, 0.0 ], [ 113.225383, -7.124452, 0.0 ], [ 113.225437, -7.124506001999976, 0.0 ], [ 113.225498, -7.124571, 0.0 ], [ 113.225578, -7.124625, 0.0 ], [ 113.225631, -7.124653998999975, 0.0 ], [ 113.225713, -7.124713998999937, 0.0 ], [ 113.225756998000065, -7.124728, 0.0 ], [ 113.225832, -7.124755, 0.0 ], [ 113.225892998000063, -7.124768998999969, 0.0 ], [ 113.225949, -7.124777000999927, 0.0 ], [ 113.226006, -7.124788, 0.0 ], [ 113.226105999000083, -7.124816000999942, 0.0 ], [ 113.226192001000072, -7.12483199899998, 0.0 ], [ 113.226234, -7.12484, 0.0 ], [ 113.22628, -7.124838001999933, 0.0 ], [ 113.226312, -7.124842, 0.0 ], [ 113.226347001000022, -7.124857001999942, 0.0 ], [ 113.226378999000076, -7.124861, 0.0 ], [ 113.226444, -7.124856001999945, 0.0 ], [ 113.226513, -7.124848998999937, 0.0 ], [ 113.22656500100004, -7.124845, 0.0 ], [ 113.226638, -7.12484, 0.0 ], [ 113.226694999000074, -7.124842, 0.0 ], [ 113.226705465, -7.124850644999981, 0.0 ], [ 113.226718001000108, -7.124861, 0.0 ], [ 113.226760001000116, -7.124903, 0.0 ], [ 113.226783, -7.124934001999975, 0.0 ], [ 113.226794, -7.12494, 0.0 ], [ 113.226821, -7.12494, 0.0 ], [ 113.226854001000106, -7.12493600199997, 0.0 ], [ 113.226896001000114, -7.124944, 0.0 ], [ 113.22693, -7.124969, 0.0 ], [ 113.226959, -7.124998, 0.0 ], [ 113.22698, -7.125033001999952, 0.0 ], [ 113.226986999000019, -7.125073, 0.0 ], [ 113.226984998000034, -7.125115, 0.0 ], [ 113.226967999000067, -7.125139998999941, 0.0 ], [ 113.226950000000102, -7.125178, 0.0 ], [ 113.226958, -7.125218998999969, 0.0 ], [ 113.226977, -7.12525699899993, 0.0 ], [ 113.226985999000021, -7.125311, 0.0 ], [ 113.226983999000026, -7.125359, 0.0 ], [ 113.226982, -7.125392998999928, 0.0 ], [ 113.226974001000031, -7.125418, 0.0 ], [ 113.226974001000031, -7.12544300199994, 0.0 ], [ 113.226983, -7.125466, 0.0 ], [ 113.227008, -7.125501001999965, 0.0 ], [ 113.227031001000114, -7.125526, 0.0 ], [ 113.227067, -7.125574, 0.0 ], [ 113.227107, -7.125636001999965, 0.0 ], [ 113.227147001000048, -7.125676001999977, 0.0 ], [ 113.227198, -7.125731, 0.0 ], [ 113.227227001000074, -7.125769, 0.0 ], [ 113.227267001000087, -7.125796, 0.0 ], [ 113.22733, -7.125808, 0.0 ], [ 113.227359, -7.125805998999965, 0.0 ], [ 113.227387, -7.125797, 0.0 ], [ 113.227420001000041, -7.12580399899997, 0.0 ], [ 113.227466, -7.125814, 0.0 ], [ 113.227517001000024, -7.125823998999977, 0.0 ], [ 113.227570999000022, -7.12583000099994, 0.0 ], [ 113.227617001000112, -7.125828, 0.0 ], [ 113.227646, -7.125824998999974, 0.0 ], [ 113.22768, -7.125827, 0.0 ], [ 113.227706998000031, -7.125831000999938, 0.0 ], [ 113.227739, -7.12584, 0.0 ], [ 113.227799, -7.125856, 0.0 ], [ 113.227824999000063, -7.125866, 0.0 ], [ 113.227910001000055, -7.125878, 0.0 ], [ 113.227984000000106, -7.125878, 0.0 ], [ 113.228034, -7.125881998999944, 0.0 ], [ 113.22808400100007, -7.125900998999953, 0.0 ], [ 113.228124001000083, -7.125930001999961, 0.0 ], [ 113.228147, -7.125960998999972, 0.0 ], [ 113.228155999000023, -7.12599, 0.0 ], [ 113.228155999000023, -7.126039998999943, 0.0 ], [ 113.228156999000021, -7.126113, 0.0 ], [ 113.228148, -7.12617599899994, 0.0 ], [ 113.228128, -7.126249, 0.0 ], [ 113.228114999000013, -7.126287, 0.0 ], [ 113.228128, -7.126322, 0.0 ], [ 113.228157999000018, -7.126348998999958, 0.0 ], [ 113.228202001000113, -7.126376000999926, 0.0 ], [ 113.228232998000067, -7.126399001999971, 0.0 ], [ 113.228253999000117, -7.12642799899993, 0.0 ], [ 113.228251998000019, -7.126453000999959, 0.0 ], [ 113.228268, -7.126487998999949, 0.0 ], [ 113.228289, -7.126508998999952, 0.0 ], [ 113.228319001000045, -7.12653200099993, 0.0 ], [ 113.228346000000101, -7.126545998999973, 0.0 ], [ 113.228367, -7.126571000999945, 0.0 ], [ 113.22838, -7.126598, 0.0 ], [ 113.228399, -7.126646, 0.0 ], [ 113.228418001000023, -7.126671001999966, 0.0 ], [ 113.228416001000028, -7.126682998999968, 0.0 ], [ 113.228408998000077, -7.126691001999973, 0.0 ], [ 113.228384, -7.126699, 0.0 ], [ 113.228362, -7.126711001999979, 0.0 ], [ 113.228332999000031, -7.126728000999947, 0.0 ], [ 113.22829, -7.126760998999941, 0.0 ], [ 113.228251998000019, -7.126808001999962, 0.0 ], [ 113.228226, -7.126853, 0.0 ], [ 113.228200001, -7.126906001999942, 0.0 ], [ 113.228176999000084, -7.126962000999981, 0.0 ], [ 113.228167, -7.126991, 0.0 ], [ 113.228165000000104, -7.127005, 0.0 ], [ 113.228169, -7.12702300199993, 0.0 ], [ 113.228183001000048, -7.127063, 0.0 ], [ 113.228200001, -7.127118000999928, 0.0 ], [ 113.228200001, -7.127173, 0.0 ], [ 113.228185, -7.127232, 0.0 ], [ 113.228164001000096, -7.127309, 0.0 ], [ 113.228128, -7.127382998999963, 0.0 ], [ 113.228114, -7.127422998999975, 0.0 ], [ 113.228098999000053, -7.127482998999938, 0.0 ], [ 113.22808400100007, -7.127530001999958, 0.0 ], [ 113.228057998000054, -7.127592, 0.0 ], [ 113.228009, -7.127681, 0.0 ], [ 113.227962999000056, -7.127744001999929, 0.0 ], [ 113.227903999000091, -7.127819000999978, 0.0 ], [ 113.227870001000042, -7.127857000999938, 0.0 ], [ 113.227821, -7.127895, 0.0 ], [ 113.227778, -7.127938001999951, 0.0 ], [ 113.22775300100011, -7.12795700199996, 0.0 ], [ 113.227745998000046, -7.127973, 0.0 ], [ 113.22775, -7.127984, 0.0 ], [ 113.227760000000103, -7.12798799899997, 0.0 ], [ 113.227783998000064, -7.127992, 0.0 ], [ 113.227790001000017, -7.128001, 0.0 ], [ 113.227774001000057, -7.12802, 0.0 ], [ 113.227743, -7.128031, 0.0 ], [ 113.227677001000075, -7.128083998999955, 0.0 ], [ 113.227638001000059, -7.128178, 0.0 ], [ 113.227597001000049, -7.12828800099993, 0.0 ], [ 113.227541, -7.128414, 0.0 ], [ 113.227508, -7.128461, 0.0 ], [ 113.227490999000111, -7.128502000999958, 0.0 ], [ 113.227482001000112, -7.128540000999976, 0.0 ], [ 113.227477, -7.12861, 0.0 ], [ 113.227480001000117, -7.128663, 0.0 ], [ 113.227480001000117, -7.128707, 0.0 ], [ 113.227457, -7.128757001999929, 0.0 ], [ 113.227437131000102, -7.128771403999963, 0.0 ], [ 113.22741699900007, -7.128785998999945, 0.0 ], [ 113.227372, -7.128836001999957, 0.0 ], [ 113.227331, -7.128894001999981, 0.0 ], [ 113.227317999000093, -7.128941, 0.0 ], [ 113.227316998000106, -7.128990000999977, 0.0 ], [ 113.227315998000108, -7.129019998999979, 0.0 ], [ 113.227316998000106, -7.129047000999947, 0.0 ], [ 113.227313, -7.129057, 0.0 ], [ 113.227301, -7.129051001999926, 0.0 ], [ 113.227283001000046, -7.129032, 0.0 ], [ 113.227260999, -7.129023998999969, 0.0 ], [ 113.227235, -7.129028000999938, 0.0 ], [ 113.227226001000076, -7.129043998999975, 0.0 ], [ 113.227231, -7.129072, 0.0 ], [ 113.227231, -7.129097998999953, 0.0 ], [ 113.227229, -7.129113, 0.0 ], [ 113.227218998000012, -7.129123, 0.0 ], [ 113.227205001000016, -7.129126000999975, 0.0 ], [ 113.227175000000102, -7.129127001999962, 0.0 ], [ 113.227146, -7.12913, 0.0 ], [ 113.227127001000099, -7.129134, 0.0 ], [ 113.227108001000033, -7.129155, 0.0 ], [ 113.227083999000115, -7.129175, 0.0 ], [ 113.22706, -7.129224000999955, 0.0 ], [ 113.227036000000112, -7.129257998999947, 0.0 ], [ 113.227009, -7.12928, 0.0 ], [ 113.226978, -7.12929, 0.0 ], [ 113.226956, -7.129287, 0.0 ], [ 113.226944000000117, -7.12928, 0.0 ], [ 113.226919, -7.129271, 0.0 ], [ 113.226900000000114, -7.129271, 0.0 ], [ 113.226893001, -7.129286, 0.0 ], [ 113.226900000000114, -7.129324001999976, 0.0 ], [ 113.226896001000114, -7.129353998999932, 0.0 ], [ 113.226865, -7.129392998999947, 0.0 ], [ 113.226831999000069, -7.129428, 0.0 ], [ 113.226805, -7.129456, 0.0 ], [ 113.226797001000023, -7.129493, 0.0 ], [ 113.226771999000107, -7.129541, 0.0 ], [ 113.226743, -7.129604, 0.0 ], [ 113.226720001000103, -7.129676, 0.0 ], [ 113.226699001000043, -7.129741, 0.0 ], [ 113.226697, -7.129806, 0.0 ], [ 113.226699001000043, -7.12991, 0.0 ], [ 113.226721001000101, -7.129986001999953, 0.0 ], [ 113.226753999000039, -7.130107, 0.0 ], [ 113.226772999000104, -7.130207, 0.0 ], [ 113.226782, -7.130260001999943, 0.0 ], [ 113.226787, -7.130282, 0.0 ], [ 113.226784, -7.130302, 0.0 ], [ 113.226770998, -7.130311998999957, 0.0 ], [ 113.226729999000099, -7.130314, 0.0 ], [ 113.226671, -7.130325, 0.0 ], [ 113.226569, -7.130381, 0.0 ], [ 113.226513, -7.130416001999947, 0.0 ], [ 113.22651, -7.130434001999959, 0.0 ], [ 113.226528, -7.130539, 0.0 ], [ 113.226568, -7.130649001999927, 0.0 ], [ 113.226604001000055, -7.130722, 0.0 ], [ 113.226629000000116, -7.130776998999977, 0.0 ], [ 113.226644, -7.130794998999932, 0.0 ], [ 113.226657, -7.130816998999933, 0.0 ], [ 113.226679001000093, -7.130825001999938, 0.0 ], [ 113.226697, -7.130831, 0.0 ], [ 113.226714999000023, -7.130836998999939, 0.0 ], [ 113.226727, -7.130846, 0.0 ], [ 113.226730998000107, -7.130855998999948, 0.0 ], [ 113.226722000000109, -7.130867, 0.0 ], [ 113.226696, -7.130879, 0.0 ], [ 113.226678000000106, -7.13089, 0.0 ], [ 113.226651999000069, -7.130933998999978, 0.0 ], [ 113.226647, -7.131016, 0.0 ], [ 113.226644, -7.131130998999936, 0.0 ], [ 113.226639, -7.131262998999944, 0.0 ], [ 113.226644, -7.131327, 0.0 ], [ 113.226628, -7.131341998999972, 0.0 ], [ 113.226591, -7.131351001999974, 0.0 ], [ 113.226572, -7.131370001999926, 0.0 ], [ 113.226568, -7.131385, 0.0 ], [ 113.226548, -7.131457998999963, 0.0 ], [ 113.226527, -7.131525000999943, 0.0 ], [ 113.226516998000079, -7.131619, 0.0 ], [ 113.226512, -7.131678, 0.0 ], [ 113.226505001000078, -7.131736, 0.0 ], [ 113.226492, -7.131811998999979, 0.0 ], [ 113.226459999000099, -7.131859001999942, 0.0 ], [ 113.226417, -7.131910998999956, 0.0 ], [ 113.226402999000015, -7.131951, 0.0 ], [ 113.226386001000037, -7.132018, 0.0 ], [ 113.226377, -7.132081, 0.0 ], [ 113.226366, -7.132159998999953, 0.0 ], [ 113.226353, -7.132268001999932, 0.0 ], [ 113.226336, -7.132355998999969, 0.0 ], [ 113.226335, -7.132381, 0.0 ], [ 113.226343999000051, -7.132504, 0.0 ], [ 113.226356, -7.132645, 0.0 ], [ 113.226362999000116, -7.132746998999949, 0.0 ], [ 113.226365000000101, -7.132835, 0.0 ], [ 113.226359000000116, -7.132930001999966, 0.0 ], [ 113.226351, -7.133031, 0.0 ], [ 113.226337, -7.133104000999936, 0.0 ], [ 113.226365000000101, -7.133220000999927, 0.0 ], [ 113.226393, -7.133268, 0.0 ], [ 113.226393535000057, -7.133268718999943, 0.0 ], [ 113.226431, -7.133319000999961, 0.0 ], [ 113.226449000000116, -7.133347, 0.0 ], [ 113.226464001000068, -7.133417000999941, 0.0 ], [ 113.226469, -7.133517001999962, 0.0 ], [ 113.226474, -7.133586998999931, 0.0 ], [ 113.226483, -7.133720998999934, 0.0 ], [ 113.226486001000012, -7.133862, 0.0 ], [ 113.226486001000012, -7.13393, 0.0 ], [ 113.226477998000064, -7.133992, 0.0 ], [ 113.226459999000099, -7.134055998999941, 0.0 ], [ 113.226428001000045, -7.134141001999978, 0.0 ], [ 113.226395, -7.134182, 0.0 ], [ 113.226374, -7.134211998999945, 0.0 ], [ 113.226376, -7.13424, 0.0 ], [ 113.226386001000037, -7.13433, 0.0 ], [ 113.226410000000101, -7.134404998999969, 0.0 ], [ 113.226416, -7.134445998999979, 0.0 ], [ 113.226417999000091, -7.134463998999934, 0.0 ], [ 113.226438998000049, -7.134467, 0.0 ], [ 113.226452000000108, -7.134467, 0.0 ], [ 113.226453000000106, -7.134480998999948, 0.0 ], [ 113.226445001000116, -7.134519, 0.0 ], [ 113.226441999000031, -7.134583, 0.0 ], [ 113.226448001000108, -7.134600998999929, 0.0 ], [ 113.226466001000063, -7.13461899899994, 0.0 ], [ 113.226497998000013, -7.134657998999955, 0.0 ], [ 113.226501, -7.134723000999941, 0.0 ], [ 113.226507001000073, -7.13476400199994, 0.0 ], [ 113.226498999000114, -7.134839000999932, 0.0 ], [ 113.226494000000116, -7.134885, 0.0 ], [ 113.22650400100008, -7.134942, 0.0 ], [ 113.226506001000075, -7.134999001999972, 0.0 ], [ 113.226508, -7.135062, 0.0 ], [ 113.226515, -7.135122, 0.0 ], [ 113.226515, -7.135164998999926, 0.0 ], [ 113.226522, -7.135181, 0.0 ], [ 113.226553, -7.135203998999941, 0.0 ], [ 113.226579, -7.135231001999955, 0.0 ], [ 113.226624001, -7.135290001999977, 0.0 ], [ 113.226644, -7.135341998999934, 0.0 ], [ 113.22665900100003, -7.135391, 0.0 ], [ 113.22669, -7.13543, 0.0 ], [ 113.226758001, -7.135469, 0.0 ], [ 113.226779001000068, -7.135487, 0.0 ], [ 113.226776001000076, -7.13549699899994, 0.0 ], [ 113.226763, -7.135512, 0.0 ], [ 113.226752999000041, -7.135523000999967, 0.0 ], [ 113.226750998000057, -7.135533, 0.0 ], [ 113.226765000000114, -7.135539, 0.0 ], [ 113.226794, -7.135547, 0.0 ], [ 113.226811999, -7.135552, 0.0 ], [ 113.226817001000086, -7.135569, 0.0 ], [ 113.226810999, -7.135588, 0.0 ], [ 113.226796001000025, -7.13561, 0.0 ], [ 113.226790999000059, -7.135623001999932, 0.0 ], [ 113.226783, -7.135659000999965, 0.0 ], [ 113.226778001000071, -7.135685, 0.0 ], [ 113.226789998000072, -7.135696, 0.0 ], [ 113.226844, -7.135745, 0.0 ], [ 113.226866999000094, -7.135773, 0.0 ], [ 113.226866, -7.135781, 0.0 ], [ 113.22684, -7.135787998999945, 0.0 ], [ 113.226836001000038, -7.135799, 0.0 ], [ 113.226843, -7.135810998999943, 0.0 ], [ 113.226878, -7.135845, 0.0 ], [ 113.226884, -7.135859, 0.0 ], [ 113.226874001000056, -7.135897, 0.0 ], [ 113.226830999000072, -7.135892000999945, 0.0 ], [ 113.226813000000107, -7.135892000999945, 0.0 ], [ 113.226785, -7.135886998999979, 0.0 ], [ 113.226760001000116, -7.135884998999927, 0.0 ], [ 113.226743, -7.135882, 0.0 ], [ 113.226720001000103, -7.135881, 0.0 ], [ 113.226719001000106, -7.135886998999979, 0.0 ], [ 113.22673700100006, -7.135916, 0.0 ], [ 113.226761, -7.135955, 0.0 ], [ 113.226743, -7.135962998999958, 0.0 ], [ 113.226703, -7.13597200199996, 0.0 ], [ 113.226701001000038, -7.13598, 0.0 ], [ 113.226708, -7.135998, 0.0 ], [ 113.226725000000101, -7.136023998999974, 0.0 ], [ 113.226758001, -7.136111, 0.0 ], [ 113.226750998000057, -7.136147000999927, 0.0 ], [ 113.226752999000041, -7.136193, 0.0 ], [ 113.226768999000114, -7.136209, 0.0 ], [ 113.226862, -7.13627, 0.0 ], [ 113.226911, -7.136324001999981, 0.0 ], [ 113.226915001000066, -7.13633399899993, 0.0 ], [ 113.226919, -7.136394998999947, 0.0 ], [ 113.226911, -7.136488, 0.0 ], [ 113.226897001000111, -7.136577001999967, 0.0 ], [ 113.226897001000111, -7.136601, 0.0 ], [ 113.226912, -7.136676001999945, 0.0 ], [ 113.22692599800007, -7.136749, 0.0 ], [ 113.226925, -7.13677200199993, 0.0 ], [ 113.226916001000063, -7.136801998999942, 0.0 ], [ 113.226891, -7.136853, 0.0 ], [ 113.226876001000051, -7.136879, 0.0 ], [ 113.226872, -7.136886, 0.0 ], [ 113.226887998000052, -7.136975, 0.0 ], [ 113.226915001000066, -7.137078998999925, 0.0 ], [ 113.226926998000067, -7.137152, 0.0 ], [ 113.22693300100002, -7.137204, 0.0 ], [ 113.226938, -7.137228, 0.0 ], [ 113.226951, -7.137242, 0.0 ], [ 113.227006999000082, -7.137272998999947, 0.0 ], [ 113.227010001000053, -7.137281, 0.0 ], [ 113.226998, -7.137324, 0.0 ], [ 113.226997, -7.13734999899998, 0.0 ], [ 113.227009, -7.137357001999931, 0.0 ], [ 113.227033001000109, -7.137366, 0.0 ], [ 113.227107, -7.137405, 0.0 ], [ 113.227120998000032, -7.137415001999955, 0.0 ], [ 113.227122999000017, -7.137427998999954, 0.0 ], [ 113.227120998000032, -7.137466998999969, 0.0 ], [ 113.22712199800003, -7.137483, 0.0 ], [ 113.227129001000094, -7.137487998999973, 0.0 ], [ 113.227187001000061, -7.137491000999944, 0.0 ], [ 113.227256, -7.13751, 0.0 ], [ 113.227249, -7.137567, 0.0 ], [ 113.227248001000021, -7.137578, 0.0 ], [ 113.227255, -7.137583998999958, 0.0 ], [ 113.2273110000001, -7.137592001999963, 0.0 ], [ 113.227343001, -7.137604998999961, 0.0 ], [ 113.227354000000105, -7.137614, 0.0 ], [ 113.227365001000067, -7.13765000199993, 0.0 ], [ 113.227377999000055, -7.137679998999943, 0.0 ], [ 113.227371, -7.137717, 0.0 ], [ 113.22736, -7.137756, 0.0 ], [ 113.227354000000105, -7.137802, 0.0 ], [ 113.227351000000112, -7.137854, 0.0 ], [ 113.227354000000105, -7.137868, 0.0 ], [ 113.227396999, -7.137957, 0.0 ], [ 113.227402001000087, -7.137974998999937, 0.0 ], [ 113.227408, -7.138021001999959, 0.0 ], [ 113.227403001000084, -7.138091998999926, 0.0 ], [ 113.227393998000025, -7.138142, 0.0 ], [ 113.227406, -7.138193000999934, 0.0 ], [ 113.227420001000041, -7.138237, 0.0 ], [ 113.227423001000034, -7.138263998999946, 0.0 ], [ 113.227399000000105, -7.138368, 0.0 ], [ 113.227383001000021, -7.138435, 0.0 ], [ 113.227371, -7.138479998999969, 0.0 ], [ 113.227355998, -7.138506000999939, 0.0 ], [ 113.227324001000056, -7.138563, 0.0 ], [ 113.227296998000043, -7.138616998999964, 0.0 ], [ 113.227264001000094, -7.138679, 0.0 ], [ 113.22722099900011, -7.13875, 0.0 ], [ 113.227185, -7.138819000999945, 0.0 ], [ 113.227157, -7.138869998999951, 0.0 ], [ 113.227134, -7.138932, 0.0 ], [ 113.22712, -7.138971, 0.0 ], [ 113.227119, -7.139, 0.0 ], [ 113.227113, -7.139076, 0.0 ], [ 113.227100999000072, -7.13918, 0.0 ], [ 113.227090001000079, -7.139251, 0.0 ], [ 113.227061999000057, -7.139332, 0.0 ], [ 113.227034000000117, -7.139428, 0.0 ], [ 113.227015, -7.139509, 0.0 ], [ 113.226999, -7.13957, 0.0 ], [ 113.226985999000021, -7.139626, 0.0 ], [ 113.226985999000021, -7.139716000999954, 0.0 ], [ 113.226988393000056, -7.139775012999962, 0.0 ], [ 113.226992001000099, -7.139863998999942, 0.0 ], [ 113.226992001000099, -7.139918, 0.0 ], [ 113.226991939000072, -7.13992215199994, 0.0 ], [ 113.226990000000114, -7.140057, 0.0 ], [ 113.226986999000019, -7.140166001999944, 0.0 ], [ 113.226977, -7.140231, 0.0 ], [ 113.226974001000031, -7.140271, 0.0 ], [ 113.226965998000082, -7.140291, 0.0 ], [ 113.226972001000036, -7.140309, 0.0 ], [ 113.226994001000094, -7.140326, 0.0 ], [ 113.22702, -7.140354998999953, 0.0 ], [ 113.227040000000102, -7.140377, 0.0 ], [ 113.227051001000063, -7.140404, 0.0 ], [ 113.227051001000063, -7.140434, 0.0 ], [ 113.227049001000069, -7.140476000999968, 0.0 ], [ 113.227042, -7.140524, 0.0 ], [ 113.227022999000042, -7.140601, 0.0 ], [ 113.227018, -7.140636, 0.0 ], [ 113.227022999000042, -7.14068199899998, 0.0 ], [ 113.227031001000114, -7.14077999899996, 0.0 ], [ 113.227033001000109, -7.140824, 0.0 ], [ 113.227026999000032, -7.140851, 0.0 ], [ 113.227011001000051, -7.14088800199994, 0.0 ], [ 113.226993001000096, -7.140929, 0.0 ], [ 113.226983, -7.140971, 0.0 ], [ 113.226977, -7.141009, 0.0 ], [ 113.226979, -7.141067, 0.0 ], [ 113.22698, -7.141094998999961, 0.0 ], [ 113.22698, -7.141109, 0.0 ], [ 113.226977, -7.14113, 0.0 ], [ 113.226962, -7.141147, 0.0 ], [ 113.226952001000086, -7.141163, 0.0 ], [ 113.226938, -7.141182, 0.0 ], [ 113.226931, -7.141181001999939, 0.0 ], [ 113.226905000000102, -7.141172998999934, 0.0 ], [ 113.226885, -7.141169, 0.0 ], [ 113.226866999000094, -7.141167, 0.0 ], [ 113.226858001000096, -7.141168, 0.0 ], [ 113.226855001000104, -7.141173998999932, 0.0 ], [ 113.226855001000104, -7.14121199899995, 0.0 ], [ 113.226850999000021, -7.141264, 0.0 ], [ 113.226852, -7.14131600199994, 0.0 ], [ 113.226853, -7.141345998999952, 0.0 ], [ 113.226865, -7.141364, 0.0 ], [ 113.226883, -7.14138799899996, 0.0 ], [ 113.226901000000112, -7.141418, 0.0 ], [ 113.2269099990001, -7.141450000999953, 0.0 ], [ 113.226908999000102, -7.141506, 0.0 ], [ 113.226912, -7.141569001999926, 0.0 ], [ 113.226903000000107, -7.141625, 0.0 ], [ 113.226904000000104, -7.141677998999967, 0.0 ], [ 113.2269099990001, -7.141719998999974, 0.0 ], [ 113.226907999000105, -7.141826, 0.0 ], [ 113.226899000000117, -7.141905, 0.0 ], [ 113.226888999000039, -7.14199800199998, 0.0 ], [ 113.226875001000053, -7.142081, 0.0 ], [ 113.226874001000056, -7.142156001999979, 0.0 ], [ 113.226875001000053, -7.142181, 0.0 ], [ 113.226900000000114, -7.142217, 0.0 ], [ 113.226922, -7.142243998999959, 0.0 ], [ 113.22694, -7.142267, 0.0 ], [ 113.226956, -7.142277, 0.0 ], [ 113.226955001000078, -7.142292001999976, 0.0 ], [ 113.226926998000067, -7.142388001999961, 0.0 ], [ 113.226908999000102, -7.142458998999928, 0.0 ], [ 113.226903000000107, -7.14247, 0.0 ], [ 113.226849999000024, -7.142495, 0.0 ], [ 113.226824, -7.142534998999963, 0.0 ], [ 113.226795, -7.142566, 0.0 ], [ 113.226771999000107, -7.142601000999946, 0.0 ], [ 113.226750998000057, -7.142629, 0.0 ], [ 113.226742, -7.142649, 0.0 ], [ 113.226733999000089, -7.142683, 0.0 ], [ 113.226727, -7.142706, 0.0 ], [ 113.226721001000101, -7.142729, 0.0 ], [ 113.226719001000106, -7.142766, 0.0 ], [ 113.226724000000104, -7.142783, 0.0 ], [ 113.226753999000039, -7.142817001999958, 0.0 ], [ 113.226782, -7.14284, 0.0 ], [ 113.226804, -7.142862, 0.0 ], [ 113.226841, -7.142884, 0.0 ], [ 113.226849999000024, -7.142893000999948, 0.0 ], [ 113.226852, -7.142912, 0.0 ], [ 113.226857001000099, -7.142965998999955, 0.0 ], [ 113.226856001000101, -7.143018, 0.0 ], [ 113.226857001000099, -7.143083998999941, 0.0 ], [ 113.226861, -7.143113, 0.0 ], [ 113.226900000000114, -7.143138, 0.0 ], [ 113.226927999000054, -7.143158998999979, 0.0 ], [ 113.226932001000023, -7.143170001999977, 0.0 ], [ 113.226952001000086, -7.143205000999956, 0.0 ], [ 113.22697, -7.143244000999971, 0.0 ], [ 113.226976, -7.143267001999959, 0.0 ], [ 113.226989000000117, -7.143307, 0.0 ], [ 113.226995000000102, -7.143329, 0.0 ], [ 113.226999, -7.143362000999957, 0.0 ], [ 113.226996, -7.143406, 0.0 ], [ 113.226994001000094, -7.143445, 0.0 ], [ 113.226993001000096, -7.143494998999927, 0.0 ], [ 113.226996, -7.143533998999942, 0.0 ], [ 113.227003, -7.143548, 0.0 ], [ 113.227035000000114, -7.143567, 0.0 ], [ 113.227071001000013, -7.143583, 0.0 ], [ 113.227131001000089, -7.143605, 0.0 ], [ 113.227178999000103, -7.143625, 0.0 ], [ 113.227233, -7.143639, 0.0 ], [ 113.227281, -7.143644, 0.0 ], [ 113.227327, -7.143644, 0.0 ], [ 113.227357999000105, -7.143645, 0.0 ], [ 113.227408, -7.143643, 0.0 ], [ 113.22748700000011, -7.143639, 0.0 ], [ 113.227529999000012, -7.143624, 0.0 ], [ 113.227543, -7.143613, 0.0 ], [ 113.227558001000034, -7.143586, 0.0 ], [ 113.227568999000027, -7.143559001999961, 0.0 ], [ 113.227589998000099, -7.143520001999946, 0.0 ], [ 113.227603, -7.143492998999932, 0.0 ], [ 113.22762200000011, -7.143464, 0.0 ], [ 113.227655001000016, -7.143452998999976, 0.0 ], [ 113.227685999000073, -7.143441001999975, 0.0 ], [ 113.227722, -7.143429, 0.0 ], [ 113.227745998000046, -7.143419, 0.0 ], [ 113.227766999000096, -7.143421000999979, 0.0 ], [ 113.227809, -7.143431998999972, 0.0 ], [ 113.227864999000076, -7.143449, 0.0 ], [ 113.227926, -7.143470998999931, 0.0 ], [ 113.227978998000026, -7.143489, 0.0 ], [ 113.228045001000055, -7.143510998999943, 0.0 ], [ 113.228107, -7.143539001999955, 0.0 ], [ 113.228168, -7.143567, 0.0 ], [ 113.22821900100007, -7.143584, 0.0 ], [ 113.228261001000078, -7.143597001999979, 0.0 ], [ 113.228330998000047, -7.143650998999931, 0.0 ], [ 113.228383, -7.143694000999972, 0.0 ], [ 113.228429999000014, -7.143724, 0.0 ], [ 113.228479000000107, -7.143751000999941, 0.0 ], [ 113.228545998000072, -7.143769, 0.0 ], [ 113.228611001000104, -7.143783998999936, 0.0 ], [ 113.228712, -7.143802998999945, 0.0 ], [ 113.228777, -7.143809, 0.0 ], [ 113.228831, -7.143815, 0.0 ], [ 113.228895998000098, -7.143821, 0.0 ], [ 113.228951, -7.143831000999967, 0.0 ], [ 113.229004, -7.14384, 0.0 ], [ 113.22903399900008, -7.143847, 0.0 ], [ 113.229082, -7.143839, 0.0 ], [ 113.229137001000026, -7.143813001999945, 0.0 ], [ 113.229182, -7.143789, 0.0 ], [ 113.229210999000088, -7.143773001999932, 0.0 ], [ 113.229256001000067, -7.143756, 0.0 ], [ 113.229265998000074, -7.143756, 0.0 ], [ 113.229313001000037, -7.14376, 0.0 ], [ 113.229345999000088, -7.143763, 0.0 ], [ 113.229382998, -7.14377, 0.0 ], [ 113.229413, -7.143776, 0.0 ], [ 113.229447, -7.143789, 0.0 ], [ 113.229474, -7.143802, 0.0 ], [ 113.229506001000118, -7.143808, 0.0 ], [ 113.229535, -7.143814, 0.0 ], [ 113.229569, -7.143819, 0.0 ], [ 113.229592, -7.143818, 0.0 ], [ 113.229605001000095, -7.14381100099996, 0.0 ], [ 113.229616, -7.143793001999938, 0.0 ], [ 113.229635999000038, -7.14376399899993, 0.0 ], [ 113.229644001000111, -7.143757, 0.0 ], [ 113.229686, -7.143749, 0.0 ], [ 113.229742001000091, -7.143742, 0.0 ], [ 113.229788, -7.143726998999966, 0.0 ], [ 113.22981, -7.143723, 0.0 ], [ 113.229821001, -7.143725998999969, 0.0 ], [ 113.229830999000114, -7.143731, 0.0 ], [ 113.229844, -7.14374799899997, 0.0 ], [ 113.229852999000059, -7.143752000999939, 0.0 ], [ 113.229869, -7.14375, 0.0 ], [ 113.229879001000086, -7.14374, 0.0 ], [ 113.229889, -7.143716001999962, 0.0 ], [ 113.229898001000038, -7.1437, 0.0 ], [ 113.229906, -7.143691, 0.0 ], [ 113.229917001000103, -7.143688998999949, 0.0 ], [ 113.229928, -7.143696001999956, 0.0 ], [ 113.229955001, -7.143732000999933, 0.0 ], [ 113.230006998000022, -7.143784998999934, 0.0 ], [ 113.230038, -7.143833001999951, 0.0 ], [ 113.230045998000037, -7.143912, 0.0 ], [ 113.230045, -7.143978998999955, 0.0 ], [ 113.23004, -7.144042, 0.0 ], [ 113.23003600100003, -7.144086001999938, 0.0 ], [ 113.230038, -7.144097998999939, 0.0 ], [ 113.230057000000102, -7.144112, 0.0 ], [ 113.230075001000046, -7.144127, 0.0 ], [ 113.230087999000034, -7.144149, 0.0 ], [ 113.230089, -7.144167, 0.0 ], [ 113.230083, -7.14423900099996, 0.0 ], [ 113.230077, -7.144311998999967, 0.0 ], [ 113.230077, -7.144325, 0.0 ], [ 113.230086999000036, -7.144341, 0.0 ], [ 113.230115, -7.144364, 0.0 ], [ 113.230152001000079, -7.144393, 0.0 ], [ 113.230182998000032, -7.144417001999955, 0.0 ], [ 113.230216, -7.144430998999951, 0.0 ], [ 113.230257, -7.144455000999926, 0.0 ], [ 113.230281999000113, -7.144467998999971, 0.0 ], [ 113.230300998000075, -7.144482, 0.0 ], [ 113.230309001000023, -7.14448699899998, 0.0 ], [ 113.230320999000014, -7.14449, 0.0 ], [ 113.230333, -7.144483, 0.0 ], [ 113.230343, -7.144475001999979, 0.0 ], [ 113.230358998000042, -7.144474000999935, 0.0 ], [ 113.23039, -7.144482, 0.0 ], [ 113.230426001000069, -7.14449, 0.0 ], [ 113.230453, -7.144498, 0.0 ], [ 113.230497999000022, -7.144507998999927, 0.0 ], [ 113.230523001000051, -7.144523, 0.0 ], [ 113.230527, -7.144534001999943, 0.0 ], [ 113.230527, -7.14455, 0.0 ], [ 113.23053, -7.144563998999956, 0.0 ], [ 113.230531, -7.144579, 0.0 ], [ 113.230532, -7.144589, 0.0 ], [ 113.230536999000037, -7.144594001999963, 0.0 ], [ 113.230546000000118, -7.144590000999926, 0.0 ], [ 113.230559, -7.144581, 0.0 ], [ 113.230573998000068, -7.144568, 0.0 ], [ 113.230585, -7.144562, 0.0 ], [ 113.2305980000001, -7.144556, 0.0 ], [ 113.230614999000068, -7.14455400199995, 0.0 ], [ 113.230627, -7.144545998999945, 0.0 ], [ 113.230647, -7.14454399899995, 0.0 ], [ 113.230670998000051, -7.144545998999945, 0.0 ], [ 113.230727000000115, -7.144556, 0.0 ], [ 113.230764, -7.144568, 0.0 ], [ 113.230799, -7.144581, 0.0 ], [ 113.230821000000105, -7.144585998999958, 0.0 ], [ 113.230828999000096, -7.144593001999965, 0.0 ], [ 113.230828999000096, -7.144599, 0.0 ], [ 113.230818000000113, -7.144607, 0.0 ], [ 113.230797001000042, -7.144616, 0.0 ], [ 113.230773000000113, -7.14464800099995, 0.0 ], [ 113.230758001000027, -7.144675, 0.0 ], [ 113.230747, -7.144701998999949, 0.0 ], [ 113.230742, -7.144726000999981, 0.0 ], [ 113.230744, -7.144760998999971, 0.0 ], [ 113.230759, -7.144799998999929, 0.0 ], [ 113.230776001000095, -7.144835, 0.0 ], [ 113.230797001000042, -7.144873, 0.0 ], [ 113.230827999000098, -7.144922000999941, 0.0 ], [ 113.230853001000014, -7.144965, 0.0 ], [ 113.230896, -7.145015998999952, 0.0 ], [ 113.230942998000046, -7.14506000199998, 0.0 ], [ 113.231010001000072, -7.145115, 0.0 ], [ 113.231078, -7.145166, 0.0 ], [ 113.231119998000054, -7.145193, 0.0 ], [ 113.231143, -7.145199, 0.0 ], [ 113.23116600100002, -7.1452, 0.0 ], [ 113.231183000000101, -7.1452, 0.0 ], [ 113.231196998000087, -7.145201, 0.0 ], [ 113.231215998000039, -7.145203, 0.0 ], [ 113.231262001, -7.145204, 0.0 ], [ 113.231270000000109, -7.145213, 0.0 ], [ 113.231284001000063, -7.145254000999955, 0.0 ], [ 113.231318000000101, -7.145291, 0.0 ], [ 113.231366, -7.145332000999929, 0.0 ], [ 113.231367526000099, -7.145332929999938, 0.0 ], [ 113.231407000000104, -7.145357, 0.0 ], [ 113.231423, -7.145365998999978, 0.0 ], [ 113.231454, -7.145390000999953, 0.0 ], [ 113.231472999000061, -7.145411001999946, 0.0 ], [ 113.231487, -7.145438, 0.0 ], [ 113.231499001000088, -7.145465, 0.0 ], [ 113.231506, -7.145509001999926, 0.0 ], [ 113.231511999000077, -7.145537998999941, 0.0 ], [ 113.231515001000048, -7.145579998999949, 0.0 ], [ 113.231515001000048, -7.145609, 0.0 ], [ 113.231506, -7.145633, 0.0 ], [ 113.231483, -7.145655998999928, 0.0 ], [ 113.231454, -7.145673, 0.0 ], [ 113.23142000100006, -7.145692, 0.0 ], [ 113.231390758000089, -7.145711495999933, 0.0 ], [ 113.231381001000045, -7.145717998999942, 0.0 ], [ 113.231328, -7.14575, 0.0 ], [ 113.23128, -7.14577, 0.0 ], [ 113.231235998000102, -7.145788, 0.0 ], [ 113.231216998000036, -7.145800000999941, 0.0 ], [ 113.231204001000037, -7.145816, 0.0 ], [ 113.231199999000069, -7.145825, 0.0 ], [ 113.231198999000071, -7.145836, 0.0 ], [ 113.231201, -7.145858000999965, 0.0 ], [ 113.231211, -7.145895, 0.0 ], [ 113.231216998000036, -7.145914, 0.0 ], [ 113.231218999000021, -7.145933, 0.0 ], [ 113.231218999000021, -7.145953, 0.0 ], [ 113.23121, -7.145975000999954, 0.0 ], [ 113.231194, -7.145994000999963, 0.0 ], [ 113.231181000000106, -7.146006998999951, 0.0 ], [ 113.231162, -7.146027998999955, 0.0 ], [ 113.23115, -7.146043, 0.0 ], [ 113.23114978000001, -7.146045963999939, 0.0 ], [ 113.231148001000065, -7.14607, 0.0 ], [ 113.231148001000065, -7.146119, 0.0 ], [ 113.23115, -7.146175, 0.0 ], [ 113.231149, -7.146200998999973, 0.0 ], [ 113.231137000000103, -7.146223998999972, 0.0 ], [ 113.231117999000048, -7.146231001999979, 0.0 ], [ 113.231078999000033, -7.146231001999979, 0.0 ], [ 113.231020998000076, -7.146230001999925, 0.0 ], [ 113.231010891000096, -7.146229644999949, 0.0 ], [ 113.230963998000107, -7.14622800099994, 0.0 ], [ 113.230903998000031, -7.146238, 0.0 ], [ 113.230847999000048, -7.146248000999947, 0.0 ], [ 113.230802, -7.146260998999935, 0.0 ], [ 113.230786, -7.146273, 0.0 ], [ 113.2307780000001, -7.146287000999962, 0.0 ], [ 113.230777001000092, -7.146295, 0.0 ], [ 113.230786998000099, -7.146308001999955, 0.0 ], [ 113.230802, -7.146314, 0.0 ], [ 113.230818000000113, -7.146319998999957, 0.0 ], [ 113.230834001000062, -7.146325, 0.0 ], [ 113.230844, -7.14633, 0.0 ], [ 113.230851, -7.146337998999968, 0.0 ], [ 113.230854001000012, -7.146356, 0.0 ], [ 113.230852001000017, -7.146386001999929, 0.0 ], [ 113.230848999000045, -7.146402, 0.0 ], [ 113.230838, -7.146409, 0.0 ], [ 113.230814001000113, -7.146425001999944, 0.0 ], [ 113.230804, -7.146436998999945, 0.0 ], [ 113.2308, -7.146458998999947, 0.0 ], [ 113.2308, -7.1465, 0.0 ], [ 113.23080999900003, -7.146524001999978, 0.0 ], [ 113.230825, -7.146546, 0.0 ], [ 113.230841, -7.14657, 0.0 ], [ 113.230848999000045, -7.146592998999949, 0.0 ], [ 113.230857, -7.146602001999952, 0.0 ], [ 113.230871, -7.146610998999961, 0.0 ], [ 113.230893001000027, -7.146620001999963, 0.0 ], [ 113.230916, -7.146621001999961, 0.0 ], [ 113.230943998000043, -7.146618000999979, 0.0 ], [ 113.230958299, -7.146616940999934, 0.0 ], [ 113.230971001000057, -7.146616, 0.0 ], [ 113.231008001000077, -7.146616, 0.0 ], [ 113.231030001000022, -7.146612998999956, 0.0 ], [ 113.231057, -7.146611998999958, 0.0 ], [ 113.231081999000025, -7.146611998999958, 0.0 ], [ 113.231095, -7.146614998999951, 0.0 ], [ 113.231108001000052, -7.146622001999958, 0.0 ], [ 113.231124, -7.146635, 0.0 ], [ 113.231129, -7.146649998999976, 0.0 ], [ 113.23114600100007, -7.146698001999937, 0.0 ], [ 113.23115, -7.146734, 0.0 ], [ 113.23114600100007, -7.146769998999957, 0.0 ], [ 113.231138998, -7.146815001999926, 0.0 ], [ 113.231131, -7.146857, 0.0 ], [ 113.231123, -7.14689, 0.0 ], [ 113.231115, -7.14692, 0.0 ], [ 113.231115, -7.146947, 0.0 ], [ 113.231126001, -7.146980998999936, 0.0 ], [ 113.231152, -7.147013, 0.0 ], [ 113.231179999, -7.147052, 0.0 ], [ 113.231213, -7.147076, 0.0 ], [ 113.231268000000114, -7.147097998999925, 0.0 ], [ 113.231308, -7.147119998999926, 0.0 ], [ 113.231371, -7.147154, 0.0 ], [ 113.231398001000116, -7.147171, 0.0 ], [ 113.231422, -7.14719, 0.0 ], [ 113.231428, -7.147197998999957, 0.0 ], [ 113.231431998000062, -7.147213, 0.0 ], [ 113.231428, -7.147234, 0.0 ], [ 113.231425, -7.147272, 0.0 ], [ 113.231418001000065, -7.147316998999941, 0.0 ], [ 113.231394999000031, -7.147364, 0.0 ], [ 113.231384, -7.147392998999976, 0.0 ], [ 113.231378, -7.147404, 0.0 ], [ 113.231378, -7.147408, 0.0 ], [ 113.231380001000048, -7.147412998999926, 0.0 ], [ 113.231389, -7.147418000999949, 0.0 ], [ 113.23142000100006, -7.147435, 0.0 ], [ 113.231494000000112, -7.147490998999956, 0.0 ], [ 113.231545, -7.147539, 0.0 ], [ 113.231566, -7.147572, 0.0 ], [ 113.231584000000112, -7.147582, 0.0 ], [ 113.231638, -7.147611, 0.0 ], [ 113.231694001000051, -7.147641, 0.0 ], [ 113.231738, -7.147673001999976, 0.0 ], [ 113.231820998000103, -7.147712001999935, 0.0 ], [ 113.231884, -7.147749000999966, 0.0 ], [ 113.231929, -7.147797, 0.0 ], [ 113.231973, -7.147842998999977, 0.0 ], [ 113.232014, -7.147891, 0.0 ], [ 113.232057999000062, -7.147935, 0.0 ], [ 113.23211599900003, -7.147971, 0.0 ], [ 113.232168000000115, -7.148017998999933, 0.0 ], [ 113.232160001000011, -7.148033, 0.0 ], [ 113.232148, -7.148052, 0.0 ], [ 113.232126000000108, -7.148094998999966, 0.0 ], [ 113.23211599900003, -7.148153998999931, 0.0 ], [ 113.232113998000045, -7.148246, 0.0 ], [ 113.232112999000037, -7.148343, 0.0 ], [ 113.232106, -7.14838, 0.0 ], [ 113.232092, -7.148418, 0.0 ], [ 113.232073, -7.148462998999946, 0.0 ], [ 113.232036999000115, -7.148517, 0.0 ], [ 113.232004001000064, -7.148559, 0.0 ], [ 113.23197699800005, -7.148583998999925, 0.0 ], [ 113.231945001000099, -7.148599998999941, 0.0 ], [ 113.231923, -7.148612, 0.0 ], [ 113.231874, -7.148638998999957, 0.0 ], [ 113.231869001000064, -7.148658, 0.0 ], [ 113.23185899900011, -7.148676, 0.0 ], [ 113.231857083000023, -7.148681159999967, 0.0 ], [ 113.231846, -7.148711, 0.0 ], [ 113.231836, -7.148746001999939, 0.0 ], [ 113.231827001000056, -7.148766001999945, 0.0 ], [ 113.231813000000102, -7.148779998999942, 0.0 ], [ 113.231794, -7.148791, 0.0 ], [ 113.231770001000086, -7.148804001999963, 0.0 ], [ 113.231741999000064, -7.148811, 0.0 ], [ 113.231702, -7.148815998999964, 0.0 ], [ 113.231676000000107, -7.148822000999928, 0.0 ], [ 113.231659, -7.148829, 0.0 ], [ 113.231603, -7.148855998999977, 0.0 ], [ 113.231568999000046, -7.148868, 0.0 ], [ 113.231516001000045, -7.148872, 0.0 ], [ 113.231450998000014, -7.148873998999932, 0.0 ], [ 113.231407000000104, -7.148878, 0.0 ], [ 113.231393999000034, -7.148885, 0.0 ], [ 113.231377, -7.148892, 0.0 ], [ 113.231346, -7.148914998999942, 0.0 ], [ 113.231320001000086, -7.148933998999951, 0.0 ], [ 113.231299, -7.148960001999967, 0.0 ], [ 113.231285, -7.148983, 0.0 ], [ 113.231273000000101, -7.149005, 0.0 ], [ 113.23126, -7.149029998999936, 0.0 ], [ 113.231246, -7.149068998999951, 0.0 ], [ 113.231233, -7.149117001999969, 0.0 ], [ 113.231224001000101, -7.149165, 0.0 ], [ 113.231215, -7.149204, 0.0 ], [ 113.231205001000035, -7.149257, 0.0 ], [ 113.231197998000084, -7.149296, 0.0 ], [ 113.231194, -7.14932499899993, 0.0 ], [ 113.231178999, -7.149383998999951, 0.0 ], [ 113.231165001000022, -7.149434, 0.0 ], [ 113.231152, -7.149464, 0.0 ], [ 113.231132000000116, -7.149493, 0.0 ], [ 113.231117999000048, -7.149516998999957, 0.0 ], [ 113.231115, -7.149526001999959, 0.0 ], [ 113.231117999000048, -7.149531, 0.0 ], [ 113.231124, -7.149535998999966, 0.0 ], [ 113.231136000000106, -7.149536998999963, 0.0 ], [ 113.231157998000072, -7.149537998999961, 0.0 ], [ 113.231241, -7.149548, 0.0 ], [ 113.231289, -7.14955, 0.0 ], [ 113.23132200100008, -7.149556998999969, 0.0 ], [ 113.231360001000098, -7.149559998999962, 0.0 ], [ 113.231402000000116, -7.149571, 0.0 ], [ 113.231429999000056, -7.149581, 0.0 ], [ 113.231462, -7.149591, 0.0 ], [ 113.231493000000114, -7.14960500199993, 0.0 ], [ 113.231530999000029, -7.149628, 0.0 ], [ 113.231544, -7.14964, 0.0 ], [ 113.231557001000056, -7.14965, 0.0 ], [ 113.231566, -7.149666, 0.0 ], [ 113.231574001000013, -7.149680000999979, 0.0 ], [ 113.231576001, -7.14969599899996, 0.0 ], [ 113.231574001000013, -7.149722001999976, 0.0 ], [ 113.231566999000052, -7.14975900099995, 0.0 ], [ 113.231556001000058, -7.149795, 0.0 ], [ 113.231552, -7.149814, 0.0 ], [ 113.231549999000094, -7.149831998999957, 0.0 ], [ 113.231556001000058, -7.14985700099993, 0.0 ], [ 113.231576001, -7.149884, 0.0 ], [ 113.231595001000073, -7.149903, 0.0 ], [ 113.231628999, -7.149937001999945, 0.0 ], [ 113.231663, -7.149968998999952, 0.0 ], [ 113.231672070000059, -7.149976448999951, 0.0 ], [ 113.231691001000058, -7.14999200099993, 0.0 ], [ 113.231711001, -7.150018, 0.0 ], [ 113.23174, -7.150053001999936, 0.0 ], [ 113.231761999000014, -7.15008, 0.0 ], [ 113.23178099900008, -7.150116, 0.0 ], [ 113.231802999000024, -7.150159, 0.0 ], [ 113.231830001000048, -7.150193, 0.0 ], [ 113.231861999000103, -7.150245000999973, 0.0 ], [ 113.231888001000016, -7.150284000999932, 0.0 ], [ 113.231896, -7.150326001999929, 0.0 ], [ 113.231897000000117, -7.150364000999957, 0.0 ], [ 113.231887001000018, -7.150381, 0.0 ], [ 113.231865, -7.15041, 0.0 ], [ 113.231841999000039, -7.150433998999972, 0.0 ], [ 113.231820998000103, -7.150456998999971, 0.0 ], [ 113.23179545500011, -7.150490470999955, 0.0 ], [ 113.231792, -7.150494998999932, 0.0 ], [ 113.231787, -7.150517, 0.0 ], [ 113.231790001000036, -7.150537, 0.0 ], [ 113.231793, -7.150549, 0.0 ], [ 113.231793, -7.150564, 0.0 ], [ 113.231792, -7.150608998999928, 0.0 ], [ 113.231778, -7.150663, 0.0 ], [ 113.231741999000064, -7.150712, 0.0 ], [ 113.231714, -7.15077200099995, 0.0 ], [ 113.231682, -7.150825998999949, 0.0 ], [ 113.231674001000101, -7.150851000999978, 0.0 ], [ 113.231664998000042, -7.150874, 0.0 ], [ 113.2316631220001, -7.150882922999926, 0.0 ], [ 113.231661, -7.150893001999975, 0.0 ], [ 113.231664998000042, -7.150914, 0.0 ], [ 113.231679, -7.150940998999943, 0.0 ], [ 113.231713502000048, -7.15099321799994, 0.0 ], [ 113.231716, -7.150997, 0.0 ], [ 113.23174399800007, -7.151037998999925, 0.0 ], [ 113.231770001000086, -7.151098998999942, 0.0 ], [ 113.231771001000084, -7.151123000999974, 0.0 ], [ 113.231768000000102, -7.15115, 0.0 ], [ 113.23176, -7.151182000999938, 0.0 ], [ 113.231738, -7.151232, 0.0 ], [ 113.231708, -7.151285, 0.0 ], [ 113.231676000000107, -7.151342, 0.0 ], [ 113.231657140000038, -7.151387800999942, 0.0 ], [ 113.231647999000074, -7.151409998999952, 0.0 ], [ 113.231644999000082, -7.151435000999925, 0.0 ], [ 113.231652582000038, -7.151488069999971, 0.0 ], [ 113.231654001000038, -7.151498, 0.0 ], [ 113.231666999000026, -7.151533000999962, 0.0 ], [ 113.23166599800004, -7.151554001999955, 0.0 ], [ 113.23166, -7.151562, 0.0 ], [ 113.231659450000052, -7.151562472999956, 0.0 ], [ 113.231653001000041, -7.151567998999951, 0.0 ], [ 113.231639, -7.151576, 0.0 ], [ 113.231624999000019, -7.151583998999968, 0.0 ], [ 113.231612, -7.151595001999965, 0.0 ], [ 113.231599, -7.151608, 0.0 ], [ 113.23158899900011, -7.151622998999926, 0.0 ], [ 113.231585000000109, -7.15164399899993, 0.0 ], [ 113.231586998000012, -7.151668, 0.0 ], [ 113.231605999000067, -7.15168, 0.0 ], [ 113.231624999000019, -7.151695, 0.0 ], [ 113.231644999000082, -7.151713, 0.0 ], [ 113.231667999000024, -7.151723998999955, 0.0 ], [ 113.231674910000038, -7.151729987999943, 0.0 ], [ 113.231683, -7.151737, 0.0 ], [ 113.231703998000057, -7.151750001999972, 0.0 ], [ 113.231731001000071, -7.151776, 0.0 ], [ 113.231742998000072, -7.151796, 0.0 ], [ 113.231749001000026, -7.15181999899994, 0.0 ], [ 113.231753, -7.151844000999972, 0.0 ], [ 113.231753, -7.15187, 0.0 ], [ 113.231751001000021, -7.151896998999973, 0.0 ], [ 113.231754, -7.151931, 0.0 ], [ 113.231754, -7.151964001999943, 0.0 ], [ 113.231753, -7.151986, 0.0 ], [ 113.231744999000057, -7.152007, 0.0 ], [ 113.231735, -7.152022001999967, 0.0 ], [ 113.231704801000092, -7.152053831999979, 0.0 ], [ 113.231698, -7.152061001999925, 0.0 ], [ 113.231663999000034, -7.152088, 0.0 ], [ 113.231644, -7.152117, 0.0 ], [ 113.23164, -7.152133998999943, 0.0 ], [ 113.231634001000089, -7.152155, 0.0 ], [ 113.231638, -7.152174, 0.0 ], [ 113.231641, -7.1522, 0.0 ], [ 113.231647999000074, -7.152211998999974, 0.0 ], [ 113.23166, -7.152226998999936, 0.0 ], [ 113.231672001000106, -7.152233, 0.0 ], [ 113.231689, -7.15224799899994, 0.0 ], [ 113.231702999000049, -7.152255000999958, 0.0 ], [ 113.231723887000044, -7.152260622999961, 0.0 ], [ 113.231729, -7.152262, 0.0 ], [ 113.231748, -7.152267998999946, 0.0 ], [ 113.231766000000107, -7.152271, 0.0 ], [ 113.231795, -7.152271, 0.0 ], [ 113.231827001000056, -7.152268998999944, 0.0 ], [ 113.23185500000011, -7.152268998999944, 0.0 ], [ 113.231883, -7.152268998999944, 0.0 ], [ 113.231912, -7.152268998999944, 0.0 ], [ 113.231929, -7.152271, 0.0 ], [ 113.231948000000102, -7.152276001999951, 0.0 ], [ 113.231965001000049, -7.152282, 0.0 ], [ 113.231973, -7.152291, 0.0 ], [ 113.231983001000117, -7.152308998999956, 0.0 ], [ 113.231985001000112, -7.15233, 0.0 ], [ 113.231984001000114, -7.152363, 0.0 ], [ 113.231987000000117, -7.152395, 0.0 ], [ 113.231987000000117, -7.152410000999964, 0.0 ], [ 113.2319940000001, -7.152438, 0.0 ], [ 113.231995999000105, -7.152474, 0.0 ], [ 113.231986001000109, -7.152494, 0.0 ], [ 113.23195699900009, -7.152531001999932, 0.0 ], [ 113.23193, -7.15255899899995, 0.0 ], [ 113.231888001000016, -7.152597, 0.0 ], [ 113.231837, -7.152651, 0.0 ], [ 113.231803999000022, -7.152685001999942, 0.0 ], [ 113.231797067000116, -7.152694010999937, 0.0 ], [ 113.231774, -7.152724001999957, 0.0 ], [ 113.231769001000089, -7.152741, 0.0 ], [ 113.231766000000107, -7.152765001999967, 0.0 ], [ 113.231769001000089, -7.152782000999935, 0.0 ], [ 113.231777, -7.152793998999925, 0.0 ], [ 113.231791001000033, -7.152803001999928, 0.0 ], [ 113.2318, -7.152808, 0.0 ], [ 113.231808001000104, -7.15281, 0.0 ], [ 113.231820998000103, -7.152811998999937, 0.0 ], [ 113.231828001000054, -7.152812998999934, 0.0 ], [ 113.231849294000085, -7.152818009999976, 0.0 ], [ 113.231861999000103, -7.15282100099995, 0.0 ], [ 113.231878, -7.152829, 0.0 ], [ 113.231900999000118, -7.152841001999946, 0.0 ], [ 113.231924, -7.152852998999947, 0.0 ], [ 113.231931, -7.152868, 0.0 ], [ 113.231942000000117, -7.152889998999967, 0.0 ], [ 113.231952, -7.152913998999963, 0.0 ], [ 113.231964001000051, -7.152944, 0.0 ], [ 113.231968, -7.152970998999933, 0.0 ], [ 113.231975, -7.153028998999957, 0.0 ], [ 113.231975, -7.153056083999957, 0.0 ], [ 113.231975, -7.15306899899997, 0.0 ], [ 113.231978999000034, -7.153116001999933, 0.0 ], [ 113.231985001000112, -7.153145998999946, 0.0 ], [ 113.231985001000112, -7.15316299899996, 0.0 ], [ 113.231991000000107, -7.15317, 0.0 ], [ 113.232014999000057, -7.153186998999956, 0.0 ], [ 113.232041, -7.153204998999968, 0.0 ], [ 113.232086, -7.153227, 0.0 ], [ 113.232111752000037, -7.153238158999955, 0.0 ], [ 113.23211599900003, -7.15324, 0.0 ], [ 113.232149, -7.153248, 0.0 ], [ 113.232187, -7.15326, 0.0 ], [ 113.232235, -7.153278, 0.0 ], [ 113.232276001000059, -7.153295, 0.0 ], [ 113.232307000000105, -7.153307000999973, 0.0 ], [ 113.232347998000023, -7.153322998999954, 0.0 ], [ 113.23238, -7.153335, 0.0 ], [ 113.232396001000097, -7.153341998999963, 0.0 ], [ 113.232404999000096, -7.153346000999932, 0.0 ], [ 113.232415001000049, -7.153354, 0.0 ], [ 113.23242, -7.153360998999972, 0.0 ], [ 113.232424999000045, -7.153385000999947, 0.0 ], [ 113.232431, -7.153404, 0.0 ], [ 113.232435001000113, -7.15342500099996, 0.0 ], [ 113.232438110000089, -7.153432459999976, 0.0 ], [ 113.232440000000111, -7.15343699899995, 0.0 ], [ 113.232445998000117, -7.153442, 0.0 ], [ 113.232475, -7.153455998999959, 0.0 ], [ 113.232481931000052, -7.153458887999932, 0.0 ], [ 113.232486999000116, -7.153461, 0.0 ], [ 113.232519, -7.153471, 0.0 ], [ 113.232544999000083, -7.153471, 0.0 ], [ 113.232570001000113, -7.153471, 0.0 ], [ 113.232584999000096, -7.15347, 0.0 ], [ 113.232598, -7.15347, 0.0 ], [ 113.232620998000016, -7.153474, 0.0 ], [ 113.232647001000032, -7.153484000999981, 0.0 ], [ 113.232680999000081, -7.153501, 0.0 ], [ 113.232709000000114, -7.153512, 0.0 ], [ 113.23273, -7.153522000999942, 0.0 ], [ 113.23275, -7.153527, 0.0 ], [ 113.232778999000061, -7.153533998999933, 0.0 ], [ 113.232828, -7.153549, 0.0 ], [ 113.232854998000107, -7.153555998999934, 0.0 ], [ 113.232878, -7.15356, 0.0 ], [ 113.232906, -7.153564001999939, 0.0 ], [ 113.232939001000091, -7.153571, 0.0 ], [ 113.232961001000035, -7.153578, 0.0 ], [ 113.232976, -7.153588, 0.0 ], [ 113.233015, -7.153618, 0.0 ], [ 113.233026236000114, -7.153630255999929, 0.0 ], [ 113.233037001000071, -7.15364200199997, 0.0 ], [ 113.233066, -7.153666, 0.0 ], [ 113.233084, -7.153688, 0.0 ], [ 113.233108998000034, -7.153704, 0.0 ], [ 113.233130999000082, -7.153707, 0.0 ], [ 113.233151, -7.153719001999946, 0.0 ], [ 113.233165999000107, -7.153728998999952, 0.0 ], [ 113.233174751000092, -7.153746500999944, 0.0 ], [ 113.233179, -7.153755, 0.0 ], [ 113.23318, -7.153773, 0.0 ], [ 113.233176001000061, -7.153796000999932, 0.0 ], [ 113.233165, -7.153825998999935, 0.0 ], [ 113.233156001000111, -7.153858, 0.0 ], [ 113.233136001000048, -7.153884998999956, 0.0 ], [ 113.233119000000102, -7.153902, 0.0 ], [ 113.233095881000054, -7.153919783999982, 0.0 ], [ 113.233093, -7.153922, 0.0 ], [ 113.233064, -7.153949, 0.0 ], [ 113.23304999800007, -7.153963998999927, 0.0 ], [ 113.233040001000063, -7.153985998999929, 0.0 ], [ 113.233027000000106, -7.154011001999947, 0.0 ], [ 113.233011999000041, -7.154036, 0.0 ], [ 113.233003, -7.154063998999959, 0.0 ], [ 113.232993999000087, -7.154093, 0.0 ], [ 113.232983000000104, -7.154132, 0.0 ], [ 113.232979001000103, -7.154161998999939, 0.0 ], [ 113.232971596000084, -7.154193629999952, 0.0 ], [ 113.232968, -7.154209, 0.0 ], [ 113.23295900100004, -7.154236998999977, 0.0 ], [ 113.232947, -7.154274998999938, 0.0 ], [ 113.232928, -7.15430300099996, 0.0 ], [ 113.232925730000034, -7.154306345999942, 0.0 ], [ 113.232909, -7.154331, 0.0 ], [ 113.232892999000114, -7.154348, 0.0 ], [ 113.232873998000059, -7.15437, 0.0 ], [ 113.232871, -7.154385, 0.0 ], [ 113.232871, -7.154402001999927, 0.0 ], [ 113.232874998000057, -7.154425, 0.0 ], [ 113.232879, -7.154452998999943, 0.0 ], [ 113.232887, -7.154476, 0.0 ], [ 113.232893998, -7.154502, 0.0 ], [ 113.232896690000075, -7.154519299999947, 0.0 ], [ 113.232901001000073, -7.154547, 0.0 ], [ 113.232905, -7.154578001999937, 0.0 ], [ 113.232907, -7.154623, 0.0 ], [ 113.232911, -7.15467, 0.0 ], [ 113.232915999000056, -7.1547, 0.0 ], [ 113.232921001000022, -7.154709, 0.0 ], [ 113.232980001000101, -7.154764998999951, 0.0 ], [ 113.233011999000041, -7.154797, 0.0 ], [ 113.233024000000114, -7.15481000099993, 0.0 ], [ 113.233024000000114, -7.154818, 0.0 ], [ 113.233021, -7.154833, 0.0 ], [ 113.233010998000054, -7.154844998999977, 0.0 ], [ 113.232993999000087, -7.154871001999936, 0.0 ], [ 113.232956, -7.154914, 0.0 ], [ 113.23292200100002, -7.154960998999968, 0.0 ], [ 113.232904, -7.155000998999981, 0.0 ], [ 113.232900001000075, -7.155037998999944, 0.0 ], [ 113.232896695000022, -7.155061553999928, 0.0 ], [ 113.232892000000106, -7.155094998999971, 0.0 ], [ 113.232892999000114, -7.155122000999938, 0.0 ], [ 113.232899, -7.15514000099995, 0.0 ], [ 113.232917, -7.15515, 0.0 ], [ 113.232918684000083, -7.15515100999994, 0.0 ], [ 113.232937000000106, -7.15516200199994, 0.0 ], [ 113.232963, -7.155174998999939, 0.0 ], [ 113.232996, -7.155184, 0.0 ], [ 113.233029998, -7.155192998999951, 0.0 ], [ 113.233056001000023, -7.155206, 0.0 ], [ 113.233067, -7.155219000999978, 0.0 ], [ 113.233070999, -7.155234998999958, 0.0 ], [ 113.233074000000101, -7.155251998999972, 0.0 ], [ 113.233077001000083, -7.155276, 0.0 ], [ 113.233070999, -7.155299001999936, 0.0 ], [ 113.233058001000018, -7.155327998999951, 0.0 ], [ 113.233051114000091, -7.155357837999929, 0.0 ], [ 113.233048999000061, -7.155366998999966, 0.0 ], [ 113.233041, -7.15541400099994, 0.0 ], [ 113.233039001000066, -7.155442, 0.0 ], [ 113.233039001000066, -7.155463, 0.0 ], [ 113.233041, -7.155479, 0.0 ], [ 113.233047, -7.155487998999945, 0.0 ], [ 113.233062, -7.155494001999955, 0.0 ], [ 113.233082, -7.155498, 0.0 ], [ 113.233107998000037, -7.155498, 0.0 ], [ 113.233128999000087, -7.155498, 0.0 ], [ 113.233160000000112, -7.155495001999952, 0.0 ], [ 113.233187999000052, -7.155491000999973, 0.0 ], [ 113.233214001000078, -7.155482, 0.0 ], [ 113.233246999000016, -7.155471, 0.0 ], [ 113.233274001000041, -7.155457, 0.0 ], [ 113.233289789000082, -7.155452305999972, 0.0 ], [ 113.233311001000061, -7.155445998999937, 0.0 ], [ 113.233343999000112, -7.155438, 0.0 ], [ 113.233368001000031, -7.155436001999931, 0.0 ], [ 113.233390001000089, -7.155438, 0.0 ], [ 113.233414, -7.155441, 0.0 ], [ 113.233449001000054, -7.15545500199994, 0.0 ], [ 113.233481999000105, -7.155471, 0.0 ], [ 113.233520999, -7.155492000999971, 0.0 ], [ 113.233571, -7.15552299899997, 0.0 ], [ 113.233593, -7.15554, 0.0 ], [ 113.233623001000069, -7.15556, 0.0 ], [ 113.233651, -7.155577, 0.0 ], [ 113.23367599900007, -7.155589000999953, 0.0 ], [ 113.233706, -7.155594, 0.0 ], [ 113.233743000000118, -7.155596, 0.0 ], [ 113.233775, -7.155595, 0.0 ], [ 113.233806, -7.155591001999937, 0.0 ], [ 113.23385199900008, -7.155578, 0.0 ], [ 113.233895001000064, -7.155564998999978, 0.0 ], [ 113.233924000000115, -7.155556, 0.0 ], [ 113.233945, -7.155548, 0.0 ], [ 113.233964, -7.155546998999966, 0.0 ], [ 113.23398, -7.155548, 0.0 ], [ 113.234, -7.155550000999938, 0.0 ], [ 113.234017000000108, -7.155555, 0.0 ], [ 113.234043, -7.155571001999931, 0.0 ], [ 113.234064999000111, -7.155592001999935, 0.0 ], [ 113.23408, -7.155606, 0.0 ], [ 113.2341, -7.155612001999941, 0.0 ], [ 113.234123999000076, -7.155612001999941, 0.0 ], [ 113.234140999000033, -7.155610001999946, 0.0 ], [ 113.234158, -7.155608000999962, 0.0 ], [ 113.234175, -7.155609000999959, 0.0 ], [ 113.234187001, -7.155611001999944, 0.0 ], [ 113.234195000000113, -7.155621998999948, 0.0 ], [ 113.234199998, -7.155635, 0.0 ], [ 113.234201999000106, -7.155659, 0.0 ], [ 113.234196000000111, -7.155702998999971, 0.0 ], [ 113.234185, -7.155736, 0.0 ], [ 113.23416700100006, -7.155773, 0.0 ], [ 113.234158, -7.155813, 0.0 ], [ 113.234154000000103, -7.15584, 0.0 ], [ 113.234150001000103, -7.155879, 0.0 ], [ 113.2341510010001, -7.155913998999949, 0.0 ], [ 113.234153000000106, -7.155949, 0.0 ], [ 113.2341510010001, -7.155979000999935, 0.0 ], [ 113.234141998000041, -7.155999000999941, 0.0 ], [ 113.234133, -7.15601800099995, 0.0 ], [ 113.234115, -7.156040001999941, 0.0 ], [ 113.2341071190001, -7.15604485199998, 0.0 ], [ 113.234089001000029, -7.156056, 0.0 ], [ 113.234063998000011, -7.156077000999971, 0.0 ], [ 113.234043, -7.156098001999965, 0.0 ], [ 113.234025999000096, -7.156110998999964, 0.0 ], [ 113.2340200000001, -7.15612, 0.0 ], [ 113.234011001000113, -7.156158001999927, 0.0 ], [ 113.234011001000113, -7.156196001999945, 0.0 ], [ 113.234015001000103, -7.156226998999955, 0.0 ], [ 113.234018000000106, -7.156244998999966, 0.0 ], [ 113.234031001000062, -7.156257, 0.0 ], [ 113.234054001000118, -7.156269, 0.0 ], [ 113.234062952000045, -7.156271753999931, 0.0 ], [ 113.23408, -7.156277, 0.0 ], [ 113.234115, -7.156283998999982, 0.0 ], [ 113.234146, -7.156289, 0.0 ], [ 113.234170001000052, -7.15629200099994, 0.0 ], [ 113.234191, -7.156298, 0.0 ], [ 113.23420800100007, -7.156304998999929, 0.0 ], [ 113.234217, -7.156316, 0.0 ], [ 113.234219998000071, -7.156334, 0.0 ], [ 113.234227001000022, -7.156361998999955, 0.0 ], [ 113.234224, -7.156397, 0.0 ], [ 113.234216, -7.156441998999981, 0.0 ], [ 113.234215, -7.156471, 0.0 ], [ 113.234211, -7.156481998999936, 0.0 ], [ 113.234207001000073, -7.156516, 0.0 ], [ 113.234204, -7.156574, 0.0 ], [ 113.234197000000108, -7.156625001999942, 0.0 ], [ 113.234202999000104, -7.156699, 0.0 ], [ 113.234207001000073, -7.156741000999943, 0.0 ], [ 113.234212, -7.156796, 0.0 ], [ 113.234221999000056, -7.156888998999932, 0.0 ], [ 113.234229001000017, -7.156964, 0.0 ], [ 113.234231, -7.157033000999945, 0.0 ], [ 113.234227001000022, -7.157094001999951, 0.0 ], [ 113.234215, -7.157145998999965, 0.0 ], [ 113.23421246800001, -7.157154678999973, 0.0 ], [ 113.23420800100007, -7.15717000099994, 0.0 ], [ 113.234205, -7.157194, 0.0 ], [ 113.234205, -7.157215, 0.0 ], [ 113.234205, -7.157240998999953, 0.0 ], [ 113.234215, -7.157303, 0.0 ], [ 113.234222999000053, -7.157348001999935, 0.0 ], [ 113.234224120000022, -7.15735875799993, 0.0 ], [ 113.23422800100002, -7.157395998999959, 0.0 ], [ 113.234239998000021, -7.157478, 0.0 ], [ 113.234254, -7.157549, 0.0 ], [ 113.234266001000037, -7.157634, 0.0 ], [ 113.234267001000035, -7.157661, 0.0 ], [ 113.234266001000037, -7.157688998999959, 0.0 ], [ 113.234260999000071, -7.157716000999926, 0.0 ], [ 113.23425, -7.157729998999969, 0.0 ], [ 113.234236, -7.157743, 0.0 ], [ 113.234221999000056, -7.157749998999975, 0.0 ], [ 113.234210001000065, -7.157761, 0.0 ], [ 113.234200998, -7.157775001999937, 0.0 ], [ 113.234187001, -7.157791, 0.0 ], [ 113.234173, -7.15781, 0.0 ], [ 113.234163999000089, -7.157826, 0.0 ], [ 113.234162985000012, -7.157830866999973, 0.0 ], [ 113.234162212000115, -7.157834582999953, 0.0 ], [ 113.234159, -7.15785, 0.0 ], [ 113.234153000000106, -7.157870000999935, 0.0 ], [ 113.234152000000108, -7.157895, 0.0 ], [ 113.234149001000105, -7.157923998999934, 0.0 ], [ 113.234146, -7.157956, 0.0 ], [ 113.23414412000011, -7.157972289999975, 0.0 ], [ 113.23414, -7.158008000999928, 0.0 ], [ 113.234132001000035, -7.158041998999977, 0.0 ], [ 113.234126, -7.158072, 0.0 ], [ 113.234119, -7.158093, 0.0 ], [ 113.234112001000085, -7.158115, 0.0 ], [ 113.234112001000085, -7.158124000999976, 0.0 ], [ 113.234113, -7.158132, 0.0 ], [ 113.234116, -7.158141, 0.0 ], [ 113.234131001000037, -7.158176998999977, 0.0 ], [ 113.234155000000101, -7.158228, 0.0 ], [ 113.234172, -7.158267, 0.0 ], [ 113.234185393000075, -7.158290435999959, 0.0 ], [ 113.234188001, -7.158294998999963, 0.0 ], [ 113.234194000000116, -7.15833, 0.0 ], [ 113.234197000000108, -7.158347, 0.0 ], [ 113.234206675000109, -7.158413841999959, 0.0 ], [ 113.23420800100007, -7.158423, 0.0 ], [ 113.234218999000063, -7.158513, 0.0 ], [ 113.234233, -7.158607998999969, 0.0 ], [ 113.234251, -7.158691000999966, 0.0 ], [ 113.234260999000071, -7.158729000999926, 0.0 ], [ 113.234267001000035, -7.158750001999977, 0.0 ], [ 113.234284001000105, -7.158770001999926, 0.0 ], [ 113.23430600100005, -7.158786, 0.0 ], [ 113.234334000000104, -7.158798, 0.0 ], [ 113.23437, -7.158806, 0.0 ], [ 113.2344, -7.158809001999941, 0.0 ], [ 113.234422582000093, -7.158815322999942, 0.0 ], [ 113.234425000000101, -7.158816, 0.0 ], [ 113.234434998000097, -7.158824, 0.0 ], [ 113.234436999000081, -7.158845, 0.0 ], [ 113.234439, -7.158880998999962, 0.0 ], [ 113.234447, -7.158921, 0.0 ], [ 113.234465000000114, -7.158969, 0.0 ], [ 113.23447452500011, -7.158990977999963, 0.0 ], [ 113.234478, -7.158999, 0.0 ], [ 113.234499001000017, -7.159039, 0.0 ], [ 113.234508, -7.159059, 0.0 ], [ 113.234511000000111, -7.159074998999927, 0.0 ], [ 113.234513015000061, -7.159105208999961, 0.0 ], [ 113.234516, -7.159149998999965, 0.0 ], [ 113.234516, -7.159205, 0.0 ], [ 113.23451499600003, -7.159214288999976, 0.0 ], [ 113.234511998000016, -7.159242, 0.0 ], [ 113.234512998000014, -7.159267998999951, 0.0 ], [ 113.234512998000014, -7.159286, 0.0 ], [ 113.234513999000114, -7.159314000999927, 0.0 ], [ 113.234510000000114, -7.159334000999934, 0.0 ], [ 113.234503, -7.159352, 0.0 ], [ 113.234499009000046, -7.159359982999945, 0.0 ], [ 113.234475999000097, -7.159405998999944, 0.0 ], [ 113.234446, -7.159461998999973, 0.0 ], [ 113.234432, -7.159493001999977, 0.0 ], [ 113.234430192000104, -7.159508366999944, 0.0 ], [ 113.23443, -7.159522202999938, 0.0 ], [ 113.23443, -7.159531001999937, 0.0 ], [ 113.2344339980001, -7.159556, 0.0 ], [ 113.234456999000031, -7.159597, 0.0 ], [ 113.23448200100006, -7.159623, 0.0 ], [ 113.23453199800008, -7.159665000999951, 0.0 ], [ 113.234571998000092, -7.159691, 0.0 ], [ 113.234599001000106, -7.159703, 0.0 ], [ 113.234630999000046, -7.159705000999963, 0.0 ], [ 113.234652618000041, -7.159706137999933, 0.0 ], [ 113.234668998000075, -7.159707001999948, 0.0 ], [ 113.234706, -7.159709, 0.0 ], [ 113.234721, -7.159711, 0.0 ], [ 113.234737000000109, -7.159715998999957, 0.0 ], [ 113.234747999000092, -7.159726001999957, 0.0 ], [ 113.234755001000053, -7.159736998999961, 0.0 ], [ 113.234759, -7.159753, 0.0 ], [ 113.234763, -7.159792, 0.0 ], [ 113.234763737000094, -7.159803048999947, 0.0 ], [ 113.234766998000055, -7.159851998999955, 0.0 ], [ 113.23477200100001, -7.159909, 0.0 ], [ 113.234789, -7.159981, 0.0 ], [ 113.234811001000025, -7.160064, 0.0 ], [ 113.234823998000024, -7.160128998999937, 0.0 ], [ 113.234824671000069, -7.160159244999932, 0.0 ], [ 113.234824998000022, -7.160174001999962, 0.0 ], [ 113.234823998000024, -7.1602, 0.0 ], [ 113.234814001000018, -7.160223998999925, 0.0 ], [ 113.234795001000066, -7.160241, 0.0 ], [ 113.23476, -7.16026299899994, 0.0 ], [ 113.234741, -7.160275, 0.0 ], [ 113.234735001000104, -7.160296, 0.0 ], [ 113.234733001000109, -7.160318, 0.0 ], [ 113.234737000000109, -7.160334, 0.0 ], [ 113.234754001000056, -7.160350001999973, 0.0 ], [ 113.23477, -7.160367000999941, 0.0 ], [ 113.234791001000076, -7.160387000999947, 0.0 ], [ 113.234795001000066, -7.160407000999953, 0.0 ], [ 113.234787999000105, -7.160431, 0.0 ], [ 113.234784000000104, -7.16047, 0.0 ], [ 113.234773001, -7.160508, 0.0 ], [ 113.234764999000049, -7.160533, 0.0 ], [ 113.234739000000104, -7.160567, 0.0 ], [ 113.234704, -7.160616998999956, 0.0 ], [ 113.234688649000077, -7.160638383999981, 0.0 ], [ 113.234676001000025, -7.160655998999971, 0.0 ], [ 113.234642, -7.160700001999942, 0.0 ], [ 113.234603000000106, -7.160747, 0.0 ], [ 113.234552999000016, -7.160791998999969, 0.0 ], [ 113.234506, -7.160839, 0.0 ], [ 113.23445, -7.160906998999963, 0.0 ], [ 113.234407, -7.160954001999926, 0.0 ], [ 113.234375998000019, -7.16099, 0.0 ], [ 113.234342, -7.161025998999946, 0.0 ], [ 113.234338999000101, -7.161034, 0.0 ], [ 113.234337998000115, -7.161048, 0.0 ], [ 113.234334000000104, -7.161070000999928, 0.0 ], [ 113.234332000000109, -7.161131001999934, 0.0 ], [ 113.234330000000114, -7.161217, 0.0 ], [ 113.234332000000109, -7.161278998999933, 0.0 ], [ 113.234337998000115, -7.161314, 0.0 ], [ 113.234335999000109, -7.161373998999977, 0.0 ], [ 113.234335000000101, -7.161429, 0.0 ], [ 113.234345001000065, -7.161447, 0.0 ], [ 113.23436, -7.161468, 0.0 ], [ 113.234367, -7.161488, 0.0 ], [ 113.234374000000116, -7.161509, 0.0 ], [ 113.234378022000101, -7.161533136999935, 0.0 ], [ 113.234378999000114, -7.161539001999927, 0.0 ], [ 113.234376998000016, -7.161581, 0.0 ], [ 113.234372, -7.161615000999973, 0.0 ], [ 113.234365001000015, -7.161678, 0.0 ], [ 113.234361, -7.161731, 0.0 ], [ 113.234355998000069, -7.161796, 0.0 ], [ 113.234349, -7.16183300199998, 0.0 ], [ 113.23434300100007, -7.16184299899993, 0.0 ], [ 113.234335999000109, -7.161850000999948, 0.0 ], [ 113.234328, -7.161854, 0.0 ], [ 113.234312, -7.161856, 0.0 ], [ 113.234287001000098, -7.161856, 0.0 ], [ 113.234218999000063, -7.161857, 0.0 ], [ 113.234144999000023, -7.161858, 0.0 ], [ 113.234095, -7.161855, 0.0 ], [ 113.234061000000111, -7.161858, 0.0 ], [ 113.234041, -7.16186, 0.0 ], [ 113.2340200000001, -7.161868000999959, 0.0 ], [ 113.234007999000028, -7.161876, 0.0 ], [ 113.233999, -7.161888000999966, 0.0 ], [ 113.233991, -7.161901998999952, 0.0 ], [ 113.233982, -7.161923998999953, 0.0 ], [ 113.233972001000097, -7.161956, 0.0 ], [ 113.233962, -7.16199, 0.0 ], [ 113.233948999000063, -7.162024000999963, 0.0 ], [ 113.233942, -7.162062, 0.0 ], [ 113.233936001000075, -7.162096998999971, 0.0 ], [ 113.233929999000111, -7.162126, 0.0 ], [ 113.23392600000011, -7.162165, 0.0 ], [ 113.233918, -7.162211998999965, 0.0 ], [ 113.233909999000048, -7.162248, 0.0 ], [ 113.233904, -7.162270998999929, 0.0 ], [ 113.233878001000107, -7.162305, 0.0 ], [ 113.233861, -7.162335, 0.0 ], [ 113.233844, -7.162363, 0.0 ], [ 113.233825, -7.162387998999975, 0.0 ], [ 113.233810998000081, -7.162406998999927, 0.0 ], [ 113.23378999900001, -7.162443, 0.0 ], [ 113.233770998000068, -7.162475001999951, 0.0 ], [ 113.233762, -7.16249400099997, 0.0 ], [ 113.2337500000001, -7.162512000999925, 0.0 ], [ 113.233740001000115, -7.162522, 0.0 ], [ 113.233733999000037, -7.162533000999929, 0.0 ], [ 113.23373299800005, -7.162543, 0.0 ], [ 113.233737, -7.162552000999938, 0.0 ], [ 113.233764, -7.16258599899993, 0.0 ], [ 113.233787, -7.162614, 0.0 ], [ 113.233819001000029, -7.162637, 0.0 ], [ 113.233870999000032, -7.162660998999968, 0.0 ], [ 113.233926998000015, -7.162683998999967, 0.0 ], [ 113.233974001000092, -7.162699998999926, 0.0 ], [ 113.234002, -7.162710001999926, 0.0 ], [ 113.234024998000109, -7.162722998999925, 0.0 ], [ 113.234033001000057, -7.162738, 0.0 ], [ 113.23404, -7.162755, 0.0 ], [ 113.234049, -7.162807001999965, 0.0 ], [ 113.234056, -7.162839998999971, 0.0 ], [ 113.234052001, -7.16286600199993, 0.0 ], [ 113.234039, -7.162904001999948, 0.0 ], [ 113.234021, -7.162952, 0.0 ], [ 113.234003, -7.163002001999928, 0.0 ], [ 113.233966998000028, -7.163052998999945, 0.0 ], [ 113.233923000000118, -7.163108998999974, 0.0 ], [ 113.233883000000105, -7.16316, 0.0 ], [ 113.233838001000095, -7.163223, 0.0 ], [ 113.233807, -7.163273000999936, 0.0 ], [ 113.233793999000113, -7.163301, 0.0 ], [ 113.233793133000063, -7.163306069999976, 0.0 ], [ 113.233787, -7.163342, 0.0 ], [ 113.233785, -7.163374001999955, 0.0 ], [ 113.233784, -7.16342900099994, 0.0 ], [ 113.233789000000115, -7.163479, 0.0 ], [ 113.233793999000113, -7.163518, 0.0 ], [ 113.233800001000077, -7.163560998999969, 0.0 ], [ 113.233796, -7.163580998999976, 0.0 ], [ 113.233789000000115, -7.16361, 0.0 ], [ 113.233780001000014, -7.163628, 0.0 ], [ 113.233768, -7.163635998999951, 0.0 ], [ 113.233753999000101, -7.163645001999953, 0.0 ], [ 113.233715999000083, -7.163669, 0.0 ], [ 113.233689, -7.163684001999968, 0.0 ], [ 113.233660001000089, -7.163707, 0.0 ], [ 113.23363499800007, -7.163727, 0.0 ], [ 113.233610000000112, -7.163753998999937, 0.0 ], [ 113.233595998000055, -7.163773998999943, 0.0 ], [ 113.233586001000049, -7.16379, 0.0 ], [ 113.23357799900009, -7.163811998999961, 0.0 ], [ 113.233571, -7.163833998999962, 0.0 ], [ 113.233566001000099, -7.163858000999937, 0.0 ], [ 113.233568000000105, -7.163883, 0.0 ], [ 113.233569000000102, -7.163909998999941, 0.0 ], [ 113.233571, -7.163927998999952, 0.0 ], [ 113.233574, -7.163943, 0.0 ], [ 113.233581, -7.163953, 0.0 ], [ 113.233593, -7.163974, 0.0 ], [ 113.233606, -7.163988998999969, 0.0 ], [ 113.23362, -7.164003, 0.0 ], [ 113.233632, -7.164013, 0.0 ], [ 113.233646, -7.164023, 0.0 ], [ 113.233669, -7.164039, 0.0 ], [ 113.233687, -7.164048998999931, 0.0 ], [ 113.23371, -7.16406, 0.0 ], [ 113.233731, -7.164064, 0.0 ], [ 113.233757, -7.16406799899994, 0.0 ], [ 113.23377399900005, -7.16406799899994, 0.0 ], [ 113.233796, -7.16407, 0.0 ], [ 113.233807, -7.164072000999965, 0.0 ], [ 113.233818001000031, -7.164076001999945, 0.0 ], [ 113.233828999000025, -7.164081, 0.0 ], [ 113.233834000000115, -7.164087998999946, 0.0 ], [ 113.233847, -7.16411500199996, 0.0 ], [ 113.233859001000042, -7.164144998999973, 0.0 ], [ 113.233870999000032, -7.164174, 0.0 ], [ 113.233886, -7.164196, 0.0 ], [ 113.233910999000045, -7.16422, 0.0 ], [ 113.233962, -7.164254, 0.0 ], [ 113.233993001000044, -7.164275, 0.0 ], [ 113.234025999000096, -7.164293, 0.0 ], [ 113.234068, -7.164308001999927, 0.0 ], [ 113.234082998000076, -7.164312, 0.0 ], [ 113.234103999000013, -7.164313, 0.0 ], [ 113.234131001000037, -7.164309001999925, 0.0 ], [ 113.234153000000106, -7.164299998999979, 0.0 ], [ 113.234172, -7.164291, 0.0 ], [ 113.234210001000065, -7.164284, 0.0 ], [ 113.234239998000021, -7.164274, 0.0 ], [ 113.234272, -7.164270001999967, 0.0 ], [ 113.234293, -7.164270001999967, 0.0 ], [ 113.234309, -7.164271001999964, 0.0 ], [ 113.234332000000109, -7.164279998999973, 0.0 ], [ 113.234393, -7.164317, 0.0 ], [ 113.234402001000035, -7.164321998999981, 0.0 ], [ 113.234408115000065, -7.164322446999961, 0.0 ], [ 113.234443001000045, -7.164325, 0.0 ], [ 113.234478, -7.164326000999949, 0.0 ], [ 113.234513999000114, -7.164327000999947, 0.0 ], [ 113.23453900100003, -7.16433, 0.0 ], [ 113.234552999000016, -7.164336, 0.0 ], [ 113.234557001000098, -7.164344, 0.0 ], [ 113.234558001000096, -7.164357998999947, 0.0 ], [ 113.234555000000114, -7.16437, 0.0 ], [ 113.234550998000032, -7.164392, 0.0 ], [ 113.234545, -7.164425001999973, 0.0 ], [ 113.234542, -7.164463000999945, 0.0 ], [ 113.234543, -7.164493998999944, 0.0 ], [ 113.234551998000029, -7.164544001999957, 0.0 ], [ 113.234558001000096, -7.164578, 0.0 ], [ 113.234557001000098, -7.164613998999926, 0.0 ], [ 113.234550998000032, -7.164651998999943, 0.0 ], [ 113.234544, -7.164675, 0.0 ], [ 113.234529684000108, -7.16469901499994, 0.0 ], [ 113.234512998000014, -7.164727, 0.0 ], [ 113.234488, -7.164774000999955, 0.0 ], [ 113.234453998000049, -7.164838, 0.0 ], [ 113.23443, -7.16490499899993, 0.0 ], [ 113.234413999000026, -7.164958, 0.0 ], [ 113.234403001000032, -7.164991001999965, 0.0 ], [ 113.2344, -7.165021998999975, 0.0 ], [ 113.2344, -7.165045, 0.0 ], [ 113.234409, -7.165058, 0.0 ], [ 113.234426, -7.165071, 0.0 ], [ 113.234448, -7.165085, 0.0 ], [ 113.234468000000106, -7.165097998999954, 0.0 ], [ 113.234471691000067, -7.165102361999971, 0.0 ], [ 113.234479001000068, -7.165111, 0.0 ], [ 113.234492998000064, -7.165132, 0.0 ], [ 113.234513999000114, -7.165187001999925, 0.0 ], [ 113.23453, -7.165241, 0.0 ], [ 113.234550998000032, -7.16531299899998, 0.0 ], [ 113.234565, -7.165372998999942, 0.0 ], [ 113.234566, -7.165402001999951, 0.0 ], [ 113.234559001000093, -7.165431998999964, 0.0 ], [ 113.234550998000032, -7.165460001999975, 0.0 ], [ 113.234547, -7.165494, 0.0 ], [ 113.234532998000077, -7.16551500099996, 0.0 ], [ 113.234516, -7.165529998999943, 0.0 ], [ 113.234490025000014, -7.165554491999956, 0.0 ], [ 113.234481001000063, -7.165563, 0.0 ], [ 113.234446, -7.165612, 0.0 ], [ 113.234419000000116, -7.165643, 0.0 ], [ 113.234396999000069, -7.165683998999953, 0.0 ], [ 113.234397999000066, -7.165712001999964, 0.0 ], [ 113.234405001000027, -7.165741998999977, 0.0 ], [ 113.234419000000116, -7.165761998999926, 0.0 ], [ 113.2344339980001, -7.165774, 0.0 ], [ 113.234459, -7.165784998999925, 0.0 ], [ 113.234480001000065, -7.165791001999935, 0.0 ], [ 113.234504, -7.165789000999951, 0.0 ], [ 113.234588, -7.165771001999929, 0.0 ], [ 113.23467800100002, -7.165749000999938, 0.0 ], [ 113.23477200100001, -7.16572599899996, 0.0 ], [ 113.234792445000039, -7.165723119999939, 0.0 ], [ 113.23484299900008, -7.165716, 0.0 ], [ 113.234915000000115, -7.165710000999979, 0.0 ], [ 113.234962999000118, -7.165711000999977, 0.0 ], [ 113.235017, -7.165721, 0.0 ], [ 113.235086001000013, -7.165750000999935, 0.0 ], [ 113.235145001000092, -7.165780998999935, 0.0 ], [ 113.235194998000111, -7.165820998999948, 0.0 ], [ 113.235221001000014, -7.165855, 0.0 ], [ 113.235225516000014, -7.16586899899994, 0.0 ], [ 113.235231000000113, -7.165886000999933, 0.0 ], [ 113.235232999, -7.165936998999939, 0.0 ], [ 113.235239, -7.165994998999963, 0.0 ], [ 113.235254999000063, -7.166025001999969, 0.0 ], [ 113.235261001000026, -7.166033998999978, 0.0 ], [ 113.235271, -7.166039, 0.0 ], [ 113.235286, -7.166043000999935, 0.0 ], [ 113.235299001000044, -7.166045001999976, 0.0 ], [ 113.235313999000027, -7.166045001999976, 0.0 ], [ 113.235331998000106, -7.166042000999937, 0.0 ], [ 113.235346, -7.166036998999971, 0.0 ], [ 113.235362, -7.16603, 0.0 ], [ 113.235378001000072, -7.166016998999964, 0.0 ], [ 113.235392999000055, -7.165998998999953, 0.0 ], [ 113.23541099900001, -7.165975998999954, 0.0 ], [ 113.235445, -7.165954, 0.0 ], [ 113.235449911000046, -7.165951543999938, 0.0 ], [ 113.235483, -7.165935, 0.0 ], [ 113.235512, -7.165920998999979, 0.0 ], [ 113.235574001000032, -7.165906000999939, 0.0 ], [ 113.23564900100007, -7.165895, 0.0 ], [ 113.235681998000018, -7.165896, 0.0 ], [ 113.235725000000116, -7.165906000999939, 0.0 ], [ 113.235767001000113, -7.165926000999946, 0.0 ], [ 113.235804, -7.165955, 0.0 ], [ 113.235842, -7.165975998999954, 0.0 ], [ 113.235858998000026, -7.165978998999947, 0.0 ], [ 113.235884001000045, -7.165979998999944, 0.0 ], [ 113.235918999000091, -7.165974, 0.0 ], [ 113.235959, -7.165962, 0.0 ], [ 113.235998000000109, -7.165944000999957, 0.0 ], [ 113.236009, -7.165940998999929, 0.0 ], [ 113.236026, -7.165939998999932, 0.0 ], [ 113.236048, -7.165945000999955, 0.0 ], [ 113.236069, -7.165951, 0.0 ], [ 113.236090999000112, -7.16595899899994, 0.0 ], [ 113.236125, -7.165967001999945, 0.0 ], [ 113.236161, -7.165971, 0.0 ], [ 113.236213, -7.165967001999945, 0.0 ], [ 113.236266000000114, -7.165954, 0.0 ], [ 113.236312000000112, -7.165949, 0.0 ], [ 113.236335001000043, -7.165948001999936, 0.0 ], [ 113.236353001000111, -7.165949, 0.0 ], [ 113.236371001000066, -7.165954, 0.0 ], [ 113.236391001000015, -7.165966001999948, 0.0 ], [ 113.236415, -7.165977998999949, 0.0 ], [ 113.236443998000027, -7.166, 0.0 ], [ 113.236461998000095, -7.166018998999959, 0.0 ], [ 113.236481998000045, -7.16604, 0.0 ], [ 113.236491001000104, -7.166056998999977, 0.0 ], [ 113.236507, -7.16608200099995, 0.0 ], [ 113.236514, -7.166125, 0.0 ], [ 113.236519, -7.166171998999971, 0.0 ], [ 113.236532, -7.166224, 0.0 ], [ 113.236530001, -7.166248, 0.0 ], [ 113.236521998000057, -7.166274, 0.0 ], [ 113.236512, -7.166305, 0.0 ], [ 113.236497, -7.166334000999939, 0.0 ], [ 113.236470001000043, -7.166354000999945, 0.0 ], [ 113.236447000000112, -7.166368998999928, 0.0 ], [ 113.236417, -7.166376001999936, 0.0 ], [ 113.236385999000049, -7.166379, 0.0 ], [ 113.23634, -7.166384, 0.0 ], [ 113.23629500100003, -7.166392, 0.0 ], [ 113.236259, -7.166401, 0.0 ], [ 113.236226000000102, -7.166415001999951, 0.0 ], [ 113.236202, -7.16643400199996, 0.0 ], [ 113.236177001000101, -7.166462, 0.0 ], [ 113.236168090000092, -7.166468929999951, 0.0 ], [ 113.236159001000033, -7.166476, 0.0 ], [ 113.236121001000015, -7.166502998999931, 0.0 ], [ 113.236083, -7.166536, 0.0 ], [ 113.236009, -7.166611001999968, 0.0 ], [ 113.236002001000088, -7.166633, 0.0 ], [ 113.235998000000109, -7.166676, 0.0 ], [ 113.23599, -7.166725000999975, 0.0 ], [ 113.23598400100002, -7.166771, 0.0 ], [ 113.23599, -7.166814998999939, 0.0 ], [ 113.236000000000104, -7.166863001999957, 0.0 ], [ 113.236004103000027, -7.166878151999981, 0.0 ], [ 113.236012999000081, -7.166911, 0.0 ], [ 113.236027, -7.166957, 0.0 ], [ 113.236033998000039, -7.166985, 0.0 ], [ 113.236037, -7.167036000999929, 0.0 ], [ 113.236037, -7.167105, 0.0 ], [ 113.236041001000103, -7.167141, 0.0 ], [ 113.236076, -7.167191, 0.0 ], [ 113.236129999000013, -7.167222, 0.0 ], [ 113.236194, -7.16726, 0.0 ], [ 113.236244, -7.167295, 0.0 ], [ 113.236266998000019, -7.167322998999964, 0.0 ], [ 113.236276001000078, -7.167354, 0.0 ], [ 113.236266998000019, -7.167399, 0.0 ], [ 113.236256952000076, -7.167432357999928, 0.0 ], [ 113.236242, -7.167481998999961, 0.0 ], [ 113.236185, -7.167626, 0.0 ], [ 113.23611900100002, -7.167779000999928, 0.0 ], [ 113.236071998000057, -7.167853, 0.0 ], [ 113.23605, -7.167873, 0.0 ], [ 113.236000000000104, -7.167899, 0.0 ], [ 113.235895, -7.167944, 0.0 ], [ 113.235867001000088, -7.167981, 0.0 ], [ 113.235836, -7.168023, 0.0 ], [ 113.235807001000012, -7.168079, 0.0 ], [ 113.235787001000062, -7.168132001999936, 0.0 ], [ 113.235767001000113, -7.168197, 0.0 ], [ 113.235752, -7.168254, 0.0 ], [ 113.235740998000097, -7.168328, 0.0 ], [ 113.235725000000116, -7.16838500199998, 0.0 ], [ 113.235709001000032, -7.168456998999943, 0.0 ], [ 113.235709001000032, -7.168506, 0.0 ], [ 113.23572, -7.168572998999934, 0.0 ], [ 113.235721265000052, -7.168575481999937, 0.0 ], [ 113.235748001000047, -7.168627998999966, 0.0 ], [ 113.235779998000112, -7.168686998999931, 0.0 ], [ 113.235817000000111, -7.168721, 0.0 ], [ 113.235869, -7.168752000999973, 0.0 ], [ 113.235934, -7.168772000999979, 0.0 ], [ 113.236012999000081, -7.168789, 0.0 ], [ 113.236094999000102, -7.168793000999926, 0.0 ], [ 113.236198001000048, -7.168793000999926, 0.0 ], [ 113.236261, -7.168792000999929, 0.0 ], [ 113.236335001000043, -7.168792000999929, 0.0 ], [ 113.236401000000114, -7.16878799899996, 0.0 ], [ 113.236429, -7.16878, 0.0 ], [ 113.236483999000029, -7.168751, 0.0 ], [ 113.236537000000112, -7.168697001999931, 0.0 ], [ 113.236603, -7.168625, 0.0 ], [ 113.236656998000058, -7.168566, 0.0 ], [ 113.23671, -7.168460000999971, 0.0 ], [ 113.236745001000031, -7.168403000999945, 0.0 ], [ 113.236765000000105, -7.168382000999941, 0.0 ], [ 113.236881001000029, -7.16829, 0.0 ], [ 113.236929998000051, -7.16823, 0.0 ], [ 113.237006, -7.168134, 0.0 ], [ 113.237032000000113, -7.168113, 0.0 ], [ 113.237063, -7.168098, 0.0 ], [ 113.23709400100006, -7.168094, 0.0 ], [ 113.237157, -7.1681, 0.0 ], [ 113.237202, -7.168111001999932, 0.0 ], [ 113.237221999000099, -7.168138, 0.0 ], [ 113.237237, -7.16819000199996, 0.0 ], [ 113.237261998, -7.168302, 0.0 ], [ 113.23728, -7.168356998999968, 0.0 ], [ 113.237303999, -7.16837499899998, 0.0 ], [ 113.237338999000031, -7.16837899899997, 0.0 ], [ 113.237398998000117, -7.168376998999975, 0.0 ], [ 113.23743699900001, -7.168355998999971, 0.0 ], [ 113.23748, -7.168338998999957, 0.0 ], [ 113.2375, -7.168328, 0.0 ], [ 113.237513, -7.168328, 0.0 ], [ 113.237533, -7.168335, 0.0 ], [ 113.237605, -7.16842, 0.0 ], [ 113.237663000000111, -7.168508, 0.0 ], [ 113.237709999000117, -7.168598000999964, 0.0 ], [ 113.237719001000073, -7.168655000999934, 0.0 ], [ 113.237702, -7.168725998999946, 0.0 ], [ 113.237676, -7.168778, 0.0 ], [ 113.237658001000113, -7.168822, 0.0 ], [ 113.237656, -7.168857, 0.0 ], [ 113.237669, -7.168889000999968, 0.0 ], [ 113.237728, -7.168941998999969, 0.0 ], [ 113.237775001000045, -7.168988000999946, 0.0 ], [ 113.237807998000108, -7.16903, 0.0 ], [ 113.237825, -7.16907, 0.0 ], [ 113.237833, -7.16914400099995, 0.0 ], [ 113.237833, -7.169229, 0.0 ], [ 113.237817001000053, -7.169387, 0.0 ], [ 113.237785, -7.169534000999931, 0.0 ], [ 113.237737001000028, -7.169669000999932, 0.0 ], [ 113.237661001000106, -7.169827001999977, 0.0 ], [ 113.23763, -7.169903000999966, 0.0 ], [ 113.237608, -7.170004001999928, 0.0 ], [ 113.237572000000114, -7.170074998999951, 0.0 ], [ 113.237554998000064, -7.170097, 0.0 ], [ 113.237524001000111, -7.170104, 0.0 ], [ 113.237438999, -7.170106, 0.0 ], [ 113.237319, -7.170107, 0.0 ], [ 113.237256000000116, -7.170122, 0.0 ], [ 113.237232001000052, -7.170144, 0.0 ], [ 113.237231001000055, -7.170168, 0.0 ], [ 113.237236, -7.170229998999957, 0.0 ], [ 113.237249001, -7.170302, 0.0 ], [ 113.237253, -7.17037400199996, 0.0 ], [ 113.23724, -7.170412001999978, 0.0 ], [ 113.237218, -7.17044, 0.0 ], [ 113.23713500100007, -7.170487, 0.0 ], [ 113.2370820000001, -7.170516, 0.0 ], [ 113.23706, -7.170544, 0.0 ], [ 113.237044, -7.170587000999944, 0.0 ], [ 113.237042, -7.170623, 0.0 ], [ 113.237052, -7.170688, 0.0 ], [ 113.237076001000105, -7.170753998999942, 0.0 ], [ 113.237113001000012, -7.170789, 0.0 ], [ 113.237124000000108, -7.170798, 0.0 ], [ 113.23713, -7.170812998999963, 0.0 ], [ 113.237124000000108, -7.17083299899997, 0.0 ], [ 113.237107999000045, -7.170851998999979, 0.0 ], [ 113.237084, -7.170876, 0.0 ], [ 113.237044, -7.170927, 0.0 ], [ 113.237015001000032, -7.171007998999926, 0.0 ], [ 113.236997001000077, -7.171105998999963, 0.0 ], [ 113.236971999000048, -7.171209, 0.0 ], [ 113.236957001000064, -7.171275, 0.0 ], [ 113.236928, -7.171307000999946, 0.0 ], [ 113.236887, -7.171325, 0.0 ], [ 113.236796999000035, -7.171333, 0.0 ], [ 113.236668, -7.171330001999934, 0.0 ], [ 113.236539000000107, -7.171322998999926, 0.0 ], [ 113.236443998000027, -7.171318, 0.0 ], [ 113.236364998000113, -7.171313, 0.0 ], [ 113.236310000000117, -7.171315, 0.0 ], [ 113.236271000000102, -7.171328000999949, 0.0 ], [ 113.235994998000024, -7.17139, 0.0 ], [ 113.235824, -7.171441, 0.0 ], [ 113.235710001000029, -7.171474, 0.0 ], [ 113.235700999000073, -7.17148, 0.0 ], [ 113.235698, -7.171536998999954, 0.0 ], [ 113.235699, -7.17167399899995, 0.0 ], [ 113.235703999000066, -7.171766, 0.0 ], [ 113.2357, -7.171777001999942, 0.0 ], [ 113.235667, -7.171781, 0.0 ], [ 113.235260001000029, -7.171789998999941, 0.0 ], [ 113.23491700000011, -7.171784, 0.0 ], [ 113.234777, -7.171786998999949, 0.0 ], [ 113.234725999000034, -7.171785, 0.0 ], [ 113.234682, -7.171786998999949, 0.0 ], [ 113.234654, -7.171788998999943, 0.0 ], [ 113.234645000000114, -7.171795000999964, 0.0 ], [ 113.234647999000117, -7.171924998999941, 0.0 ], [ 113.234665, -7.172156, 0.0 ], [ 113.234675001000028, -7.172301, 0.0 ], [ 113.234672, -7.172443, 0.0 ], [ 113.234670999000059, -7.172493998999926, 0.0 ], [ 113.234668998000075, -7.172512998999935, 0.0 ], [ 113.234665, -7.172520001999942, 0.0 ], [ 113.234648998000011, -7.172524, 0.0 ], [ 113.234579001000043, -7.172524, 0.0 ], [ 113.234512998000014, -7.172529998999948, 0.0 ], [ 113.234436999000081, -7.172549998999955, 0.0 ], [ 113.234382001000085, -7.172576000999925, 0.0 ], [ 113.234342, -7.172605998999927, 0.0 ], [ 113.234303, -7.172654000999955, 0.0 ], [ 113.234260999000071, -7.172715001999961, 0.0 ], [ 113.234218999000063, -7.172762998999929, 0.0 ], [ 113.234150001000103, -7.172868000999927, 0.0 ], [ 113.23411000100009, -7.172940998999934, 0.0 ], [ 113.234079, -7.172982, 0.0 ], [ 113.234062999000116, -7.173008, 0.0 ], [ 113.234033001000057, -7.173013, 0.0 ], [ 113.233895001000064, -7.173000998999953, 0.0 ], [ 113.233850999000083, -7.173012, 0.0 ], [ 113.233844, -7.173029, 0.0 ], [ 113.233796, -7.173175998999966, 0.0 ], [ 113.233752999000103, -7.173342, 0.0 ], [ 113.233709, -7.173461, 0.0 ], [ 113.233682001000034, -7.173542, 0.0 ], [ 113.233653998000023, -7.173624998999969, 0.0 ], [ 113.233644001000016, -7.173659998999938, 0.0 ], [ 113.233633, -7.173666, 0.0 ], [ 113.233598999000037, -7.173667000999956, 0.0 ], [ 113.233334, -7.173656, 0.0 ], [ 113.233087, -7.173641998999926, 0.0 ], [ 113.232940001000088, -7.173649001999934, 0.0 ], [ 113.232915999000056, -7.173654, 0.0 ], [ 113.232898, -7.173663998999928, 0.0 ], [ 113.232883001, -7.17369999899995, 0.0 ], [ 113.23285, -7.173803000999953, 0.0 ], [ 113.232795998000029, -7.17401, 0.0 ], [ 113.232751, -7.174175000999981, 0.0 ], [ 113.232734, -7.174194000999933, 0.0 ], [ 113.232722, -7.174205, 0.0 ], [ 113.232674, -7.174211, 0.0 ], [ 113.232556, -7.174218, 0.0 ], [ 113.232437, -7.17422, 0.0 ], [ 113.232328998000071, -7.174227998999982, 0.0 ], [ 113.232210998000028, -7.17423200099995, 0.0 ], [ 113.232102001000044, -7.174241, 0.0 ], [ 113.232027, -7.174255001999938, 0.0 ], [ 113.231972, -7.174257, 0.0 ], [ 113.231886001000021, -7.174255001999938, 0.0 ], [ 113.231778, -7.17425, 0.0 ], [ 113.231750001000023, -7.174247998999931, 0.0 ], [ 113.231738, -7.174252000999957, 0.0 ], [ 113.231591, -7.174305998999955, 0.0 ], [ 113.231505, -7.174335, 0.0 ], [ 113.231438001000015, -7.174364998999977, 0.0 ], [ 113.231380001000048, -7.174392001999934, 0.0 ], [ 113.231335999000066, -7.174398, 0.0 ], [ 113.231308, -7.174403998999935, 0.0 ], [ 113.231242001000055, -7.174406, 0.0 ], [ 113.231093000000101, -7.174396, 0.0 ], [ 113.230982998000059, -7.174390000999949, 0.0 ], [ 113.230896, -7.174392001999934, 0.0 ], [ 113.230852001000017, -7.174396, 0.0 ], [ 113.230797001000042, -7.17440199899994, 0.0 ], [ 113.230706, -7.174416, 0.0 ], [ 113.230640001000097, -7.174423998999941, 0.0 ], [ 113.230593999, -7.174426, 0.0 ], [ 113.23033, -7.174396, 0.0 ], [ 113.2302, -7.174388000999954, 0.0 ], [ 113.230023, -7.174368, 0.0 ], [ 113.229923, -7.174362998999925, 0.0 ], [ 113.229836, -7.174345998999968, 0.0 ], [ 113.229625001000045, -7.174296, 0.0 ], [ 113.229526001000067, -7.174263, 0.0 ], [ 113.229491, -7.174261, 0.0 ], [ 113.2294680010001, -7.17427, 0.0 ], [ 113.229421000000116, -7.17433000099993, 0.0 ], [ 113.229343998000104, -7.17432, 0.0 ], [ 113.229178001000037, -7.174279, 0.0 ], [ 113.229114, -7.17426699899994, 0.0 ], [ 113.229057, -7.174332001999971, 0.0 ], [ 113.228942001000064, -7.174473, 0.0 ], [ 113.228891, -7.174549, 0.0 ], [ 113.228872, -7.174553, 0.0 ], [ 113.228720998000085, -7.174542, 0.0 ], [ 113.228602998000042, -7.174526000999947, 0.0 ], [ 113.228531001000079, -7.174519998999926, 0.0 ], [ 113.228458, -7.174516, 0.0 ], [ 113.228256000000101, -7.174556, 0.0 ], [ 113.228068, -7.174596998999959, 0.0 ], [ 113.228007001000037, -7.174615998999968, 0.0 ], [ 113.227984000000106, -7.174632, 0.0 ], [ 113.227961999000058, -7.174693998999942, 0.0 ], [ 113.227940998, -7.174785, 0.0 ], [ 113.227913, -7.174827, 0.0 ], [ 113.22784, -7.174881, 0.0 ], [ 113.227762, -7.174930998999969, 0.0 ], [ 113.227673001000085, -7.17496, 0.0 ], [ 113.227590999000086, -7.174981, 0.0 ], [ 113.227477, -7.174994000999959, 0.0 ], [ 113.227395999, -7.175003, 0.0 ], [ 113.227317999000093, -7.175018, 0.0 ], [ 113.227227001000074, -7.175049, 0.0 ], [ 113.227122999000017, -7.175089, 0.0 ], [ 113.226950000000102, -7.175139, 0.0 ], [ 113.226841, -7.175195, 0.0 ], [ 113.226731998000105, -7.175233, 0.0 ], [ 113.226684, -7.175252, 0.0 ], [ 113.226573999000038, -7.175246000999948, 0.0 ], [ 113.226323999000101, -7.175233, 0.0 ], [ 113.226239, -7.175233, 0.0 ], [ 113.226231001000087, -7.175259998999934, 0.0 ], [ 113.226197, -7.175413, 0.0 ], [ 113.226172001, -7.175427, 0.0 ], [ 113.226058001000069, -7.175465001999953, 0.0 ], [ 113.225986, -7.175486, 0.0 ], [ 113.225883, -7.175503001999971, 0.0 ], [ 113.22583299900009, -7.17551, 0.0 ], [ 113.225755998000068, -7.175502001999973, 0.0 ], [ 113.225645001000089, -7.175486, 0.0 ], [ 113.225523999000075, -7.175466, 0.0 ], [ 113.225290999000094, -7.175423000999956, 0.0 ], [ 113.225041001000022, -7.175375, 0.0 ], [ 113.224744999000109, -7.175301998999942, 0.0 ], [ 113.224504, -7.175250001999927, 0.0 ], [ 113.224390998000104, -7.175220998999976, 0.0 ], [ 113.224358001000041, -7.175231001999975, 0.0 ], [ 113.224251, -7.175364000999934, 0.0 ], [ 113.224165001000074, -7.175493998999968, 0.0 ], [ 113.224122, -7.175567, 0.0 ], [ 113.22408099900008, -7.175765, 0.0 ], [ 113.224057, -7.175912001999961, 0.0 ], [ 113.224047001000031, -7.175970001999929, 0.0 ], [ 113.224145001000011, -7.176012, 0.0 ], [ 113.224147001, -7.176020998999945, 0.0 ], [ 113.224105001000112, -7.176266, 0.0 ], [ 113.224052, -7.176497001999962, 0.0 ], [ 113.224000998000065, -7.176742998999941, 0.0 ], [ 113.223955, -7.176944000999981, 0.0 ], [ 113.223950049000109, -7.176998146999949, 0.0 ], [ 113.223939, -7.177119000999937, 0.0 ], [ 113.223921809000103, -7.177187194999931, 0.0 ], [ 113.223909001000038, -7.177238001999967, 0.0 ], [ 113.223870001000023, -7.177338, 0.0 ], [ 113.223792001000106, -7.177538, 0.0 ], [ 113.223733, -7.177704000999938, 0.0 ], [ 113.223696001, -7.177791, 0.0 ], [ 113.223655, -7.177844001999972, 0.0 ], [ 113.223609999000018, -7.177888, 0.0 ], [ 113.223592999000061, -7.177919000999964, 0.0 ], [ 113.223583, -7.177949998999964, 0.0 ], [ 113.223583, -7.177981, 0.0 ], [ 113.223625, -7.178048998999941, 0.0 ], [ 113.223629, -7.178085998999961, 0.0 ], [ 113.223621, -7.178128998999966, 0.0 ], [ 113.223596, -7.178175001999932, 0.0 ], [ 113.223483001000091, -7.178297, 0.0 ], [ 113.223355, -7.178441998999972, 0.0 ], [ 113.223240998000051, -7.178649, 0.0 ], [ 113.223171001000082, -7.178794, 0.0 ], [ 113.223098, -7.178919, 0.0 ], [ 113.223053001000039, -7.179024998999978, 0.0 ], [ 113.223046999000076, -7.17905000099995, 0.0 ], [ 113.223054001000037, -7.179058, 0.0 ], [ 113.223251, -7.179185, 0.0 ], [ 113.223284, -7.179209001999936, 0.0 ], [ 113.223286001000019, -7.179223, 0.0 ], [ 113.223259998000117, -7.179271, 0.0 ], [ 113.223259998000117, -7.179285001999972, 0.0 ], [ 113.223289001000012, -7.179314, 0.0 ], [ 113.223473998000031, -7.179415998999957, 0.0 ], [ 113.223559001000012, -7.179459000999941, 0.0 ], [ 113.223615000000109, -7.179480001999934, 0.0 ], [ 113.223649998000042, -7.179477, 0.0 ], [ 113.223709999000107, -7.179469, 0.0 ], [ 113.223748999, -7.179448, 0.0 ], [ 113.223792001000106, -7.179412998999965, 0.0 ], [ 113.223891001000084, -7.179282, 0.0 ], [ 113.223921809000103, -7.179230871999948, 0.0 ], [ 113.223938, -7.179204, 0.0 ], [ 113.223979, -7.179164, 0.0 ], [ 113.224016, -7.179139, 0.0 ], [ 113.224089, -7.179114, 0.0 ], [ 113.224176998000075, -7.179086, 0.0 ], [ 113.224226, -7.179059, 0.0 ], [ 113.22425699900009, -7.179021, 0.0 ], [ 113.224292000000105, -7.178964998999959, 0.0 ], [ 113.224448, -7.178680000999975, 0.0 ], [ 113.22446, -7.178599, 0.0 ], [ 113.224469998000018, -7.178527, 0.0 ], [ 113.224571, -7.178457998999932, 0.0 ], [ 113.224668, -7.178232001999959, 0.0 ], [ 113.224719, -7.178116001999967, 0.0 ], [ 113.224772, -7.178069998999945, 0.0 ], [ 113.224838998000109, -7.178050998999936, 0.0 ], [ 113.224962, -7.177992998999969, 0.0 ], [ 113.225052999000013, -7.177799, 0.0 ], [ 113.225065, -7.177752, 0.0 ], [ 113.22512000100005, -7.177613, 0.0 ], [ 113.225186, -7.177491001999954, 0.0 ], [ 113.225256001000048, -7.17746, 0.0 ], [ 113.225339, -7.177442998999936, 0.0 ], [ 113.22544399800006, -7.17743, 0.0 ], [ 113.225529001000041, -7.177434001999927, 0.0 ], [ 113.225577, -7.177456, 0.0 ], [ 113.225561998000103, -7.17752, 0.0 ], [ 113.225520999000082, -7.17760900199994, 0.0 ], [ 113.225431001000061, -7.177744000999951, 0.0 ], [ 113.225346998000077, -7.177914998999938, 0.0 ], [ 113.225222, -7.178133000999935, 0.0 ], [ 113.225169999000059, -7.178222998999956, 0.0 ], [ 113.225129, -7.178310001999932, 0.0 ], [ 113.225105, -7.178402998999957, 0.0 ], [ 113.225085, -7.178473, 0.0 ], [ 113.225071, -7.178579, 0.0 ], [ 113.225059000000101, -7.178710998999975, 0.0 ], [ 113.225052999000013, -7.178862, 0.0 ], [ 113.225029, -7.178979, 0.0 ], [ 113.224994998000057, -7.179109000999972, 0.0 ], [ 113.224913, -7.179254, 0.0 ], [ 113.224792, -7.179481001999932, 0.0 ], [ 113.224708, -7.179637001999936, 0.0 ], [ 113.22467000100005, -7.179756, 0.0 ], [ 113.224642, -7.179899, 0.0 ], [ 113.22463, -7.180062, 0.0 ], [ 113.224642, -7.180248, 0.0 ], [ 113.224619, -7.180357000999948, 0.0 ], [ 113.224601, -7.180429998999955, 0.0 ], [ 113.224591, -7.180429998999955, 0.0 ], [ 113.224475001000087, -7.180387, 0.0 ], [ 113.224348, -7.180368998999938, 0.0 ], [ 113.224185001000023, -7.180366, 0.0 ], [ 113.224055, -7.180367998999941, 0.0 ], [ 113.223931001000096, -7.180365, 0.0 ], [ 113.223921809000103, -7.180363414999931, 0.0 ], [ 113.223873001000015, -7.180355, 0.0 ], [ 113.223829, -7.180334, 0.0 ], [ 113.223753001000091, -7.180298000999926, 0.0 ], [ 113.223632999000074, -7.180224, 0.0 ], [ 113.223541001000058, -7.18016400199997, 0.0 ], [ 113.223479000000111, -7.18012300099997, 0.0 ], [ 113.223423001000015, -7.180113, 0.0 ], [ 113.223367001000042, -7.180122000999972, 0.0 ], [ 113.223338998000031, -7.180147, 0.0 ], [ 113.223306001000083, -7.180233998999938, 0.0 ], [ 113.223281999000051, -7.180362, 0.0 ], [ 113.223267001000067, -7.180388998999945, 0.0 ], [ 113.223249001000113, -7.180395000999965, 0.0 ], [ 113.223128, -7.180319001999976, 0.0 ], [ 113.223054001000037, -7.180271998999956, 0.0 ], [ 113.223026998000023, -7.180266, 0.0 ], [ 113.223005998000076, -7.180283, 0.0 ], [ 113.222957001000054, -7.180376000999956, 0.0 ], [ 113.222889358000089, -7.180478247999929, 0.0 ], [ 113.222870998000076, -7.180505998999934, 0.0 ], [ 113.222815, -7.180614, 0.0 ], [ 113.222709, -7.180774, 0.0 ], [ 113.222691, -7.180812, 0.0 ], [ 113.22269699900005, -7.180858998999952, 0.0 ], [ 113.222729, -7.180929, 0.0 ], [ 113.222712000000115, -7.180955998999934, 0.0 ], [ 113.222617999000022, -7.181049, 0.0 ], [ 113.222586001000082, -7.181112998999936, 0.0 ], [ 113.222568, -7.181146, 0.0 ], [ 113.222575, -7.181164, 0.0 ], [ 113.222679, -7.18118, 0.0 ], [ 113.222751, -7.181202, 0.0 ], [ 113.22279499900003, -7.181223, 0.0 ], [ 113.222818001000064, -7.181247998999936, 0.0 ], [ 113.222821001000057, -7.18128, 0.0 ], [ 113.222779001000049, -7.181359, 0.0 ], [ 113.222772998000096, -7.181381998999939, 0.0 ], [ 113.22281, -7.181441998999958, 0.0 ], [ 113.222922, -7.181628, 0.0 ], [ 113.223022, -7.181752, 0.0 ], [ 113.223043, -7.181791, 0.0 ], [ 113.223044998000091, -7.181805, 0.0 ], [ 113.223026998000023, -7.181821001999936, 0.0 ], [ 113.223031000000105, -7.181832998999937, 0.0 ], [ 113.223122000000103, -7.181978001999937, 0.0 ], [ 113.223237, -7.182095001999926, 0.0 ], [ 113.223289001000012, -7.182139, 0.0 ], [ 113.223377998000046, -7.182161, 0.0 ], [ 113.223473998000031, -7.182193001999963, 0.0 ], [ 113.223500001000048, -7.182262998999931, 0.0 ], [ 113.223545, -7.182340998999962, 0.0 ], [ 113.223541001000058, -7.182414, 0.0 ], [ 113.223533998000107, -7.182481, 0.0 ], [ 113.223546, -7.182507, 0.0 ], [ 113.223566858000027, -7.182513085999972, 0.0 ], [ 113.223593999000059, -7.182521000999941, 0.0 ], [ 113.223606, -7.182680001999927, 0.0 ], [ 113.223612999000011, -7.182698001999938, 0.0 ], [ 113.223676001000058, -7.182687, 0.0 ], [ 113.223708998, -7.182683, 0.0 ], [ 113.223768999000072, -7.182753, 0.0 ], [ 113.223874001000013, -7.182909, 0.0 ], [ 113.223999999000057, -7.183049001999962, 0.0 ], [ 113.224108001000104, -7.183126000999948, 0.0 ], [ 113.22423, -7.183179998999947, 0.0 ], [ 113.224271, -7.183195, 0.0 ], [ 113.224283001000117, -7.183442, 0.0 ], [ 113.224283001000117, -7.183483, 0.0 ], [ 113.224251, -7.183641, 0.0 ], [ 113.224263001000054, -7.183803998999963, 0.0 ], [ 113.224297, -7.184024001999944, 0.0 ], [ 113.224333999, -7.184166, 0.0 ], [ 113.224334999, -7.184254, 0.0 ], [ 113.224379001000102, -7.184285, 0.0 ], [ 113.224430998000116, -7.184359, 0.0 ], [ 113.224451999000053, -7.184423998999932, 0.0 ], [ 113.2245150010001, -7.184547, 0.0 ], [ 113.224599, -7.184715, 0.0 ], [ 113.224623, -7.184888, 0.0 ], [ 113.224623999000073, -7.184999001999927, 0.0 ], [ 113.224612001000082, -7.185113, 0.0 ], [ 113.224574001000065, -7.18531300199993, 0.0 ], [ 113.22455600100011, -7.185393, 0.0 ], [ 113.224533, -7.185398, 0.0 ], [ 113.224506999000027, -7.185403998999959, 0.0 ], [ 113.224494, -7.185432, 0.0 ], [ 113.224449998000068, -7.185477998999943, 0.0 ], [ 113.224389999000095, -7.185512, 0.0 ], [ 113.224328, -7.185543000999928, 0.0 ], [ 113.224263001000054, -7.185558998999966, 0.0 ], [ 113.224234998000043, -7.185556998999971, 0.0 ], [ 113.22424, -7.185523, 0.0 ], [ 113.224242001000107, -7.18547899899994, 0.0 ], [ 113.224233999000035, -7.185460998999929, 0.0 ], [ 113.224215998000091, -7.185457998999937, 0.0 ], [ 113.223993, -7.185444, 0.0 ], [ 113.223814001000051, -7.185421998999971, 0.0 ], [ 113.223811, -7.185457998999937, 0.0 ], [ 113.223799, -7.185608, 0.0 ], [ 113.223765999000079, -7.185704, 0.0 ], [ 113.223708998, -7.185784, 0.0 ], [ 113.223613999, -7.185886, 0.0 ], [ 113.223533998000107, -7.185977, 0.0 ], [ 113.223521001000108, -7.185997, 0.0 ], [ 113.223576, -7.186033001999931, 0.0 ], [ 113.22359700100003, -7.186066998999934, 0.0 ], [ 113.223593999000059, -7.186119, 0.0 ], [ 113.223570999000117, -7.186168000999942, 0.0 ], [ 113.223537, -7.186198, 0.0 ], [ 113.223508, -7.186216, 0.0 ], [ 113.223508, -7.186232, 0.0 ], [ 113.223551, -7.186413, 0.0 ], [ 113.223571998000011, -7.186513998999942, 0.0 ], [ 113.223567000000116, -7.186625, 0.0 ], [ 113.223558001000015, -7.186739, 0.0 ], [ 113.223566, -7.18677, 0.0 ], [ 113.223615000000109, -7.186829, 0.0 ], [ 113.223615000000109, -7.18686, 0.0 ], [ 113.223619001000088, -7.186995, 0.0 ], [ 113.223609, -7.187108, 0.0 ], [ 113.223542001000055, -7.187305, 0.0 ], [ 113.223512, -7.187455000999933, 0.0 ], [ 113.223493998000095, -7.187512, 0.0 ], [ 113.223484001000088, -7.187515001999941, 0.0 ], [ 113.223414, -7.187494000999948, 0.0 ], [ 113.223393000000101, -7.187506998999936, 0.0 ], [ 113.223354, -7.187601, 0.0 ], [ 113.223363001000052, -7.187633001999927, 0.0 ], [ 113.223381, -7.187649000999954, 0.0 ], [ 113.223365001000047, -7.187680998999951, 0.0 ], [ 113.223272, -7.187873, 0.0 ], [ 113.223198, -7.188004001999957, 0.0 ], [ 113.223132001000067, -7.188156, 0.0 ], [ 113.223069, -7.188328998999964, 0.0 ], [ 113.223042, -7.188513, 0.0 ], [ 113.223018, -7.188769, 0.0 ], [ 113.223004, -7.18887499899995, 0.0 ], [ 113.22302799900001, -7.188997001999951, 0.0 ], [ 113.22304, -7.189104998999937, 0.0 ], [ 113.223041, -7.189203998999972, 0.0 ], [ 113.223034001000087, -7.189238, 0.0 ], [ 113.222992, -7.189307000999975, 0.0 ], [ 113.222954001000062, -7.189367000999937, 0.0 ], [ 113.222867, -7.189516998999977, 0.0 ], [ 113.222826, -7.189582001999952, 0.0 ], [ 113.222729, -7.189589, 0.0 ], [ 113.222535000000107, -7.189622001999965, 0.0 ], [ 113.222482999000022, -7.189643, 0.0 ], [ 113.222453, -7.189685, 0.0 ], [ 113.222348, -7.18992, 0.0 ], [ 113.22227, -7.190082998999969, 0.0 ], [ 113.22223, -7.190160998999943, 0.0 ], [ 113.2222, -7.190196, 0.0 ], [ 113.222145, -7.190235, 0.0 ], [ 113.222053999000082, -7.190323001999957, 0.0 ], [ 113.221991998000021, -7.190409, 0.0 ], [ 113.221969, -7.19045499899994, 0.0 ], [ 113.22196000100007, -7.190503, 0.0 ], [ 113.221973999000056, -7.190556000999948, 0.0 ], [ 113.222004, -7.190599, 0.0 ], [ 113.222010999000076, -7.190649998999959, 0.0 ], [ 113.221989, -7.19077200199996, 0.0 ], [ 113.221962001000065, -7.190902998999945, 0.0 ], [ 113.221965, -7.191013, 0.0 ], [ 113.221967, -7.191058998999949, 0.0 ], [ 113.222031998000034, -7.191119, 0.0 ], [ 113.22216, -7.191217, 0.0 ], [ 113.222259, -7.191276, 0.0 ], [ 113.222289, -7.191304, 0.0 ], [ 113.222294001000023, -7.19134, 0.0 ], [ 113.222294001000023, -7.191384, 0.0 ], [ 113.222264000000109, -7.191458, 0.0 ], [ 113.222198, -7.191565998999977, 0.0 ], [ 113.222178, -7.191610001999948, 0.0 ], [ 113.222110999000051, -7.191610001999948, 0.0 ], [ 113.222097001000066, -7.191633, 0.0 ], [ 113.222084000000109, -7.19174199899993, 0.0 ], [ 113.222029, -7.191834, 0.0 ], [ 113.22199, -7.191885001999935, 0.0 ], [ 113.221958, -7.191889, 0.0 ], [ 113.221894998000039, -7.191869, 0.0 ], [ 113.22187, -7.191791, 0.0 ], [ 113.221863001000088, -7.191758998999944, 0.0 ], [ 113.221836998000072, -7.19175, 0.0 ], [ 113.221734, -7.191773, 0.0 ], [ 113.221648001000062, -7.191787001999955, 0.0 ], [ 113.221575, -7.191785000999971, 0.0 ], [ 113.221521, -7.191744, 0.0 ], [ 113.221477, -7.191700998999977, 0.0 ], [ 113.221454001000097, -7.191702998999972, 0.0 ], [ 113.221377001000064, -7.191799998999954, 0.0 ], [ 113.221328, -7.191872, 0.0 ], [ 113.221289, -7.191865001999929, 0.0 ], [ 113.221227000000113, -7.19187, 0.0 ], [ 113.22117900100011, -7.191886, 0.0 ], [ 113.22111699900006, -7.19193, 0.0 ], [ 113.22107599800006, -7.191948, 0.0 ], [ 113.221028, -7.19195, 0.0 ], [ 113.220968001000074, -7.191954998999961, 0.0 ], [ 113.220926001000066, -7.191934998999955, 0.0 ], [ 113.22088399900008, -7.1919, 0.0 ], [ 113.220852, -7.191868, 0.0 ], [ 113.22084, -7.191868, 0.0 ], [ 113.220749, -7.191981001999977, 0.0 ], [ 113.220675001000018, -7.192042, 0.0 ], [ 113.220616001000053, -7.19210899899997, 0.0 ], [ 113.220606999000097, -7.192134, 0.0 ], [ 113.220681, -7.192214000999968, 0.0 ], [ 113.220732001000101, -7.192276, 0.0 ], [ 113.220723, -7.192302998999935, 0.0 ], [ 113.220510998, -7.192436, 0.0 ], [ 113.220355999000049, -7.192531, 0.0 ], [ 113.220249, -7.192584000999943, 0.0 ], [ 113.220239999000114, -7.192592, 0.0 ], [ 113.220284001000095, -7.192705, 0.0 ], [ 113.220261, -7.192720000999941, 0.0 ], [ 113.220083999000053, -7.192846, 0.0 ], [ 113.220040999000048, -7.192888998999933, 0.0 ], [ 113.220035, -7.192953, 0.0 ], [ 113.220003998000038, -7.193052000999955, 0.0 ], [ 113.219925998, -7.193177, 0.0 ], [ 113.219862, -7.19331, 0.0 ], [ 113.219789999000113, -7.193485, 0.0 ], [ 113.219748999000103, -7.193533998999953, 0.0 ], [ 113.219553999000027, -7.193466, 0.0 ], [ 113.219533, -7.193472, 0.0 ], [ 113.219420999000022, -7.19361700099995, 0.0 ], [ 113.219311, -7.193772, 0.0 ], [ 113.219223998000075, -7.19388, 0.0 ], [ 113.219149, -7.193987, 0.0 ], [ 113.219103, -7.194104, 0.0 ], [ 113.219091, -7.194153, 0.0 ], [ 113.219076001000076, -7.19419599899993, 0.0 ], [ 113.219053, -7.194208, 0.0 ], [ 113.218865836000077, -7.194224090999967, 0.0 ], [ 113.218831999000031, -7.194227, 0.0 ], [ 113.218677998000089, -7.194309, 0.0 ], [ 113.218532, -7.194372998999938, 0.0 ], [ 113.218515, -7.194399001999955, 0.0 ], [ 113.218451001000062, -7.194471998999973, 0.0 ], [ 113.218408, -7.194496000999948, 0.0 ], [ 113.218216001000087, -7.194507998999939, 0.0 ], [ 113.218067, -7.194428, 0.0 ], [ 113.218014998000058, -7.194405, 0.0 ], [ 113.217991, -7.194402, 0.0 ], [ 113.21803100000011, -7.194750001999978, 0.0 ], [ 113.21801399800006, -7.194802998999933, 0.0 ], [ 113.217975998000043, -7.194846000999974, 0.0 ], [ 113.217963001000044, -7.195084, 0.0 ], [ 113.217946, -7.195269998999947, 0.0 ], [ 113.217931, -7.195359, 0.0 ], [ 113.217914, -7.195403, 0.0 ], [ 113.21787899900005, -7.195412000999966, 0.0 ], [ 113.217619, -7.195379, 0.0 ], [ 113.217596, -7.195404998999948, 0.0 ], [ 113.217584602000102, -7.195433931999958, 0.0 ], [ 113.21757, -7.19547100099993, 0.0 ], [ 113.217515001000038, -7.195481, 0.0 ], [ 113.217429998000057, -7.195478, 0.0 ], [ 113.217309000000114, -7.195368998999925, 0.0 ], [ 113.217077421000113, -7.195317583999952, 0.0 ], [ 113.217059999000071, -7.195313, 0.0 ], [ 113.217020865000109, -7.19530502799995, 0.0 ], [ 113.216755001000024, -7.195246, 0.0 ], [ 113.216611999000065, -7.195302, 0.0 ], [ 113.216421001000072, -7.195191998999974, 0.0 ], [ 113.216251, -7.195094998999934, 0.0 ], [ 113.216173, -7.195052, 0.0 ], [ 113.216154, -7.195062001999929, 0.0 ], [ 113.21604, -7.195200001999979, 0.0 ], [ 113.215991, -7.195203, 0.0 ], [ 113.215849998000067, -7.195139000999973, 0.0 ], [ 113.215807, -7.195136, 0.0 ], [ 113.215631, -7.195113998999943, 0.0 ], [ 113.215504001000113, -7.195228998999937, 0.0 ], [ 113.215465001000098, -7.195239001999937, 0.0 ], [ 113.21518, -7.195305, 0.0 ], [ 113.215127998000071, -7.195299, 0.0 ], [ 113.215026, -7.195244, 0.0 ], [ 113.214951, -7.195188998999981, 0.0 ], [ 113.214862001000029, -7.195124, 0.0 ], [ 113.214754, -7.195066, 0.0 ], [ 113.214642999000034, -7.195013998999968, 0.0 ], [ 113.214493001000051, -7.195051, 0.0 ], [ 113.214336001000106, -7.195019, 0.0 ], [ 113.214091, -7.195128, 0.0 ], [ 113.213920999000038, -7.195056998999974, 0.0 ], [ 113.213780999000051, -7.195071, 0.0 ], [ 113.213683, -7.195078, 0.0 ], [ 113.213607999000033, -7.195074998999928, 0.0 ], [ 113.213528998000015, -7.195049, 0.0 ], [ 113.213378, -7.194967, 0.0 ], [ 113.213312999000095, -7.19521199899998, 0.0 ], [ 113.213392998000018, -7.195237000999953, 0.0 ], [ 113.213302001000102, -7.195398, 0.0 ], [ 113.213373999000055, -7.195477, 0.0 ], [ 113.213394999000116, -7.195519, 0.0 ], [ 113.213342001000115, -7.195679998999935, 0.0 ], [ 113.213257999, -7.195807, 0.0 ], [ 113.213145001000044, -7.195905, 0.0 ], [ 113.21319599900005, -7.195988998999951, 0.0 ], [ 113.213238999000055, -7.196059, 0.0 ], [ 113.21324, -7.196128998999939, 0.0 ], [ 113.213167001000102, -7.196153000999971, 0.0 ], [ 113.21296299800008, -7.196239, 0.0 ], [ 113.212932001000013, -7.196282998999948, 0.0 ], [ 113.212926999000047, -7.196378998999933, 0.0 ], [ 113.212848999000016, -7.196467001999963, 0.0 ], [ 113.212811000000102, -7.196552, 0.0 ], [ 113.212862, -7.196668, 0.0 ], [ 113.212912001000063, -7.196758000999978, 0.0 ], [ 113.212923998000065, -7.196816000999945, 0.0 ], [ 113.212928, -7.196857001999945, 0.0 ], [ 113.212733, -7.196927998999968, 0.0 ], [ 113.212698407000062, -7.196925217999933, 0.0 ], [ 113.212096920000022, -7.19670402099996, 0.0 ], [ 113.21172, -7.196274989999949, 0.0 ], [ 113.210853840000027, -7.195112998999946, 0.0 ], [ 113.210601121000082, -7.194842008999956, 0.0 ], [ 113.210151840000094, -7.194520979999936, 0.0 ], [ 113.209794001000091, -7.194128038999963, 0.0 ], [ 113.209614000000101, -7.193784961999938, 0.0 ], [ 113.209530120000068, -7.193369968999946, 0.0 ], [ 113.209453078000024, -7.192967041999964, 0.0 ], [ 113.209185960000013, -7.192483019999941, 0.0 ], [ 113.208933960000081, -7.192230029999962, 0.0 ], [ 113.208640921000097, -7.192065959999979, 0.0 ], [ 113.208183, -7.192007009999941, 0.0 ], [ 113.206714920000081, -7.191869039999972, 0.0 ], [ 113.206559039000012, -7.191847979999977, 0.0 ], [ 113.206458960000077, -7.191797041999962, 0.0 ], [ 113.206242960000054, -7.191564029999938, 0.0 ], [ 113.2061799600001, -7.191216990999976, 0.0 ], [ 113.206206958000053, -7.190722978999929, 0.0 ], [ 113.205993119000027, -7.190150038999946, 0.0 ], [ 113.205843, -7.189800029999958, 0.0 ], [ 113.205434041000103, -7.18902296899995, 0.0 ], [ 113.205529080000019, -7.188813988999925, 0.0 ], [ 113.205623039000102, -7.18861598899997, 0.0 ], [ 113.205701879000117, -7.188405029999956, 0.0 ], [ 113.205714120000039, -7.18818201199997, 0.0 ], [ 113.205611159000114, -7.187679, 0.0 ], [ 113.205751920000012, -7.187607990999936, 0.0 ], [ 113.205903840000019, -7.187492969999937, 0.0 ], [ 113.20594596, -7.187356979999947, 0.0 ], [ 113.205996, -7.186787008999943, 0.0 ], [ 113.206011841000077, -7.186757038999929, 0.0 ], [ 113.206034160000058, -7.186726979999946, 0.0 ], [ 113.206150080000043, -7.186655969999947, 0.0 ], [ 113.206348080000112, -7.186499009999977, 0.0 ], [ 113.206316040000047, -7.18630595999997, 0.0 ], [ 113.206256999000061, -7.185780001999944, 0.0 ], [ 113.206255918000011, -7.185341970999957, 0.0 ], [ 113.206254840000042, -7.185335038999938, 0.0 ], [ 113.206231080000066, -7.18472097199998, 0.0 ], [ 113.206139907000079, -7.184676198999966, 0.0 ] ] ] ] } }
]
}
