CRITICAL - 2026-05-08 05:39:42 --> CodeIgniter\View\Exceptions\ViewException: Invalid file: "v_input_lokasi.php"
[Method: GET, Route: Lokasi/inputLokasi]
in SYSTEMPATH\Exceptions\FrameworkException.php on line 39.
 1 SYSTEMPATH\View\View.php(228): CodeIgniter\Exceptions\FrameworkException::forInvalidFile('v_input_lokasi.php')
 2 SYSTEMPATH\Common.php(1250): CodeIgniter\View\View->render('v_input_lokasi', [], true)
 3 APPPATH\Views\v_template.php(161): view('v_input_lokasi')
 4 SYSTEMPATH\View\View.php(240): include('C:\\xampp\\htdocs\\demo-webgisci4\\app\\Views\\v_template.php')
 5 SYSTEMPATH\View\View.php(243): CodeIgniter\View\View->CodeIgniter\View\{closure}()
 6 SYSTEMPATH\Common.php(1250): CodeIgniter\View\View->render('v_template', [], true)
 7 APPPATH\Controllers\Lokasi.php(23): view('v_template', [...])
 8 SYSTEMPATH\CodeIgniter.php(951): App\Controllers\Lokasi->inputLokasi()
 9 SYSTEMPATH\CodeIgniter.php(497): CodeIgniter\CodeIgniter->runController(Object(App\Controllers\Lokasi))
10 SYSTEMPATH\CodeIgniter.php(340): CodeIgniter\CodeIgniter->handleRequest(null, Object(Config\Cache), false)
11 SYSTEMPATH\Boot.php(417): CodeIgniter\CodeIgniter->run()
12 SYSTEMPATH\Boot.php(68): CodeIgniter\Boot::runCodeIgniter(Object(CodeIgniter\CodeIgniter))
13 FCPATH\index.php(59): CodeIgniter\Boot::bootWeb(Object(Config\Paths))
CRITICAL - 2026-05-08 06:04:55 --> Error: Call to undefined function form_open_multipart()
[Method: GET, Route: Lokasi/inputLokasi]
in APPPATH\Views\lokasi\v_input_lokasi.php on line 8.
 1 SYSTEMPATH\View\View.php(240): include()
 2 SYSTEMPATH\View\View.php(243): CodeIgniter\View\View->CodeIgniter\View\{closure}()
 3 SYSTEMPATH\Common.php(1250): CodeIgniter\View\View->render('lokasi/v_input_lokasi', [], true)
 4 APPPATH\Views\v_template.php(161): view('lokasi/v_input_lokasi')
 5 SYSTEMPATH\View\View.php(240): include('C:\\xampp\\htdocs\\demo-webgisci4\\app\\Views\\v_template.php')
 6 SYSTEMPATH\View\View.php(243): CodeIgniter\View\View->CodeIgniter\View\{closure}()
 7 SYSTEMPATH\Common.php(1250): CodeIgniter\View\View->render('v_template', [], true)
 8 APPPATH\Controllers\Lokasi.php(23): view('v_template', [...])
 9 SYSTEMPATH\CodeIgniter.php(951): App\Controllers\Lokasi->inputLokasi()
10 SYSTEMPATH\CodeIgniter.php(497): CodeIgniter\CodeIgniter->runController(Object(App\Controllers\Lokasi))
11 SYSTEMPATH\CodeIgniter.php(340): CodeIgniter\CodeIgniter->handleRequest(null, Object(Config\Cache), false)
12 SYSTEMPATH\Boot.php(417): CodeIgniter\CodeIgniter->run()
13 SYSTEMPATH\Boot.php(68): CodeIgniter\Boot::runCodeIgniter(Object(CodeIgniter\CodeIgniter))
14 FCPATH\index.php(59): CodeIgniter\Boot::bootWeb(Object(Config\Paths))
DEBUG - 2026-05-08 06:32:11 --> Session: Class initialized using 'CodeIgniter\Session\Handlers\FileHandler' driver.
DEBUG - 2026-05-08 06:32:16 --> Session: Class initialized using 'CodeIgniter\Session\Handlers\FileHandler' driver.
DEBUG - 2026-05-08 06:32:22 --> Session: Class initialized using 'CodeIgniter\Session\Handlers\FileHandler' driver.
DEBUG - 2026-05-08 06:32:23 --> Session: Class initialized using 'CodeIgniter\Session\Handlers\FileHandler' driver.
DEBUG - 2026-05-08 06:38:00 --> Session: Class initialized using 'CodeIgniter\Session\Handlers\FileHandler' driver.
DEBUG - 2026-05-08 06:38:03 --> Session: Class initialized using 'CodeIgniter\Session\Handlers\FileHandler' driver.
DEBUG - 2026-05-08 06:38:03 --> Session: Class initialized using 'CodeIgniter\Session\Handlers\FileHandler' driver.
DEBUG - 2026-05-08 06:52:23 --> Session: Class initialized using 'CodeIgniter\Session\Handlers\FileHandler' driver.
DEBUG - 2026-05-08 06:52:27 --> Session: Class initialized using 'CodeIgniter\Session\Handlers\FileHandler' driver.
DEBUG - 2026-05-08 06:52:27 --> Session: Class initialized using 'CodeIgniter\Session\Handlers\FileHandler' driver.
DEBUG - 2026-05-08 06:54:50 --> Session: Class initialized using 'CodeIgniter\Session\Handlers\FileHandler' driver.
DEBUG - 2026-05-08 06:55:19 --> Session: Class initialized using 'CodeIgniter\Session\Handlers\FileHandler' driver.
DEBUG - 2026-05-08 06:55:19 --> Session: Class initialized using 'CodeIgniter\Session\Handlers\FileHandler' driver.
DEBUG - 2026-05-08 06:58:26 --> Session: Class initialized using 'CodeIgniter\Session\Handlers\FileHandler' driver.
CRITICAL - 2026-05-08 07:12:11 --> Error: Class "App\Controllers\ModelLokasi" not found
[Method: GET, Route: Lokasi/inputLokasi]
in APPPATH\Controllers\Lokasi.php on line 11.
 1 SYSTEMPATH\CodeIgniter.php(921): App\Controllers\Lokasi->__construct()
 2 SYSTEMPATH\CodeIgniter.php(488): CodeIgniter\CodeIgniter->createController()
 3 SYSTEMPATH\CodeIgniter.php(340): CodeIgniter\CodeIgniter->handleRequest(null, Object(Config\Cache), false)
 4 SYSTEMPATH\Boot.php(417): CodeIgniter\CodeIgniter->run()
 5 SYSTEMPATH\Boot.php(68): CodeIgniter\Boot::runCodeIgniter(Object(CodeIgniter\CodeIgniter))
 6 FCPATH\index.php(59): CodeIgniter\Boot::bootWeb(Object(Config\Paths))
WARNING - 2026-05-08 07:14:16 --> [DEPRECATED] Creation of dynamic property App\Controllers\Lokasi::$ModelLokasi is deprecated in APPPATH\Controllers\Lokasi.php on line 11.
 1 SYSTEMPATH\CodeIgniter.php(921): App\Controllers\Lokasi->__construct()
 2 SYSTEMPATH\CodeIgniter.php(488): CodeIgniter\CodeIgniter->createController()
 3 SYSTEMPATH\CodeIgniter.php(340): CodeIgniter\CodeIgniter->handleRequest(null, Object(Config\Cache), false)
 4 SYSTEMPATH\Boot.php(417): CodeIgniter\CodeIgniter->run()
 5 SYSTEMPATH\Boot.php(68): CodeIgniter\Boot::runCodeIgniter(Object(CodeIgniter\CodeIgniter))
 6 FCPATH\index.php(59): CodeIgniter\Boot::bootWeb(Object(Config\Paths))
DEBUG - 2026-05-08 07:14:16 --> Session: Class initialized using 'CodeIgniter\Session\Handlers\FileHandler' driver.
WARNING - 2026-05-08 07:16:33 --> [DEPRECATED] Creation of dynamic property App\Controllers\Lokasi::$ModelLokasi is deprecated in APPPATH\Controllers\Lokasi.php on line 11.
 1 SYSTEMPATH\CodeIgniter.php(921): App\Controllers\Lokasi->__construct()
 2 SYSTEMPATH\CodeIgniter.php(488): CodeIgniter\CodeIgniter->createController()
 3 SYSTEMPATH\CodeIgniter.php(340): CodeIgniter\CodeIgniter->handleRequest(null, Object(Config\Cache), false)
 4 SYSTEMPATH\Boot.php(417): CodeIgniter\CodeIgniter->run()
 5 SYSTEMPATH\Boot.php(68): CodeIgniter\Boot::runCodeIgniter(Object(CodeIgniter\CodeIgniter))
 6 FCPATH\index.php(59): CodeIgniter\Boot::bootWeb(Object(Config\Paths))
DEBUG - 2026-05-08 07:16:33 --> Session: Class initialized using 'CodeIgniter\Session\Handlers\FileHandler' driver.
WARNING - 2026-05-08 07:18:29 --> [DEPRECATED] Creation of dynamic property App\Controllers\Lokasi::$ModelLokasi is deprecated in APPPATH\Controllers\Lokasi.php on line 11.
 1 SYSTEMPATH\CodeIgniter.php(921): App\Controllers\Lokasi->__construct()
 2 SYSTEMPATH\CodeIgniter.php(488): CodeIgniter\CodeIgniter->createController()
 3 SYSTEMPATH\CodeIgniter.php(340): CodeIgniter\CodeIgniter->handleRequest(null, Object(Config\Cache), false)
 4 SYSTEMPATH\Boot.php(417): CodeIgniter\CodeIgniter->run()
 5 SYSTEMPATH\Boot.php(68): CodeIgniter\Boot::runCodeIgniter(Object(CodeIgniter\CodeIgniter))
 6 FCPATH\index.php(59): CodeIgniter\Boot::bootWeb(Object(Config\Paths))
WARNING - 2026-05-08 07:18:29 --> [DEPRECATED] Creation of dynamic property App\Controllers\Lokasi::$ModelLokasi is deprecated in APPPATH\Controllers\Lokasi.php on line 11.
 1 SYSTEMPATH\CodeIgniter.php(921): App\Controllers\Lokasi->__construct()
 2 SYSTEMPATH\CodeIgniter.php(488): CodeIgniter\CodeIgniter->createController()
 3 SYSTEMPATH\CodeIgniter.php(340): CodeIgniter\CodeIgniter->handleRequest(null, Object(Config\Cache), false)
 4 SYSTEMPATH\Boot.php(417): CodeIgniter\CodeIgniter->run()
 5 SYSTEMPATH\Boot.php(68): CodeIgniter\Boot::runCodeIgniter(Object(CodeIgniter\CodeIgniter))
 6 FCPATH\index.php(59): CodeIgniter\Boot::bootWeb(Object(Config\Paths))
DEBUG - 2026-05-08 07:18:29 --> Session: Class initialized using 'CodeIgniter\Session\Handlers\FileHandler' driver.
WARNING - 2026-05-08 07:24:57 --> [DEPRECATED] Creation of dynamic property App\Controllers\Lokasi::$ModelLokasi is deprecated in APPPATH\Controllers\Lokasi.php on line 11.
 1 SYSTEMPATH\CodeIgniter.php(921): App\Controllers\Lokasi->__construct()
 2 SYSTEMPATH\CodeIgniter.php(488): CodeIgniter\CodeIgniter->createController()
 3 SYSTEMPATH\CodeIgniter.php(340): CodeIgniter\CodeIgniter->handleRequest(null, Object(Config\Cache), false)
 4 SYSTEMPATH\Boot.php(417): CodeIgniter\CodeIgniter->run()
 5 SYSTEMPATH\Boot.php(68): CodeIgniter\Boot::runCodeIgniter(Object(CodeIgniter\CodeIgniter))
 6 FCPATH\index.php(59): CodeIgniter\Boot::bootWeb(Object(Config\Paths))
DEBUG - 2026-05-08 07:24:57 --> Session: Class initialized using 'CodeIgniter\Session\Handlers\FileHandler' driver.
WARNING - 2026-05-08 07:25:57 --> [DEPRECATED] Creation of dynamic property App\Controllers\Lokasi::$ModelLokasi is deprecated in APPPATH\Controllers\Lokasi.php on line 11.
 1 SYSTEMPATH\CodeIgniter.php(921): App\Controllers\Lokasi->__construct()
 2 SYSTEMPATH\CodeIgniter.php(488): CodeIgniter\CodeIgniter->createController()
 3 SYSTEMPATH\CodeIgniter.php(340): CodeIgniter\CodeIgniter->handleRequest(null, Object(Config\Cache), false)
 4 SYSTEMPATH\Boot.php(417): CodeIgniter\CodeIgniter->run()
 5 SYSTEMPATH\Boot.php(68): CodeIgniter\Boot::runCodeIgniter(Object(CodeIgniter\CodeIgniter))
 6 FCPATH\index.php(59): CodeIgniter\Boot::bootWeb(Object(Config\Paths))
DEBUG - 2026-05-08 07:25:57 --> Session: Class initialized using 'CodeIgniter\Session\Handlers\FileHandler' driver.
WARNING - 2026-05-08 07:25:58 --> [DEPRECATED] Creation of dynamic property App\Controllers\Lokasi::$ModelLokasi is deprecated in APPPATH\Controllers\Lokasi.php on line 11.
 1 SYSTEMPATH\CodeIgniter.php(921): App\Controllers\Lokasi->__construct()
 2 SYSTEMPATH\CodeIgniter.php(488): CodeIgniter\CodeIgniter->createController()
 3 SYSTEMPATH\CodeIgniter.php(340): CodeIgniter\CodeIgniter->handleRequest(null, Object(Config\Cache), false)
 4 SYSTEMPATH\Boot.php(417): CodeIgniter\CodeIgniter->run()
 5 SYSTEMPATH\Boot.php(68): CodeIgniter\Boot::runCodeIgniter(Object(CodeIgniter\CodeIgniter))
 6 FCPATH\index.php(59): CodeIgniter\Boot::bootWeb(Object(Config\Paths))
DEBUG - 2026-05-08 07:25:58 --> Session: Class initialized using 'CodeIgniter\Session\Handlers\FileHandler' driver.
WARNING - 2026-05-08 07:27:26 --> [DEPRECATED] Creation of dynamic property App\Controllers\Lokasi::$ModelLokasi is deprecated in APPPATH\Controllers\Lokasi.php on line 11.
 1 SYSTEMPATH\CodeIgniter.php(921): App\Controllers\Lokasi->__construct()
 2 SYSTEMPATH\CodeIgniter.php(488): CodeIgniter\CodeIgniter->createController()
 3 SYSTEMPATH\CodeIgniter.php(340): CodeIgniter\CodeIgniter->handleRequest(null, Object(Config\Cache), false)
 4 SYSTEMPATH\Boot.php(417): CodeIgniter\CodeIgniter->run()
 5 SYSTEMPATH\Boot.php(68): CodeIgniter\Boot::runCodeIgniter(Object(CodeIgniter\CodeIgniter))
 6 FCPATH\index.php(59): CodeIgniter\Boot::bootWeb(Object(Config\Paths))
DEBUG - 2026-05-08 07:27:26 --> Session: Class initialized using 'CodeIgniter\Session\Handlers\FileHandler' driver.
WARNING - 2026-05-08 09:55:29 --> [DEPRECATED] Creation of dynamic property App\Controllers\Lokasi::$ModelLokasi is deprecated in APPPATH\Controllers\Lokasi.php on line 11.
 1 SYSTEMPATH\CodeIgniter.php(921): App\Controllers\Lokasi->__construct()
 2 SYSTEMPATH\CodeIgniter.php(488): CodeIgniter\CodeIgniter->createController()
 3 SYSTEMPATH\CodeIgniter.php(340): CodeIgniter\CodeIgniter->handleRequest(null, Object(Config\Cache), false)
 4 SYSTEMPATH\Boot.php(417): CodeIgniter\CodeIgniter->run()
 5 SYSTEMPATH\Boot.php(68): CodeIgniter\Boot::runCodeIgniter(Object(CodeIgniter\CodeIgniter))
 6 FCPATH\index.php(59): CodeIgniter\Boot::bootWeb(Object(Config\Paths))
DEBUG - 2026-05-08 09:55:29 --> Session: Class initialized using 'CodeIgniter\Session\Handlers\FileHandler' driver.
WARNING - 2026-05-08 09:55:34 --> [DEPRECATED] Creation of dynamic property App\Controllers\Lokasi::$ModelLokasi is deprecated in APPPATH\Controllers\Lokasi.php on line 11.
 1 SYSTEMPATH\CodeIgniter.php(921): App\Controllers\Lokasi->__construct()
 2 SYSTEMPATH\CodeIgniter.php(488): CodeIgniter\CodeIgniter->createController()
 3 SYSTEMPATH\CodeIgniter.php(340): CodeIgniter\CodeIgniter->handleRequest(null, Object(Config\Cache), false)
 4 SYSTEMPATH\Boot.php(417): CodeIgniter\CodeIgniter->run()
 5 SYSTEMPATH\Boot.php(68): CodeIgniter\Boot::runCodeIgniter(Object(CodeIgniter\CodeIgniter))
 6 FCPATH\index.php(59): CodeIgniter\Boot::bootWeb(Object(Config\Paths))
WARNING - 2026-05-08 09:56:49 --> [DEPRECATED] Creation of dynamic property App\Controllers\Lokasi::$ModelLokasi is deprecated in APPPATH\Controllers\Lokasi.php on line 11.
 1 SYSTEMPATH\CodeIgniter.php(921): App\Controllers\Lokasi->__construct()
 2 SYSTEMPATH\CodeIgniter.php(488): CodeIgniter\CodeIgniter->createController()
 3 SYSTEMPATH\CodeIgniter.php(340): CodeIgniter\CodeIgniter->handleRequest(null, Object(Config\Cache), false)
 4 SYSTEMPATH\Boot.php(417): CodeIgniter\CodeIgniter->run()
 5 SYSTEMPATH\Boot.php(68): CodeIgniter\Boot::runCodeIgniter(Object(CodeIgniter\CodeIgniter))
 6 FCPATH\index.php(59): CodeIgniter\Boot::bootWeb(Object(Config\Paths))
WARNING - 2026-05-08 09:56:51 --> [DEPRECATED] Creation of dynamic property App\Controllers\Lokasi::$ModelLokasi is deprecated in APPPATH\Controllers\Lokasi.php on line 11.
 1 SYSTEMPATH\CodeIgniter.php(921): App\Controllers\Lokasi->__construct()
 2 SYSTEMPATH\CodeIgniter.php(488): CodeIgniter\CodeIgniter->createController()
 3 SYSTEMPATH\CodeIgniter.php(340): CodeIgniter\CodeIgniter->handleRequest(null, Object(Config\Cache), false)
 4 SYSTEMPATH\Boot.php(417): CodeIgniter\CodeIgniter->run()
 5 SYSTEMPATH\Boot.php(68): CodeIgniter\Boot::runCodeIgniter(Object(CodeIgniter\CodeIgniter))
 6 FCPATH\index.php(59): CodeIgniter\Boot::bootWeb(Object(Config\Paths))
WARNING - 2026-05-08 09:56:52 --> [DEPRECATED] Creation of dynamic property App\Controllers\Lokasi::$ModelLokasi is deprecated in APPPATH\Controllers\Lokasi.php on line 11.
 1 SYSTEMPATH\CodeIgniter.php(921): App\Controllers\Lokasi->__construct()
 2 SYSTEMPATH\CodeIgniter.php(488): CodeIgniter\CodeIgniter->createController()
 3 SYSTEMPATH\CodeIgniter.php(340): CodeIgniter\CodeIgniter->handleRequest(null, Object(Config\Cache), false)
 4 SYSTEMPATH\Boot.php(417): CodeIgniter\CodeIgniter->run()
 5 SYSTEMPATH\Boot.php(68): CodeIgniter\Boot::runCodeIgniter(Object(CodeIgniter\CodeIgniter))
 6 FCPATH\index.php(59): CodeIgniter\Boot::bootWeb(Object(Config\Paths))
DEBUG - 2026-05-08 09:56:52 --> Session: Class initialized using 'CodeIgniter\Session\Handlers\FileHandler' driver.
WARNING - 2026-05-08 09:56:56 --> [DEPRECATED] Creation of dynamic property App\Controllers\Lokasi::$ModelLokasi is deprecated in APPPATH\Controllers\Lokasi.php on line 11.
 1 SYSTEMPATH\CodeIgniter.php(921): App\Controllers\Lokasi->__construct()
 2 SYSTEMPATH\CodeIgniter.php(488): CodeIgniter\CodeIgniter->createController()
 3 SYSTEMPATH\CodeIgniter.php(340): CodeIgniter\CodeIgniter->handleRequest(null, Object(Config\Cache), false)
 4 SYSTEMPATH\Boot.php(417): CodeIgniter\CodeIgniter->run()
 5 SYSTEMPATH\Boot.php(68): CodeIgniter\Boot::runCodeIgniter(Object(CodeIgniter\CodeIgniter))
 6 FCPATH\index.php(59): CodeIgniter\Boot::bootWeb(Object(Config\Paths))
CRITICAL - 2026-05-08 10:01:30 --> ParseError: syntax error, unexpected token ";", expecting "]"
[Method: GET, Route: Lokasi/pemetaanLokasi]
in APPPATH\Controllers\Lokasi.php on line 101.
 1 SYSTEMPATH\Router\Router.php(594): CodeIgniter\Router\AutoRouter->getRoute('Lokasi/pemetaanLokasi', 'GET')
 2 SYSTEMPATH\Router\Router.php(245): CodeIgniter\Router\Router->autoRoute('Lokasi/pemetaanLokasi')
 3 SYSTEMPATH\CodeIgniter.php(829): CodeIgniter\Router\Router->handle('Lokasi/pemetaanLokasi')
 4 SYSTEMPATH\CodeIgniter.php(441): CodeIgniter\CodeIgniter->tryToRouteIt(Object(CodeIgniter\Router\RouteCollection))
 5 SYSTEMPATH\CodeIgniter.php(340): CodeIgniter\CodeIgniter->handleRequest(null, Object(Config\Cache), false)
 6 SYSTEMPATH\Boot.php(417): CodeIgniter\CodeIgniter->run()
 7 SYSTEMPATH\Boot.php(68): CodeIgniter\Boot::runCodeIgniter(Object(CodeIgniter\CodeIgniter))
 8 FCPATH\index.php(59): CodeIgniter\Boot::bootWeb(Object(Config\Paths))
WARNING - 2026-05-08 10:01:51 --> [DEPRECATED] Creation of dynamic property App\Controllers\Lokasi::$ModelLokasi is deprecated in APPPATH\Controllers\Lokasi.php on line 11.
 1 SYSTEMPATH\CodeIgniter.php(921): App\Controllers\Lokasi->__construct()
 2 SYSTEMPATH\CodeIgniter.php(488): CodeIgniter\CodeIgniter->createController()
 3 SYSTEMPATH\CodeIgniter.php(340): CodeIgniter\CodeIgniter->handleRequest(null, Object(Config\Cache), false)
 4 SYSTEMPATH\Boot.php(417): CodeIgniter\CodeIgniter->run()
 5 SYSTEMPATH\Boot.php(68): CodeIgniter\Boot::runCodeIgniter(Object(CodeIgniter\CodeIgniter))
 6 FCPATH\index.php(59): CodeIgniter\Boot::bootWeb(Object(Config\Paths))
WARNING - 2026-05-08 10:08:13 --> [DEPRECATED] Creation of dynamic property App\Controllers\Lokasi::$ModelLokasi is deprecated in APPPATH\Controllers\Lokasi.php on line 11.
 1 SYSTEMPATH\CodeIgniter.php(921): App\Controllers\Lokasi->__construct()
 2 SYSTEMPATH\CodeIgniter.php(488): CodeIgniter\CodeIgniter->createController()
 3 SYSTEMPATH\CodeIgniter.php(340): CodeIgniter\CodeIgniter->handleRequest(null, Object(Config\Cache), false)
 4 SYSTEMPATH\Boot.php(417): CodeIgniter\CodeIgniter->run()
 5 SYSTEMPATH\Boot.php(68): CodeIgniter\Boot::runCodeIgniter(Object(CodeIgniter\CodeIgniter))
 6 FCPATH\index.php(59): CodeIgniter\Boot::bootWeb(Object(Config\Paths))
WARNING - 2026-05-08 10:08:53 --> [DEPRECATED] Creation of dynamic property App\Controllers\Lokasi::$ModelLokasi is deprecated in APPPATH\Controllers\Lokasi.php on line 11.
 1 SYSTEMPATH\CodeIgniter.php(921): App\Controllers\Lokasi->__construct()
 2 SYSTEMPATH\CodeIgniter.php(488): CodeIgniter\CodeIgniter->createController()
 3 SYSTEMPATH\CodeIgniter.php(340): CodeIgniter\CodeIgniter->handleRequest(null, Object(Config\Cache), false)
 4 SYSTEMPATH\Boot.php(417): CodeIgniter\CodeIgniter->run()
 5 SYSTEMPATH\Boot.php(68): CodeIgniter\Boot::runCodeIgniter(Object(CodeIgniter\CodeIgniter))
 6 FCPATH\index.php(59): CodeIgniter\Boot::bootWeb(Object(Config\Paths))
DEBUG - 2026-05-08 10:08:53 --> Session: Class initialized using 'CodeIgniter\Session\Handlers\FileHandler' driver.
WARNING - 2026-05-08 10:09:48 --> [DEPRECATED] Creation of dynamic property App\Controllers\Lokasi::$ModelLokasi is deprecated in APPPATH\Controllers\Lokasi.php on line 11.
 1 SYSTEMPATH\CodeIgniter.php(921): App\Controllers\Lokasi->__construct()
 2 SYSTEMPATH\CodeIgniter.php(488): CodeIgniter\CodeIgniter->createController()
 3 SYSTEMPATH\CodeIgniter.php(340): CodeIgniter\CodeIgniter->handleRequest(null, Object(Config\Cache), false)
 4 SYSTEMPATH\Boot.php(417): CodeIgniter\CodeIgniter->run()
 5 SYSTEMPATH\Boot.php(68): CodeIgniter\Boot::runCodeIgniter(Object(CodeIgniter\CodeIgniter))
 6 FCPATH\index.php(59): CodeIgniter\Boot::bootWeb(Object(Config\Paths))
DEBUG - 2026-05-08 10:09:48 --> Session: Class initialized using 'CodeIgniter\Session\Handlers\FileHandler' driver.
WARNING - 2026-05-08 10:09:48 --> [DEPRECATED] Creation of dynamic property App\Controllers\Lokasi::$ModelLokasi is deprecated in APPPATH\Controllers\Lokasi.php on line 11.
 1 SYSTEMPATH\CodeIgniter.php(921): App\Controllers\Lokasi->__construct()
 2 SYSTEMPATH\CodeIgniter.php(488): CodeIgniter\CodeIgniter->createController()
 3 SYSTEMPATH\CodeIgniter.php(340): CodeIgniter\CodeIgniter->handleRequest(null, Object(Config\Cache), false)
 4 SYSTEMPATH\Boot.php(417): CodeIgniter\CodeIgniter->run()
 5 SYSTEMPATH\Boot.php(68): CodeIgniter\Boot::runCodeIgniter(Object(CodeIgniter\CodeIgniter))
 6 FCPATH\index.php(59): CodeIgniter\Boot::bootWeb(Object(Config\Paths))
DEBUG - 2026-05-08 10:09:48 --> Session: Class initialized using 'CodeIgniter\Session\Handlers\FileHandler' driver.
WARNING - 2026-05-08 10:09:54 --> [DEPRECATED] Creation of dynamic property App\Controllers\Lokasi::$ModelLokasi is deprecated in APPPATH\Controllers\Lokasi.php on line 11.
 1 SYSTEMPATH\CodeIgniter.php(921): App\Controllers\Lokasi->__construct()
 2 SYSTEMPATH\CodeIgniter.php(488): CodeIgniter\CodeIgniter->createController()
 3 SYSTEMPATH\CodeIgniter.php(340): CodeIgniter\CodeIgniter->handleRequest(null, Object(Config\Cache), false)
 4 SYSTEMPATH\Boot.php(417): CodeIgniter\CodeIgniter->run()
 5 SYSTEMPATH\Boot.php(68): CodeIgniter\Boot::runCodeIgniter(Object(CodeIgniter\CodeIgniter))
 6 FCPATH\index.php(59): CodeIgniter\Boot::bootWeb(Object(Config\Paths))
WARNING - 2026-05-08 10:11:59 --> [DEPRECATED] Creation of dynamic property App\Controllers\Lokasi::$ModelLokasi is deprecated in APPPATH\Controllers\Lokasi.php on line 11.
 1 SYSTEMPATH\CodeIgniter.php(921): App\Controllers\Lokasi->__construct()
 2 SYSTEMPATH\CodeIgniter.php(488): CodeIgniter\CodeIgniter->createController()
 3 SYSTEMPATH\CodeIgniter.php(340): CodeIgniter\CodeIgniter->handleRequest(null, Object(Config\Cache), false)
 4 SYSTEMPATH\Boot.php(417): CodeIgniter\CodeIgniter->run()
 5 SYSTEMPATH\Boot.php(68): CodeIgniter\Boot::runCodeIgniter(Object(CodeIgniter\CodeIgniter))
 6 FCPATH\index.php(59): CodeIgniter\Boot::bootWeb(Object(Config\Paths))
WARNING - 2026-05-08 10:14:06 --> [DEPRECATED] Creation of dynamic property App\Controllers\Lokasi::$ModelLokasi is deprecated in APPPATH\Controllers\Lokasi.php on line 11.
 1 SYSTEMPATH\CodeIgniter.php(921): App\Controllers\Lokasi->__construct()
 2 SYSTEMPATH\CodeIgniter.php(488): CodeIgniter\CodeIgniter->createController()
 3 SYSTEMPATH\CodeIgniter.php(340): CodeIgniter\CodeIgniter->handleRequest(null, Object(Config\Cache), false)
 4 SYSTEMPATH\Boot.php(417): CodeIgniter\CodeIgniter->run()
 5 SYSTEMPATH\Boot.php(68): CodeIgniter\Boot::runCodeIgniter(Object(CodeIgniter\CodeIgniter))
 6 FCPATH\index.php(59): CodeIgniter\Boot::bootWeb(Object(Config\Paths))
WARNING - 2026-05-08 10:14:35 --> [DEPRECATED] Creation of dynamic property App\Controllers\Lokasi::$ModelLokasi is deprecated in APPPATH\Controllers\Lokasi.php on line 11.
 1 SYSTEMPATH\CodeIgniter.php(921): App\Controllers\Lokasi->__construct()
 2 SYSTEMPATH\CodeIgniter.php(488): CodeIgniter\CodeIgniter->createController()
 3 SYSTEMPATH\CodeIgniter.php(340): CodeIgniter\CodeIgniter->handleRequest(null, Object(Config\Cache), false)
 4 SYSTEMPATH\Boot.php(417): CodeIgniter\CodeIgniter->run()
 5 SYSTEMPATH\Boot.php(68): CodeIgniter\Boot::runCodeIgniter(Object(CodeIgniter\CodeIgniter))
 6 FCPATH\index.php(59): CodeIgniter\Boot::bootWeb(Object(Config\Paths))
WARNING - 2026-05-08 10:17:11 --> [DEPRECATED] Creation of dynamic property App\Controllers\Lokasi::$ModelLokasi is deprecated in APPPATH\Controllers\Lokasi.php on line 11.
 1 SYSTEMPATH\CodeIgniter.php(921): App\Controllers\Lokasi->__construct()
 2 SYSTEMPATH\CodeIgniter.php(488): CodeIgniter\CodeIgniter->createController()
 3 SYSTEMPATH\CodeIgniter.php(340): CodeIgniter\CodeIgniter->handleRequest(null, Object(Config\Cache), false)
 4 SYSTEMPATH\Boot.php(417): CodeIgniter\CodeIgniter->run()
 5 SYSTEMPATH\Boot.php(68): CodeIgniter\Boot::runCodeIgniter(Object(CodeIgniter\CodeIgniter))
 6 FCPATH\index.php(59): CodeIgniter\Boot::bootWeb(Object(Config\Paths))
WARNING - 2026-05-08 10:18:01 --> [DEPRECATED] Creation of dynamic property App\Controllers\Lokasi::$ModelLokasi is deprecated in APPPATH\Controllers\Lokasi.php on line 11.
 1 SYSTEMPATH\CodeIgniter.php(921): App\Controllers\Lokasi->__construct()
 2 SYSTEMPATH\CodeIgniter.php(488): CodeIgniter\CodeIgniter->createController()
 3 SYSTEMPATH\CodeIgniter.php(340): CodeIgniter\CodeIgniter->handleRequest(null, Object(Config\Cache), false)
 4 SYSTEMPATH\Boot.php(417): CodeIgniter\CodeIgniter->run()
 5 SYSTEMPATH\Boot.php(68): CodeIgniter\Boot::runCodeIgniter(Object(CodeIgniter\CodeIgniter))
 6 FCPATH\index.php(59): CodeIgniter\Boot::bootWeb(Object(Config\Paths))
WARNING - 2026-05-08 10:46:13 --> [DEPRECATED] Creation of dynamic property App\Controllers\Lokasi::$ModelLokasi is deprecated in APPPATH\Controllers\Lokasi.php on line 11.
 1 SYSTEMPATH\CodeIgniter.php(921): App\Controllers\Lokasi->__construct()
 2 SYSTEMPATH\CodeIgniter.php(488): CodeIgniter\CodeIgniter->createController()
 3 SYSTEMPATH\CodeIgniter.php(340): CodeIgniter\CodeIgniter->handleRequest(null, Object(Config\Cache), false)
 4 SYSTEMPATH\Boot.php(417): CodeIgniter\CodeIgniter->run()
 5 SYSTEMPATH\Boot.php(68): CodeIgniter\Boot::runCodeIgniter(Object(CodeIgniter\CodeIgniter))
 6 FCPATH\index.php(59): CodeIgniter\Boot::bootWeb(Object(Config\Paths))
WARNING - 2026-05-08 10:46:42 --> [DEPRECATED] Creation of dynamic property App\Controllers\Lokasi::$ModelLokasi is deprecated in APPPATH\Controllers\Lokasi.php on line 11.
 1 SYSTEMPATH\CodeIgniter.php(921): App\Controllers\Lokasi->__construct()
 2 SYSTEMPATH\CodeIgniter.php(488): CodeIgniter\CodeIgniter->createController()
 3 SYSTEMPATH\CodeIgniter.php(340): CodeIgniter\CodeIgniter->handleRequest(null, Object(Config\Cache), false)
 4 SYSTEMPATH\Boot.php(417): CodeIgniter\CodeIgniter->run()
 5 SYSTEMPATH\Boot.php(68): CodeIgniter\Boot::runCodeIgniter(Object(CodeIgniter\CodeIgniter))
 6 FCPATH\index.php(59): CodeIgniter\Boot::bootWeb(Object(Config\Paths))
WARNING - 2026-05-08 10:46:57 --> [DEPRECATED] Creation of dynamic property App\Controllers\Lokasi::$ModelLokasi is deprecated in APPPATH\Controllers\Lokasi.php on line 11.
 1 SYSTEMPATH\CodeIgniter.php(921): App\Controllers\Lokasi->__construct()
 2 SYSTEMPATH\CodeIgniter.php(488): CodeIgniter\CodeIgniter->createController()
 3 SYSTEMPATH\CodeIgniter.php(340): CodeIgniter\CodeIgniter->handleRequest(null, Object(Config\Cache), false)
 4 SYSTEMPATH\Boot.php(417): CodeIgniter\CodeIgniter->run()
 5 SYSTEMPATH\Boot.php(68): CodeIgniter\Boot::runCodeIgniter(Object(CodeIgniter\CodeIgniter))
 6 FCPATH\index.php(59): CodeIgniter\Boot::bootWeb(Object(Config\Paths))
WARNING - 2026-05-08 10:47:14 --> [DEPRECATED] Creation of dynamic property App\Controllers\Lokasi::$ModelLokasi is deprecated in APPPATH\Controllers\Lokasi.php on line 11.
 1 SYSTEMPATH\CodeIgniter.php(921): App\Controllers\Lokasi->__construct()
 2 SYSTEMPATH\CodeIgniter.php(488): CodeIgniter\CodeIgniter->createController()
 3 SYSTEMPATH\CodeIgniter.php(340): CodeIgniter\CodeIgniter->handleRequest(null, Object(Config\Cache), false)
 4 SYSTEMPATH\Boot.php(417): CodeIgniter\CodeIgniter->run()
 5 SYSTEMPATH\Boot.php(68): CodeIgniter\Boot::runCodeIgniter(Object(CodeIgniter\CodeIgniter))
 6 FCPATH\index.php(59): CodeIgniter\Boot::bootWeb(Object(Config\Paths))
WARNING - 2026-05-08 10:49:13 --> [DEPRECATED] Creation of dynamic property App\Controllers\Lokasi::$ModelLokasi is deprecated in APPPATH\Controllers\Lokasi.php on line 11.
 1 SYSTEMPATH\CodeIgniter.php(921): App\Controllers\Lokasi->__construct()
 2 SYSTEMPATH\CodeIgniter.php(488): CodeIgniter\CodeIgniter->createController()
 3 SYSTEMPATH\CodeIgniter.php(340): CodeIgniter\CodeIgniter->handleRequest(null, Object(Config\Cache), false)
 4 SYSTEMPATH\Boot.php(417): CodeIgniter\CodeIgniter->run()
 5 SYSTEMPATH\Boot.php(68): CodeIgniter\Boot::runCodeIgniter(Object(CodeIgniter\CodeIgniter))
 6 FCPATH\index.php(59): CodeIgniter\Boot::bootWeb(Object(Config\Paths))
WARNING - 2026-05-08 10:49:19 --> [DEPRECATED] Creation of dynamic property App\Controllers\Lokasi::$ModelLokasi is deprecated in APPPATH\Controllers\Lokasi.php on line 11.
 1 SYSTEMPATH\CodeIgniter.php(921): App\Controllers\Lokasi->__construct()
 2 SYSTEMPATH\CodeIgniter.php(488): CodeIgniter\CodeIgniter->createController()
 3 SYSTEMPATH\CodeIgniter.php(340): CodeIgniter\CodeIgniter->handleRequest(null, Object(Config\Cache), false)
 4 SYSTEMPATH\Boot.php(417): CodeIgniter\CodeIgniter->run()
 5 SYSTEMPATH\Boot.php(68): CodeIgniter\Boot::runCodeIgniter(Object(CodeIgniter\CodeIgniter))
 6 FCPATH\index.php(59): CodeIgniter\Boot::bootWeb(Object(Config\Paths))
CRITICAL - 2026-05-08 10:49:19 --> CodeIgniter\View\Exceptions\ViewException: Invalid file: "v_data_lokasi.php"
[Method: GET, Route: Lokasi/index]
in SYSTEMPATH\Exceptions\FrameworkException.php on line 39.
 1 SYSTEMPATH\View\View.php(228): CodeIgniter\Exceptions\FrameworkException::forInvalidFile('v_data_lokasi.php')
 2 SYSTEMPATH\Common.php(1250): CodeIgniter\View\View->render('v_data_lokasi', [], true)
 3 APPPATH\Views\v_template.php(161): view('v_data_lokasi')
 4 SYSTEMPATH\View\View.php(240): include('C:\\xampp\\htdocs\\demo-webgisci4\\app\\Views\\v_template.php')
 5 SYSTEMPATH\View\View.php(243): CodeIgniter\View\View->CodeIgniter\View\{closure}()
 6 SYSTEMPATH\Common.php(1250): CodeIgniter\View\View->render('v_template', [], true)
 7 APPPATH\Controllers\Lokasi.php(20): view('v_template', [...])
 8 SYSTEMPATH\CodeIgniter.php(951): App\Controllers\Lokasi->index()
 9 SYSTEMPATH\CodeIgniter.php(497): CodeIgniter\CodeIgniter->runController(Object(App\Controllers\Lokasi))
10 SYSTEMPATH\CodeIgniter.php(340): CodeIgniter\CodeIgniter->handleRequest(null, Object(Config\Cache), false)
11 SYSTEMPATH\Boot.php(417): CodeIgniter\CodeIgniter->run()
12 SYSTEMPATH\Boot.php(68): CodeIgniter\Boot::runCodeIgniter(Object(CodeIgniter\CodeIgniter))
13 FCPATH\index.php(59): CodeIgniter\Boot::bootWeb(Object(Config\Paths))
WARNING - 2026-05-08 10:50:33 --> [DEPRECATED] Creation of dynamic property App\Controllers\Lokasi::$ModelLokasi is deprecated in APPPATH\Controllers\Lokasi.php on line 11.
 1 SYSTEMPATH\CodeIgniter.php(921): App\Controllers\Lokasi->__construct()
 2 SYSTEMPATH\CodeIgniter.php(488): CodeIgniter\CodeIgniter->createController()
 3 SYSTEMPATH\CodeIgniter.php(340): CodeIgniter\CodeIgniter->handleRequest(null, Object(Config\Cache), false)
 4 SYSTEMPATH\Boot.php(417): CodeIgniter\CodeIgniter->run()
 5 SYSTEMPATH\Boot.php(68): CodeIgniter\Boot::runCodeIgniter(Object(CodeIgniter\CodeIgniter))
 6 FCPATH\index.php(59): CodeIgniter\Boot::bootWeb(Object(Config\Paths))
CRITICAL - 2026-05-08 10:50:33 --> CodeIgniter\View\Exceptions\ViewException: Invalid file: "lokasi/v_data_lokasi.php"
[Method: GET, Route: Lokasi/index]
in SYSTEMPATH\Exceptions\FrameworkException.php on line 39.
 1 SYSTEMPATH\View\View.php(228): CodeIgniter\Exceptions\FrameworkException::forInvalidFile('lokasi/v_data_lokasi.php')
 2 SYSTEMPATH\Common.php(1250): CodeIgniter\View\View->render('lokasi/v_data_lokasi', [], true)
 3 APPPATH\Views\v_template.php(161): view('lokasi/v_data_lokasi')
 4 SYSTEMPATH\View\View.php(240): include('C:\\xampp\\htdocs\\demo-webgisci4\\app\\Views\\v_template.php')
 5 SYSTEMPATH\View\View.php(243): CodeIgniter\View\View->CodeIgniter\View\{closure}()
 6 SYSTEMPATH\Common.php(1250): CodeIgniter\View\View->render('v_template', [], true)
 7 APPPATH\Controllers\Lokasi.php(20): view('v_template', [...])
 8 SYSTEMPATH\CodeIgniter.php(951): App\Controllers\Lokasi->index()
 9 SYSTEMPATH\CodeIgniter.php(497): CodeIgniter\CodeIgniter->runController(Object(App\Controllers\Lokasi))
10 SYSTEMPATH\CodeIgniter.php(340): CodeIgniter\CodeIgniter->handleRequest(null, Object(Config\Cache), false)
11 SYSTEMPATH\Boot.php(417): CodeIgniter\CodeIgniter->run()
12 SYSTEMPATH\Boot.php(68): CodeIgniter\Boot::runCodeIgniter(Object(CodeIgniter\CodeIgniter))
13 FCPATH\index.php(59): CodeIgniter\Boot::bootWeb(Object(Config\Paths))
WARNING - 2026-05-08 10:50:35 --> [DEPRECATED] Creation of dynamic property App\Controllers\Lokasi::$ModelLokasi is deprecated in APPPATH\Controllers\Lokasi.php on line 11.
 1 SYSTEMPATH\CodeIgniter.php(921): App\Controllers\Lokasi->__construct()
 2 SYSTEMPATH\CodeIgniter.php(488): CodeIgniter\CodeIgniter->createController()
 3 SYSTEMPATH\CodeIgniter.php(340): CodeIgniter\CodeIgniter->handleRequest(null, Object(Config\Cache), false)
 4 SYSTEMPATH\Boot.php(417): CodeIgniter\CodeIgniter->run()
 5 SYSTEMPATH\Boot.php(68): CodeIgniter\Boot::runCodeIgniter(Object(CodeIgniter\CodeIgniter))
 6 FCPATH\index.php(59): CodeIgniter\Boot::bootWeb(Object(Config\Paths))
WARNING - 2026-05-08 10:50:39 --> [DEPRECATED] Creation of dynamic property App\Controllers\Lokasi::$ModelLokasi is deprecated in APPPATH\Controllers\Lokasi.php on line 11.
 1 SYSTEMPATH\CodeIgniter.php(921): App\Controllers\Lokasi->__construct()
 2 SYSTEMPATH\CodeIgniter.php(488): CodeIgniter\CodeIgniter->createController()
 3 SYSTEMPATH\CodeIgniter.php(340): CodeIgniter\CodeIgniter->handleRequest(null, Object(Config\Cache), false)
 4 SYSTEMPATH\Boot.php(417): CodeIgniter\CodeIgniter->run()
 5 SYSTEMPATH\Boot.php(68): CodeIgniter\Boot::runCodeIgniter(Object(CodeIgniter\CodeIgniter))
 6 FCPATH\index.php(59): CodeIgniter\Boot::bootWeb(Object(Config\Paths))
CRITICAL - 2026-05-08 10:50:40 --> CodeIgniter\View\Exceptions\ViewException: Invalid file: "lokasi/v_data_lokasi.php"
[Method: GET, Route: Lokasi/index]
in SYSTEMPATH\Exceptions\FrameworkException.php on line 39.
 1 SYSTEMPATH\View\View.php(228): CodeIgniter\Exceptions\FrameworkException::forInvalidFile('lokasi/v_data_lokasi.php')
 2 SYSTEMPATH\Common.php(1250): CodeIgniter\View\View->render('lokasi/v_data_lokasi', [], true)
 3 APPPATH\Views\v_template.php(161): view('lokasi/v_data_lokasi')
 4 SYSTEMPATH\View\View.php(240): include('C:\\xampp\\htdocs\\demo-webgisci4\\app\\Views\\v_template.php')
 5 SYSTEMPATH\View\View.php(243): CodeIgniter\View\View->CodeIgniter\View\{closure}()
 6 SYSTEMPATH\Common.php(1250): CodeIgniter\View\View->render('v_template', [], true)
 7 APPPATH\Controllers\Lokasi.php(20): view('v_template', [...])
 8 SYSTEMPATH\CodeIgniter.php(951): App\Controllers\Lokasi->index()
 9 SYSTEMPATH\CodeIgniter.php(497): CodeIgniter\CodeIgniter->runController(Object(App\Controllers\Lokasi))
10 SYSTEMPATH\CodeIgniter.php(340): CodeIgniter\CodeIgniter->handleRequest(null, Object(Config\Cache), false)
11 SYSTEMPATH\Boot.php(417): CodeIgniter\CodeIgniter->run()
12 SYSTEMPATH\Boot.php(68): CodeIgniter\Boot::runCodeIgniter(Object(CodeIgniter\CodeIgniter))
13 FCPATH\index.php(59): CodeIgniter\Boot::bootWeb(Object(Config\Paths))
WARNING - 2026-05-08 10:53:08 --> [DEPRECATED] Creation of dynamic property App\Controllers\Lokasi::$ModelLokasi is deprecated in APPPATH\Controllers\Lokasi.php on line 11.
 1 SYSTEMPATH\CodeIgniter.php(921): App\Controllers\Lokasi->__construct()
 2 SYSTEMPATH\CodeIgniter.php(488): CodeIgniter\CodeIgniter->createController()
 3 SYSTEMPATH\CodeIgniter.php(340): CodeIgniter\CodeIgniter->handleRequest(null, Object(Config\Cache), false)
 4 SYSTEMPATH\Boot.php(417): CodeIgniter\CodeIgniter->run()
 5 SYSTEMPATH\Boot.php(68): CodeIgniter\Boot::runCodeIgniter(Object(CodeIgniter\CodeIgniter))
 6 FCPATH\index.php(59): CodeIgniter\Boot::bootWeb(Object(Config\Paths))
WARNING - 2026-05-08 10:54:58 --> [DEPRECATED] Creation of dynamic property App\Controllers\Lokasi::$ModelLokasi is deprecated in APPPATH\Controllers\Lokasi.php on line 11.
 1 SYSTEMPATH\CodeIgniter.php(921): App\Controllers\Lokasi->__construct()
 2 SYSTEMPATH\CodeIgniter.php(488): CodeIgniter\CodeIgniter->createController()
 3 SYSTEMPATH\CodeIgniter.php(340): CodeIgniter\CodeIgniter->handleRequest(null, Object(Config\Cache), false)
 4 SYSTEMPATH\Boot.php(417): CodeIgniter\CodeIgniter->run()
 5 SYSTEMPATH\Boot.php(68): CodeIgniter\Boot::runCodeIgniter(Object(CodeIgniter\CodeIgniter))
 6 FCPATH\index.php(59): CodeIgniter\Boot::bootWeb(Object(Config\Paths))
CRITICAL - 2026-05-08 10:54:58 --> CodeIgniter\View\Exceptions\ViewException: Invalid file: "v_data_lokasi.php"
[Method: GET, Route: Lokasi/index]
in SYSTEMPATH\Exceptions\FrameworkException.php on line 39.
 1 SYSTEMPATH\View\View.php(228): CodeIgniter\Exceptions\FrameworkException::forInvalidFile('v_data_lokasi.php')
 2 SYSTEMPATH\Common.php(1250): CodeIgniter\View\View->render('v_data_lokasi', [], true)
 3 APPPATH\Views\v_template.php(161): view('v_data_lokasi')
 4 SYSTEMPATH\View\View.php(240): include('C:\\xampp\\htdocs\\demo-webgisci4\\app\\Views\\v_template.php')
 5 SYSTEMPATH\View\View.php(243): CodeIgniter\View\View->CodeIgniter\View\{closure}()
 6 SYSTEMPATH\Common.php(1250): CodeIgniter\View\View->render('v_template', [], true)
 7 APPPATH\Controllers\Lokasi.php(20): view('v_template', [...])
 8 SYSTEMPATH\CodeIgniter.php(951): App\Controllers\Lokasi->index()
 9 SYSTEMPATH\CodeIgniter.php(497): CodeIgniter\CodeIgniter->runController(Object(App\Controllers\Lokasi))
10 SYSTEMPATH\CodeIgniter.php(340): CodeIgniter\CodeIgniter->handleRequest(null, Object(Config\Cache), false)
11 SYSTEMPATH\Boot.php(417): CodeIgniter\CodeIgniter->run()
12 SYSTEMPATH\Boot.php(68): CodeIgniter\Boot::runCodeIgniter(Object(CodeIgniter\CodeIgniter))
13 FCPATH\index.php(59): CodeIgniter\Boot::bootWeb(Object(Config\Paths))
WARNING - 2026-05-08 10:55:30 --> [DEPRECATED] Creation of dynamic property App\Controllers\Lokasi::$ModelLokasi is deprecated in APPPATH\Controllers\Lokasi.php on line 11.
 1 SYSTEMPATH\CodeIgniter.php(921): App\Controllers\Lokasi->__construct()
 2 SYSTEMPATH\CodeIgniter.php(488): CodeIgniter\CodeIgniter->createController()
 3 SYSTEMPATH\CodeIgniter.php(340): CodeIgniter\CodeIgniter->handleRequest(null, Object(Config\Cache), false)
 4 SYSTEMPATH\Boot.php(417): CodeIgniter\CodeIgniter->run()
 5 SYSTEMPATH\Boot.php(68): CodeIgniter\Boot::runCodeIgniter(Object(CodeIgniter\CodeIgniter))
 6 FCPATH\index.php(59): CodeIgniter\Boot::bootWeb(Object(Config\Paths))
CRITICAL - 2026-05-08 10:55:30 --> CodeIgniter\View\Exceptions\ViewException: Invalid file: "v_data_lokasi.php"
[Method: GET, Route: Lokasi/index]
in SYSTEMPATH\Exceptions\FrameworkException.php on line 39.
 1 SYSTEMPATH\View\View.php(228): CodeIgniter\Exceptions\FrameworkException::forInvalidFile('v_data_lokasi.php')
 2 SYSTEMPATH\Common.php(1250): CodeIgniter\View\View->render('v_data_lokasi', [], true)
 3 APPPATH\Views\v_template.php(161): view('v_data_lokasi')
 4 SYSTEMPATH\View\View.php(240): include('C:\\xampp\\htdocs\\demo-webgisci4\\app\\Views\\v_template.php')
 5 SYSTEMPATH\View\View.php(243): CodeIgniter\View\View->CodeIgniter\View\{closure}()
 6 SYSTEMPATH\Common.php(1250): CodeIgniter\View\View->render('v_template', [], true)
 7 APPPATH\Controllers\Lokasi.php(20): view('v_template', [...])
 8 SYSTEMPATH\CodeIgniter.php(951): App\Controllers\Lokasi->index()
 9 SYSTEMPATH\CodeIgniter.php(497): CodeIgniter\CodeIgniter->runController(Object(App\Controllers\Lokasi))
10 SYSTEMPATH\CodeIgniter.php(340): CodeIgniter\CodeIgniter->handleRequest(null, Object(Config\Cache), false)
11 SYSTEMPATH\Boot.php(417): CodeIgniter\CodeIgniter->run()
12 SYSTEMPATH\Boot.php(68): CodeIgniter\Boot::runCodeIgniter(Object(CodeIgniter\CodeIgniter))
13 FCPATH\index.php(59): CodeIgniter\Boot::bootWeb(Object(Config\Paths))
WARNING - 2026-05-08 10:55:32 --> [DEPRECATED] Creation of dynamic property App\Controllers\Lokasi::$ModelLokasi is deprecated in APPPATH\Controllers\Lokasi.php on line 11.
 1 SYSTEMPATH\CodeIgniter.php(921): App\Controllers\Lokasi->__construct()
 2 SYSTEMPATH\CodeIgniter.php(488): CodeIgniter\CodeIgniter->createController()
 3 SYSTEMPATH\CodeIgniter.php(340): CodeIgniter\CodeIgniter->handleRequest(null, Object(Config\Cache), false)
 4 SYSTEMPATH\Boot.php(417): CodeIgniter\CodeIgniter->run()
 5 SYSTEMPATH\Boot.php(68): CodeIgniter\Boot::runCodeIgniter(Object(CodeIgniter\CodeIgniter))
 6 FCPATH\index.php(59): CodeIgniter\Boot::bootWeb(Object(Config\Paths))
CRITICAL - 2026-05-08 10:55:32 --> CodeIgniter\View\Exceptions\ViewException: Invalid file: "v_data_lokasi.php"
[Method: GET, Route: Lokasi/index]
in SYSTEMPATH\Exceptions\FrameworkException.php on line 39.
 1 SYSTEMPATH\View\View.php(228): CodeIgniter\Exceptions\FrameworkException::forInvalidFile('v_data_lokasi.php')
 2 SYSTEMPATH\Common.php(1250): CodeIgniter\View\View->render('v_data_lokasi', [], true)
 3 APPPATH\Views\v_template.php(161): view('v_data_lokasi')
 4 SYSTEMPATH\View\View.php(240): include('C:\\xampp\\htdocs\\demo-webgisci4\\app\\Views\\v_template.php')
 5 SYSTEMPATH\View\View.php(243): CodeIgniter\View\View->CodeIgniter\View\{closure}()
 6 SYSTEMPATH\Common.php(1250): CodeIgniter\View\View->render('v_template', [], true)
 7 APPPATH\Controllers\Lokasi.php(20): view('v_template', [...])
 8 SYSTEMPATH\CodeIgniter.php(951): App\Controllers\Lokasi->index()
 9 SYSTEMPATH\CodeIgniter.php(497): CodeIgniter\CodeIgniter->runController(Object(App\Controllers\Lokasi))
10 SYSTEMPATH\CodeIgniter.php(340): CodeIgniter\CodeIgniter->handleRequest(null, Object(Config\Cache), false)
11 SYSTEMPATH\Boot.php(417): CodeIgniter\CodeIgniter->run()
12 SYSTEMPATH\Boot.php(68): CodeIgniter\Boot::runCodeIgniter(Object(CodeIgniter\CodeIgniter))
13 FCPATH\index.php(59): CodeIgniter\Boot::bootWeb(Object(Config\Paths))
WARNING - 2026-05-08 10:55:34 --> [DEPRECATED] Creation of dynamic property App\Controllers\Lokasi::$ModelLokasi is deprecated in APPPATH\Controllers\Lokasi.php on line 11.
 1 SYSTEMPATH\CodeIgniter.php(921): App\Controllers\Lokasi->__construct()
 2 SYSTEMPATH\CodeIgniter.php(488): CodeIgniter\CodeIgniter->createController()
 3 SYSTEMPATH\CodeIgniter.php(340): CodeIgniter\CodeIgniter->handleRequest(null, Object(Config\Cache), false)
 4 SYSTEMPATH\Boot.php(417): CodeIgniter\CodeIgniter->run()
 5 SYSTEMPATH\Boot.php(68): CodeIgniter\Boot::runCodeIgniter(Object(CodeIgniter\CodeIgniter))
 6 FCPATH\index.php(59): CodeIgniter\Boot::bootWeb(Object(Config\Paths))
WARNING - 2026-05-08 10:55:38 --> [DEPRECATED] Creation of dynamic property App\Controllers\Lokasi::$ModelLokasi is deprecated in APPPATH\Controllers\Lokasi.php on line 11.
 1 SYSTEMPATH\CodeIgniter.php(921): App\Controllers\Lokasi->__construct()
 2 SYSTEMPATH\CodeIgniter.php(488): CodeIgniter\CodeIgniter->createController()
 3 SYSTEMPATH\CodeIgniter.php(340): CodeIgniter\CodeIgniter->handleRequest(null, Object(Config\Cache), false)
 4 SYSTEMPATH\Boot.php(417): CodeIgniter\CodeIgniter->run()
 5 SYSTEMPATH\Boot.php(68): CodeIgniter\Boot::runCodeIgniter(Object(CodeIgniter\CodeIgniter))
 6 FCPATH\index.php(59): CodeIgniter\Boot::bootWeb(Object(Config\Paths))
CRITICAL - 2026-05-08 10:55:38 --> CodeIgniter\View\Exceptions\ViewException: Invalid file: "lokasi/v_data_lokasii.php"
[Method: GET, Route: Lokasi/dataLokasi]
in SYSTEMPATH\Exceptions\FrameworkException.php on line 39.
 1 SYSTEMPATH\View\View.php(228): CodeIgniter\Exceptions\FrameworkException::forInvalidFile('lokasi/v_data_lokasii.php')
 2 SYSTEMPATH\Common.php(1250): CodeIgniter\View\View->render('lokasi/v_data_lokasii', [], true)
 3 APPPATH\Views\v_template.php(161): view('lokasi/v_data_lokasii')
 4 SYSTEMPATH\View\View.php(240): include('C:\\xampp\\htdocs\\demo-webgisci4\\app\\Views\\v_template.php')
 5 SYSTEMPATH\View\View.php(243): CodeIgniter\View\View->CodeIgniter\View\{closure}()
 6 SYSTEMPATH\Common.php(1250): CodeIgniter\View\View->render('v_template', [], true)
 7 APPPATH\Controllers\Lokasi.php(112): view('v_template', [...])
 8 SYSTEMPATH\CodeIgniter.php(951): App\Controllers\Lokasi->dataLokasi()
 9 SYSTEMPATH\CodeIgniter.php(497): CodeIgniter\CodeIgniter->runController(Object(App\Controllers\Lokasi))
10 SYSTEMPATH\CodeIgniter.php(340): CodeIgniter\CodeIgniter->handleRequest(null, Object(Config\Cache), false)
11 SYSTEMPATH\Boot.php(417): CodeIgniter\CodeIgniter->run()
12 SYSTEMPATH\Boot.php(68): CodeIgniter\Boot::runCodeIgniter(Object(CodeIgniter\CodeIgniter))
13 FCPATH\index.php(59): CodeIgniter\Boot::bootWeb(Object(Config\Paths))
WARNING - 2026-05-08 10:56:58 --> [DEPRECATED] Creation of dynamic property App\Controllers\Lokasi::$ModelLokasi is deprecated in APPPATH\Controllers\Lokasi.php on line 11.
 1 SYSTEMPATH\CodeIgniter.php(921): App\Controllers\Lokasi->__construct()
 2 SYSTEMPATH\CodeIgniter.php(488): CodeIgniter\CodeIgniter->createController()
 3 SYSTEMPATH\CodeIgniter.php(340): CodeIgniter\CodeIgniter->handleRequest(null, Object(Config\Cache), false)
 4 SYSTEMPATH\Boot.php(417): CodeIgniter\CodeIgniter->run()
 5 SYSTEMPATH\Boot.php(68): CodeIgniter\Boot::runCodeIgniter(Object(CodeIgniter\CodeIgniter))
 6 FCPATH\index.php(59): CodeIgniter\Boot::bootWeb(Object(Config\Paths))
WARNING - 2026-05-08 10:59:32 --> [DEPRECATED] Creation of dynamic property App\Controllers\Lokasi::$ModelLokasi is deprecated in APPPATH\Controllers\Lokasi.php on line 11.
 1 SYSTEMPATH\CodeIgniter.php(921): App\Controllers\Lokasi->__construct()
 2 SYSTEMPATH\CodeIgniter.php(488): CodeIgniter\CodeIgniter->createController()
 3 SYSTEMPATH\CodeIgniter.php(340): CodeIgniter\CodeIgniter->handleRequest(null, Object(Config\Cache), false)
 4 SYSTEMPATH\Boot.php(417): CodeIgniter\CodeIgniter->run()
 5 SYSTEMPATH\Boot.php(68): CodeIgniter\Boot::runCodeIgniter(Object(CodeIgniter\CodeIgniter))
 6 FCPATH\index.php(59): CodeIgniter\Boot::bootWeb(Object(Config\Paths))
WARNING - 2026-05-08 11:02:33 --> [DEPRECATED] Creation of dynamic property App\Controllers\Lokasi::$ModelLokasi is deprecated in APPPATH\Controllers\Lokasi.php on line 11.
 1 SYSTEMPATH\CodeIgniter.php(921): App\Controllers\Lokasi->__construct()
 2 SYSTEMPATH\CodeIgniter.php(488): CodeIgniter\CodeIgniter->createController()
 3 SYSTEMPATH\CodeIgniter.php(340): CodeIgniter\CodeIgniter->handleRequest(null, Object(Config\Cache), false)
 4 SYSTEMPATH\Boot.php(417): CodeIgniter\CodeIgniter->run()
 5 SYSTEMPATH\Boot.php(68): CodeIgniter\Boot::runCodeIgniter(Object(CodeIgniter\CodeIgniter))
 6 FCPATH\index.php(59): CodeIgniter\Boot::bootWeb(Object(Config\Paths))
WARNING - 2026-05-08 11:03:18 --> [DEPRECATED] Creation of dynamic property App\Controllers\Lokasi::$ModelLokasi is deprecated in APPPATH\Controllers\Lokasi.php on line 11.
 1 SYSTEMPATH\CodeIgniter.php(921): App\Controllers\Lokasi->__construct()
 2 SYSTEMPATH\CodeIgniter.php(488): CodeIgniter\CodeIgniter->createController()
 3 SYSTEMPATH\CodeIgniter.php(340): CodeIgniter\CodeIgniter->handleRequest(null, Object(Config\Cache), false)
 4 SYSTEMPATH\Boot.php(417): CodeIgniter\CodeIgniter->run()
 5 SYSTEMPATH\Boot.php(68): CodeIgniter\Boot::runCodeIgniter(Object(CodeIgniter\CodeIgniter))
 6 FCPATH\index.php(59): CodeIgniter\Boot::bootWeb(Object(Config\Paths))
WARNING - 2026-05-08 11:03:31 --> [DEPRECATED] Creation of dynamic property App\Controllers\Lokasi::$ModelLokasi is deprecated in APPPATH\Controllers\Lokasi.php on line 11.
 1 SYSTEMPATH\CodeIgniter.php(921): App\Controllers\Lokasi->__construct()
 2 SYSTEMPATH\CodeIgniter.php(488): CodeIgniter\CodeIgniter->createController()
 3 SYSTEMPATH\CodeIgniter.php(340): CodeIgniter\CodeIgniter->handleRequest(null, Object(Config\Cache), false)
 4 SYSTEMPATH\Boot.php(417): CodeIgniter\CodeIgniter->run()
 5 SYSTEMPATH\Boot.php(68): CodeIgniter\Boot::runCodeIgniter(Object(CodeIgniter\CodeIgniter))
 6 FCPATH\index.php(59): CodeIgniter\Boot::bootWeb(Object(Config\Paths))
WARNING - 2026-05-08 11:04:36 --> [DEPRECATED] Creation of dynamic property App\Controllers\Lokasi::$ModelLokasi is deprecated in APPPATH\Controllers\Lokasi.php on line 11.
 1 SYSTEMPATH\CodeIgniter.php(921): App\Controllers\Lokasi->__construct()
 2 SYSTEMPATH\CodeIgniter.php(488): CodeIgniter\CodeIgniter->createController()
 3 SYSTEMPATH\CodeIgniter.php(340): CodeIgniter\CodeIgniter->handleRequest(null, Object(Config\Cache), false)
 4 SYSTEMPATH\Boot.php(417): CodeIgniter\CodeIgniter->run()
 5 SYSTEMPATH\Boot.php(68): CodeIgniter\Boot::runCodeIgniter(Object(CodeIgniter\CodeIgniter))
 6 FCPATH\index.php(59): CodeIgniter\Boot::bootWeb(Object(Config\Paths))
WARNING - 2026-05-08 11:04:38 --> [DEPRECATED] Creation of dynamic property App\Controllers\Lokasi::$ModelLokasi is deprecated in APPPATH\Controllers\Lokasi.php on line 11.
 1 SYSTEMPATH\CodeIgniter.php(921): App\Controllers\Lokasi->__construct()
 2 SYSTEMPATH\CodeIgniter.php(488): CodeIgniter\CodeIgniter->createController()
 3 SYSTEMPATH\CodeIgniter.php(340): CodeIgniter\CodeIgniter->handleRequest(null, Object(Config\Cache), false)
 4 SYSTEMPATH\Boot.php(417): CodeIgniter\CodeIgniter->run()
 5 SYSTEMPATH\Boot.php(68): CodeIgniter\Boot::runCodeIgniter(Object(CodeIgniter\CodeIgniter))
 6 FCPATH\index.php(59): CodeIgniter\Boot::bootWeb(Object(Config\Paths))
WARNING - 2026-05-08 11:04:40 --> [DEPRECATED] Creation of dynamic property App\Controllers\Lokasi::$ModelLokasi is deprecated in APPPATH\Controllers\Lokasi.php on line 11.
 1 SYSTEMPATH\CodeIgniter.php(921): App\Controllers\Lokasi->__construct()
 2 SYSTEMPATH\CodeIgniter.php(488): CodeIgniter\CodeIgniter->createController()
 3 SYSTEMPATH\CodeIgniter.php(340): CodeIgniter\CodeIgniter->handleRequest(null, Object(Config\Cache), false)
 4 SYSTEMPATH\Boot.php(417): CodeIgniter\CodeIgniter->run()
 5 SYSTEMPATH\Boot.php(68): CodeIgniter\Boot::runCodeIgniter(Object(CodeIgniter\CodeIgniter))
 6 FCPATH\index.php(59): CodeIgniter\Boot::bootWeb(Object(Config\Paths))
WARNING - 2026-05-08 11:04:44 --> [DEPRECATED] Creation of dynamic property App\Controllers\Lokasi::$ModelLokasi is deprecated in APPPATH\Controllers\Lokasi.php on line 11.
 1 SYSTEMPATH\CodeIgniter.php(921): App\Controllers\Lokasi->__construct()
 2 SYSTEMPATH\CodeIgniter.php(488): CodeIgniter\CodeIgniter->createController()
 3 SYSTEMPATH\CodeIgniter.php(340): CodeIgniter\CodeIgniter->handleRequest(null, Object(Config\Cache), false)
 4 SYSTEMPATH\Boot.php(417): CodeIgniter\CodeIgniter->run()
 5 SYSTEMPATH\Boot.php(68): CodeIgniter\Boot::runCodeIgniter(Object(CodeIgniter\CodeIgniter))
 6 FCPATH\index.php(59): CodeIgniter\Boot::bootWeb(Object(Config\Paths))
WARNING - 2026-05-08 11:10:45 --> [DEPRECATED] Creation of dynamic property App\Controllers\Lokasi::$ModelLokasi is deprecated in APPPATH\Controllers\Lokasi.php on line 11.
 1 SYSTEMPATH\CodeIgniter.php(921): App\Controllers\Lokasi->__construct()
 2 SYSTEMPATH\CodeIgniter.php(488): CodeIgniter\CodeIgniter->createController()
 3 SYSTEMPATH\CodeIgniter.php(340): CodeIgniter\CodeIgniter->handleRequest(null, Object(Config\Cache), false)
 4 SYSTEMPATH\Boot.php(417): CodeIgniter\CodeIgniter->run()
 5 SYSTEMPATH\Boot.php(68): CodeIgniter\Boot::runCodeIgniter(Object(CodeIgniter\CodeIgniter))
 6 FCPATH\index.php(59): CodeIgniter\Boot::bootWeb(Object(Config\Paths))
WARNING - 2026-05-08 11:11:18 --> [DEPRECATED] Creation of dynamic property App\Controllers\Lokasi::$ModelLokasi is deprecated in APPPATH\Controllers\Lokasi.php on line 11.
 1 SYSTEMPATH\CodeIgniter.php(921): App\Controllers\Lokasi->__construct()
 2 SYSTEMPATH\CodeIgniter.php(488): CodeIgniter\CodeIgniter->createController()
 3 SYSTEMPATH\CodeIgniter.php(340): CodeIgniter\CodeIgniter->handleRequest(null, Object(Config\Cache), false)
 4 SYSTEMPATH\Boot.php(417): CodeIgniter\CodeIgniter->run()
 5 SYSTEMPATH\Boot.php(68): CodeIgniter\Boot::runCodeIgniter(Object(CodeIgniter\CodeIgniter))
 6 FCPATH\index.php(59): CodeIgniter\Boot::bootWeb(Object(Config\Paths))
WARNING - 2026-05-08 11:11:34 --> [DEPRECATED] Creation of dynamic property App\Controllers\Lokasi::$ModelLokasi is deprecated in APPPATH\Controllers\Lokasi.php on line 11.
 1 SYSTEMPATH\CodeIgniter.php(921): App\Controllers\Lokasi->__construct()
 2 SYSTEMPATH\CodeIgniter.php(488): CodeIgniter\CodeIgniter->createController()
 3 SYSTEMPATH\CodeIgniter.php(340): CodeIgniter\CodeIgniter->handleRequest(null, Object(Config\Cache), false)
 4 SYSTEMPATH\Boot.php(417): CodeIgniter\CodeIgniter->run()
 5 SYSTEMPATH\Boot.php(68): CodeIgniter\Boot::runCodeIgniter(Object(CodeIgniter\CodeIgniter))
 6 FCPATH\index.php(59): CodeIgniter\Boot::bootWeb(Object(Config\Paths))
WARNING - 2026-05-08 11:14:41 --> [DEPRECATED] Creation of dynamic property App\Controllers\Lokasi::$ModelLokasi is deprecated in APPPATH\Controllers\Lokasi.php on line 11.
 1 SYSTEMPATH\CodeIgniter.php(921): App\Controllers\Lokasi->__construct()
 2 SYSTEMPATH\CodeIgniter.php(488): CodeIgniter\CodeIgniter->createController()
 3 SYSTEMPATH\CodeIgniter.php(340): CodeIgniter\CodeIgniter->handleRequest(null, Object(Config\Cache), false)
 4 SYSTEMPATH\Boot.php(417): CodeIgniter\CodeIgniter->run()
 5 SYSTEMPATH\Boot.php(68): CodeIgniter\Boot::runCodeIgniter(Object(CodeIgniter\CodeIgniter))
 6 FCPATH\index.php(59): CodeIgniter\Boot::bootWeb(Object(Config\Paths))
WARNING - 2026-05-08 11:16:38 --> [DEPRECATED] Creation of dynamic property App\Controllers\Lokasi::$ModelLokasi is deprecated in APPPATH\Controllers\Lokasi.php on line 11.
 1 SYSTEMPATH\CodeIgniter.php(921): App\Controllers\Lokasi->__construct()
 2 SYSTEMPATH\CodeIgniter.php(488): CodeIgniter\CodeIgniter->createController()
 3 SYSTEMPATH\CodeIgniter.php(340): CodeIgniter\CodeIgniter->handleRequest(null, Object(Config\Cache), false)
 4 SYSTEMPATH\Boot.php(417): CodeIgniter\CodeIgniter->run()
 5 SYSTEMPATH\Boot.php(68): CodeIgniter\Boot::runCodeIgniter(Object(CodeIgniter\CodeIgniter))
 6 FCPATH\index.php(59): CodeIgniter\Boot::bootWeb(Object(Config\Paths))
WARNING - 2026-05-08 11:19:45 --> [DEPRECATED] Creation of dynamic property App\Controllers\Lokasi::$ModelLokasi is deprecated in APPPATH\Controllers\Lokasi.php on line 11.
 1 SYSTEMPATH\CodeIgniter.php(921): App\Controllers\Lokasi->__construct()
 2 SYSTEMPATH\CodeIgniter.php(488): CodeIgniter\CodeIgniter->createController()
 3 SYSTEMPATH\CodeIgniter.php(340): CodeIgniter\CodeIgniter->handleRequest(null, Object(Config\Cache), false)
 4 SYSTEMPATH\Boot.php(417): CodeIgniter\CodeIgniter->run()
 5 SYSTEMPATH\Boot.php(68): CodeIgniter\Boot::runCodeIgniter(Object(CodeIgniter\CodeIgniter))
 6 FCPATH\index.php(59): CodeIgniter\Boot::bootWeb(Object(Config\Paths))
CRITICAL - 2026-05-08 11:19:45 --> ParseError: syntax error, unexpected identifier "foto_lokasi", expecting ")"
[Method: GET, Route: Lokasi/index]
in APPPATH\Views\lokasi\v_data_lokasi.php on line 21.
 1 SYSTEMPATH\View\View.php(243): CodeIgniter\View\View->CodeIgniter\View\{closure}()
 2 SYSTEMPATH\Common.php(1250): CodeIgniter\View\View->render('lokasi/v_data_lokasi', [], true)
 3 APPPATH\Views\v_template.php(161): view('lokasi/v_data_lokasi')
 4 SYSTEMPATH\View\View.php(240): include('C:\\xampp\\htdocs\\demo-webgisci4\\app\\Views\\v_template.php')
 5 SYSTEMPATH\View\View.php(243): CodeIgniter\View\View->CodeIgniter\View\{closure}()
 6 SYSTEMPATH\Common.php(1250): CodeIgniter\View\View->render('v_template', [], true)
 7 APPPATH\Controllers\Lokasi.php(21): view('v_template', [...])
 8 SYSTEMPATH\CodeIgniter.php(951): App\Controllers\Lokasi->index()
 9 SYSTEMPATH\CodeIgniter.php(497): CodeIgniter\CodeIgniter->runController(Object(App\Controllers\Lokasi))
10 SYSTEMPATH\CodeIgniter.php(340): CodeIgniter\CodeIgniter->handleRequest(null, Object(Config\Cache), false)
11 SYSTEMPATH\Boot.php(417): CodeIgniter\CodeIgniter->run()
12 SYSTEMPATH\Boot.php(68): CodeIgniter\Boot::runCodeIgniter(Object(CodeIgniter\CodeIgniter))
13 FCPATH\index.php(59): CodeIgniter\Boot::bootWeb(Object(Config\Paths))
WARNING - 2026-05-08 11:21:10 --> [DEPRECATED] Creation of dynamic property App\Controllers\Lokasi::$ModelLokasi is deprecated in APPPATH\Controllers\Lokasi.php on line 11.
 1 SYSTEMPATH\CodeIgniter.php(921): App\Controllers\Lokasi->__construct()
 2 SYSTEMPATH\CodeIgniter.php(488): CodeIgniter\CodeIgniter->createController()
 3 SYSTEMPATH\CodeIgniter.php(340): CodeIgniter\CodeIgniter->handleRequest(null, Object(Config\Cache), false)
 4 SYSTEMPATH\Boot.php(417): CodeIgniter\CodeIgniter->run()
 5 SYSTEMPATH\Boot.php(68): CodeIgniter\Boot::runCodeIgniter(Object(CodeIgniter\CodeIgniter))
 6 FCPATH\index.php(59): CodeIgniter\Boot::bootWeb(Object(Config\Paths))
WARNING - 2026-05-08 11:21:23 --> [DEPRECATED] Creation of dynamic property App\Controllers\Lokasi::$ModelLokasi is deprecated in APPPATH\Controllers\Lokasi.php on line 11.
 1 SYSTEMPATH\CodeIgniter.php(921): App\Controllers\Lokasi->__construct()
 2 SYSTEMPATH\CodeIgniter.php(488): CodeIgniter\CodeIgniter->createController()
 3 SYSTEMPATH\CodeIgniter.php(340): CodeIgniter\CodeIgniter->handleRequest(null, Object(Config\Cache), false)
 4 SYSTEMPATH\Boot.php(417): CodeIgniter\CodeIgniter->run()
 5 SYSTEMPATH\Boot.php(68): CodeIgniter\Boot::runCodeIgniter(Object(CodeIgniter\CodeIgniter))
 6 FCPATH\index.php(59): CodeIgniter\Boot::bootWeb(Object(Config\Paths))
WARNING - 2026-05-08 11:22:13 --> [DEPRECATED] Creation of dynamic property App\Controllers\Lokasi::$ModelLokasi is deprecated in APPPATH\Controllers\Lokasi.php on line 11.
 1 SYSTEMPATH\CodeIgniter.php(921): App\Controllers\Lokasi->__construct()
 2 SYSTEMPATH\CodeIgniter.php(488): CodeIgniter\CodeIgniter->createController()
 3 SYSTEMPATH\CodeIgniter.php(340): CodeIgniter\CodeIgniter->handleRequest(null, Object(Config\Cache), false)
 4 SYSTEMPATH\Boot.php(417): CodeIgniter\CodeIgniter->run()
 5 SYSTEMPATH\Boot.php(68): CodeIgniter\Boot::runCodeIgniter(Object(CodeIgniter\CodeIgniter))
 6 FCPATH\index.php(59): CodeIgniter\Boot::bootWeb(Object(Config\Paths))
WARNING - 2026-05-08 11:23:18 --> [DEPRECATED] Creation of dynamic property App\Controllers\Lokasi::$ModelLokasi is deprecated in APPPATH\Controllers\Lokasi.php on line 11.
 1 SYSTEMPATH\CodeIgniter.php(921): App\Controllers\Lokasi->__construct()
 2 SYSTEMPATH\CodeIgniter.php(488): CodeIgniter\CodeIgniter->createController()
 3 SYSTEMPATH\CodeIgniter.php(340): CodeIgniter\CodeIgniter->handleRequest(null, Object(Config\Cache), false)
 4 SYSTEMPATH\Boot.php(417): CodeIgniter\CodeIgniter->run()
 5 SYSTEMPATH\Boot.php(68): CodeIgniter\Boot::runCodeIgniter(Object(CodeIgniter\CodeIgniter))
 6 FCPATH\index.php(59): CodeIgniter\Boot::bootWeb(Object(Config\Paths))
WARNING - 2026-05-08 11:23:20 --> [DEPRECATED] Creation of dynamic property App\Controllers\Lokasi::$ModelLokasi is deprecated in APPPATH\Controllers\Lokasi.php on line 11.
 1 SYSTEMPATH\CodeIgniter.php(921): App\Controllers\Lokasi->__construct()
 2 SYSTEMPATH\CodeIgniter.php(488): CodeIgniter\CodeIgniter->createController()
 3 SYSTEMPATH\CodeIgniter.php(340): CodeIgniter\CodeIgniter->handleRequest(null, Object(Config\Cache), false)
 4 SYSTEMPATH\Boot.php(417): CodeIgniter\CodeIgniter->run()
 5 SYSTEMPATH\Boot.php(68): CodeIgniter\Boot::runCodeIgniter(Object(CodeIgniter\CodeIgniter))
 6 FCPATH\index.php(59): CodeIgniter\Boot::bootWeb(Object(Config\Paths))
WARNING - 2026-05-08 11:23:21 --> [DEPRECATED] Creation of dynamic property App\Controllers\Lokasi::$ModelLokasi is deprecated in APPPATH\Controllers\Lokasi.php on line 11.
 1 SYSTEMPATH\CodeIgniter.php(921): App\Controllers\Lokasi->__construct()
 2 SYSTEMPATH\CodeIgniter.php(488): CodeIgniter\CodeIgniter->createController()
 3 SYSTEMPATH\CodeIgniter.php(340): CodeIgniter\CodeIgniter->handleRequest(null, Object(Config\Cache), false)
 4 SYSTEMPATH\Boot.php(417): CodeIgniter\CodeIgniter->run()
 5 SYSTEMPATH\Boot.php(68): CodeIgniter\Boot::runCodeIgniter(Object(CodeIgniter\CodeIgniter))
 6 FCPATH\index.php(59): CodeIgniter\Boot::bootWeb(Object(Config\Paths))
WARNING - 2026-05-08 11:23:49 --> [DEPRECATED] Creation of dynamic property App\Controllers\Lokasi::$ModelLokasi is deprecated in APPPATH\Controllers\Lokasi.php on line 11.
 1 SYSTEMPATH\CodeIgniter.php(921): App\Controllers\Lokasi->__construct()
 2 SYSTEMPATH\CodeIgniter.php(488): CodeIgniter\CodeIgniter->createController()
 3 SYSTEMPATH\CodeIgniter.php(340): CodeIgniter\CodeIgniter->handleRequest(null, Object(Config\Cache), false)
 4 SYSTEMPATH\Boot.php(417): CodeIgniter\CodeIgniter->run()
 5 SYSTEMPATH\Boot.php(68): CodeIgniter\Boot::runCodeIgniter(Object(CodeIgniter\CodeIgniter))
 6 FCPATH\index.php(59): CodeIgniter\Boot::bootWeb(Object(Config\Paths))
WARNING - 2026-05-08 11:24:00 --> [DEPRECATED] Creation of dynamic property App\Controllers\Lokasi::$ModelLokasi is deprecated in APPPATH\Controllers\Lokasi.php on line 11.
 1 SYSTEMPATH\CodeIgniter.php(921): App\Controllers\Lokasi->__construct()
 2 SYSTEMPATH\CodeIgniter.php(488): CodeIgniter\CodeIgniter->createController()
 3 SYSTEMPATH\CodeIgniter.php(340): CodeIgniter\CodeIgniter->handleRequest(null, Object(Config\Cache), false)
 4 SYSTEMPATH\Boot.php(417): CodeIgniter\CodeIgniter->run()
 5 SYSTEMPATH\Boot.php(68): CodeIgniter\Boot::runCodeIgniter(Object(CodeIgniter\CodeIgniter))
 6 FCPATH\index.php(59): CodeIgniter\Boot::bootWeb(Object(Config\Paths))
WARNING - 2026-05-08 11:25:05 --> [DEPRECATED] Creation of dynamic property App\Controllers\Lokasi::$ModelLokasi is deprecated in APPPATH\Controllers\Lokasi.php on line 11.
 1 SYSTEMPATH\CodeIgniter.php(921): App\Controllers\Lokasi->__construct()
 2 SYSTEMPATH\CodeIgniter.php(488): CodeIgniter\CodeIgniter->createController()
 3 SYSTEMPATH\CodeIgniter.php(340): CodeIgniter\CodeIgniter->handleRequest(null, Object(Config\Cache), false)
 4 SYSTEMPATH\Boot.php(417): CodeIgniter\CodeIgniter->run()
 5 SYSTEMPATH\Boot.php(68): CodeIgniter\Boot::runCodeIgniter(Object(CodeIgniter\CodeIgniter))
 6 FCPATH\index.php(59): CodeIgniter\Boot::bootWeb(Object(Config\Paths))
WARNING - 2026-05-08 11:29:09 --> [DEPRECATED] Creation of dynamic property App\Controllers\Lokasi::$ModelLokasi is deprecated in APPPATH\Controllers\Lokasi.php on line 11.
 1 SYSTEMPATH\CodeIgniter.php(921): App\Controllers\Lokasi->__construct()
 2 SYSTEMPATH\CodeIgniter.php(488): CodeIgniter\CodeIgniter->createController()
 3 SYSTEMPATH\CodeIgniter.php(340): CodeIgniter\CodeIgniter->handleRequest(null, Object(Config\Cache), false)
 4 SYSTEMPATH\Boot.php(417): CodeIgniter\CodeIgniter->run()
 5 SYSTEMPATH\Boot.php(68): CodeIgniter\Boot::runCodeIgniter(Object(CodeIgniter\CodeIgniter))
 6 FCPATH\index.php(59): CodeIgniter\Boot::bootWeb(Object(Config\Paths))
WARNING - 2026-05-08 11:41:11 --> [DEPRECATED] Creation of dynamic property App\Controllers\Lokasi::$ModelLokasi is deprecated in APPPATH\Controllers\Lokasi.php on line 11.
 1 SYSTEMPATH\CodeIgniter.php(921): App\Controllers\Lokasi->__construct()
 2 SYSTEMPATH\CodeIgniter.php(488): CodeIgniter\CodeIgniter->createController()
 3 SYSTEMPATH\CodeIgniter.php(340): CodeIgniter\CodeIgniter->handleRequest(null, Object(Config\Cache), false)
 4 SYSTEMPATH\Boot.php(417): CodeIgniter\CodeIgniter->run()
 5 SYSTEMPATH\Boot.php(68): CodeIgniter\Boot::runCodeIgniter(Object(CodeIgniter\CodeIgniter))
 6 FCPATH\index.php(59): CodeIgniter\Boot::bootWeb(Object(Config\Paths))
WARNING - 2026-05-08 11:41:18 --> [DEPRECATED] Creation of dynamic property App\Controllers\Lokasi::$ModelLokasi is deprecated in APPPATH\Controllers\Lokasi.php on line 11.
 1 SYSTEMPATH\CodeIgniter.php(921): App\Controllers\Lokasi->__construct()
 2 SYSTEMPATH\CodeIgniter.php(488): CodeIgniter\CodeIgniter->createController()
 3 SYSTEMPATH\CodeIgniter.php(340): CodeIgniter\CodeIgniter->handleRequest(null, Object(Config\Cache), false)
 4 SYSTEMPATH\Boot.php(417): CodeIgniter\CodeIgniter->run()
 5 SYSTEMPATH\Boot.php(68): CodeIgniter\Boot::runCodeIgniter(Object(CodeIgniter\CodeIgniter))
 6 FCPATH\index.php(59): CodeIgniter\Boot::bootWeb(Object(Config\Paths))
DEBUG - 2026-05-08 11:41:18 --> Session: Class initialized using 'CodeIgniter\Session\Handlers\FileHandler' driver.
WARNING - 2026-05-08 11:41:34 --> [DEPRECATED] Creation of dynamic property App\Controllers\Lokasi::$ModelLokasi is deprecated in APPPATH\Controllers\Lokasi.php on line 11.
 1 SYSTEMPATH\CodeIgniter.php(921): App\Controllers\Lokasi->__construct()
 2 SYSTEMPATH\CodeIgniter.php(488): CodeIgniter\CodeIgniter->createController()
 3 SYSTEMPATH\CodeIgniter.php(340): CodeIgniter\CodeIgniter->handleRequest(null, Object(Config\Cache), false)
 4 SYSTEMPATH\Boot.php(417): CodeIgniter\CodeIgniter->run()
 5 SYSTEMPATH\Boot.php(68): CodeIgniter\Boot::runCodeIgniter(Object(CodeIgniter\CodeIgniter))
 6 FCPATH\index.php(59): CodeIgniter\Boot::bootWeb(Object(Config\Paths))
WARNING - 2026-05-08 11:41:47 --> [DEPRECATED] Creation of dynamic property App\Controllers\Lokasi::$ModelLokasi is deprecated in APPPATH\Controllers\Lokasi.php on line 11.
 1 SYSTEMPATH\CodeIgniter.php(921): App\Controllers\Lokasi->__construct()
 2 SYSTEMPATH\CodeIgniter.php(488): CodeIgniter\CodeIgniter->createController()
 3 SYSTEMPATH\CodeIgniter.php(340): CodeIgniter\CodeIgniter->handleRequest(null, Object(Config\Cache), false)
 4 SYSTEMPATH\Boot.php(417): CodeIgniter\CodeIgniter->run()
 5 SYSTEMPATH\Boot.php(68): CodeIgniter\Boot::runCodeIgniter(Object(CodeIgniter\CodeIgniter))
 6 FCPATH\index.php(59): CodeIgniter\Boot::bootWeb(Object(Config\Paths))
WARNING - 2026-05-08 11:42:05 --> [DEPRECATED] Creation of dynamic property App\Controllers\Lokasi::$ModelLokasi is deprecated in APPPATH\Controllers\Lokasi.php on line 11.
 1 SYSTEMPATH\CodeIgniter.php(921): App\Controllers\Lokasi->__construct()
 2 SYSTEMPATH\CodeIgniter.php(488): CodeIgniter\CodeIgniter->createController()
 3 SYSTEMPATH\CodeIgniter.php(340): CodeIgniter\CodeIgniter->handleRequest(null, Object(Config\Cache), false)
 4 SYSTEMPATH\Boot.php(417): CodeIgniter\CodeIgniter->run()
 5 SYSTEMPATH\Boot.php(68): CodeIgniter\Boot::runCodeIgniter(Object(CodeIgniter\CodeIgniter))
 6 FCPATH\index.php(59): CodeIgniter\Boot::bootWeb(Object(Config\Paths))
WARNING - 2026-05-08 11:42:09 --> [DEPRECATED] Creation of dynamic property App\Controllers\Lokasi::$ModelLokasi is deprecated in APPPATH\Controllers\Lokasi.php on line 11.
 1 SYSTEMPATH\CodeIgniter.php(921): App\Controllers\Lokasi->__construct()
 2 SYSTEMPATH\CodeIgniter.php(488): CodeIgniter\CodeIgniter->createController()
 3 SYSTEMPATH\CodeIgniter.php(340): CodeIgniter\CodeIgniter->handleRequest(null, Object(Config\Cache), false)
 4 SYSTEMPATH\Boot.php(417): CodeIgniter\CodeIgniter->run()
 5 SYSTEMPATH\Boot.php(68): CodeIgniter\Boot::runCodeIgniter(Object(CodeIgniter\CodeIgniter))
 6 FCPATH\index.php(59): CodeIgniter\Boot::bootWeb(Object(Config\Paths))
DEBUG - 2026-05-08 11:42:09 --> Session: Class initialized using 'CodeIgniter\Session\Handlers\FileHandler' driver.
WARNING - 2026-05-08 11:47:17 --> [DEPRECATED] Creation of dynamic property App\Controllers\Lokasi::$ModelLokasi is deprecated in APPPATH\Controllers\Lokasi.php on line 11.
 1 SYSTEMPATH\CodeIgniter.php(921): App\Controllers\Lokasi->__construct()
 2 SYSTEMPATH\CodeIgniter.php(488): CodeIgniter\CodeIgniter->createController()
 3 SYSTEMPATH\CodeIgniter.php(340): CodeIgniter\CodeIgniter->handleRequest(null, Object(Config\Cache), false)
 4 SYSTEMPATH\Boot.php(417): CodeIgniter\CodeIgniter->run()
 5 SYSTEMPATH\Boot.php(68): CodeIgniter\Boot::runCodeIgniter(Object(CodeIgniter\CodeIgniter))
 6 FCPATH\index.php(59): CodeIgniter\Boot::bootWeb(Object(Config\Paths))
DEBUG - 2026-05-08 11:47:17 --> Session: Class initialized using 'CodeIgniter\Session\Handlers\FileHandler' driver.
WARNING - 2026-05-08 11:49:14 --> [DEPRECATED] Creation of dynamic property App\Controllers\Lokasi::$ModelLokasi is deprecated in APPPATH\Controllers\Lokasi.php on line 11.
 1 SYSTEMPATH\CodeIgniter.php(921): App\Controllers\Lokasi->__construct()
 2 SYSTEMPATH\CodeIgniter.php(488): CodeIgniter\CodeIgniter->createController()
 3 SYSTEMPATH\CodeIgniter.php(340): CodeIgniter\CodeIgniter->handleRequest(null, Object(Config\Cache), false)
 4 SYSTEMPATH\Boot.php(417): CodeIgniter\CodeIgniter->run()
 5 SYSTEMPATH\Boot.php(68): CodeIgniter\Boot::runCodeIgniter(Object(CodeIgniter\CodeIgniter))
 6 FCPATH\index.php(59): CodeIgniter\Boot::bootWeb(Object(Config\Paths))
DEBUG - 2026-05-08 11:49:14 --> Session: Class initialized using 'CodeIgniter\Session\Handlers\FileHandler' driver.
WARNING - 2026-05-08 11:52:29 --> [DEPRECATED] Creation of dynamic property App\Controllers\Lokasi::$ModelLokasi is deprecated in APPPATH\Controllers\Lokasi.php on line 11.
 1 SYSTEMPATH\CodeIgniter.php(921): App\Controllers\Lokasi->__construct()
 2 SYSTEMPATH\CodeIgniter.php(488): CodeIgniter\CodeIgniter->createController()
 3 SYSTEMPATH\CodeIgniter.php(340): CodeIgniter\CodeIgniter->handleRequest(null, Object(Config\Cache), false)
 4 SYSTEMPATH\Boot.php(417): CodeIgniter\CodeIgniter->run()
 5 SYSTEMPATH\Boot.php(68): CodeIgniter\Boot::runCodeIgniter(Object(CodeIgniter\CodeIgniter))
 6 FCPATH\index.php(59): CodeIgniter\Boot::bootWeb(Object(Config\Paths))
DEBUG - 2026-05-08 11:52:29 --> Session: Class initialized using 'CodeIgniter\Session\Handlers\FileHandler' driver.
CRITICAL - 2026-05-08 11:52:29 --> ErrorException: Undefined array key "$id_lokasi"
[Method: GET, Route: lokasi/editLokasi/1]
in APPPATH\Views\lokasi\v_edit_lokasi.php on line 16.
 1 APPPATH\Views\lokasi\v_edit_lokasi.php(16): CodeIgniter\Debug\Exceptions->errorHandler(2, 'Undefined array key "$id_lokasi"', 'C:\\xampp\\htdocs\\demo-webgisci4\\app\\Views\\lokasi\\v_edit_lokasi.php', 16)
 2 SYSTEMPATH\View\View.php(240): include('C:\\xampp\\htdocs\\demo-webgisci4\\app\\Views\\lokasi\\v_edit_lokasi.php')
 3 SYSTEMPATH\View\View.php(243): CodeIgniter\View\View->CodeIgniter\View\{closure}()
 4 SYSTEMPATH\Common.php(1250): CodeIgniter\View\View->render('lokasi/v_edit_lokasi', [], true)
 5 APPPATH\Views\v_template.php(167): view('lokasi/v_edit_lokasi')
 6 SYSTEMPATH\View\View.php(240): include('C:\\xampp\\htdocs\\demo-webgisci4\\app\\Views\\v_template.php')
 7 SYSTEMPATH\View\View.php(243): CodeIgniter\View\View->CodeIgniter\View\{closure}()
 8 SYSTEMPATH\Common.php(1250): CodeIgniter\View\View->render('v_template', [], true)
 9 APPPATH\Controllers\Lokasi.php(114): view('v_template', [...])
10 SYSTEMPATH\CodeIgniter.php(951): App\Controllers\Lokasi->editLokasi('1')
11 SYSTEMPATH\CodeIgniter.php(497): CodeIgniter\CodeIgniter->runController(Object(App\Controllers\Lokasi))
12 SYSTEMPATH\CodeIgniter.php(340): CodeIgniter\CodeIgniter->handleRequest(null, Object(Config\Cache), false)
13 SYSTEMPATH\Boot.php(417): CodeIgniter\CodeIgniter->run()
14 SYSTEMPATH\Boot.php(68): CodeIgniter\Boot::runCodeIgniter(Object(CodeIgniter\CodeIgniter))
15 FCPATH\index.php(59): CodeIgniter\Boot::bootWeb(Object(Config\Paths))
WARNING - 2026-05-08 11:54:06 --> [DEPRECATED] Creation of dynamic property App\Controllers\Lokasi::$ModelLokasi is deprecated in APPPATH\Controllers\Lokasi.php on line 11.
 1 SYSTEMPATH\CodeIgniter.php(921): App\Controllers\Lokasi->__construct()
 2 SYSTEMPATH\CodeIgniter.php(488): CodeIgniter\CodeIgniter->createController()
 3 SYSTEMPATH\CodeIgniter.php(340): CodeIgniter\CodeIgniter->handleRequest(null, Object(Config\Cache), false)
 4 SYSTEMPATH\Boot.php(417): CodeIgniter\CodeIgniter->run()
 5 SYSTEMPATH\Boot.php(68): CodeIgniter\Boot::runCodeIgniter(Object(CodeIgniter\CodeIgniter))
 6 FCPATH\index.php(59): CodeIgniter\Boot::bootWeb(Object(Config\Paths))
DEBUG - 2026-05-08 11:54:06 --> Session: Class initialized using 'CodeIgniter\Session\Handlers\FileHandler' driver.
CRITICAL - 2026-05-08 11:54:06 --> ErrorException: Undefined array key "$id_lokasi"
[Method: GET, Route: lokasi/editLokasi/1]
in APPPATH\Views\lokasi\v_edit_lokasi.php on line 16.
 1 APPPATH\Views\lokasi\v_edit_lokasi.php(16): CodeIgniter\Debug\Exceptions->errorHandler(2, 'Undefined array key "$id_lokasi"', 'C:\\xampp\\htdocs\\demo-webgisci4\\app\\Views\\lokasi\\v_edit_lokasi.php', 16)
 2 SYSTEMPATH\View\View.php(240): include('C:\\xampp\\htdocs\\demo-webgisci4\\app\\Views\\lokasi\\v_edit_lokasi.php')
 3 SYSTEMPATH\View\View.php(243): CodeIgniter\View\View->CodeIgniter\View\{closure}()
 4 SYSTEMPATH\Common.php(1250): CodeIgniter\View\View->render('lokasi/v_edit_lokasi', [], true)
 5 APPPATH\Views\v_template.php(167): view('lokasi/v_edit_lokasi')
 6 SYSTEMPATH\View\View.php(240): include('C:\\xampp\\htdocs\\demo-webgisci4\\app\\Views\\v_template.php')
 7 SYSTEMPATH\View\View.php(243): CodeIgniter\View\View->CodeIgniter\View\{closure}()
 8 SYSTEMPATH\Common.php(1250): CodeIgniter\View\View->render('v_template', [], true)
 9 APPPATH\Controllers\Lokasi.php(114): view('v_template', [...])
10 SYSTEMPATH\CodeIgniter.php(951): App\Controllers\Lokasi->editLokasi('1')
11 SYSTEMPATH\CodeIgniter.php(497): CodeIgniter\CodeIgniter->runController(Object(App\Controllers\Lokasi))
12 SYSTEMPATH\CodeIgniter.php(340): CodeIgniter\CodeIgniter->handleRequest(null, Object(Config\Cache), false)
13 SYSTEMPATH\Boot.php(417): CodeIgniter\CodeIgniter->run()
14 SYSTEMPATH\Boot.php(68): CodeIgniter\Boot::runCodeIgniter(Object(CodeIgniter\CodeIgniter))
15 FCPATH\index.php(59): CodeIgniter\Boot::bootWeb(Object(Config\Paths))
WARNING - 2026-05-08 11:54:08 --> [DEPRECATED] Creation of dynamic property App\Controllers\Lokasi::$ModelLokasi is deprecated in APPPATH\Controllers\Lokasi.php on line 11.
 1 SYSTEMPATH\CodeIgniter.php(921): App\Controllers\Lokasi->__construct()
 2 SYSTEMPATH\CodeIgniter.php(488): CodeIgniter\CodeIgniter->createController()
 3 SYSTEMPATH\CodeIgniter.php(340): CodeIgniter\CodeIgniter->handleRequest(null, Object(Config\Cache), false)
 4 SYSTEMPATH\Boot.php(417): CodeIgniter\CodeIgniter->run()
 5 SYSTEMPATH\Boot.php(68): CodeIgniter\Boot::runCodeIgniter(Object(CodeIgniter\CodeIgniter))
 6 FCPATH\index.php(59): CodeIgniter\Boot::bootWeb(Object(Config\Paths))
DEBUG - 2026-05-08 11:54:08 --> Session: Class initialized using 'CodeIgniter\Session\Handlers\FileHandler' driver.
CRITICAL - 2026-05-08 11:54:08 --> ErrorException: Undefined array key "$id_lokasi"
[Method: GET, Route: lokasi/editLokasi/1]
in APPPATH\Views\lokasi\v_edit_lokasi.php on line 16.
 1 APPPATH\Views\lokasi\v_edit_lokasi.php(16): CodeIgniter\Debug\Exceptions->errorHandler(2, 'Undefined array key "$id_lokasi"', 'C:\\xampp\\htdocs\\demo-webgisci4\\app\\Views\\lokasi\\v_edit_lokasi.php', 16)
 2 SYSTEMPATH\View\View.php(240): include('C:\\xampp\\htdocs\\demo-webgisci4\\app\\Views\\lokasi\\v_edit_lokasi.php')
 3 SYSTEMPATH\View\View.php(243): CodeIgniter\View\View->CodeIgniter\View\{closure}()
 4 SYSTEMPATH\Common.php(1250): CodeIgniter\View\View->render('lokasi/v_edit_lokasi', [], true)
 5 APPPATH\Views\v_template.php(167): view('lokasi/v_edit_lokasi')
 6 SYSTEMPATH\View\View.php(240): include('C:\\xampp\\htdocs\\demo-webgisci4\\app\\Views\\v_template.php')
 7 SYSTEMPATH\View\View.php(243): CodeIgniter\View\View->CodeIgniter\View\{closure}()
 8 SYSTEMPATH\Common.php(1250): CodeIgniter\View\View->render('v_template', [], true)
 9 APPPATH\Controllers\Lokasi.php(114): view('v_template', [...])
10 SYSTEMPATH\CodeIgniter.php(951): App\Controllers\Lokasi->editLokasi('1')
11 SYSTEMPATH\CodeIgniter.php(497): CodeIgniter\CodeIgniter->runController(Object(App\Controllers\Lokasi))
12 SYSTEMPATH\CodeIgniter.php(340): CodeIgniter\CodeIgniter->handleRequest(null, Object(Config\Cache), false)
13 SYSTEMPATH\Boot.php(417): CodeIgniter\CodeIgniter->run()
14 SYSTEMPATH\Boot.php(68): CodeIgniter\Boot::runCodeIgniter(Object(CodeIgniter\CodeIgniter))
15 FCPATH\index.php(59): CodeIgniter\Boot::bootWeb(Object(Config\Paths))
WARNING - 2026-05-08 11:54:24 --> [DEPRECATED] Creation of dynamic property App\Controllers\Lokasi::$ModelLokasi is deprecated in APPPATH\Controllers\Lokasi.php on line 11.
 1 SYSTEMPATH\CodeIgniter.php(921): App\Controllers\Lokasi->__construct()
 2 SYSTEMPATH\CodeIgniter.php(488): CodeIgniter\CodeIgniter->createController()
 3 SYSTEMPATH\CodeIgniter.php(340): CodeIgniter\CodeIgniter->handleRequest(null, Object(Config\Cache), false)
 4 SYSTEMPATH\Boot.php(417): CodeIgniter\CodeIgniter->run()
 5 SYSTEMPATH\Boot.php(68): CodeIgniter\Boot::runCodeIgniter(Object(CodeIgniter\CodeIgniter))
 6 FCPATH\index.php(59): CodeIgniter\Boot::bootWeb(Object(Config\Paths))
DEBUG - 2026-05-08 11:54:24 --> Session: Class initialized using 'CodeIgniter\Session\Handlers\FileHandler' driver.
WARNING - 2026-05-08 11:56:57 --> [DEPRECATED] Creation of dynamic property App\Controllers\Lokasi::$ModelLokasi is deprecated in APPPATH\Controllers\Lokasi.php on line 11.
 1 SYSTEMPATH\CodeIgniter.php(921): App\Controllers\Lokasi->__construct()
 2 SYSTEMPATH\CodeIgniter.php(488): CodeIgniter\CodeIgniter->createController()
 3 SYSTEMPATH\CodeIgniter.php(340): CodeIgniter\CodeIgniter->handleRequest(null, Object(Config\Cache), false)
 4 SYSTEMPATH\Boot.php(417): CodeIgniter\CodeIgniter->run()
 5 SYSTEMPATH\Boot.php(68): CodeIgniter\Boot::runCodeIgniter(Object(CodeIgniter\CodeIgniter))
 6 FCPATH\index.php(59): CodeIgniter\Boot::bootWeb(Object(Config\Paths))
DEBUG - 2026-05-08 11:56:57 --> Session: Class initialized using 'CodeIgniter\Session\Handlers\FileHandler' driver.
WARNING - 2026-05-08 11:59:47 --> [DEPRECATED] Creation of dynamic property App\Controllers\Lokasi::$ModelLokasi is deprecated in APPPATH\Controllers\Lokasi.php on line 11.
 1 SYSTEMPATH\CodeIgniter.php(921): App\Controllers\Lokasi->__construct()
 2 SYSTEMPATH\CodeIgniter.php(488): CodeIgniter\CodeIgniter->createController()
 3 SYSTEMPATH\CodeIgniter.php(340): CodeIgniter\CodeIgniter->handleRequest(null, Object(Config\Cache), false)
 4 SYSTEMPATH\Boot.php(417): CodeIgniter\CodeIgniter->run()
 5 SYSTEMPATH\Boot.php(68): CodeIgniter\Boot::runCodeIgniter(Object(CodeIgniter\CodeIgniter))
 6 FCPATH\index.php(59): CodeIgniter\Boot::bootWeb(Object(Config\Paths))
DEBUG - 2026-05-08 11:59:47 --> Session: Class initialized using 'CodeIgniter\Session\Handlers\FileHandler' driver.
WARNING - 2026-05-08 11:59:59 --> [DEPRECATED] Creation of dynamic property App\Controllers\Lokasi::$ModelLokasi is deprecated in APPPATH\Controllers\Lokasi.php on line 11.
 1 SYSTEMPATH\CodeIgniter.php(921): App\Controllers\Lokasi->__construct()
 2 SYSTEMPATH\CodeIgniter.php(488): CodeIgniter\CodeIgniter->createController()
 3 SYSTEMPATH\CodeIgniter.php(340): CodeIgniter\CodeIgniter->handleRequest(null, Object(Config\Cache), false)
 4 SYSTEMPATH\Boot.php(417): CodeIgniter\CodeIgniter->run()
 5 SYSTEMPATH\Boot.php(68): CodeIgniter\Boot::runCodeIgniter(Object(CodeIgniter\CodeIgniter))
 6 FCPATH\index.php(59): CodeIgniter\Boot::bootWeb(Object(Config\Paths))
DEBUG - 2026-05-08 11:59:59 --> Session: Class initialized using 'CodeIgniter\Session\Handlers\FileHandler' driver.
WARNING - 2026-05-08 12:01:58 --> [DEPRECATED] Creation of dynamic property App\Controllers\Lokasi::$ModelLokasi is deprecated in APPPATH\Controllers\Lokasi.php on line 11.
 1 SYSTEMPATH\CodeIgniter.php(921): App\Controllers\Lokasi->__construct()
 2 SYSTEMPATH\CodeIgniter.php(488): CodeIgniter\CodeIgniter->createController()
 3 SYSTEMPATH\CodeIgniter.php(340): CodeIgniter\CodeIgniter->handleRequest(null, Object(Config\Cache), false)
 4 SYSTEMPATH\Boot.php(417): CodeIgniter\CodeIgniter->run()
 5 SYSTEMPATH\Boot.php(68): CodeIgniter\Boot::runCodeIgniter(Object(CodeIgniter\CodeIgniter))
 6 FCPATH\index.php(59): CodeIgniter\Boot::bootWeb(Object(Config\Paths))
DEBUG - 2026-05-08 12:01:58 --> Session: Class initialized using 'CodeIgniter\Session\Handlers\FileHandler' driver.
WARNING - 2026-05-08 12:02:05 --> [DEPRECATED] Creation of dynamic property App\Controllers\Lokasi::$ModelLokasi is deprecated in APPPATH\Controllers\Lokasi.php on line 11.
 1 SYSTEMPATH\CodeIgniter.php(921): App\Controllers\Lokasi->__construct()
 2 SYSTEMPATH\CodeIgniter.php(488): CodeIgniter\CodeIgniter->createController()
 3 SYSTEMPATH\CodeIgniter.php(340): CodeIgniter\CodeIgniter->handleRequest(null, Object(Config\Cache), false)
 4 SYSTEMPATH\Boot.php(417): CodeIgniter\CodeIgniter->run()
 5 SYSTEMPATH\Boot.php(68): CodeIgniter\Boot::runCodeIgniter(Object(CodeIgniter\CodeIgniter))
 6 FCPATH\index.php(59): CodeIgniter\Boot::bootWeb(Object(Config\Paths))
WARNING - 2026-05-08 12:02:08 --> [DEPRECATED] Creation of dynamic property App\Controllers\Lokasi::$ModelLokasi is deprecated in APPPATH\Controllers\Lokasi.php on line 11.
 1 SYSTEMPATH\CodeIgniter.php(921): App\Controllers\Lokasi->__construct()
 2 SYSTEMPATH\CodeIgniter.php(488): CodeIgniter\CodeIgniter->createController()
 3 SYSTEMPATH\CodeIgniter.php(340): CodeIgniter\CodeIgniter->handleRequest(null, Object(Config\Cache), false)
 4 SYSTEMPATH\Boot.php(417): CodeIgniter\CodeIgniter->run()
 5 SYSTEMPATH\Boot.php(68): CodeIgniter\Boot::runCodeIgniter(Object(CodeIgniter\CodeIgniter))
 6 FCPATH\index.php(59): CodeIgniter\Boot::bootWeb(Object(Config\Paths))
DEBUG - 2026-05-08 12:02:08 --> Session: Class initialized using 'CodeIgniter\Session\Handlers\FileHandler' driver.
WARNING - 2026-05-08 12:02:11 --> [DEPRECATED] Creation of dynamic property App\Controllers\Lokasi::$ModelLokasi is deprecated in APPPATH\Controllers\Lokasi.php on line 11.
 1 SYSTEMPATH\CodeIgniter.php(921): App\Controllers\Lokasi->__construct()
 2 SYSTEMPATH\CodeIgniter.php(488): CodeIgniter\CodeIgniter->createController()
 3 SYSTEMPATH\CodeIgniter.php(340): CodeIgniter\CodeIgniter->handleRequest(null, Object(Config\Cache), false)
 4 SYSTEMPATH\Boot.php(417): CodeIgniter\CodeIgniter->run()
 5 SYSTEMPATH\Boot.php(68): CodeIgniter\Boot::runCodeIgniter(Object(CodeIgniter\CodeIgniter))
 6 FCPATH\index.php(59): CodeIgniter\Boot::bootWeb(Object(Config\Paths))
WARNING - 2026-05-08 12:02:15 --> [DEPRECATED] Creation of dynamic property App\Controllers\Lokasi::$ModelLokasi is deprecated in APPPATH\Controllers\Lokasi.php on line 11.
 1 SYSTEMPATH\CodeIgniter.php(921): App\Controllers\Lokasi->__construct()
 2 SYSTEMPATH\CodeIgniter.php(488): CodeIgniter\CodeIgniter->createController()
 3 SYSTEMPATH\CodeIgniter.php(340): CodeIgniter\CodeIgniter->handleRequest(null, Object(Config\Cache), false)
 4 SYSTEMPATH\Boot.php(417): CodeIgniter\CodeIgniter->run()
 5 SYSTEMPATH\Boot.php(68): CodeIgniter\Boot::runCodeIgniter(Object(CodeIgniter\CodeIgniter))
 6 FCPATH\index.php(59): CodeIgniter\Boot::bootWeb(Object(Config\Paths))
DEBUG - 2026-05-08 12:02:15 --> Session: Class initialized using 'CodeIgniter\Session\Handlers\FileHandler' driver.
WARNING - 2026-05-08 12:02:22 --> [DEPRECATED] Creation of dynamic property App\Controllers\Lokasi::$ModelLokasi is deprecated in APPPATH\Controllers\Lokasi.php on line 11.
 1 SYSTEMPATH\CodeIgniter.php(921): App\Controllers\Lokasi->__construct()
 2 SYSTEMPATH\CodeIgniter.php(488): CodeIgniter\CodeIgniter->createController()
 3 SYSTEMPATH\CodeIgniter.php(340): CodeIgniter\CodeIgniter->handleRequest(null, Object(Config\Cache), false)
 4 SYSTEMPATH\Boot.php(417): CodeIgniter\CodeIgniter->run()
 5 SYSTEMPATH\Boot.php(68): CodeIgniter\Boot::runCodeIgniter(Object(CodeIgniter\CodeIgniter))
 6 FCPATH\index.php(59): CodeIgniter\Boot::bootWeb(Object(Config\Paths))
WARNING - 2026-05-08 12:02:25 --> [DEPRECATED] Creation of dynamic property App\Controllers\Lokasi::$ModelLokasi is deprecated in APPPATH\Controllers\Lokasi.php on line 11.
 1 SYSTEMPATH\CodeIgniter.php(921): App\Controllers\Lokasi->__construct()
 2 SYSTEMPATH\CodeIgniter.php(488): CodeIgniter\CodeIgniter->createController()
 3 SYSTEMPATH\CodeIgniter.php(340): CodeIgniter\CodeIgniter->handleRequest(null, Object(Config\Cache), false)
 4 SYSTEMPATH\Boot.php(417): CodeIgniter\CodeIgniter->run()
 5 SYSTEMPATH\Boot.php(68): CodeIgniter\Boot::runCodeIgniter(Object(CodeIgniter\CodeIgniter))
 6 FCPATH\index.php(59): CodeIgniter\Boot::bootWeb(Object(Config\Paths))
DEBUG - 2026-05-08 12:02:25 --> Session: Class initialized using 'CodeIgniter\Session\Handlers\FileHandler' driver.
WARNING - 2026-05-08 12:02:28 --> [DEPRECATED] Creation of dynamic property App\Controllers\Lokasi::$ModelLokasi is deprecated in APPPATH\Controllers\Lokasi.php on line 11.
 1 SYSTEMPATH\CodeIgniter.php(921): App\Controllers\Lokasi->__construct()
 2 SYSTEMPATH\CodeIgniter.php(488): CodeIgniter\CodeIgniter->createController()
 3 SYSTEMPATH\CodeIgniter.php(340): CodeIgniter\CodeIgniter->handleRequest(null, Object(Config\Cache), false)
 4 SYSTEMPATH\Boot.php(417): CodeIgniter\CodeIgniter->run()
 5 SYSTEMPATH\Boot.php(68): CodeIgniter\Boot::runCodeIgniter(Object(CodeIgniter\CodeIgniter))
 6 FCPATH\index.php(59): CodeIgniter\Boot::bootWeb(Object(Config\Paths))
WARNING - 2026-05-08 12:16:26 --> [DEPRECATED] Creation of dynamic property App\Controllers\Lokasi::$ModelLokasi is deprecated in APPPATH\Controllers\Lokasi.php on line 11.
 1 SYSTEMPATH\CodeIgniter.php(921): App\Controllers\Lokasi->__construct()
 2 SYSTEMPATH\CodeIgniter.php(488): CodeIgniter\CodeIgniter->createController()
 3 SYSTEMPATH\CodeIgniter.php(340): CodeIgniter\CodeIgniter->handleRequest(null, Object(Config\Cache), false)
 4 SYSTEMPATH\Boot.php(417): CodeIgniter\CodeIgniter->run()
 5 SYSTEMPATH\Boot.php(68): CodeIgniter\Boot::runCodeIgniter(Object(CodeIgniter\CodeIgniter))
 6 FCPATH\index.php(59): CodeIgniter\Boot::bootWeb(Object(Config\Paths))
WARNING - 2026-05-08 12:16:36 --> [DEPRECATED] Creation of dynamic property App\Controllers\Lokasi::$ModelLokasi is deprecated in APPPATH\Controllers\Lokasi.php on line 11.
 1 SYSTEMPATH\CodeIgniter.php(921): App\Controllers\Lokasi->__construct()
 2 SYSTEMPATH\CodeIgniter.php(488): CodeIgniter\CodeIgniter->createController()
 3 SYSTEMPATH\CodeIgniter.php(340): CodeIgniter\CodeIgniter->handleRequest(null, Object(Config\Cache), false)
 4 SYSTEMPATH\Boot.php(417): CodeIgniter\CodeIgniter->run()
 5 SYSTEMPATH\Boot.php(68): CodeIgniter\Boot::runCodeIgniter(Object(CodeIgniter\CodeIgniter))
 6 FCPATH\index.php(59): CodeIgniter\Boot::bootWeb(Object(Config\Paths))
DEBUG - 2026-05-08 12:16:36 --> Session: Class initialized using 'CodeIgniter\Session\Handlers\FileHandler' driver.
WARNING - 2026-05-08 12:16:39 --> [DEPRECATED] Creation of dynamic property App\Controllers\Lokasi::$ModelLokasi is deprecated in APPPATH\Controllers\Lokasi.php on line 11.
 1 SYSTEMPATH\CodeIgniter.php(921): App\Controllers\Lokasi->__construct()
 2 SYSTEMPATH\CodeIgniter.php(488): CodeIgniter\CodeIgniter->createController()
 3 SYSTEMPATH\CodeIgniter.php(340): CodeIgniter\CodeIgniter->handleRequest(null, Object(Config\Cache), false)
 4 SYSTEMPATH\Boot.php(417): CodeIgniter\CodeIgniter->run()
 5 SYSTEMPATH\Boot.php(68): CodeIgniter\Boot::runCodeIgniter(Object(CodeIgniter\CodeIgniter))
 6 FCPATH\index.php(59): CodeIgniter\Boot::bootWeb(Object(Config\Paths))
DEBUG - 2026-05-08 12:16:39 --> Session: Class initialized using 'CodeIgniter\Session\Handlers\FileHandler' driver.
WARNING - 2026-05-08 12:16:50 --> [DEPRECATED] Creation of dynamic property App\Controllers\Lokasi::$ModelLokasi is deprecated in APPPATH\Controllers\Lokasi.php on line 11.
 1 SYSTEMPATH\CodeIgniter.php(921): App\Controllers\Lokasi->__construct()
 2 SYSTEMPATH\CodeIgniter.php(488): CodeIgniter\CodeIgniter->createController()
 3 SYSTEMPATH\CodeIgniter.php(340): CodeIgniter\CodeIgniter->handleRequest(null, Object(Config\Cache), false)
 4 SYSTEMPATH\Boot.php(417): CodeIgniter\CodeIgniter->run()
 5 SYSTEMPATH\Boot.php(68): CodeIgniter\Boot::runCodeIgniter(Object(CodeIgniter\CodeIgniter))
 6 FCPATH\index.php(59): CodeIgniter\Boot::bootWeb(Object(Config\Paths))
WARNING - 2026-05-08 12:17:24 --> [DEPRECATED] Creation of dynamic property App\Controllers\Lokasi::$ModelLokasi is deprecated in APPPATH\Controllers\Lokasi.php on line 11.
 1 SYSTEMPATH\CodeIgniter.php(921): App\Controllers\Lokasi->__construct()
 2 SYSTEMPATH\CodeIgniter.php(488): CodeIgniter\CodeIgniter->createController()
 3 SYSTEMPATH\CodeIgniter.php(340): CodeIgniter\CodeIgniter->handleRequest(null, Object(Config\Cache), false)
 4 SYSTEMPATH\Boot.php(417): CodeIgniter\CodeIgniter->run()
 5 SYSTEMPATH\Boot.php(68): CodeIgniter\Boot::runCodeIgniter(Object(CodeIgniter\CodeIgniter))
 6 FCPATH\index.php(59): CodeIgniter\Boot::bootWeb(Object(Config\Paths))
DEBUG - 2026-05-08 12:17:24 --> Session: Class initialized using 'CodeIgniter\Session\Handlers\FileHandler' driver.
WARNING - 2026-05-08 12:17:30 --> [DEPRECATED] Creation of dynamic property App\Controllers\Lokasi::$ModelLokasi is deprecated in APPPATH\Controllers\Lokasi.php on line 11.
 1 SYSTEMPATH\CodeIgniter.php(921): App\Controllers\Lokasi->__construct()
 2 SYSTEMPATH\CodeIgniter.php(488): CodeIgniter\CodeIgniter->createController()
 3 SYSTEMPATH\CodeIgniter.php(340): CodeIgniter\CodeIgniter->handleRequest(null, Object(Config\Cache), false)
 4 SYSTEMPATH\Boot.php(417): CodeIgniter\CodeIgniter->run()
 5 SYSTEMPATH\Boot.php(68): CodeIgniter\Boot::runCodeIgniter(Object(CodeIgniter\CodeIgniter))
 6 FCPATH\index.php(59): CodeIgniter\Boot::bootWeb(Object(Config\Paths))
WARNING - 2026-05-08 12:17:36 --> [DEPRECATED] Creation of dynamic property App\Controllers\Lokasi::$ModelLokasi is deprecated in APPPATH\Controllers\Lokasi.php on line 11.
 1 SYSTEMPATH\CodeIgniter.php(921): App\Controllers\Lokasi->__construct()
 2 SYSTEMPATH\CodeIgniter.php(488): CodeIgniter\CodeIgniter->createController()
 3 SYSTEMPATH\CodeIgniter.php(340): CodeIgniter\CodeIgniter->handleRequest(null, Object(Config\Cache), false)
 4 SYSTEMPATH\Boot.php(417): CodeIgniter\CodeIgniter->run()
 5 SYSTEMPATH\Boot.php(68): CodeIgniter\Boot::runCodeIgniter(Object(CodeIgniter\CodeIgniter))
 6 FCPATH\index.php(59): CodeIgniter\Boot::bootWeb(Object(Config\Paths))
WARNING - 2026-05-08 12:17:41 --> [DEPRECATED] Creation of dynamic property App\Controllers\Lokasi::$ModelLokasi is deprecated in APPPATH\Controllers\Lokasi.php on line 11.
 1 SYSTEMPATH\CodeIgniter.php(921): App\Controllers\Lokasi->__construct()
 2 SYSTEMPATH\CodeIgniter.php(488): CodeIgniter\CodeIgniter->createController()
 3 SYSTEMPATH\CodeIgniter.php(340): CodeIgniter\CodeIgniter->handleRequest(null, Object(Config\Cache), false)
 4 SYSTEMPATH\Boot.php(417): CodeIgniter\CodeIgniter->run()
 5 SYSTEMPATH\Boot.php(68): CodeIgniter\Boot::runCodeIgniter(Object(CodeIgniter\CodeIgniter))
 6 FCPATH\index.php(59): CodeIgniter\Boot::bootWeb(Object(Config\Paths))
WARNING - 2026-05-08 12:18:23 --> [DEPRECATED] Creation of dynamic property App\Controllers\Lokasi::$ModelLokasi is deprecated in APPPATH\Controllers\Lokasi.php on line 11.
 1 SYSTEMPATH\CodeIgniter.php(921): App\Controllers\Lokasi->__construct()
 2 SYSTEMPATH\CodeIgniter.php(488): CodeIgniter\CodeIgniter->createController()
 3 SYSTEMPATH\CodeIgniter.php(340): CodeIgniter\CodeIgniter->handleRequest(null, Object(Config\Cache), false)
 4 SYSTEMPATH\Boot.php(417): CodeIgniter\CodeIgniter->run()
 5 SYSTEMPATH\Boot.php(68): CodeIgniter\Boot::runCodeIgniter(Object(CodeIgniter\CodeIgniter))
 6 FCPATH\index.php(59): CodeIgniter\Boot::bootWeb(Object(Config\Paths))
DEBUG - 2026-05-08 12:18:23 --> Session: Class initialized using 'CodeIgniter\Session\Handlers\FileHandler' driver.
WARNING - 2026-05-08 12:18:24 --> [DEPRECATED] Creation of dynamic property App\Controllers\Lokasi::$ModelLokasi is deprecated in APPPATH\Controllers\Lokasi.php on line 11.
 1 SYSTEMPATH\CodeIgniter.php(921): App\Controllers\Lokasi->__construct()
 2 SYSTEMPATH\CodeIgniter.php(488): CodeIgniter\CodeIgniter->createController()
 3 SYSTEMPATH\CodeIgniter.php(340): CodeIgniter\CodeIgniter->handleRequest(null, Object(Config\Cache), false)
 4 SYSTEMPATH\Boot.php(417): CodeIgniter\CodeIgniter->run()
 5 SYSTEMPATH\Boot.php(68): CodeIgniter\Boot::runCodeIgniter(Object(CodeIgniter\CodeIgniter))
 6 FCPATH\index.php(59): CodeIgniter\Boot::bootWeb(Object(Config\Paths))
DEBUG - 2026-05-08 12:18:24 --> Session: Class initialized using 'CodeIgniter\Session\Handlers\FileHandler' driver.
WARNING - 2026-05-08 12:18:31 --> [DEPRECATED] Creation of dynamic property App\Controllers\Lokasi::$ModelLokasi is deprecated in APPPATH\Controllers\Lokasi.php on line 11.
 1 SYSTEMPATH\CodeIgniter.php(921): App\Controllers\Lokasi->__construct()
 2 SYSTEMPATH\CodeIgniter.php(488): CodeIgniter\CodeIgniter->createController()
 3 SYSTEMPATH\CodeIgniter.php(340): CodeIgniter\CodeIgniter->handleRequest(null, Object(Config\Cache), false)
 4 SYSTEMPATH\Boot.php(417): CodeIgniter\CodeIgniter->run()
 5 SYSTEMPATH\Boot.php(68): CodeIgniter\Boot::runCodeIgniter(Object(CodeIgniter\CodeIgniter))
 6 FCPATH\index.php(59): CodeIgniter\Boot::bootWeb(Object(Config\Paths))
WARNING - 2026-05-08 12:18:39 --> [DEPRECATED] Creation of dynamic property App\Controllers\Lokasi::$ModelLokasi is deprecated in APPPATH\Controllers\Lokasi.php on line 11.
 1 SYSTEMPATH\CodeIgniter.php(921): App\Controllers\Lokasi->__construct()
 2 SYSTEMPATH\CodeIgniter.php(488): CodeIgniter\CodeIgniter->createController()
 3 SYSTEMPATH\CodeIgniter.php(340): CodeIgniter\CodeIgniter->handleRequest(null, Object(Config\Cache), false)
 4 SYSTEMPATH\Boot.php(417): CodeIgniter\CodeIgniter->run()
 5 SYSTEMPATH\Boot.php(68): CodeIgniter\Boot::runCodeIgniter(Object(CodeIgniter\CodeIgniter))
 6 FCPATH\index.php(59): CodeIgniter\Boot::bootWeb(Object(Config\Paths))
WARNING - 2026-05-08 12:18:43 --> [DEPRECATED] Creation of dynamic property App\Controllers\Lokasi::$ModelLokasi is deprecated in APPPATH\Controllers\Lokasi.php on line 11.
 1 SYSTEMPATH\CodeIgniter.php(921): App\Controllers\Lokasi->__construct()
 2 SYSTEMPATH\CodeIgniter.php(488): CodeIgniter\CodeIgniter->createController()
 3 SYSTEMPATH\CodeIgniter.php(340): CodeIgniter\CodeIgniter->handleRequest(null, Object(Config\Cache), false)
 4 SYSTEMPATH\Boot.php(417): CodeIgniter\CodeIgniter->run()
 5 SYSTEMPATH\Boot.php(68): CodeIgniter\Boot::runCodeIgniter(Object(CodeIgniter\CodeIgniter))
 6 FCPATH\index.php(59): CodeIgniter\Boot::bootWeb(Object(Config\Paths))
DEBUG - 2026-05-08 12:18:43 --> Session: Class initialized using 'CodeIgniter\Session\Handlers\FileHandler' driver.
WARNING - 2026-05-08 12:19:18 --> [DEPRECATED] Creation of dynamic property App\Controllers\Lokasi::$ModelLokasi is deprecated in APPPATH\Controllers\Lokasi.php on line 11.
 1 SYSTEMPATH\CodeIgniter.php(921): App\Controllers\Lokasi->__construct()
 2 SYSTEMPATH\CodeIgniter.php(488): CodeIgniter\CodeIgniter->createController()
 3 SYSTEMPATH\CodeIgniter.php(340): CodeIgniter\CodeIgniter->handleRequest(null, Object(Config\Cache), false)
 4 SYSTEMPATH\Boot.php(417): CodeIgniter\CodeIgniter->run()
 5 SYSTEMPATH\Boot.php(68): CodeIgniter\Boot::runCodeIgniter(Object(CodeIgniter\CodeIgniter))
 6 FCPATH\index.php(59): CodeIgniter\Boot::bootWeb(Object(Config\Paths))
WARNING - 2026-05-08 12:19:22 --> [DEPRECATED] Creation of dynamic property App\Controllers\Lokasi::$ModelLokasi is deprecated in APPPATH\Controllers\Lokasi.php on line 11.
 1 SYSTEMPATH\CodeIgniter.php(921): App\Controllers\Lokasi->__construct()
 2 SYSTEMPATH\CodeIgniter.php(488): CodeIgniter\CodeIgniter->createController()
 3 SYSTEMPATH\CodeIgniter.php(340): CodeIgniter\CodeIgniter->handleRequest(null, Object(Config\Cache), false)
 4 SYSTEMPATH\Boot.php(417): CodeIgniter\CodeIgniter->run()
 5 SYSTEMPATH\Boot.php(68): CodeIgniter\Boot::runCodeIgniter(Object(CodeIgniter\CodeIgniter))
 6 FCPATH\index.php(59): CodeIgniter\Boot::bootWeb(Object(Config\Paths))
DEBUG - 2026-05-08 12:19:22 --> Session: Class initialized using 'CodeIgniter\Session\Handlers\FileHandler' driver.
WARNING - 2026-05-08 12:19:33 --> [DEPRECATED] Creation of dynamic property App\Controllers\Lokasi::$ModelLokasi is deprecated in APPPATH\Controllers\Lokasi.php on line 11.
 1 SYSTEMPATH\CodeIgniter.php(921): App\Controllers\Lokasi->__construct()
 2 SYSTEMPATH\CodeIgniter.php(488): CodeIgniter\CodeIgniter->createController()
 3 SYSTEMPATH\CodeIgniter.php(340): CodeIgniter\CodeIgniter->handleRequest(null, Object(Config\Cache), false)
 4 SYSTEMPATH\Boot.php(417): CodeIgniter\CodeIgniter->run()
 5 SYSTEMPATH\Boot.php(68): CodeIgniter\Boot::runCodeIgniter(Object(CodeIgniter\CodeIgniter))
 6 FCPATH\index.php(59): CodeIgniter\Boot::bootWeb(Object(Config\Paths))
WARNING - 2026-05-08 12:21:57 --> [DEPRECATED] Creation of dynamic property App\Controllers\Lokasi::$ModelLokasi is deprecated in APPPATH\Controllers\Lokasi.php on line 11.
 1 SYSTEMPATH\CodeIgniter.php(921): App\Controllers\Lokasi->__construct()
 2 SYSTEMPATH\CodeIgniter.php(488): CodeIgniter\CodeIgniter->createController()
 3 SYSTEMPATH\CodeIgniter.php(340): CodeIgniter\CodeIgniter->handleRequest(null, Object(Config\Cache), false)
 4 SYSTEMPATH\Boot.php(417): CodeIgniter\CodeIgniter->run()
 5 SYSTEMPATH\Boot.php(68): CodeIgniter\Boot::runCodeIgniter(Object(CodeIgniter\CodeIgniter))
 6 FCPATH\index.php(59): CodeIgniter\Boot::bootWeb(Object(Config\Paths))
WARNING - 2026-05-08 12:22:37 --> [DEPRECATED] Creation of dynamic property App\Controllers\Lokasi::$ModelLokasi is deprecated in APPPATH\Controllers\Lokasi.php on line 11.
 1 SYSTEMPATH\CodeIgniter.php(921): App\Controllers\Lokasi->__construct()
 2 SYSTEMPATH\CodeIgniter.php(488): CodeIgniter\CodeIgniter->createController()
 3 SYSTEMPATH\CodeIgniter.php(340): CodeIgniter\CodeIgniter->handleRequest(null, Object(Config\Cache), false)
 4 SYSTEMPATH\Boot.php(417): CodeIgniter\CodeIgniter->run()
 5 SYSTEMPATH\Boot.php(68): CodeIgniter\Boot::runCodeIgniter(Object(CodeIgniter\CodeIgniter))
 6 FCPATH\index.php(59): CodeIgniter\Boot::bootWeb(Object(Config\Paths))
WARNING - 2026-05-08 12:22:45 --> [DEPRECATED] Creation of dynamic property App\Controllers\Lokasi::$ModelLokasi is deprecated in APPPATH\Controllers\Lokasi.php on line 11.
 1 SYSTEMPATH\CodeIgniter.php(921): App\Controllers\Lokasi->__construct()
 2 SYSTEMPATH\CodeIgniter.php(488): CodeIgniter\CodeIgniter->createController()
 3 SYSTEMPATH\CodeIgniter.php(340): CodeIgniter\CodeIgniter->handleRequest(null, Object(Config\Cache), false)
 4 SYSTEMPATH\Boot.php(417): CodeIgniter\CodeIgniter->run()
 5 SYSTEMPATH\Boot.php(68): CodeIgniter\Boot::runCodeIgniter(Object(CodeIgniter\CodeIgniter))
 6 FCPATH\index.php(59): CodeIgniter\Boot::bootWeb(Object(Config\Paths))
WARNING - 2026-05-08 12:22:57 --> [DEPRECATED] Creation of dynamic property App\Controllers\Lokasi::$ModelLokasi is deprecated in APPPATH\Controllers\Lokasi.php on line 11.
 1 SYSTEMPATH\CodeIgniter.php(921): App\Controllers\Lokasi->__construct()
 2 SYSTEMPATH\CodeIgniter.php(488): CodeIgniter\CodeIgniter->createController()
 3 SYSTEMPATH\CodeIgniter.php(340): CodeIgniter\CodeIgniter->handleRequest(null, Object(Config\Cache), false)
 4 SYSTEMPATH\Boot.php(417): CodeIgniter\CodeIgniter->run()
 5 SYSTEMPATH\Boot.php(68): CodeIgniter\Boot::runCodeIgniter(Object(CodeIgniter\CodeIgniter))
 6 FCPATH\index.php(59): CodeIgniter\Boot::bootWeb(Object(Config\Paths))
WARNING - 2026-05-08 12:23:00 --> [DEPRECATED] Creation of dynamic property App\Controllers\Lokasi::$ModelLokasi is deprecated in APPPATH\Controllers\Lokasi.php on line 11.
 1 SYSTEMPATH\CodeIgniter.php(921): App\Controllers\Lokasi->__construct()
 2 SYSTEMPATH\CodeIgniter.php(488): CodeIgniter\CodeIgniter->createController()
 3 SYSTEMPATH\CodeIgniter.php(340): CodeIgniter\CodeIgniter->handleRequest(null, Object(Config\Cache), false)
 4 SYSTEMPATH\Boot.php(417): CodeIgniter\CodeIgniter->run()
 5 SYSTEMPATH\Boot.php(68): CodeIgniter\Boot::runCodeIgniter(Object(CodeIgniter\CodeIgniter))
 6 FCPATH\index.php(59): CodeIgniter\Boot::bootWeb(Object(Config\Paths))
DEBUG - 2026-05-08 12:23:00 --> Session: Class initialized using 'CodeIgniter\Session\Handlers\FileHandler' driver.
WARNING - 2026-05-08 12:23:02 --> [DEPRECATED] Creation of dynamic property App\Controllers\Lokasi::$ModelLokasi is deprecated in APPPATH\Controllers\Lokasi.php on line 11.
 1 SYSTEMPATH\CodeIgniter.php(921): App\Controllers\Lokasi->__construct()
 2 SYSTEMPATH\CodeIgniter.php(488): CodeIgniter\CodeIgniter->createController()
 3 SYSTEMPATH\CodeIgniter.php(340): CodeIgniter\CodeIgniter->handleRequest(null, Object(Config\Cache), false)
 4 SYSTEMPATH\Boot.php(417): CodeIgniter\CodeIgniter->run()
 5 SYSTEMPATH\Boot.php(68): CodeIgniter\Boot::runCodeIgniter(Object(CodeIgniter\CodeIgniter))
 6 FCPATH\index.php(59): CodeIgniter\Boot::bootWeb(Object(Config\Paths))
DEBUG - 2026-05-08 12:23:02 --> Session: Class initialized using 'CodeIgniter\Session\Handlers\FileHandler' driver.
WARNING - 2026-05-08 12:23:11 --> [DEPRECATED] Creation of dynamic property App\Controllers\Lokasi::$ModelLokasi is deprecated in APPPATH\Controllers\Lokasi.php on line 11.
 1 SYSTEMPATH\CodeIgniter.php(921): App\Controllers\Lokasi->__construct()
 2 SYSTEMPATH\CodeIgniter.php(488): CodeIgniter\CodeIgniter->createController()
 3 SYSTEMPATH\CodeIgniter.php(340): CodeIgniter\CodeIgniter->handleRequest(null, Object(Config\Cache), false)
 4 SYSTEMPATH\Boot.php(417): CodeIgniter\CodeIgniter->run()
 5 SYSTEMPATH\Boot.php(68): CodeIgniter\Boot::runCodeIgniter(Object(CodeIgniter\CodeIgniter))
 6 FCPATH\index.php(59): CodeIgniter\Boot::bootWeb(Object(Config\Paths))
WARNING - 2026-05-08 12:23:21 --> [DEPRECATED] Creation of dynamic property App\Controllers\Lokasi::$ModelLokasi is deprecated in APPPATH\Controllers\Lokasi.php on line 11.
 1 SYSTEMPATH\CodeIgniter.php(921): App\Controllers\Lokasi->__construct()
 2 SYSTEMPATH\CodeIgniter.php(488): CodeIgniter\CodeIgniter->createController()
 3 SYSTEMPATH\CodeIgniter.php(340): CodeIgniter\CodeIgniter->handleRequest(null, Object(Config\Cache), false)
 4 SYSTEMPATH\Boot.php(417): CodeIgniter\CodeIgniter->run()
 5 SYSTEMPATH\Boot.php(68): CodeIgniter\Boot::runCodeIgniter(Object(CodeIgniter\CodeIgniter))
 6 FCPATH\index.php(59): CodeIgniter\Boot::bootWeb(Object(Config\Paths))
WARNING - 2026-05-08 12:23:25 --> [DEPRECATED] Creation of dynamic property App\Controllers\Lokasi::$ModelLokasi is deprecated in APPPATH\Controllers\Lokasi.php on line 11.
 1 SYSTEMPATH\CodeIgniter.php(921): App\Controllers\Lokasi->__construct()
 2 SYSTEMPATH\CodeIgniter.php(488): CodeIgniter\CodeIgniter->createController()
 3 SYSTEMPATH\CodeIgniter.php(340): CodeIgniter\CodeIgniter->handleRequest(null, Object(Config\Cache), false)
 4 SYSTEMPATH\Boot.php(417): CodeIgniter\CodeIgniter->run()
 5 SYSTEMPATH\Boot.php(68): CodeIgniter\Boot::runCodeIgniter(Object(CodeIgniter\CodeIgniter))
 6 FCPATH\index.php(59): CodeIgniter\Boot::bootWeb(Object(Config\Paths))
WARNING - 2026-05-08 12:25:03 --> [DEPRECATED] Creation of dynamic property App\Controllers\Lokasi::$ModelLokasi is deprecated in APPPATH\Controllers\Lokasi.php on line 11.
 1 SYSTEMPATH\CodeIgniter.php(921): App\Controllers\Lokasi->__construct()
 2 SYSTEMPATH\CodeIgniter.php(488): CodeIgniter\CodeIgniter->createController()
 3 SYSTEMPATH\CodeIgniter.php(340): CodeIgniter\CodeIgniter->handleRequest(null, Object(Config\Cache), false)
 4 SYSTEMPATH\Boot.php(417): CodeIgniter\CodeIgniter->run()
 5 SYSTEMPATH\Boot.php(68): CodeIgniter\Boot::runCodeIgniter(Object(CodeIgniter\CodeIgniter))
 6 FCPATH\index.php(59): CodeIgniter\Boot::bootWeb(Object(Config\Paths))
WARNING - 2026-05-08 12:25:52 --> [DEPRECATED] Creation of dynamic property App\Controllers\Lokasi::$ModelLokasi is deprecated in APPPATH\Controllers\Lokasi.php on line 11.
 1 SYSTEMPATH\CodeIgniter.php(921): App\Controllers\Lokasi->__construct()
 2 SYSTEMPATH\CodeIgniter.php(488): CodeIgniter\CodeIgniter->createController()
 3 SYSTEMPATH\CodeIgniter.php(340): CodeIgniter\CodeIgniter->handleRequest(null, Object(Config\Cache), false)
 4 SYSTEMPATH\Boot.php(417): CodeIgniter\CodeIgniter->run()
 5 SYSTEMPATH\Boot.php(68): CodeIgniter\Boot::runCodeIgniter(Object(CodeIgniter\CodeIgniter))
 6 FCPATH\index.php(59): CodeIgniter\Boot::bootWeb(Object(Config\Paths))
WARNING - 2026-05-08 12:25:59 --> [DEPRECATED] Creation of dynamic property App\Controllers\Lokasi::$ModelLokasi is deprecated in APPPATH\Controllers\Lokasi.php on line 11.
 1 SYSTEMPATH\CodeIgniter.php(921): App\Controllers\Lokasi->__construct()
 2 SYSTEMPATH\CodeIgniter.php(488): CodeIgniter\CodeIgniter->createController()
 3 SYSTEMPATH\CodeIgniter.php(340): CodeIgniter\CodeIgniter->handleRequest(null, Object(Config\Cache), false)
 4 SYSTEMPATH\Boot.php(417): CodeIgniter\CodeIgniter->run()
 5 SYSTEMPATH\Boot.php(68): CodeIgniter\Boot::runCodeIgniter(Object(CodeIgniter\CodeIgniter))
 6 FCPATH\index.php(59): CodeIgniter\Boot::bootWeb(Object(Config\Paths))
WARNING - 2026-05-08 12:26:04 --> [DEPRECATED] Creation of dynamic property App\Controllers\Lokasi::$ModelLokasi is deprecated in APPPATH\Controllers\Lokasi.php on line 11.
 1 SYSTEMPATH\CodeIgniter.php(921): App\Controllers\Lokasi->__construct()
 2 SYSTEMPATH\CodeIgniter.php(488): CodeIgniter\CodeIgniter->createController()
 3 SYSTEMPATH\CodeIgniter.php(340): CodeIgniter\CodeIgniter->handleRequest(null, Object(Config\Cache), false)
 4 SYSTEMPATH\Boot.php(417): CodeIgniter\CodeIgniter->run()
 5 SYSTEMPATH\Boot.php(68): CodeIgniter\Boot::runCodeIgniter(Object(CodeIgniter\CodeIgniter))
 6 FCPATH\index.php(59): CodeIgniter\Boot::bootWeb(Object(Config\Paths))
WARNING - 2026-05-08 12:29:46 --> [DEPRECATED] Creation of dynamic property App\Controllers\Lokasi::$ModelLokasi is deprecated in APPPATH\Controllers\Lokasi.php on line 11.
 1 SYSTEMPATH\CodeIgniter.php(921): App\Controllers\Lokasi->__construct()
 2 SYSTEMPATH\CodeIgniter.php(488): CodeIgniter\CodeIgniter->createController()
 3 SYSTEMPATH\CodeIgniter.php(340): CodeIgniter\CodeIgniter->handleRequest(null, Object(Config\Cache), false)
 4 SYSTEMPATH\Boot.php(417): CodeIgniter\CodeIgniter->run()
 5 SYSTEMPATH\Boot.php(68): CodeIgniter\Boot::runCodeIgniter(Object(CodeIgniter\CodeIgniter))
 6 FCPATH\index.php(59): CodeIgniter\Boot::bootWeb(Object(Config\Paths))
WARNING - 2026-05-08 12:29:50 --> [DEPRECATED] Creation of dynamic property App\Controllers\Lokasi::$ModelLokasi is deprecated in APPPATH\Controllers\Lokasi.php on line 11.
 1 SYSTEMPATH\CodeIgniter.php(921): App\Controllers\Lokasi->__construct()
 2 SYSTEMPATH\CodeIgniter.php(488): CodeIgniter\CodeIgniter->createController()
 3 SYSTEMPATH\CodeIgniter.php(340): CodeIgniter\CodeIgniter->handleRequest(null, Object(Config\Cache), false)
 4 SYSTEMPATH\Boot.php(417): CodeIgniter\CodeIgniter->run()
 5 SYSTEMPATH\Boot.php(68): CodeIgniter\Boot::runCodeIgniter(Object(CodeIgniter\CodeIgniter))
 6 FCPATH\index.php(59): CodeIgniter\Boot::bootWeb(Object(Config\Paths))
DEBUG - 2026-05-08 12:29:50 --> Session: Class initialized using 'CodeIgniter\Session\Handlers\FileHandler' driver.
WARNING - 2026-05-08 12:29:55 --> [DEPRECATED] Creation of dynamic property App\Controllers\Lokasi::$ModelLokasi is deprecated in APPPATH\Controllers\Lokasi.php on line 11.
 1 SYSTEMPATH\CodeIgniter.php(921): App\Controllers\Lokasi->__construct()
 2 SYSTEMPATH\CodeIgniter.php(488): CodeIgniter\CodeIgniter->createController()
 3 SYSTEMPATH\CodeIgniter.php(340): CodeIgniter\CodeIgniter->handleRequest(null, Object(Config\Cache), false)
 4 SYSTEMPATH\Boot.php(417): CodeIgniter\CodeIgniter->run()
 5 SYSTEMPATH\Boot.php(68): CodeIgniter\Boot::runCodeIgniter(Object(CodeIgniter\CodeIgniter))
 6 FCPATH\index.php(59): CodeIgniter\Boot::bootWeb(Object(Config\Paths))
WARNING - 2026-05-08 12:30:03 --> [DEPRECATED] Creation of dynamic property App\Controllers\Lokasi::$ModelLokasi is deprecated in APPPATH\Controllers\Lokasi.php on line 11.
 1 SYSTEMPATH\CodeIgniter.php(921): App\Controllers\Lokasi->__construct()
 2 SYSTEMPATH\CodeIgniter.php(488): CodeIgniter\CodeIgniter->createController()
 3 SYSTEMPATH\CodeIgniter.php(340): CodeIgniter\CodeIgniter->handleRequest(null, Object(Config\Cache), false)
 4 SYSTEMPATH\Boot.php(417): CodeIgniter\CodeIgniter->run()
 5 SYSTEMPATH\Boot.php(68): CodeIgniter\Boot::runCodeIgniter(Object(CodeIgniter\CodeIgniter))
 6 FCPATH\index.php(59): CodeIgniter\Boot::bootWeb(Object(Config\Paths))
WARNING - 2026-05-08 12:31:30 --> [DEPRECATED] Creation of dynamic property App\Controllers\Lokasi::$ModelLokasi is deprecated in APPPATH\Controllers\Lokasi.php on line 11.
 1 SYSTEMPATH\CodeIgniter.php(921): App\Controllers\Lokasi->__construct()
 2 SYSTEMPATH\CodeIgniter.php(488): CodeIgniter\CodeIgniter->createController()
 3 SYSTEMPATH\CodeIgniter.php(340): CodeIgniter\CodeIgniter->handleRequest(null, Object(Config\Cache), false)
 4 SYSTEMPATH\Boot.php(417): CodeIgniter\CodeIgniter->run()
 5 SYSTEMPATH\Boot.php(68): CodeIgniter\Boot::runCodeIgniter(Object(CodeIgniter\CodeIgniter))
 6 FCPATH\index.php(59): CodeIgniter\Boot::bootWeb(Object(Config\Paths))
WARNING - 2026-05-08 12:34:33 --> [DEPRECATED] Creation of dynamic property App\Controllers\Lokasi::$ModelLokasi is deprecated in APPPATH\Controllers\Lokasi.php on line 11.
 1 SYSTEMPATH\CodeIgniter.php(921): App\Controllers\Lokasi->__construct()
 2 SYSTEMPATH\CodeIgniter.php(488): CodeIgniter\CodeIgniter->createController()
 3 SYSTEMPATH\CodeIgniter.php(340): CodeIgniter\CodeIgniter->handleRequest(null, Object(Config\Cache), false)
 4 SYSTEMPATH\Boot.php(417): CodeIgniter\CodeIgniter->run()
 5 SYSTEMPATH\Boot.php(68): CodeIgniter\Boot::runCodeIgniter(Object(CodeIgniter\CodeIgniter))
 6 FCPATH\index.php(59): CodeIgniter\Boot::bootWeb(Object(Config\Paths))
WARNING - 2026-05-08 12:34:56 --> [DEPRECATED] Creation of dynamic property App\Controllers\Lokasi::$ModelLokasi is deprecated in APPPATH\Controllers\Lokasi.php on line 11.
 1 SYSTEMPATH\CodeIgniter.php(921): App\Controllers\Lokasi->__construct()
 2 SYSTEMPATH\CodeIgniter.php(488): CodeIgniter\CodeIgniter->createController()
 3 SYSTEMPATH\CodeIgniter.php(340): CodeIgniter\CodeIgniter->handleRequest(null, Object(Config\Cache), false)
 4 SYSTEMPATH\Boot.php(417): CodeIgniter\CodeIgniter->run()
 5 SYSTEMPATH\Boot.php(68): CodeIgniter\Boot::runCodeIgniter(Object(CodeIgniter\CodeIgniter))
 6 FCPATH\index.php(59): CodeIgniter\Boot::bootWeb(Object(Config\Paths))
WARNING - 2026-05-08 12:34:59 --> [DEPRECATED] Creation of dynamic property App\Controllers\Lokasi::$ModelLokasi is deprecated in APPPATH\Controllers\Lokasi.php on line 11.
 1 SYSTEMPATH\CodeIgniter.php(921): App\Controllers\Lokasi->__construct()
 2 SYSTEMPATH\CodeIgniter.php(488): CodeIgniter\CodeIgniter->createController()
 3 SYSTEMPATH\CodeIgniter.php(340): CodeIgniter\CodeIgniter->handleRequest(null, Object(Config\Cache), false)
 4 SYSTEMPATH\Boot.php(417): CodeIgniter\CodeIgniter->run()
 5 SYSTEMPATH\Boot.php(68): CodeIgniter\Boot::runCodeIgniter(Object(CodeIgniter\CodeIgniter))
 6 FCPATH\index.php(59): CodeIgniter\Boot::bootWeb(Object(Config\Paths))
WARNING - 2026-05-08 12:35:40 --> [DEPRECATED] Creation of dynamic property App\Controllers\Lokasi::$ModelLokasi is deprecated in APPPATH\Controllers\Lokasi.php on line 11.
 1 SYSTEMPATH\CodeIgniter.php(921): App\Controllers\Lokasi->__construct()
 2 SYSTEMPATH\CodeIgniter.php(488): CodeIgniter\CodeIgniter->createController()
 3 SYSTEMPATH\CodeIgniter.php(340): CodeIgniter\CodeIgniter->handleRequest(null, Object(Config\Cache), false)
 4 SYSTEMPATH\Boot.php(417): CodeIgniter\CodeIgniter->run()
 5 SYSTEMPATH\Boot.php(68): CodeIgniter\Boot::runCodeIgniter(Object(CodeIgniter\CodeIgniter))
 6 FCPATH\index.php(59): CodeIgniter\Boot::bootWeb(Object(Config\Paths))
WARNING - 2026-05-08 12:35:42 --> [DEPRECATED] Creation of dynamic property App\Controllers\Lokasi::$ModelLokasi is deprecated in APPPATH\Controllers\Lokasi.php on line 11.
 1 SYSTEMPATH\CodeIgniter.php(921): App\Controllers\Lokasi->__construct()
 2 SYSTEMPATH\CodeIgniter.php(488): CodeIgniter\CodeIgniter->createController()
 3 SYSTEMPATH\CodeIgniter.php(340): CodeIgniter\CodeIgniter->handleRequest(null, Object(Config\Cache), false)
 4 SYSTEMPATH\Boot.php(417): CodeIgniter\CodeIgniter->run()
 5 SYSTEMPATH\Boot.php(68): CodeIgniter\Boot::runCodeIgniter(Object(CodeIgniter\CodeIgniter))
 6 FCPATH\index.php(59): CodeIgniter\Boot::bootWeb(Object(Config\Paths))
DEBUG - 2026-05-08 12:35:42 --> Session: Class initialized using 'CodeIgniter\Session\Handlers\FileHandler' driver.
WARNING - 2026-05-08 12:35:46 --> [DEPRECATED] Creation of dynamic property App\Controllers\Lokasi::$ModelLokasi is deprecated in APPPATH\Controllers\Lokasi.php on line 11.
 1 SYSTEMPATH\CodeIgniter.php(921): App\Controllers\Lokasi->__construct()
 2 SYSTEMPATH\CodeIgniter.php(488): CodeIgniter\CodeIgniter->createController()
 3 SYSTEMPATH\CodeIgniter.php(340): CodeIgniter\CodeIgniter->handleRequest(null, Object(Config\Cache), false)
 4 SYSTEMPATH\Boot.php(417): CodeIgniter\CodeIgniter->run()
 5 SYSTEMPATH\Boot.php(68): CodeIgniter\Boot::runCodeIgniter(Object(CodeIgniter\CodeIgniter))
 6 FCPATH\index.php(59): CodeIgniter\Boot::bootWeb(Object(Config\Paths))
CRITICAL - 2026-05-08 12:35:46 --> ErrorException: Undefined array key "$foto_lokasi"
[Method: POST, Route: Lokasi/updateData/1]
in APPPATH\Controllers\Lokasi.php on line 162.
 1 APPPATH\Controllers\Lokasi.php(162): CodeIgniter\Debug\Exceptions->errorHandler(2, 'Undefined array key "$foto_lokasi"', 'C:\\xampp\\htdocs\\demo-webgisci4\\app\\Controllers\\Lokasi.php', 162)
 2 SYSTEMPATH\CodeIgniter.php(951): App\Controllers\Lokasi->updateData('1')
 3 SYSTEMPATH\CodeIgniter.php(497): CodeIgniter\CodeIgniter->runController(Object(App\Controllers\Lokasi))
 4 SYSTEMPATH\CodeIgniter.php(340): CodeIgniter\CodeIgniter->handleRequest(null, Object(Config\Cache), false)
 5 SYSTEMPATH\Boot.php(417): CodeIgniter\CodeIgniter->run()
 6 SYSTEMPATH\Boot.php(68): CodeIgniter\Boot::runCodeIgniter(Object(CodeIgniter\CodeIgniter))
 7 FCPATH\index.php(59): CodeIgniter\Boot::bootWeb(Object(Config\Paths))
WARNING - 2026-05-08 12:36:09 --> [DEPRECATED] Creation of dynamic property App\Controllers\Lokasi::$ModelLokasi is deprecated in APPPATH\Controllers\Lokasi.php on line 11.
 1 SYSTEMPATH\CodeIgniter.php(921): App\Controllers\Lokasi->__construct()
 2 SYSTEMPATH\CodeIgniter.php(488): CodeIgniter\CodeIgniter->createController()
 3 SYSTEMPATH\CodeIgniter.php(340): CodeIgniter\CodeIgniter->handleRequest(null, Object(Config\Cache), false)
 4 SYSTEMPATH\Boot.php(417): CodeIgniter\CodeIgniter->run()
 5 SYSTEMPATH\Boot.php(68): CodeIgniter\Boot::runCodeIgniter(Object(CodeIgniter\CodeIgniter))
 6 FCPATH\index.php(59): CodeIgniter\Boot::bootWeb(Object(Config\Paths))
CRITICAL - 2026-05-08 12:36:09 --> ErrorException: Undefined array key "$foto_lokasi"
[Method: POST, Route: Lokasi/updateData/1]
in APPPATH\Controllers\Lokasi.php on line 162.
 1 APPPATH\Controllers\Lokasi.php(162): CodeIgniter\Debug\Exceptions->errorHandler(2, 'Undefined array key "$foto_lokasi"', 'C:\\xampp\\htdocs\\demo-webgisci4\\app\\Controllers\\Lokasi.php', 162)
 2 SYSTEMPATH\CodeIgniter.php(951): App\Controllers\Lokasi->updateData('1')
 3 SYSTEMPATH\CodeIgniter.php(497): CodeIgniter\CodeIgniter->runController(Object(App\Controllers\Lokasi))
 4 SYSTEMPATH\CodeIgniter.php(340): CodeIgniter\CodeIgniter->handleRequest(null, Object(Config\Cache), false)
 5 SYSTEMPATH\Boot.php(417): CodeIgniter\CodeIgniter->run()
 6 SYSTEMPATH\Boot.php(68): CodeIgniter\Boot::runCodeIgniter(Object(CodeIgniter\CodeIgniter))
 7 FCPATH\index.php(59): CodeIgniter\Boot::bootWeb(Object(Config\Paths))
WARNING - 2026-05-08 12:37:45 --> [DEPRECATED] Creation of dynamic property App\Controllers\Lokasi::$ModelLokasi is deprecated in APPPATH\Controllers\Lokasi.php on line 11.
 1 SYSTEMPATH\CodeIgniter.php(921): App\Controllers\Lokasi->__construct()
 2 SYSTEMPATH\CodeIgniter.php(488): CodeIgniter\CodeIgniter->createController()
 3 SYSTEMPATH\CodeIgniter.php(340): CodeIgniter\CodeIgniter->handleRequest(null, Object(Config\Cache), false)
 4 SYSTEMPATH\Boot.php(417): CodeIgniter\CodeIgniter->run()
 5 SYSTEMPATH\Boot.php(68): CodeIgniter\Boot::runCodeIgniter(Object(CodeIgniter\CodeIgniter))
 6 FCPATH\index.php(59): CodeIgniter\Boot::bootWeb(Object(Config\Paths))
DEBUG - 2026-05-08 12:37:45 --> Session: Class initialized using 'CodeIgniter\Session\Handlers\FileHandler' driver.
WARNING - 2026-05-08 12:37:45 --> [DEPRECATED] Creation of dynamic property App\Controllers\Lokasi::$ModelLokasi is deprecated in APPPATH\Controllers\Lokasi.php on line 11.
 1 SYSTEMPATH\CodeIgniter.php(921): App\Controllers\Lokasi->__construct()
 2 SYSTEMPATH\CodeIgniter.php(488): CodeIgniter\CodeIgniter->createController()
 3 SYSTEMPATH\CodeIgniter.php(340): CodeIgniter\CodeIgniter->handleRequest(null, Object(Config\Cache), false)
 4 SYSTEMPATH\Boot.php(417): CodeIgniter\CodeIgniter->run()
 5 SYSTEMPATH\Boot.php(68): CodeIgniter\Boot::runCodeIgniter(Object(CodeIgniter\CodeIgniter))
 6 FCPATH\index.php(59): CodeIgniter\Boot::bootWeb(Object(Config\Paths))
WARNING - 2026-05-08 12:38:14 --> [DEPRECATED] Creation of dynamic property App\Controllers\Lokasi::$ModelLokasi is deprecated in APPPATH\Controllers\Lokasi.php on line 11.
 1 SYSTEMPATH\CodeIgniter.php(921): App\Controllers\Lokasi->__construct()
 2 SYSTEMPATH\CodeIgniter.php(488): CodeIgniter\CodeIgniter->createController()
 3 SYSTEMPATH\CodeIgniter.php(340): CodeIgniter\CodeIgniter->handleRequest(null, Object(Config\Cache), false)
 4 SYSTEMPATH\Boot.php(417): CodeIgniter\CodeIgniter->run()
 5 SYSTEMPATH\Boot.php(68): CodeIgniter\Boot::runCodeIgniter(Object(CodeIgniter\CodeIgniter))
 6 FCPATH\index.php(59): CodeIgniter\Boot::bootWeb(Object(Config\Paths))
WARNING - 2026-05-08 12:38:18 --> [DEPRECATED] Creation of dynamic property App\Controllers\Lokasi::$ModelLokasi is deprecated in APPPATH\Controllers\Lokasi.php on line 11.
 1 SYSTEMPATH\CodeIgniter.php(921): App\Controllers\Lokasi->__construct()
 2 SYSTEMPATH\CodeIgniter.php(488): CodeIgniter\CodeIgniter->createController()
 3 SYSTEMPATH\CodeIgniter.php(340): CodeIgniter\CodeIgniter->handleRequest(null, Object(Config\Cache), false)
 4 SYSTEMPATH\Boot.php(417): CodeIgniter\CodeIgniter->run()
 5 SYSTEMPATH\Boot.php(68): CodeIgniter\Boot::runCodeIgniter(Object(CodeIgniter\CodeIgniter))
 6 FCPATH\index.php(59): CodeIgniter\Boot::bootWeb(Object(Config\Paths))
DEBUG - 2026-05-08 12:38:18 --> Session: Class initialized using 'CodeIgniter\Session\Handlers\FileHandler' driver.
WARNING - 2026-05-08 12:38:25 --> [DEPRECATED] Creation of dynamic property App\Controllers\Lokasi::$ModelLokasi is deprecated in APPPATH\Controllers\Lokasi.php on line 11.
 1 SYSTEMPATH\CodeIgniter.php(921): App\Controllers\Lokasi->__construct()
 2 SYSTEMPATH\CodeIgniter.php(488): CodeIgniter\CodeIgniter->createController()
 3 SYSTEMPATH\CodeIgniter.php(340): CodeIgniter\CodeIgniter->handleRequest(null, Object(Config\Cache), false)
 4 SYSTEMPATH\Boot.php(417): CodeIgniter\CodeIgniter->run()
 5 SYSTEMPATH\Boot.php(68): CodeIgniter\Boot::runCodeIgniter(Object(CodeIgniter\CodeIgniter))
 6 FCPATH\index.php(59): CodeIgniter\Boot::bootWeb(Object(Config\Paths))
DEBUG - 2026-05-08 12:38:25 --> Session: Class initialized using 'CodeIgniter\Session\Handlers\FileHandler' driver.
WARNING - 2026-05-08 12:38:25 --> [DEPRECATED] Creation of dynamic property App\Controllers\Lokasi::$ModelLokasi is deprecated in APPPATH\Controllers\Lokasi.php on line 11.
 1 SYSTEMPATH\CodeIgniter.php(921): App\Controllers\Lokasi->__construct()
 2 SYSTEMPATH\CodeIgniter.php(488): CodeIgniter\CodeIgniter->createController()
 3 SYSTEMPATH\CodeIgniter.php(340): CodeIgniter\CodeIgniter->handleRequest(null, Object(Config\Cache), false)
 4 SYSTEMPATH\Boot.php(417): CodeIgniter\CodeIgniter->run()
 5 SYSTEMPATH\Boot.php(68): CodeIgniter\Boot::runCodeIgniter(Object(CodeIgniter\CodeIgniter))
 6 FCPATH\index.php(59): CodeIgniter\Boot::bootWeb(Object(Config\Paths))
WARNING - 2026-05-08 12:47:29 --> [DEPRECATED] Creation of dynamic property App\Controllers\Lokasi::$ModelLokasi is deprecated in APPPATH\Controllers\Lokasi.php on line 11.
 1 SYSTEMPATH\CodeIgniter.php(921): App\Controllers\Lokasi->__construct()
 2 SYSTEMPATH\CodeIgniter.php(488): CodeIgniter\CodeIgniter->createController()
 3 SYSTEMPATH\CodeIgniter.php(340): CodeIgniter\CodeIgniter->handleRequest(null, Object(Config\Cache), false)
 4 SYSTEMPATH\Boot.php(417): CodeIgniter\CodeIgniter->run()
 5 SYSTEMPATH\Boot.php(68): CodeIgniter\Boot::runCodeIgniter(Object(CodeIgniter\CodeIgniter))
 6 FCPATH\index.php(59): CodeIgniter\Boot::bootWeb(Object(Config\Paths))
DEBUG - 2026-05-08 12:47:29 --> Session: Class initialized using 'CodeIgniter\Session\Handlers\FileHandler' driver.
WARNING - 2026-05-08 12:47:37 --> [DEPRECATED] Creation of dynamic property App\Controllers\Lokasi::$ModelLokasi is deprecated in APPPATH\Controllers\Lokasi.php on line 11.
 1 SYSTEMPATH\CodeIgniter.php(921): App\Controllers\Lokasi->__construct()
 2 SYSTEMPATH\CodeIgniter.php(488): CodeIgniter\CodeIgniter->createController()
 3 SYSTEMPATH\CodeIgniter.php(340): CodeIgniter\CodeIgniter->handleRequest(null, Object(Config\Cache), false)
 4 SYSTEMPATH\Boot.php(417): CodeIgniter\CodeIgniter->run()
 5 SYSTEMPATH\Boot.php(68): CodeIgniter\Boot::runCodeIgniter(Object(CodeIgniter\CodeIgniter))
 6 FCPATH\index.php(59): CodeIgniter\Boot::bootWeb(Object(Config\Paths))
DEBUG - 2026-05-08 12:47:37 --> Session: Class initialized using 'CodeIgniter\Session\Handlers\FileHandler' driver.
WARNING - 2026-05-08 12:47:53 --> [DEPRECATED] Creation of dynamic property App\Controllers\Lokasi::$ModelLokasi is deprecated in APPPATH\Controllers\Lokasi.php on line 11.
 1 SYSTEMPATH\CodeIgniter.php(921): App\Controllers\Lokasi->__construct()
 2 SYSTEMPATH\CodeIgniter.php(488): CodeIgniter\CodeIgniter->createController()
 3 SYSTEMPATH\CodeIgniter.php(340): CodeIgniter\CodeIgniter->handleRequest(null, Object(Config\Cache), false)
 4 SYSTEMPATH\Boot.php(417): CodeIgniter\CodeIgniter->run()
 5 SYSTEMPATH\Boot.php(68): CodeIgniter\Boot::runCodeIgniter(Object(CodeIgniter\CodeIgniter))
 6 FCPATH\index.php(59): CodeIgniter\Boot::bootWeb(Object(Config\Paths))
DEBUG - 2026-05-08 12:47:53 --> Session: Class initialized using 'CodeIgniter\Session\Handlers\FileHandler' driver.
WARNING - 2026-05-08 12:47:53 --> [DEPRECATED] Creation of dynamic property App\Controllers\Lokasi::$ModelLokasi is deprecated in APPPATH\Controllers\Lokasi.php on line 11.
 1 SYSTEMPATH\CodeIgniter.php(921): App\Controllers\Lokasi->__construct()
 2 SYSTEMPATH\CodeIgniter.php(488): CodeIgniter\CodeIgniter->createController()
 3 SYSTEMPATH\CodeIgniter.php(340): CodeIgniter\CodeIgniter->handleRequest(null, Object(Config\Cache), false)
 4 SYSTEMPATH\Boot.php(417): CodeIgniter\CodeIgniter->run()
 5 SYSTEMPATH\Boot.php(68): CodeIgniter\Boot::runCodeIgniter(Object(CodeIgniter\CodeIgniter))
 6 FCPATH\index.php(59): CodeIgniter\Boot::bootWeb(Object(Config\Paths))
WARNING - 2026-05-08 12:48:09 --> [DEPRECATED] Creation of dynamic property App\Controllers\Lokasi::$ModelLokasi is deprecated in APPPATH\Controllers\Lokasi.php on line 11.
 1 SYSTEMPATH\CodeIgniter.php(921): App\Controllers\Lokasi->__construct()
 2 SYSTEMPATH\CodeIgniter.php(488): CodeIgniter\CodeIgniter->createController()
 3 SYSTEMPATH\CodeIgniter.php(340): CodeIgniter\CodeIgniter->handleRequest(null, Object(Config\Cache), false)
 4 SYSTEMPATH\Boot.php(417): CodeIgniter\CodeIgniter->run()
 5 SYSTEMPATH\Boot.php(68): CodeIgniter\Boot::runCodeIgniter(Object(CodeIgniter\CodeIgniter))
 6 FCPATH\index.php(59): CodeIgniter\Boot::bootWeb(Object(Config\Paths))
DEBUG - 2026-05-08 12:48:09 --> Session: Class initialized using 'CodeIgniter\Session\Handlers\FileHandler' driver.
WARNING - 2026-05-08 12:48:14 --> [DEPRECATED] Creation of dynamic property App\Controllers\Lokasi::$ModelLokasi is deprecated in APPPATH\Controllers\Lokasi.php on line 11.
 1 SYSTEMPATH\CodeIgniter.php(921): App\Controllers\Lokasi->__construct()
 2 SYSTEMPATH\CodeIgniter.php(488): CodeIgniter\CodeIgniter->createController()
 3 SYSTEMPATH\CodeIgniter.php(340): CodeIgniter\CodeIgniter->handleRequest(null, Object(Config\Cache), false)
 4 SYSTEMPATH\Boot.php(417): CodeIgniter\CodeIgniter->run()
 5 SYSTEMPATH\Boot.php(68): CodeIgniter\Boot::runCodeIgniter(Object(CodeIgniter\CodeIgniter))
 6 FCPATH\index.php(59): CodeIgniter\Boot::bootWeb(Object(Config\Paths))
DEBUG - 2026-05-08 12:48:14 --> Session: Class initialized using 'CodeIgniter\Session\Handlers\FileHandler' driver.
WARNING - 2026-05-08 12:48:26 --> [DEPRECATED] Creation of dynamic property App\Controllers\Lokasi::$ModelLokasi is deprecated in APPPATH\Controllers\Lokasi.php on line 11.
 1 SYSTEMPATH\CodeIgniter.php(921): App\Controllers\Lokasi->__construct()
 2 SYSTEMPATH\CodeIgniter.php(488): CodeIgniter\CodeIgniter->createController()
 3 SYSTEMPATH\CodeIgniter.php(340): CodeIgniter\CodeIgniter->handleRequest(null, Object(Config\Cache), false)
 4 SYSTEMPATH\Boot.php(417): CodeIgniter\CodeIgniter->run()
 5 SYSTEMPATH\Boot.php(68): CodeIgniter\Boot::runCodeIgniter(Object(CodeIgniter\CodeIgniter))
 6 FCPATH\index.php(59): CodeIgniter\Boot::bootWeb(Object(Config\Paths))
DEBUG - 2026-05-08 12:48:26 --> Session: Class initialized using 'CodeIgniter\Session\Handlers\FileHandler' driver.
WARNING - 2026-05-08 12:48:26 --> [DEPRECATED] Creation of dynamic property App\Controllers\Lokasi::$ModelLokasi is deprecated in APPPATH\Controllers\Lokasi.php on line 11.
 1 SYSTEMPATH\CodeIgniter.php(921): App\Controllers\Lokasi->__construct()
 2 SYSTEMPATH\CodeIgniter.php(488): CodeIgniter\CodeIgniter->createController()
 3 SYSTEMPATH\CodeIgniter.php(340): CodeIgniter\CodeIgniter->handleRequest(null, Object(Config\Cache), false)
 4 SYSTEMPATH\Boot.php(417): CodeIgniter\CodeIgniter->run()
 5 SYSTEMPATH\Boot.php(68): CodeIgniter\Boot::runCodeIgniter(Object(CodeIgniter\CodeIgniter))
 6 FCPATH\index.php(59): CodeIgniter\Boot::bootWeb(Object(Config\Paths))
WARNING - 2026-05-08 12:48:32 --> [DEPRECATED] Creation of dynamic property App\Controllers\Lokasi::$ModelLokasi is deprecated in APPPATH\Controllers\Lokasi.php on line 11.
 1 SYSTEMPATH\CodeIgniter.php(921): App\Controllers\Lokasi->__construct()
 2 SYSTEMPATH\CodeIgniter.php(488): CodeIgniter\CodeIgniter->createController()
 3 SYSTEMPATH\CodeIgniter.php(340): CodeIgniter\CodeIgniter->handleRequest(null, Object(Config\Cache), false)
 4 SYSTEMPATH\Boot.php(417): CodeIgniter\CodeIgniter->run()
 5 SYSTEMPATH\Boot.php(68): CodeIgniter\Boot::runCodeIgniter(Object(CodeIgniter\CodeIgniter))
 6 FCPATH\index.php(59): CodeIgniter\Boot::bootWeb(Object(Config\Paths))
DEBUG - 2026-05-08 12:48:32 --> Session: Class initialized using 'CodeIgniter\Session\Handlers\FileHandler' driver.
WARNING - 2026-05-08 12:48:37 --> [DEPRECATED] Creation of dynamic property App\Controllers\Lokasi::$ModelLokasi is deprecated in APPPATH\Controllers\Lokasi.php on line 11.
 1 SYSTEMPATH\CodeIgniter.php(921): App\Controllers\Lokasi->__construct()
 2 SYSTEMPATH\CodeIgniter.php(488): CodeIgniter\CodeIgniter->createController()
 3 SYSTEMPATH\CodeIgniter.php(340): CodeIgniter\CodeIgniter->handleRequest(null, Object(Config\Cache), false)
 4 SYSTEMPATH\Boot.php(417): CodeIgniter\CodeIgniter->run()
 5 SYSTEMPATH\Boot.php(68): CodeIgniter\Boot::runCodeIgniter(Object(CodeIgniter\CodeIgniter))
 6 FCPATH\index.php(59): CodeIgniter\Boot::bootWeb(Object(Config\Paths))
DEBUG - 2026-05-08 12:48:37 --> Session: Class initialized using 'CodeIgniter\Session\Handlers\FileHandler' driver.
WARNING - 2026-05-08 12:48:47 --> [DEPRECATED] Creation of dynamic property App\Controllers\Lokasi::$ModelLokasi is deprecated in APPPATH\Controllers\Lokasi.php on line 11.
 1 SYSTEMPATH\CodeIgniter.php(921): App\Controllers\Lokasi->__construct()
 2 SYSTEMPATH\CodeIgniter.php(488): CodeIgniter\CodeIgniter->createController()
 3 SYSTEMPATH\CodeIgniter.php(340): CodeIgniter\CodeIgniter->handleRequest(null, Object(Config\Cache), false)
 4 SYSTEMPATH\Boot.php(417): CodeIgniter\CodeIgniter->run()
 5 SYSTEMPATH\Boot.php(68): CodeIgniter\Boot::runCodeIgniter(Object(CodeIgniter\CodeIgniter))
 6 FCPATH\index.php(59): CodeIgniter\Boot::bootWeb(Object(Config\Paths))
DEBUG - 2026-05-08 12:48:48 --> Session: Class initialized using 'CodeIgniter\Session\Handlers\FileHandler' driver.
WARNING - 2026-05-08 12:48:48 --> [DEPRECATED] Creation of dynamic property App\Controllers\Lokasi::$ModelLokasi is deprecated in APPPATH\Controllers\Lokasi.php on line 11.
 1 SYSTEMPATH\CodeIgniter.php(921): App\Controllers\Lokasi->__construct()
 2 SYSTEMPATH\CodeIgniter.php(488): CodeIgniter\CodeIgniter->createController()
 3 SYSTEMPATH\CodeIgniter.php(340): CodeIgniter\CodeIgniter->handleRequest(null, Object(Config\Cache), false)
 4 SYSTEMPATH\Boot.php(417): CodeIgniter\CodeIgniter->run()
 5 SYSTEMPATH\Boot.php(68): CodeIgniter\Boot::runCodeIgniter(Object(CodeIgniter\CodeIgniter))
 6 FCPATH\index.php(59): CodeIgniter\Boot::bootWeb(Object(Config\Paths))
WARNING - 2026-05-08 12:50:47 --> [DEPRECATED] Creation of dynamic property App\Controllers\Lokasi::$ModelLokasi is deprecated in APPPATH\Controllers\Lokasi.php on line 11.
 1 SYSTEMPATH\CodeIgniter.php(921): App\Controllers\Lokasi->__construct()
 2 SYSTEMPATH\CodeIgniter.php(488): CodeIgniter\CodeIgniter->createController()
 3 SYSTEMPATH\CodeIgniter.php(340): CodeIgniter\CodeIgniter->handleRequest(null, Object(Config\Cache), false)
 4 SYSTEMPATH\Boot.php(417): CodeIgniter\CodeIgniter->run()
 5 SYSTEMPATH\Boot.php(68): CodeIgniter\Boot::runCodeIgniter(Object(CodeIgniter\CodeIgniter))
 6 FCPATH\index.php(59): CodeIgniter\Boot::bootWeb(Object(Config\Paths))
DEBUG - 2026-05-08 12:50:47 --> Session: Class initialized using 'CodeIgniter\Session\Handlers\FileHandler' driver.
WARNING - 2026-05-08 12:50:51 --> [DEPRECATED] Creation of dynamic property App\Controllers\Lokasi::$ModelLokasi is deprecated in APPPATH\Controllers\Lokasi.php on line 11.
 1 SYSTEMPATH\CodeIgniter.php(921): App\Controllers\Lokasi->__construct()
 2 SYSTEMPATH\CodeIgniter.php(488): CodeIgniter\CodeIgniter->createController()
 3 SYSTEMPATH\CodeIgniter.php(340): CodeIgniter\CodeIgniter->handleRequest(null, Object(Config\Cache), false)
 4 SYSTEMPATH\Boot.php(417): CodeIgniter\CodeIgniter->run()
 5 SYSTEMPATH\Boot.php(68): CodeIgniter\Boot::runCodeIgniter(Object(CodeIgniter\CodeIgniter))
 6 FCPATH\index.php(59): CodeIgniter\Boot::bootWeb(Object(Config\Paths))
DEBUG - 2026-05-08 12:50:51 --> Session: Class initialized using 'CodeIgniter\Session\Handlers\FileHandler' driver.
WARNING - 2026-05-08 12:51:04 --> [DEPRECATED] Creation of dynamic property App\Controllers\Lokasi::$ModelLokasi is deprecated in APPPATH\Controllers\Lokasi.php on line 11.
 1 SYSTEMPATH\CodeIgniter.php(921): App\Controllers\Lokasi->__construct()
 2 SYSTEMPATH\CodeIgniter.php(488): CodeIgniter\CodeIgniter->createController()
 3 SYSTEMPATH\CodeIgniter.php(340): CodeIgniter\CodeIgniter->handleRequest(null, Object(Config\Cache), false)
 4 SYSTEMPATH\Boot.php(417): CodeIgniter\CodeIgniter->run()
 5 SYSTEMPATH\Boot.php(68): CodeIgniter\Boot::runCodeIgniter(Object(CodeIgniter\CodeIgniter))
 6 FCPATH\index.php(59): CodeIgniter\Boot::bootWeb(Object(Config\Paths))
DEBUG - 2026-05-08 12:51:05 --> Session: Class initialized using 'CodeIgniter\Session\Handlers\FileHandler' driver.
WARNING - 2026-05-08 12:51:05 --> [DEPRECATED] Creation of dynamic property App\Controllers\Lokasi::$ModelLokasi is deprecated in APPPATH\Controllers\Lokasi.php on line 11.
 1 SYSTEMPATH\CodeIgniter.php(921): App\Controllers\Lokasi->__construct()
 2 SYSTEMPATH\CodeIgniter.php(488): CodeIgniter\CodeIgniter->createController()
 3 SYSTEMPATH\CodeIgniter.php(340): CodeIgniter\CodeIgniter->handleRequest(null, Object(Config\Cache), false)
 4 SYSTEMPATH\Boot.php(417): CodeIgniter\CodeIgniter->run()
 5 SYSTEMPATH\Boot.php(68): CodeIgniter\Boot::runCodeIgniter(Object(CodeIgniter\CodeIgniter))
 6 FCPATH\index.php(59): CodeIgniter\Boot::bootWeb(Object(Config\Paths))
DEBUG - 2026-05-08 12:51:05 --> Session: Class initialized using 'CodeIgniter\Session\Handlers\FileHandler' driver.
WARNING - 2026-05-08 12:58:51 --> [DEPRECATED] Creation of dynamic property App\Controllers\Lokasi::$ModelLokasi is deprecated in APPPATH\Controllers\Lokasi.php on line 11.
 1 SYSTEMPATH\CodeIgniter.php(921): App\Controllers\Lokasi->__construct()
 2 SYSTEMPATH\CodeIgniter.php(488): CodeIgniter\CodeIgniter->createController()
 3 SYSTEMPATH\CodeIgniter.php(340): CodeIgniter\CodeIgniter->handleRequest(null, Object(Config\Cache), false)
 4 SYSTEMPATH\Boot.php(417): CodeIgniter\CodeIgniter->run()
 5 SYSTEMPATH\Boot.php(68): CodeIgniter\Boot::runCodeIgniter(Object(CodeIgniter\CodeIgniter))
 6 FCPATH\index.php(59): CodeIgniter\Boot::bootWeb(Object(Config\Paths))
DEBUG - 2026-05-08 12:58:51 --> Session: Class initialized using 'CodeIgniter\Session\Handlers\FileHandler' driver.
WARNING - 2026-05-08 12:58:54 --> [DEPRECATED] Creation of dynamic property App\Controllers\Lokasi::$ModelLokasi is deprecated in APPPATH\Controllers\Lokasi.php on line 11.
 1 SYSTEMPATH\CodeIgniter.php(921): App\Controllers\Lokasi->__construct()
 2 SYSTEMPATH\CodeIgniter.php(488): CodeIgniter\CodeIgniter->createController()
 3 SYSTEMPATH\CodeIgniter.php(340): CodeIgniter\CodeIgniter->handleRequest(null, Object(Config\Cache), false)
 4 SYSTEMPATH\Boot.php(417): CodeIgniter\CodeIgniter->run()
 5 SYSTEMPATH\Boot.php(68): CodeIgniter\Boot::runCodeIgniter(Object(CodeIgniter\CodeIgniter))
 6 FCPATH\index.php(59): CodeIgniter\Boot::bootWeb(Object(Config\Paths))
DEBUG - 2026-05-08 12:58:54 --> Session: Class initialized using 'CodeIgniter\Session\Handlers\FileHandler' driver.
WARNING - 2026-05-08 13:00:22 --> [DEPRECATED] Creation of dynamic property App\Controllers\Lokasi::$ModelLokasi is deprecated in APPPATH\Controllers\Lokasi.php on line 11.
 1 SYSTEMPATH\CodeIgniter.php(921): App\Controllers\Lokasi->__construct()
 2 SYSTEMPATH\CodeIgniter.php(488): CodeIgniter\CodeIgniter->createController()
 3 SYSTEMPATH\CodeIgniter.php(340): CodeIgniter\CodeIgniter->handleRequest(null, Object(Config\Cache), false)
 4 SYSTEMPATH\Boot.php(417): CodeIgniter\CodeIgniter->run()
 5 SYSTEMPATH\Boot.php(68): CodeIgniter\Boot::runCodeIgniter(Object(CodeIgniter\CodeIgniter))
 6 FCPATH\index.php(59): CodeIgniter\Boot::bootWeb(Object(Config\Paths))
DEBUG - 2026-05-08 13:00:22 --> Session: Class initialized using 'CodeIgniter\Session\Handlers\FileHandler' driver.
WARNING - 2026-05-08 13:00:30 --> [DEPRECATED] Creation of dynamic property App\Controllers\Lokasi::$ModelLokasi is deprecated in APPPATH\Controllers\Lokasi.php on line 11.
 1 SYSTEMPATH\CodeIgniter.php(921): App\Controllers\Lokasi->__construct()
 2 SYSTEMPATH\CodeIgniter.php(488): CodeIgniter\CodeIgniter->createController()
 3 SYSTEMPATH\CodeIgniter.php(340): CodeIgniter\CodeIgniter->handleRequest(null, Object(Config\Cache), false)
 4 SYSTEMPATH\Boot.php(417): CodeIgniter\CodeIgniter->run()
 5 SYSTEMPATH\Boot.php(68): CodeIgniter\Boot::runCodeIgniter(Object(CodeIgniter\CodeIgniter))
 6 FCPATH\index.php(59): CodeIgniter\Boot::bootWeb(Object(Config\Paths))
DEBUG - 2026-05-08 13:00:30 --> Session: Class initialized using 'CodeIgniter\Session\Handlers\FileHandler' driver.
WARNING - 2026-05-08 13:01:58 --> [DEPRECATED] Creation of dynamic property App\Controllers\Lokasi::$ModelLokasi is deprecated in APPPATH\Controllers\Lokasi.php on line 11.
 1 SYSTEMPATH\CodeIgniter.php(921): App\Controllers\Lokasi->__construct()
 2 SYSTEMPATH\CodeIgniter.php(488): CodeIgniter\CodeIgniter->createController()
 3 SYSTEMPATH\CodeIgniter.php(340): CodeIgniter\CodeIgniter->handleRequest(null, Object(Config\Cache), false)
 4 SYSTEMPATH\Boot.php(417): CodeIgniter\CodeIgniter->run()
 5 SYSTEMPATH\Boot.php(68): CodeIgniter\Boot::runCodeIgniter(Object(CodeIgniter\CodeIgniter))
 6 FCPATH\index.php(59): CodeIgniter\Boot::bootWeb(Object(Config\Paths))
DEBUG - 2026-05-08 13:01:58 --> Session: Class initialized using 'CodeIgniter\Session\Handlers\FileHandler' driver.
WARNING - 2026-05-08 13:01:58 --> [DEPRECATED] Creation of dynamic property App\Controllers\Lokasi::$ModelLokasi is deprecated in APPPATH\Controllers\Lokasi.php on line 11.
 1 SYSTEMPATH\CodeIgniter.php(921): App\Controllers\Lokasi->__construct()
 2 SYSTEMPATH\CodeIgniter.php(488): CodeIgniter\CodeIgniter->createController()
 3 SYSTEMPATH\CodeIgniter.php(340): CodeIgniter\CodeIgniter->handleRequest(null, Object(Config\Cache), false)
 4 SYSTEMPATH\Boot.php(417): CodeIgniter\CodeIgniter->run()
 5 SYSTEMPATH\Boot.php(68): CodeIgniter\Boot::runCodeIgniter(Object(CodeIgniter\CodeIgniter))
 6 FCPATH\index.php(59): CodeIgniter\Boot::bootWeb(Object(Config\Paths))
DEBUG - 2026-05-08 13:01:58 --> Session: Class initialized using 'CodeIgniter\Session\Handlers\FileHandler' driver.
WARNING - 2026-05-08 13:02:13 --> [DEPRECATED] Creation of dynamic property App\Controllers\Lokasi::$ModelLokasi is deprecated in APPPATH\Controllers\Lokasi.php on line 11.
 1 SYSTEMPATH\CodeIgniter.php(921): App\Controllers\Lokasi->__construct()
 2 SYSTEMPATH\CodeIgniter.php(488): CodeIgniter\CodeIgniter->createController()
 3 SYSTEMPATH\CodeIgniter.php(340): CodeIgniter\CodeIgniter->handleRequest(null, Object(Config\Cache), false)
 4 SYSTEMPATH\Boot.php(417): CodeIgniter\CodeIgniter->run()
 5 SYSTEMPATH\Boot.php(68): CodeIgniter\Boot::runCodeIgniter(Object(CodeIgniter\CodeIgniter))
 6 FCPATH\index.php(59): CodeIgniter\Boot::bootWeb(Object(Config\Paths))
DEBUG - 2026-05-08 13:02:13 --> Session: Class initialized using 'CodeIgniter\Session\Handlers\FileHandler' driver.
WARNING - 2026-05-08 13:02:19 --> [DEPRECATED] Creation of dynamic property App\Controllers\Lokasi::$ModelLokasi is deprecated in APPPATH\Controllers\Lokasi.php on line 11.
 1 SYSTEMPATH\CodeIgniter.php(921): App\Controllers\Lokasi->__construct()
 2 SYSTEMPATH\CodeIgniter.php(488): CodeIgniter\CodeIgniter->createController()
 3 SYSTEMPATH\CodeIgniter.php(340): CodeIgniter\CodeIgniter->handleRequest(null, Object(Config\Cache), false)
 4 SYSTEMPATH\Boot.php(417): CodeIgniter\CodeIgniter->run()
 5 SYSTEMPATH\Boot.php(68): CodeIgniter\Boot::runCodeIgniter(Object(CodeIgniter\CodeIgniter))
 6 FCPATH\index.php(59): CodeIgniter\Boot::bootWeb(Object(Config\Paths))
WARNING - 2026-05-08 13:02:55 --> [DEPRECATED] Creation of dynamic property App\Controllers\Lokasi::$ModelLokasi is deprecated in APPPATH\Controllers\Lokasi.php on line 11.
 1 SYSTEMPATH\CodeIgniter.php(921): App\Controllers\Lokasi->__construct()
 2 SYSTEMPATH\CodeIgniter.php(488): CodeIgniter\CodeIgniter->createController()
 3 SYSTEMPATH\CodeIgniter.php(340): CodeIgniter\CodeIgniter->handleRequest(null, Object(Config\Cache), false)
 4 SYSTEMPATH\Boot.php(417): CodeIgniter\CodeIgniter->run()
 5 SYSTEMPATH\Boot.php(68): CodeIgniter\Boot::runCodeIgniter(Object(CodeIgniter\CodeIgniter))
 6 FCPATH\index.php(59): CodeIgniter\Boot::bootWeb(Object(Config\Paths))
DEBUG - 2026-05-08 13:02:55 --> Session: Class initialized using 'CodeIgniter\Session\Handlers\FileHandler' driver.
WARNING - 2026-05-08 13:03:58 --> [DEPRECATED] Creation of dynamic property App\Controllers\Lokasi::$ModelLokasi is deprecated in APPPATH\Controllers\Lokasi.php on line 11.
 1 SYSTEMPATH\CodeIgniter.php(921): App\Controllers\Lokasi->__construct()
 2 SYSTEMPATH\CodeIgniter.php(488): CodeIgniter\CodeIgniter->createController()
 3 SYSTEMPATH\CodeIgniter.php(340): CodeIgniter\CodeIgniter->handleRequest(null, Object(Config\Cache), false)
 4 SYSTEMPATH\Boot.php(417): CodeIgniter\CodeIgniter->run()
 5 SYSTEMPATH\Boot.php(68): CodeIgniter\Boot::runCodeIgniter(Object(CodeIgniter\CodeIgniter))
 6 FCPATH\index.php(59): CodeIgniter\Boot::bootWeb(Object(Config\Paths))
DEBUG - 2026-05-08 13:03:58 --> Session: Class initialized using 'CodeIgniter\Session\Handlers\FileHandler' driver.
WARNING - 2026-05-08 13:03:58 --> [DEPRECATED] Creation of dynamic property App\Controllers\Lokasi::$ModelLokasi is deprecated in APPPATH\Controllers\Lokasi.php on line 11.
 1 SYSTEMPATH\CodeIgniter.php(921): App\Controllers\Lokasi->__construct()
 2 SYSTEMPATH\CodeIgniter.php(488): CodeIgniter\CodeIgniter->createController()
 3 SYSTEMPATH\CodeIgniter.php(340): CodeIgniter\CodeIgniter->handleRequest(null, Object(Config\Cache), false)
 4 SYSTEMPATH\Boot.php(417): CodeIgniter\CodeIgniter->run()
 5 SYSTEMPATH\Boot.php(68): CodeIgniter\Boot::runCodeIgniter(Object(CodeIgniter\CodeIgniter))
 6 FCPATH\index.php(59): CodeIgniter\Boot::bootWeb(Object(Config\Paths))
DEBUG - 2026-05-08 13:03:58 --> Session: Class initialized using 'CodeIgniter\Session\Handlers\FileHandler' driver.
WARNING - 2026-05-08 13:04:05 --> [DEPRECATED] Creation of dynamic property App\Controllers\Lokasi::$ModelLokasi is deprecated in APPPATH\Controllers\Lokasi.php on line 11.
 1 SYSTEMPATH\CodeIgniter.php(921): App\Controllers\Lokasi->__construct()
 2 SYSTEMPATH\CodeIgniter.php(488): CodeIgniter\CodeIgniter->createController()
 3 SYSTEMPATH\CodeIgniter.php(340): CodeIgniter\CodeIgniter->handleRequest(null, Object(Config\Cache), false)
 4 SYSTEMPATH\Boot.php(417): CodeIgniter\CodeIgniter->run()
 5 SYSTEMPATH\Boot.php(68): CodeIgniter\Boot::runCodeIgniter(Object(CodeIgniter\CodeIgniter))
 6 FCPATH\index.php(59): CodeIgniter\Boot::bootWeb(Object(Config\Paths))
DEBUG - 2026-05-08 13:04:05 --> Session: Class initialized using 'CodeIgniter\Session\Handlers\FileHandler' driver.
